Вектор Мощи,Скорость перехода через портал,Приток Силы Потока,Ритм магического ядра,Поток Энергий,Сила Левого Потока,Сила Правого Потока,Пламя Стихий,Приток давления Выдоха Истока,Давление выдоха Истока,Печать Чародея,Эмульсия Истока,Дыхание Истока,Тип Вектора Мощи
6.175,9.25992,29761.608,241.5721387792564,8790.141,246.015,246.015,772.24,2.515,13.347,34.254,0.678,0.991,2
2.088,3.08664,3152.42,141.59105729851638,6838.435,23.699,23.699,517.051,1.206,6.466,16.754,0.156,0.959,0
5.14,7.7166,21625.519,201.51662300647635,8471.841,175.228,175.228,682.64,2.087,10.987,23.849,0.472,0.998,2
8.206,12.34656,50993.086,323.3179504219896,9305.741,437.978,437.978,901.076,3.586,18.272,58.585,1.16,0.989,3
1.138,12.34656,748.284,141.5649820794916,6642.099,7.624,7.624,468.577,1.115,6.029,8.163,0.093,0.973,0
3.144,4.6299600000000005,8375.625,145.21875905537163,7056.224,60.317,60.317,572.545,1.392,7.47,11.779,0.233,0.994,1
7.148,10.80324,39001.744,280.4428552426127,9118.198,332.357,332.357,835.137,2.983,15.775,44.848,0.888,0.979,3
4.161,6.17328,14720.57,162.04963225746872,7758.696,113.759,113.759,625.419,1.66,8.834,16.501,0.327,0.985,1
8.206,12.34656,50991.613,323.3085256440289,9293.59,438.101,438.101,911.182,3.606,18.635,59.749,1.183,0.999,3
7.148,10.80324,39012.366,280.4370956560811,9113.243,332.528,332.528,817.899,2.991,15.728,43.763,0.866,0.996,3
1.138,1.54332,987.732,143.0975556956678,6650.96,8.438,8.438,468.875,1.126,6.071,2.153,0.091,0.977,0
5.14,7.7166,21627.792,201.5129578150472,8468.93,175.252,175.252,717.056,2.087,11.238,25.725,0.509,0.977,2
9.3,13.88988,72774.135,372.847986039221,9787.677,644.791,644.791,1100.103,4.482,22.416,90.816,1.798,0.952,3
8.206,12.34656,50994.425,323.3250713653378,9316.466,438.029,438.029,923.252,3.572,18.306,60.105,1.19,0.965,3
9.3,12.34656,72761.595,372.842750051465,9767.803,645.013,645.013,1105.254,4.509,22.87,91.846,1.818,0.959,3
1.138,1.54332,6016.284,138.88886873740867,6679.81,6.245,6.245,626.647,1.285,6.918,27.628,0.296,0.969,0
1.138,1.54332,698.211,139.17224039476247,6644.226,6.34,6.34,472.465,1.111,5.976,18.87,0.108,0.974,0
9.3,13.88988,72772.111,372.8456822046084,9761.745,644.794,644.794,1073.816,4.511,22.566,89.006,1.762,0.975,3
1.138,1.54332,761.647,142.77721796475677,6654.782,8.314,8.314,470.147,1.117,6.055,1.952,0.088,0.966,0
8.206,12.34656,50994.825,323.3268516011748,9315.543,438.02,438.02,929.783,3.574,18.401,60.665,1.201,0.963,3
2.088,3.08664,4871.756,140.77581400490982,6791.189,22.348,22.348,580.269,1.261,6.874,23.922,0.232,0.961,0
4.161,6.17328,14720.773,162.04931809820337,7752.581,113.746,113.746,637.91,1.661,8.925,17.084,0.338,0.978,1
8.206,12.34656,50997.711,323.3343914235434,9318.804,438.108,438.108,946.581,3.574,18.553,61.972,1.227,0.952,3
1.138,1.54332,6634.121,144.6331661847425,6670.771,9.285,9.285,623.619,1.319,7.107,1.55,0.279,0.985,0
9.3,13.88988,72774.731,372.844530287302,9758.458,644.9,644.9,1063.792,4.514,22.499,88.128,1.745,0.981,3
1.138,12.34656,323.11,140.4554762739988,6703.409,7.044,7.044,449.619,1.096,5.832,9.462,0.075,0.962,0
3.144,12.34656,8377.42,145.21991097267795,7080.925,60.333,60.333,594.366,1.39,7.553,12.644,0.25,0.968,1
5.14,7.7166,21629.561,201.51662300647635,8482.99,175.29,175.29,690.033,2.083,10.979,24.206,0.479,0.985,2
3.144,4.6299600000000005,8377.303,145.2201204121882,7096.631,60.327,60.327,577.913,1.39,7.449,11.974,0.237,0.978,1
9.3,13.88988,72756.117,372.8400273378319,9733.701,644.673,644.673,1072.82,4.545,23.06,89.598,1.774,0.988,3
6.175,9.25992,29762.342,241.565646154439,8798.209,245.946,245.946,761.929,2.512,13.226,33.579,0.665,0.992,2
8.206,12.34656,50997.826,323.3353339013395,9319.169,438.149,438.149,945.543,3.573,18.532,61.875,1.225,0.952,3
7.148,10.80324,38996.259,280.4470440328176,9124.953,332.362,332.362,810.222,2.976,15.457,42.983,0.851,0.986,3
9.3,13.88988,72771.419,372.8430642107304,9739.675,644.852,644.852,1043.666,4.535,22.59,86.655,1.715,0.999,3
2.088,3.08664,2839.233,143.16876512914916,6727.382,26.369,26.369,494.706,1.201,6.503,7.735,0.125,0.998,0
9.3,12.34656,72759.061,372.8415981341586,9747.66,644.969,644.969,1085.938,4.53,22.981,90.524,1.792,0.976,3
5.14,7.7166,21635.262,201.51714660525192,8500.166,175.323,175.323,700.686,2.077,10.961,24.708,0.489,0.966,2
9.3,13.88988,72765.215,372.8417028539138,9734.69,644.87,644.87,1052.631,4.542,22.791,87.638,1.735,0.997,3
2.088,3.08664,2833.16,143.18143621951864,6779.081,26.417,26.417,504.216,1.2,6.497,8.113,0.132,0.974,0
1.138,1.54332,4863.595,147.49609956995886,6689.458,10.949,10.949,580.119,1.272,6.858,0.0,0.219,0.977,0
7.148,10.80324,38997.012,280.446625153797,9123.923,332.31,332.31,813.845,2.977,15.504,43.256,0.856,0.985,3
8.206,12.34656,50992.885,323.31575130713213,9295.22,438.098,438.098,905.274,3.603,18.536,59.22,1.172,1.0,3
4.161,6.17328,14716.889,162.04774730187654,7695.209,113.725,113.725,635.12,1.666,9.007,17.022,0.337,0.998,1
3.144,4.6299600000000005,8377.267,145.21980625292284,7075.521,60.331,60.331,597.276,1.391,7.575,12.762,0.253,0.967,1
3.144,4.6299600000000005,8380.731,145.22179592827013,7151.689,60.38,60.38,588.641,1.387,7.438,12.376,0.245,0.954,1
7.148,10.80324,39002.908,280.4451590772253,9121.32,332.425,332.425,798.679,2.981,15.43,42.252,0.837,0.998,3
3.144,4.6299600000000005,8378.076,145.2202251319433,7107.43,60.344,60.344,572.378,1.389,7.407,11.744,0.232,0.98,1
4.161,6.17328,14724.714,162.0506794550199,7805.459,113.8,113.8,649.775,1.656,8.911,17.566,0.348,0.954,1
1.138,1.54332,3379.291,145.0112045007245,6625.633,9.485,9.485,536.418,1.219,6.595,5.452,0.174,0.996,0
3.144,4.6299600000000005,8379.456,145.22106288998427,7116.987,60.356,60.356,604.338,1.389,7.559,13.018,0.258,0.95,1
5.14,7.7166,21630.07,201.513690853333,8477.183,175.236,175.236,714.242,2.084,11.174,25.537,0.505,0.973,2
6.175,9.25992,29763.41,241.57946916211483,8809.069,245.999,245.999,789.591,2.507,13.372,35.198,0.697,0.968,2
5.14,7.7166,21628.432,201.5133766940676,8471.624,175.262,175.262,714.108,2.086,11.203,25.555,0.506,0.977,2
1.138,1.54332,1950.266,146.5636748703734,6678.129,10.39,10.39,496.219,1.168,6.296,0.0,0.119,0.975,0
8.206,12.34656,50994.299,323.3243383270519,9313.822,438.05,438.05,921.548,3.576,18.341,60.041,1.189,0.969,3
8.206,12.34656,50994.433,323.3271657604401,9326.051,438.074,438.074,924.51,3.557,18.119,59.93,1.186,0.953,3
7.148,10.80324,38986.531,280.4483006698789,9132.141,332.247,332.247,820.013,2.966,15.408,43.512,0.862,0.971,3
3.144,4.6299600000000005,8373.675,145.2169788195346,7011.825,60.287,60.287,584.303,1.394,7.588,12.281,0.243,0.996,1
2.088,3.08664,5651.848,145.95012182512735,6815.582,31.417,31.417,565.14,1.299,6.959,0.0,0.207,0.981,0
5.14,7.7166,21624.911,201.51410973235343,8463.987,175.254,175.254,699.649,2.089,11.146,24.811,0.491,0.992,2
8.206,12.34656,50996.795,323.3342867037883,9324.072,438.121,438.121,933.993,3.562,18.275,60.767,1.203,0.951,3
9.3,13.88988,72758.088,372.8405509366074,9738.109,645.033,645.033,1075.162,4.54,23.013,89.719,1.776,0.985,3
3.144,4.6299600000000005,8378.193,145.2203298516984,7105.961,60.342,60.342,578.45,1.389,7.44,11.991,0.237,0.975,1
1.138,12.34656,4172.768,148.4027632097849,6737.96,11.562,11.562,568.712,1.249,6.736,0.0,0.201,0.957,0
6.175,9.25992,29791.926,241.63287623722584,8824.728,246.237,246.237,788.868,2.503,13.291,35.088,0.695,0.959,2
4.161,6.17328,14724.927,162.0506794550199,7808.118,113.806,113.806,651.591,1.656,8.918,17.645,0.349,0.952,1
1.138,12.34656,7013.577,140.9812741644546,6661.22,7.407,7.407,667.503,1.319,7.225,20.473,0.332,0.963,0
5.14,7.7166,21628.629,201.5147380508841,8475.955,175.242,175.242,703.337,2.085,11.107,24.957,0.494,0.981,2
1.138,1.54332,3361.779,142.84319141048215,6592.991,8.461,8.461,545.016,1.215,6.623,9.966,0.185,0.997,0
4.161,6.17328,14718.783,162.0485850599175,7726.054,113.733,113.733,632.571,1.663,8.936,16.869,0.334,0.99,1
2.088,3.08664,3322.63,141.37522988321476,6866.563,23.337,23.337,519.953,1.21,6.454,18.232,0.162,0.954,0
9.3,13.88988,72778.774,372.8462058033839,9769.033,644.923,644.923,1066.16,4.5,22.328,88.078,1.744,0.975,3
2.088,3.08664,3543.053,144.87904816976345,6848.173,29.446,29.446,510.087,1.226,6.538,0.0,0.138,0.968,0
2.088,3.08664,4850.995,140.78785677674858,6818.168,22.375,22.375,575.75,1.26,6.827,23.736,0.228,0.957,0
7.148,10.80324,38980.32,280.447462911838,9135.97,332.139,332.139,837.175,2.96,15.476,44.609,0.883,0.956,3
7.148,10.80324,38995.05,280.4453685167356,9122.539,332.325,332.325,839.416,2.977,15.731,45.048,0.892,0.971,3
6.175,9.25992,29796.494,241.61664467518224,8840.585,246.348,246.348,782.154,2.497,13.156,34.595,0.685,0.953,2
6.175,9.25992,29793.287,241.6261741728981,8828.69,246.24,246.24,779.568,2.502,13.201,34.505,0.683,0.962,2
8.206,12.34656,50993.517,323.32046369611254,9308.844,438.095,438.095,909.392,3.582,18.304,59.184,1.172,0.981,3
5.14,7.7166,21637.62,201.51463333112903,8500.268,175.336,175.336,725.531,2.077,11.128,26.034,0.515,0.95,2
8.206,12.34656,50994.575,323.3245477665622,9309.252,437.956,437.956,926.794,3.584,18.496,60.599,1.2,0.972,3
4.161,6.17328,14722.852,162.04984169697894,7776.888,113.777,113.777,650.466,1.659,8.964,17.63,0.349,0.962,1
4.161,6.17328,14722.64,162.04994641673406,7777.715,113.781,113.781,644.223,1.659,8.922,17.345,0.343,0.966,1
7.148,10.80324,38991.105,280.44777707110336,9128.24,332.177,332.177,818.052,2.971,15.461,43.458,0.86,0.977,3
6.175,9.25992,29796.261,241.6161210764067,8839.156,246.33,246.33,773.59,2.498,13.1,34.085,0.675,0.959,2
2.088,3.08664,4521.959,145.85126637629438,6830.796,31.209,31.209,535.918,1.262,6.754,0.0,0.17,0.975,0
3.144,4.6299600000000005,8380.141,145.22148176900473,7135.12,60.365,60.365,598.568,1.388,7.508,12.78,0.253,0.95,1
8.206,12.34656,50994.536,323.32423360729683,9308.833,437.973,437.973,927.846,3.585,18.516,60.697,1.202,0.972,3
7.148,10.80324,39004.364,280.444007159919,9119.792,332.358,332.358,803.221,2.983,15.494,42.602,0.843,0.997,3
2.088,12.34656,4702.495,140.7788508778083,6810.7,22.353,22.353,572.811,1.255,6.811,23.673,0.224,0.958,0
3.144,4.6299600000000005,8378.442,145.22043457145355,7098.244,60.344,60.344,601.892,1.39,7.57,12.932,0.256,0.957,1
6.175,9.25992,29760.679,241.57035854341945,8781.021,245.943,245.943,775.799,2.518,13.424,34.522,0.683,0.995,2
4.161,6.17328,14717.637,162.04816618089703,7710.637,113.737,113.737,628.211,1.665,8.935,16.685,0.33,0.998,1
7.148,10.80324,38982.104,280.44777707110336,9135.015,332.206,332.206,830.721,2.961,15.442,44.188,0.875,0.961,3
5.14,7.7166,21626.277,201.5129578150472,8465.169,175.256,175.256,713.47,2.088,11.234,25.55,0.506,0.982,2
4.161,12.34656,14720.062,162.04921337844823,7746.855,113.753,113.753,630.495,1.661,8.887,16.749,0.332,0.985,1
1.138,1.54332,267.668,140.9151959989741,6723.539,7.335,7.335,451.241,1.094,5.833,6.793,0.073,0.951,0
3.144,4.6299600000000005,8377.879,145.2201204121882,7094.877,60.345,60.345,585.311,1.39,7.489,12.274,0.243,0.972,1
3.144,12.34656,8374.455,145.21813073684092,7032.52,60.299,60.299,575.51,1.393,7.516,11.913,0.236,0.998,1
3.144,4.6299600000000005,8379.156,145.22095817022915,7119.662,60.353,60.353,591.525,1.389,7.491,12.509,0.248,0.96,1
2.088,12.34656,6615.881,142.2937268553693,6760.942,24.955,24.955,596.201,1.319,7.103,17.852,0.262,0.995,0
8.206,12.34656,50993.441,323.3185787405204,9299.526,438.081,438.081,910.423,3.597,18.507,59.527,1.178,0.992,3
4.161,6.17328,14718.241,162.0485850599175,7722.505,113.724,113.724,624.395,1.663,8.889,16.494,0.327,0.997,1
8.206,12.34656,50990.573,323.3051746118651,9303.329,437.971,437.971,935.459,3.594,18.715,61.471,1.217,0.975,3
7.148,10.80324,39007.036,280.4420174845717,9117.257,332.356,332.356,809.806,2.986,15.591,43.115,0.854,0.996,3
4.161,6.17328,14720.584,162.04931809820337,7753.774,113.762,113.762,633.124,1.661,8.892,16.863,0.334,0.981,1
3.144,4.6299600000000005,8376.574,145.21938737390235,7072.822,60.328,60.328,579.655,1.391,7.487,12.058,0.239,0.983,1
5.14,7.7166,21626.872,201.51348141382272,8467.854,175.253,175.253,710.537,2.087,11.199,25.381,0.502,0.982,2
3.144,4.6299600000000005,8374.557,145.21813073684092,7035.021,60.304,60.304,574.727,1.393,7.508,11.879,0.235,0.998,1
1.138,1.54332,2936.035,148.262857616945,6725.084,11.442,11.442,529.223,1.206,6.49,0.0,0.156,0.962,0
8.206,12.34656,50992.783,323.3159607466424,9300.504,438.076,438.076,896.251,3.594,18.325,58.331,1.155,0.998,3
5.14,7.7166,21626.328,201.5157852484353,8471.979,175.265,175.265,689.73,2.087,11.035,24.237,0.48,0.993,2
2.088,3.08664,3628.164,140.98483463612868,6783.252,22.668,22.668,541.921,1.222,6.646,21.342,0.185,0.965,0
1.138,1.54332,2320.424,137.40519924687337,6643.584,5.521,5.521,546.688,1.168,6.375,31.005,0.195,0.959,0
8.206,12.34656,50996.312,323.3274799197055,9314.373,438.018,438.018,944.614,3.58,18.616,61.932,1.226,0.958,3
1.138,1.54332,984.725,141.548750517448,6635.794,7.584,7.584,470.469,1.125,6.056,9.104,0.098,0.982,0
3.144,4.6299600000000005,8377.741,145.2200156924331,7096.36,60.343,60.343,579.14,1.39,7.455,12.024,0.238,0.977,1
3.144,4.6299600000000005,8376.079,145.21907321463698,7063.992,60.319,60.319,577.909,1.391,7.489,11.992,0.237,0.987,1
9.3,12.34656,72765.346,372.8446350070572,9759.862,644.746,644.746,1087.274,4.515,22.777,90.349,1.788,0.97,3
9.3,13.88988,72767.307,372.8437972490162,9744.479,644.747,644.747,1060.273,4.531,22.712,88.138,1.745,0.989,3
6.175,9.25992,29769.793,241.5907788956677,8811.822,246.042,246.042,754.388,2.508,13.1,33.046,0.654,0.988,2
3.144,4.6299600000000005,8376.899,145.21949209365746,7084.514,60.334,60.334,570.474,1.39,7.425,11.679,0.231,0.988,1
9.3,13.88988,72778.443,372.8466246824044,9784.98,645.113,645.113,1090.799,4.483,22.342,90.01,1.782,0.957,3
3.144,4.6299600000000005,8375.259,145.21854961586138,7052.881,60.301,60.301,568.097,1.392,7.451,11.599,0.23,0.999,1
3.144,4.6299600000000005,8378.983,145.2207487307189,7111.396,60.358,60.358,596.499,1.389,7.526,12.711,0.252,0.958,1
5.14,7.7166,21638.167,201.51547108917,8503.86,175.296,175.296,720.091,2.076,11.072,25.729,0.509,0.951,2
6.175,9.25992,29790.968,241.63507535208336,8819.952,246.257,246.257,770.604,2.505,13.181,34.009,0.673,0.973,2
5.14,7.7166,21637.897,201.51777492378267,8508.803,175.352,175.352,702.473,2.074,10.928,24.767,0.49,0.959,2
2.088,3.08664,3017.01,141.7238419480081,6778.623,23.902,23.902,519.017,1.203,6.534,16.123,0.155,0.969,0
3.144,4.6299600000000005,8380.464,145.22169120851498,7150.103,60.376,60.376,584.443,1.387,7.418,12.209,0.242,0.958,1
5.14,7.7166,21631.356,201.51515692990463,8484.395,175.279,175.279,706.51,2.082,11.083,25.091,0.497,0.973,2
8.206,12.34656,50997.17,323.33397254452296,9317.553,438.076,438.076,938.027,3.573,18.464,61.293,1.213,0.957,3
3.144,4.6299600000000005,8377.284,145.21980625292284,7091.172,60.338,60.338,571.763,1.39,7.424,11.728,0.232,0.985,1
4.161,6.17328,14724.823,162.0506794550199,7807.483,113.801,113.801,648.897,1.656,8.902,17.524,0.347,0.954,1
6.175,12.34656,29766.966,241.5903600166472,8811.102,246.024,246.024,780.814,2.507,13.297,34.659,0.686,0.972,2
5.14,7.7166,21625.423,201.51452861137392,8466.682,175.258,175.258,698.249,2.088,11.122,24.723,0.489,0.991,2
8.206,12.34656,50994.441,323.3191023392959,9311.166,438.105,438.105,944.041,3.585,18.672,61.972,1.227,0.962,3
3.144,4.6299600000000005,8378.193,145.2203298516984,7101.952,60.349,60.349,585.407,1.389,7.481,12.274,0.243,0.97,1
3.144,4.6299600000000005,8376.769,145.21949209365746,7082.619,60.331,60.331,568.849,1.39,7.419,11.613,0.23,0.99,1
8.206,12.34656,50994.344,323.32580440362364,9321.861,438.004,438.004,922.318,3.563,18.182,59.873,1.185,0.959,3
9.3,13.88988,72771.911,372.84599636387367,9764.253,644.912,644.912,1078.014,4.508,22.573,89.344,1.769,0.972,3
9.3,13.88988,72776.004,372.8450538860776,9756.322,645.113,645.113,1054.971,4.515,22.426,87.332,1.729,0.986,3
5.14,7.7166,21629.405,201.51557580892512,8480.48,175.288,175.288,700.047,2.083,11.06,24.759,0.49,0.98,2
3.144,4.6299600000000005,8378.774,145.2206440109638,7110.49,60.348,60.348,589.708,1.389,7.493,12.441,0.246,0.964,1
7.148,10.80324,39005.662,280.441389166041,9116.403,332.451,332.451,827.423,2.986,15.746,44.356,0.878,0.986,3
1.138,1.54332,1799.103,138.02011364893596,6629.567,5.702,5.702,506.935,1.151,6.186,26.605,0.156,0.984,0
2.088,3.08664,6202.263,141.65221363550626,6824.87,23.887,23.887,614.188,1.302,7.081,21.327,0.271,0.953,0
9.3,13.88988,72765.74,372.8437972490162,9768.369,644.976,644.976,1097.287,4.507,22.752,91.078,1.803,0.962,3
2.088,3.08664,2815.509,142.62327992473087,6787.213,25.445,25.445,505.911,1.198,6.478,10.977,0.137,0.971,0
3.144,4.6299600000000005,8379.843,145.22127232949452,7139.3,60.363,60.363,578.51,1.388,7.401,11.976,0.237,0.966,1
2.088,3.08664,3497.635,141.16767532856758,6860.282,22.998,22.998,527.271,1.216,6.496,19.825,0.171,0.954,0
6.175,9.25992,29760.859,241.5710915817052,8784.064,246.001,246.001,777.303,2.517,13.418,34.596,0.685,0.992,2
8.206,12.34656,50993.175,323.3177409824794,9299.174,437.965,437.965,905.359,3.597,18.457,59.12,1.17,0.995,3
9.3,13.88988,72776.957,372.8468341219147,9780.845,645.054,645.054,1088.181,4.488,22.388,89.877,1.779,0.96,3
5.14,7.7166,21632.945,201.5163088472109,8491.679,175.291,175.291,700.391,2.08,11.003,24.729,0.49,0.972,2
6.175,9.25992,29795.598,241.61727299371304,8837.093,246.317,246.317,775.733,2.499,13.127,34.226,0.678,0.959,2
9.3,13.88988,72778.235,372.8447397268122,9763.912,645.153,645.153,1062.596,4.506,22.38,87.871,1.739,0.979,3
8.206,12.34656,50993.954,323.3220344924393,9308.422,438.107,438.107,916.516,3.584,18.394,59.781,1.183,0.978,3
7.148,10.80324,39003.737,280.4445307586946,9120.29,332.319,332.319,802.238,2.983,15.477,42.522,0.842,0.997,3
3.144,4.6299600000000005,8376.594,145.21938737390235,7072.507,60.329,60.329,580.883,1.391,7.494,12.108,0.24,0.982,1
1.138,1.54332,3879.32,145.5243313008108,6640.312,9.82,9.82,557.148,1.237,6.72,4.42,0.194,0.986,0
4.161,6.17328,14718.094,162.04816618089703,7711.991,113.738,113.738,636.017,1.665,8.983,17.044,0.337,0.992,1
4.161,6.17328,14725.397,162.05088889453015,7814.85,113.784,113.784,651.649,1.655,8.907,17.64,0.349,0.95,1
1.138,1.54332,5812.047,146.85416747107536,6732.2,10.675,10.675,613.732,1.299,7.014,0.0,0.256,0.958,0
9.3,13.88988,72764.094,372.8434830897508,9760.519,644.736,644.736,1091.327,4.515,22.819,90.718,1.796,0.968,3
7.148,10.80324,38993.896,280.44798651061353,9127.451,332.221,332.221,805.311,2.973,15.374,42.589,0.843,0.986,3
9.3,13.88988,72762.994,372.8420170131792,9743.847,644.828,644.828,1071.796,4.533,22.869,89.26,1.767,0.984,3
1.138,1.54332,6973.826,140.1019423807148,6705.866,6.965,6.965,662.607,1.314,7.132,23.789,0.33,0.953,0
6.175,12.34656,29761.465,241.57255765827688,8792.212,246.016,246.016,776.47,2.514,13.367,34.5,0.683,0.987,2
7.148,10.80324,39015.887,280.4335351844071,9111.353,332.513,332.513,817.016,2.994,15.755,43.743,0.866,0.999,3
8.206,12.34656,50996.846,323.3298884740733,9315.359,438.042,438.042,944.241,3.579,18.591,61.874,1.225,0.957,3
5.14,7.7166,21628.919,201.5132719743125,8472.602,175.236,175.236,716.134,2.086,11.212,25.659,0.508,0.975,2
5.14,7.7166,21627.117,201.5152616496597,8473.022,175.225,175.225,695.981,2.086,11.072,24.572,0.486,0.988,2
7.148,12.34656,38987.458,280.44767235134816,9130.072,332.265,332.265,829.047,2.968,15.516,44.177,0.875,0.968,3
6.175,9.25992,29761.201,241.57287181754228,8791.227,246.001,246.001,780.838,2.514,13.404,34.77,0.688,0.985,2
4.161,6.17328,14720.948,162.04900393893797,7746.308,113.766,113.766,649.413,1.662,9.01,17.618,0.349,0.972,1
4.161,6.17328,14722.832,162.04973697722383,7774.899,113.78,113.78,651.353,1.659,8.973,17.672,0.35,0.962,1
3.144,4.6299600000000005,8374.989,145.21844489610626,7040.824,60.306,60.306,578.453,1.392,7.521,12.027,0.238,0.993,1
9.3,13.88988,72776.448,372.8476718799556,9784.225,644.818,644.818,1091.654,4.484,22.369,90.112,1.784,0.957,3
9.3,13.88988,72768.234,372.84442556754686,9756.414,645.054,645.054,1077.048,4.518,22.707,89.453,1.771,0.976,3
8.206,12.34656,50994.675,323.3269563209299,9319.842,437.956,437.956,927.391,3.567,18.283,60.346,1.195,0.959,3
9.3,13.88988,72761.662,372.84212173293423,9760.342,645.055,645.055,1096.302,4.516,22.888,91.193,1.805,0.966,3
1.138,1.54332,1082.011,141.0868316776152,6631.348,7.324,7.324,474.821,1.128,6.072,12.291,0.106,0.984,0
9.3,13.88988,72762.137,372.8426453317099,9745.216,645.049,645.049,1074.856,4.531,22.883,89.52,1.772,0.982,3
9.3,13.88988,72759.707,372.8412839748933,9727.597,644.873,644.873,1052.964,4.55,22.92,87.834,1.739,1.0,3
3.144,4.6299600000000005,8380.164,145.22148176900473,7142.349,60.36,60.36,586.824,1.388,7.439,12.308,0.244,0.958,1
8.206,12.34656,50993.481,323.3189976195408,9302.413,438.024,438.024,909.254,3.592,18.435,59.351,1.175,0.989,3
3.144,4.6299600000000005,8378.877,145.2206440109638,7117.307,60.358,60.358,580.658,1.389,7.438,12.074,0.239,0.97,1
1.138,1.54332,768.361,140.55726387597508,6637.028,7.11,7.11,477.887,1.115,6.052,13.666,0.106,0.969,0
9.3,13.88988,72773.227,372.8464152428941,9782.759,645.042,645.042,1098.333,4.488,22.49,90.787,1.797,0.955,3
6.175,9.25992,29760.877,241.56983494464384,8780.01,246.02,246.02,770.466,2.518,13.39,34.203,0.677,0.999,2
7.148,10.80324,38978.048,280.4475676315932,9137.962,332.058,332.058,839.928,2.957,15.463,44.754,0.886,0.952,3
5.14,7.7166,21631.921,201.5165182867212,8489.673,175.307,175.307,696.459,2.081,10.987,24.526,0.485,0.976,2
6.175,9.25992,29798.58,241.6099426108546,8853.161,246.394,246.394,774.103,2.493,13.029,34.042,0.674,0.95,2
8.206,12.34656,50993.9,323.3210920146432,9303.584,437.983,437.983,918.406,3.592,18.515,60.071,1.189,0.983,3
3.144,4.6299600000000005,8376.137,145.2191779343921,7063.025,60.323,60.323,581.588,1.391,7.509,12.142,0.24,0.984,1
8.206,12.34656,50993.392,323.32035897635734,9311.579,437.939,437.939,906.68,3.577,18.216,58.883,1.166,0.979,3
6.175,9.25992,29761.015,241.5673216705209,8798.471,245.937,245.937,786.052,2.511,13.403,35.044,0.694,0.977,2
4.161,6.17328,14725.298,162.05109833404038,7819.961,113.811,113.811,645.004,1.655,8.857,17.333,0.343,0.953,1
9.3,12.34656,72778.972,372.8466246824044,9776.49,645.097,645.097,1078.765,4.492,22.348,89.09,1.764,0.966,3
2.088,3.08664,3097.282,141.5591177732049,6768.169,23.619,23.619,522.776,1.206,6.561,17.348,0.16,0.971,0
6.175,9.25992,29790.519,241.6355989508589,8817.634,246.224,246.224,758.573,2.506,13.105,33.287,0.659,0.982,2
1.138,1.54332,2550.494,137.62678624870654,6631.14,5.538,5.538,536.745,1.176,6.357,29.929,0.191,0.978,0
5.14,7.7166,21638.087,201.51620412745584,8505.549,175.315,175.315,715.143,2.075,11.03,25.459,0.504,0.953,2
5.14,7.7166,21621.51,201.51348141382272,8453.165,175.203,175.203,699.455,2.093,11.204,24.848,0.492,1.0,2
6.175,12.34656,29767.067,241.58596178693224,8810.79,245.991,245.991,766.382,2.507,13.192,33.784,0.669,0.981,2
8.206,12.34656,50989.328,323.29920558582324,9298.021,438.068,438.068,926.007,3.601,18.712,60.84,1.204,0.986,3
1.138,1.54332,4131.221,137.49347800043918,6668.305,5.495,5.495,576.053,1.226,6.579,31.529,0.24,0.973,0
1.138,12.34656,4421.753,140.51338629857997,6619.671,7.045,7.045,580.345,1.243,6.742,21.83,0.237,0.989,0
5.14,7.7166,21635.379,201.51662300647635,8499.318,175.289,175.289,703.085,2.077,10.982,24.841,0.492,0.965,2
5.14,12.34656,21636.222,201.5143191718637,8496.344,175.305,175.305,723.364,2.078,11.134,25.937,0.513,0.954,2
5.14,7.7166,21631.588,201.5164135669661,8488.766,175.267,175.267,697.393,2.081,10.998,24.58,0.487,0.976,2
7.148,10.80324,39012.526,280.4370956560811,9113.282,332.504,332.504,816.241,2.991,15.714,43.647,0.864,0.997,3
7.148,10.80324,38979.283,280.44777707110336,9137.488,332.12,332.12,834.125,2.958,15.426,44.369,0.878,0.956,3
6.175,9.25992,29793.109,241.62554585436743,8827.302,246.223,246.223,769.443,2.502,13.133,33.898,0.671,0.969,2
2.088,3.08664,3353.946,144.69065733030317,6756.957,29.083,29.083,513.648,1.222,6.636,0.898,0.139,0.984,0
2.088,3.08664,3505.527,141.06578300683617,6781.418,22.795,22.795,537.482,1.218,6.628,20.706,0.18,0.966,0
7.148,10.80324,38990.223,280.44735819208285,9128.153,332.247,332.247,824.705,2.971,15.515,43.919,0.87,0.973,3
6.175,12.34656,29760.409,241.56920662611304,8776.989,245.94,245.94,775.424,2.519,13.443,34.522,0.683,0.998,2
2.088,3.08664,5755.299,145.88791829058624,6824.582,31.313,31.313,567.403,1.301,6.966,0.0,0.21,0.979,0
8.206,12.34656,50991.878,323.3108294786415,9302.91,437.961,437.961,930.211,3.594,18.663,61.052,1.209,0.978,3
5.14,7.7166,21632.663,201.5139002928432,8484.793,175.256,175.256,718.459,2.082,11.162,25.728,0.509,0.965,2
5.14,7.7166,21633.243,201.5139002928432,8486.761,175.286,175.286,721.037,2.081,11.169,25.856,0.512,0.962,2
1.138,1.54332,7049.254,142.19392892874026,6659.3,7.968,7.968,646.822,1.324,7.169,13.478,0.313,0.98,0
6.175,9.25992,29762.158,241.57077742243987,8794.159,246.023,246.023,764.671,2.513,13.268,33.769,0.669,0.993,2
3.144,4.6299600000000005,8378.196,145.2203298516984,7098.238,60.349,60.349,591.219,1.39,7.515,12.508,0.248,0.966,1
3.144,4.6299600000000005,8379.964,145.2213770492496,7137.71,60.366,60.366,585.92,1.388,7.44,12.275,0.243,0.96,1
9.3,13.88988,72757.541,372.8403414970972,9735.804,644.991,644.991,1073.0,4.542,23.026,89.567,1.773,0.987,3
6.175,9.25992,29792.823,241.6291063260415,8827.994,246.234,246.234,790.46,2.502,13.285,35.165,0.696,0.956,2
4.161,6.17328,14718.334,162.0484803401624,7721.232,113.73,113.73,629.1,1.664,8.922,16.714,0.331,0.994,1
7.148,10.80324,38997.376,280.44526379698044,9121.685,332.27,332.27,831.257,2.979,15.682,44.507,0.881,0.977,3
1.138,12.34656,5916.912,146.32889317939512,6707.393,10.276,10.276,601.447,1.301,6.974,0.0,0.249,0.977,0
6.175,9.25992,29793.701,241.6226137012241,8829.35,246.244,246.244,767.31,2.502,13.106,33.757,0.668,0.969,2
1.138,1.54332,6425.6,139.58850142136313,6654.459,6.67,6.67,656.018,1.299,7.117,26.645,0.321,0.962,0
6.175,12.34656,29791.491,241.6307818421234,8820.744,246.201,246.201,756.979,2.505,13.077,33.173,0.657,0.981,2
5.14,12.34656,21631.301,201.5163088472109,8486.88,175.302,175.302,696.371,2.081,11.001,24.533,0.486,0.978,2
2.088,3.08664,3508.256,141.1185617634165,6825.439,22.894,22.894,532.336,1.217,6.557,19.896,0.175,0.959,0
9.3,13.88988,72760.807,372.8426453317099,9763.048,645.05,645.05,1100.639,4.514,22.896,91.533,1.812,0.963,3
1.138,1.54332,1711.128,138.17447056798238,6627.465,5.747,5.747,498.4,1.148,6.147,25.508,0.148,0.99,0
3.144,4.6299600000000005,8376.054,145.21896849488186,7069.443,60.32,60.32,566.301,1.391,7.422,11.516,0.228,0.996,1
5.14,7.7166,21639.17,201.5169371657417,8510.27,175.307,175.307,713.337,2.074,10.994,25.342,0.502,0.951,2
8.206,12.34656,50993.821,323.3211967343984,9306.774,438.055,438.055,914.52,3.586,18.405,59.663,1.181,0.981,3
7.148,10.80324,38987.489,280.44798651061353,9130.614,332.225,332.225,824.68,2.967,15.472,43.865,0.869,0.97,3
6.175,12.34656,29760.421,241.569101906358,8775.988,245.959,245.959,773.31,2.52,13.433,34.399,0.681,1.0,2
9.3,13.88988,72763.875,372.84316893048543,9752.066,644.739,644.739,1081.447,4.524,22.843,89.983,1.781,0.976,3
2.088,3.08664,6600.786,145.11561009657876,6806.534,29.936,29.936,590.725,1.325,7.113,3.235,0.244,0.984,0
5.14,7.7166,21629.763,201.51306253480223,8474.567,175.27,175.27,720.209,2.085,11.229,25.868,0.512,0.971,2
8.206,12.34656,50992.377,323.3117719564376,9304.908,437.967,437.967,935.722,3.592,18.687,61.451,1.217,0.973,3
4.161,6.17328,14719.275,162.0485850599175,7729.212,113.748,113.748,638.252,1.663,8.967,17.127,0.339,0.985,1
7.148,10.80324,38980.639,280.44767235134816,9134.936,332.189,332.189,842.659,2.961,15.537,45.005,0.891,0.954,3
5.14,7.7166,21632.487,201.5133766940676,8483.034,175.255,175.255,721.945,2.082,11.195,25.921,0.513,0.964,2
1.138,1.54332,1144.456,144.34780485204143,6673.349,9.059,9.059,460.73,1.133,6.036,0.0,0.084,0.985,0
3.144,4.6299600000000005,8379.194,145.220853450474,7124.434,60.362,60.362,580.758,1.388,7.43,12.074,0.239,0.968,1
6.175,9.25992,29794.58,241.62303258024457,8834.58,246.315,246.315,793.671,2.499,13.273,35.321,0.699,0.95,2
4.161,6.17328,14721.892,162.04963225746872,7766.623,113.777,113.777,643.269,1.66,8.935,17.314,0.343,0.97,1
6.175,9.25992,29793.694,241.6232420197548,8829.402,246.291,246.291,768.892,2.502,13.118,33.853,0.67,0.968,2
4.161,6.17328,14721.187,162.04931809820337,7755.621,113.751,113.751,642.325,1.661,8.948,17.283,0.342,0.974,1
3.144,12.34656,8377.077,145.21970153316772,7081.406,60.336,60.336,582.645,1.39,7.492,12.174,0.241,0.978,1
8.206,12.34656,50987.458,323.2938648783121,9299.333,437.891,437.891,930.792,3.599,18.739,61.193,1.211,0.982,3
6.175,9.25992,29796.529,241.6161210764067,8840.449,246.318,246.318,778.925,2.497,13.133,34.401,0.681,0.955,2
8.206,12.34656,50993.175,323.3173221034589,9299.595,437.947,437.947,904.325,3.596,18.436,59.023,1.168,0.995,3
4.161,6.17328,14722.79,162.04984169697894,7776.307,113.763,113.763,647.775,1.659,8.948,17.508,0.347,0.964,1
3.144,4.6299600000000005,8376.865,145.21959681341258,7069.088,60.331,60.331,594.633,1.391,7.569,12.661,0.251,0.971,1
7.148,10.80324,38975.494,280.44735819208285,9141.495,332.06,332.06,836.228,2.952,15.372,44.428,0.88,0.95,3
4.161,6.17328,14722.01,162.04931809820337,7760.399,113.763,113.763,654.892,1.66,9.021,17.85,0.353,0.964,1
8.206,12.34656,50992.97,323.3165890651731,9300.736,438.02,438.02,899.573,3.594,18.359,58.6,1.16,0.996,3
1.138,1.54332,1916.13,145.43898470038826,6656.924,9.639,9.639,479.8,1.165,6.212,1.359,0.109,0.997,0
4.161,6.17328,14720.905,162.04900393893797,7746.039,113.752,113.752,648.067,1.662,9.002,17.557,0.348,0.973,1
9.3,13.88988,72774.973,372.845368045343,9759.007,645.074,645.074,1060.998,4.513,22.452,87.843,1.739,0.982,3
3.144,4.6299600000000005,8380.118,145.22148176900473,7139.248,60.365,60.365,590.131,1.388,7.46,12.442,0.246,0.956,1
2.088,3.08664,5766.604,141.22893638531258,6822.632,23.149,23.149,602.31,1.288,6.996,22.594,0.259,0.954,0
6.175,9.25992,29762.666,241.5641800778673,8805.374,245.955,245.955,760.707,2.509,13.178,33.464,0.663,0.988,2
8.206,12.34656,50994.27,323.32580440362364,9321.299,438.003,438.003,921.624,3.564,18.185,59.832,1.185,0.96,3
6.175,9.25992,29791.785,241.6302582433478,8821.814,246.267,246.267,759.035,2.505,13.086,33.293,0.659,0.979,2
2.088,3.08664,3096.25,141.69933752531009,6858.732,23.881,23.881,512.543,1.204,6.424,16.318,0.151,0.956,0
2.088,3.08664,2899.894,142.27225930556975,6837.879,24.862,24.862,505.815,1.199,6.42,12.727,0.14,0.961,0
9.3,13.88988,72777.603,372.8466246824044,9777.127,644.98,644.98,1082.73,4.492,22.387,89.454,1.771,0.964,3
3.144,4.6299600000000005,8376.59,145.21938737390235,7065.243,60.329,60.329,591.198,1.391,7.556,12.526,0.248,0.975,1
1.138,1.54332,7174.992,143.3387252917084,6694.711,8.608,8.608,641.372,1.33,7.146,7.353,0.305,0.976,0
5.14,7.7166,21627.08,201.5143191718637,8470.439,175.27,175.27,703.202,2.087,11.135,24.974,0.494,0.985,2
1.138,1.54332,253.547,140.28624914972542,6717.352,7.0,7.0,453.57,1.093,5.832,10.216,0.078,0.952,0
8.206,12.34656,50994.063,323.32287225048026,9310.078,438.106,438.106,918.524,3.581,18.383,59.899,1.186,0.975,3
1.138,1.54332,334.565,141.07908241573634,6664.292,7.401,7.401,458.299,1.097,5.925,7.992,0.08,0.962,0
7.148,10.80324,38976.773,280.447462911838,9140.498,332.045,332.045,833.153,2.954,15.366,44.239,0.876,0.953,3
5.14,12.34656,21632.316,201.5148427706393,8486.397,175.283,175.283,710.517,2.081,11.1,25.297,0.501,0.969,2
4.161,6.17328,14722.519,162.04984169697894,7775.717,113.78,113.78,645.098,1.659,8.931,17.387,0.344,0.966,1
9.3,13.88988,72757.591,372.83981789832166,9727.193,644.981,644.981,1059.655,4.551,23.009,88.487,1.752,0.997,3
9.3,13.88988,72778.832,372.8483001984863,9784.201,645.171,645.171,1086.758,4.483,22.302,89.647,1.775,0.959,3
7.148,10.80324,38993.624,280.4467298735521,9125.196,332.341,332.341,825.764,2.974,15.576,44.054,0.872,0.976,3
5.14,7.7166,21638.69,201.51777492378267,8510.835,175.344,175.344,704.99,2.074,10.935,24.893,0.493,0.956,2
2.088,3.08664,6102.442,141.54498060626372,6831.687,23.708,23.708,610.643,1.299,7.053,21.991,0.268,0.952,0
7.148,10.80324,39009.736,280.4405514080001,9115.903,332.457,332.457,806.284,2.988,15.587,42.897,0.849,1.0,3
5.14,7.7166,21625.826,201.5139002928432,8465.88,175.259,175.259,703.592,2.088,11.163,25.016,0.495,0.988,2
9.3,13.88988,72765.785,372.8437972490162,9752.422,645.029,645.029,1076.592,4.523,22.775,89.509,1.772,0.978,3
1.138,1.54332,4887.26,138.06441010535158,6639.17,5.817,5.817,609.206,1.251,6.811,31.595,0.273,0.971,0
7.148,10.80324,38988.33,280.44725347232776,9129.062,332.266,332.266,831.084,2.969,15.55,44.338,0.878,0.968,3
1.138,1.54332,3632.694,137.3773437920115,6665.159,5.418,5.418,561.172,1.211,6.489,31.372,0.223,0.975,0
5.14,7.7166,21640.308,201.51787964353773,8515.852,175.337,175.337,709.12,2.072,10.937,25.093,0.497,0.95,2
1.138,1.54332,1274.013,142.57720323247818,6636.491,8.086,8.086,468.862,1.137,6.09,4.398,0.096,0.992,0
5.14,7.7166,21628.668,201.5129578150472,8471.738,175.225,175.225,718.628,2.086,11.233,25.796,0.511,0.974,2
6.175,9.25992,29764.622,241.57151046072573,8808.53,245.971,245.971,754.424,2.509,13.115,33.062,0.655,0.99,2
2.088,3.08664,2917.924,143.429412599642,6848.015,26.875,26.875,498.662,1.201,6.411,6.771,0.128,0.963,0
3.144,4.6299600000000005,8375.632,145.21886377512678,7047.225,60.317,60.317,588.873,1.392,7.567,12.444,0.246,0.982,1
7.148,10.80324,38989.515,280.44840538963405,9130.789,332.282,332.282,809.83,2.968,15.352,42.835,0.848,0.979,3
7.148,10.80324,38989.87,280.4467298735521,9126.467,332.296,332.296,841.37,2.972,15.677,45.097,0.893,0.965,3
6.175,9.25992,29794.844,241.621671223428,8835.613,246.246,246.246,792.556,2.499,13.259,35.248,0.698,0.95,2
8.206,12.34656,50996.969,323.3306215123592,9315.973,438.101,438.101,944.914,3.578,18.588,61.913,1.226,0.956,3
5.14,7.7166,21636.578,201.51662300647635,8502.35,175.337,175.337,707.599,2.076,10.996,25.07,0.496,0.96,2
7.148,10.80324,38986.573,280.44714875257256,9129.458,332.263,332.263,840.283,2.968,15.615,44.959,0.89,0.962,3
7.148,10.80324,38997.753,280.4462062747765,9123.45,332.278,332.278,813.2,2.978,15.508,43.221,0.856,0.986,3
4.161,6.17328,14721.63,162.04994641673406,7772.663,113.771,113.771,630.646,1.659,8.844,16.727,0.331,0.977,1
1.138,1.54332,4450.182,147.45588718399293,6681.878,10.834,10.834,554.437,1.258,6.725,0.0,0.195,0.992,0
4.161,6.17328,14726.194,162.05172665257112,7838.66,113.821,113.821,638.602,1.653,8.785,17.02,0.337,0.952,1
6.175,9.25992,29761.285,241.57245293852185,8790.186,245.937,245.937,778.703,2.514,13.394,34.647,0.686,0.987,2
3.144,12.34656,8377.536,145.21991097267795,7083.779,60.335,60.335,592.287,1.39,7.539,12.559,0.249,0.969,1
2.088,3.08664,6909.283,144.23188008312397,6797.2,28.368,28.368,599.333,1.332,7.148,8.516,0.259,0.987,0
1.138,1.54332,3712.237,145.35793160992566,6635.344,9.717,9.717,550.59,1.231,6.68,4.786,0.188,0.989,0
6.175,12.34656,29761.299,241.572662378032,8791.213,246.014,246.014,779.209,2.514,13.392,34.672,0.686,0.986,2
8.206,12.34656,50992.946,323.3172173837038,9304.127,438.088,438.088,899.119,3.588,18.283,58.468,1.157,0.992,3
1.138,1.54332,5115.149,137.73778918913337,6690.752,5.711,5.711,616.76,1.256,6.798,32.328,0.281,0.955,0
2.088,3.08664,5047.166,146.10049939347917,6758.02,31.667,31.667,555.701,1.282,6.952,0.0,0.192,0.991,0
7.148,10.80324,39003.058,280.4447401982049,9120.756,332.441,332.441,802.868,2.982,15.474,42.557,0.843,0.996,3
6.175,12.34656,29765.61,241.57674644848169,8809.602,245.962,245.962,758.031,2.508,13.136,33.279,0.659,0.987,2
1.138,1.54332,1653.833,145.8471823058447,6682.6,9.876,9.876,470.992,1.155,6.135,0.0,0.098,0.99,0
8.206,12.34656,50992.96,323.3171126639487,9301.271,438.027,438.027,900.219,3.593,18.355,58.638,1.161,0.995,3
4.161,6.17328,14724.544,162.0502605759994,7794.646,113.795,113.795,660.568,1.657,8.998,18.066,0.358,0.95,1
8.206,12.34656,50997.742,323.3356480606049,9319.28,437.998,437.998,942.794,3.572,18.493,61.642,1.22,0.953,3
9.3,12.34656,72772.009,372.84704356142487,9784.295,644.797,644.797,1101.549,4.487,22.503,91.049,1.802,0.953,3
6.175,9.25992,29763.01,241.5610384852137,8802.349,245.945,245.945,749.915,2.511,13.116,32.816,0.65,0.997,2
3.144,4.6299600000000005,8377.343,145.21980625292284,7094.011,60.34,60.34,569.792,1.39,7.41,11.646,0.231,0.986,1
6.175,9.25992,29797.056,241.61455028007987,8842.508,246.281,246.281,776.774,2.497,13.106,34.259,0.678,0.955,2
6.175,9.25992,29760.893,241.5706727026848,8783.043,245.948,245.948,775.181,2.517,13.408,34.473,0.683,0.994,2
4.161,6.17328,14726.348,162.05172665257112,7838.994,113.796,113.796,639.917,1.653,8.793,17.08,0.338,0.951,1
9.3,13.88988,72755.384,372.8384565415051,9726.591,644.879,644.879,1064.448,4.552,23.079,88.961,1.761,0.995,3
2.088,3.08664,4917.586,140.7991665103015,6753.131,22.341,22.341,551.261,1.264,6.779,22.62,0.211,0.999,0
1.138,1.54332,1919.074,137.55452961767395,6645.863,5.602,5.602,535.05,1.154,6.299,29.695,0.18,0.957,0
2.088,3.08664,2946.641,143.56973707150237,6843.966,27.109,27.109,499.284,1.203,6.423,5.861,0.128,0.964,0
8.206,12.34656,50994.228,323.3236052887661,9310.772,438.04,438.04,920.903,3.581,18.396,60.074,1.189,0.973,3
7.148,10.80324,39006.029,280.4424363635922,9117.687,332.459,332.459,812.078,2.985,15.602,43.264,0.857,0.994,3
2.088,3.08664,4810.588,146.0506527900422,6759.864,31.56,31.56,549.678,1.274,6.912,0.0,0.184,0.99,0
2.088,3.08664,6846.147,142.86602031709825,6831.294,26.018,26.018,632.165,1.324,7.222,16.581,0.288,0.95,0
2.088,3.08664,3681.591,145.14472218850202,6801.928,29.907,29.907,518.987,1.233,6.642,0.0,0.147,0.976,0
5.14,7.7166,21625.122,201.51452861137392,8465.764,175.253,175.253,697.745,2.088,11.123,24.7,0.489,0.992,2
9.3,13.88988,72771.409,372.84651996264927,9782.388,644.777,644.777,1101.256,4.489,22.537,91.074,1.803,0.954,3
2.088,12.34656,3538.1,141.1026443606383,6810.929,22.875,22.875,534.019,1.219,6.584,20.406,0.177,0.962,0
4.161,6.17328,14720.965,162.0494228179585,7756.791,113.763,113.763,637.494,1.66,8.915,17.061,0.338,0.977,1
5.14,7.7166,21635.228,201.5133766940676,8490.87,175.265,175.265,729.314,2.08,11.203,26.276,0.52,0.954,2
6.175,9.25992,29784.921,241.64010190032909,8814.988,246.145,246.145,784.078,2.506,13.307,34.843,0.69,0.968,2
8.206,12.34656,50993.462,323.3184740207652,9304.769,438.078,438.078,927.671,3.591,18.597,60.795,1.204,0.977,3
6.175,9.25992,29761.706,241.5719293397462,8790.132,245.962,245.962,770.637,2.515,13.335,34.156,0.676,0.992,2
1.138,12.34656,1181.365,142.1564392564074,6635.106,7.875,7.875,469.509,1.133,6.08,6.816,0.098,0.989,0
7.148,10.80324,39010.142,280.4385617326528,9114.095,332.507,332.507,822.51,2.989,15.749,44.065,0.872,0.992,3
4.161,6.17328,14722.422,162.04994641673406,7778.299,113.758,113.758,636.753,1.658,8.874,17.002,0.337,0.971,1
3.144,4.6299600000000005,8375.403,145.21865433561652,7054.713,60.315,60.315,569.716,1.392,7.458,11.664,0.231,0.997,1
5.14,7.7166,21628.011,201.5139002928432,8472.402,175.23,175.23,708.657,2.086,11.162,25.259,0.5,0.98,2
8.206,12.34656,50997.84,323.3359622198702,9319.894,438.0,438.0,943.474,3.571,18.489,61.682,1.221,0.952,3
7.148,12.34656,39019.877,280.42871807567155,9108.879,332.583,332.583,820.501,2.997,15.828,44.038,0.872,1.0,3
8.206,12.34656,50994.011,323.3227675307252,9311.456,437.956,437.956,917.138,3.579,18.339,59.746,1.183,0.974,3
6.175,9.25992,29798.334,241.6108850886507,8848.678,246.344,246.344,770.395,2.495,13.026,33.84,0.67,0.955,2
2.088,3.08664,4880.456,145.98876341476645,6843.822,31.473,31.473,543.405,1.273,6.789,0.0,0.18,0.974,0
9.3,13.88988,72763.377,372.8422264526893,9735.081,645.042,645.042,1056.483,4.542,22.832,87.999,1.742,0.995,3
4.161,6.17328,14724.731,162.05036529575457,7798.673,113.797,113.797,658.766,1.657,8.98,17.98,0.356,0.95,1
9.3,12.34656,72775.878,372.8469388416697,9781.219,644.969,644.969,1090.199,4.488,22.408,90.058,1.783,0.959,3
1.138,1.54332,4151.584,144.2022443924251,6618.237,9.059,9.059,563.096,1.244,6.757,6.536,0.205,0.994,0
9.3,13.88988,72776.886,372.8447397268122,9759.571,644.856,644.856,1058.224,4.512,22.406,87.562,1.733,0.983,3
4.161,6.17328,14723.159,162.05036529575457,7791.16,113.778,113.778,635.541,1.657,8.844,16.932,0.335,0.968,1
6.175,9.25992,29793.927,241.62250898146897,8830.582,246.315,246.315,772.59,2.501,13.139,34.071,0.675,0.965,2
5.14,7.7166,21635.754,201.51557580892512,8497.795,175.328,175.328,712.374,2.078,11.052,25.346,0.502,0.96,2
1.138,1.54332,4008.62,147.88157298855432,6688.173,11.132,11.132,550.747,1.244,6.692,0.0,0.186,0.982,0
6.175,9.25992,29761.732,241.5665886322351,8798.304,245.983,245.983,773.052,2.511,13.307,34.257,0.678,0.985,2
1.138,1.54332,1476.507,142.879843324774,6633.985,8.22,8.22,469.726,1.145,6.112,3.401,0.099,0.999,0
8.206,12.34656,50993.506,323.3192070590511,9301.031,438.088,438.088,910.679,3.595,18.479,59.507,1.178,0.99,3
8.206,12.34656,50992.244,323.3118766761927,9299.242,437.933,437.933,921.068,3.598,18.633,60.406,1.196,0.987,3
5.14,7.7166,21629.106,201.5129578150472,8472.681,175.237,175.237,719.154,2.086,11.232,25.82,0.511,0.973,2
4.161,6.17328,14725.196,162.05109833404038,7817.614,113.793,113.793,644.54,1.655,8.858,17.314,0.343,0.954,1
6.175,9.25992,29793.409,241.62805912849035,8830.372,246.305,246.305,796.499,2.501,13.317,35.514,0.703,0.951,2
2.088,3.08664,4066.289,140.8545632607598,6848.294,22.474,22.474,547.734,1.234,6.625,22.256,0.196,0.954,0
8.206,12.34656,50984.292,323.2830787435348,9295.43,437.999,437.999,926.202,3.604,18.764,60.921,1.206,0.989,3
1.138,1.54332,2758.189,142.8318816769292,6601.382,8.287,8.287,525.266,1.194,6.484,10.542,0.163,0.996,0
8.206,12.34656,50994.399,323.32528080484803,9318.402,438.071,438.071,922.586,3.569,18.257,59.995,1.188,0.963,3
3.144,12.34656,8374.405,145.21813073684092,7033.215,60.302,60.302,573.09,1.393,7.502,11.814,0.234,1.0,1
1.138,12.34656,6769.265,144.53975616317575,6673.125,9.267,9.267,634.003,1.323,7.155,1.483,0.289,0.979,0
1.138,1.54332,4958.3,144.22936680900108,6634.714,9.069,9.069,583.871,1.269,6.879,5.068,0.23,0.991,0
8.206,12.34656,50996.03,323.3274799197055,9311.465,438.113,438.113,938.518,3.583,18.594,61.505,1.218,0.964,3
4.161,6.17328,14721.199,162.04963225746872,7764.447,113.772,113.772,632.751,1.66,8.871,16.834,0.333,0.978,1
3.144,4.6299600000000005,8379.471,145.22106288998427,7124.012,60.363,60.363,593.705,1.388,7.497,12.593,0.249,0.957,1
6.175,9.25992,29798.727,241.60983789109952,8854.195,246.336,246.336,773.045,2.492,13.016,33.972,0.673,0.95,2
7.148,12.34656,39003.608,280.44390244016387,9119.658,332.45,332.45,809.714,2.983,15.548,43.058,0.853,0.993,3
8.206,12.34656,50994.819,323.32800351848107,9324.455,438.051,438.051,928.531,3.56,18.2,60.306,1.194,0.953,3
6.175,9.25992,29762.14,241.57004438415404,8795.177,246.029,246.029,765.169,2.513,13.266,33.794,0.669,0.992,2
5.14,12.34656,21627.379,201.51358613357783,8469.711,175.228,175.228,711.57,2.087,11.196,25.428,0.503,0.98,2
3.144,4.6299600000000005,8374.761,145.21823545659603,7040.369,60.307,60.307,571.961,1.393,7.487,11.764,0.233,0.999,1
1.138,12.34656,5311.404,142.5255763932042,6628.736,8.134,8.134,599.158,1.276,6.921,13.378,0.254,0.99,0
6.175,9.25992,29790.519,241.6361225496345,8817.65,246.25,246.25,760.13,2.506,13.116,33.382,0.661,0.981,2
8.206,12.34656,50994.169,323.31868346027545,9307.083,437.973,437.973,936.651,3.589,18.656,61.469,1.217,0.97,3
4.161,6.17328,14718.443,162.0485850599175,7725.12,113.743,113.743,627.394,1.663,8.904,16.63,0.329,0.994,1
7.148,10.80324,38978.986,280.4475676315932,9137.993,332.086,332.086,833.113,2.957,15.409,44.289,0.877,0.956,3
7.148,10.80324,39011.903,280.43720037583626,9113.164,332.513,332.513,821.227,2.991,15.756,43.996,0.871,0.994,3
7.148,10.80324,38984.674,280.4487195488994,9134.65,332.232,332.232,815.069,2.963,15.325,43.118,0.854,0.971,3
3.144,4.6299600000000005,8377.893,145.2202251319433,7089.682,60.338,60.338,597.47,1.39,7.558,12.762,0.253,0.963,1
7.148,10.80324,38999.361,280.4458921155112,9122.535,332.398,332.398,810.278,2.979,15.501,43.037,0.852,0.989,3
2.088,3.08664,4057.218,140.8323626726744,6762.996,22.378,22.378,524.823,1.236,6.598,21.257,0.179,0.999,0
1.138,1.54332,957.204,141.09489509875942,6634.385,7.351,7.351,474.162,1.123,6.061,11.646,0.104,0.979,0
5.14,7.7166,21635.073,201.5158899681905,8496.65,175.277,175.277,707.396,2.078,11.025,25.084,0.497,0.964,2
8.206,12.34656,50992.979,323.3175315429692,9303.713,438.089,438.089,900.13,3.589,18.304,58.563,1.159,0.992,3
8.206,12.34656,50993.244,323.3171126639487,9299.332,438.079,438.079,914.871,3.598,18.561,59.897,1.186,0.99,3
1.138,1.54332,2601.087,140.15168426439666,6614.842,6.801,6.801,521.941,1.183,6.37,20.748,0.171,0.995,0
3.144,4.6299600000000005,8374.095,145.21718825904483,7024.662,60.293,60.293,579.09,1.393,7.544,12.062,0.239,0.997,1
5.14,7.7166,21631.639,201.51714660525192,8490.48,175.273,175.273,692.649,2.08,10.957,24.315,0.481,0.978,2
2.088,3.08664,2947.721,143.6425173013105,6820.358,27.242,27.242,501.36,1.203,6.461,5.693,0.129,0.968,0
8.206,12.34656,50989.818,323.3012999809256,9299.129,438.009,438.009,927.319,3.599,18.705,60.918,1.206,0.984,3
8.206,12.34656,50994.024,323.3236052887661,9317.383,438.014,438.014,916.803,3.569,18.211,59.55,1.179,0.967,3
4.161,6.17328,14722.773,162.0502605759994,7786.575,113.783,113.783,634.637,1.657,8.846,16.896,0.334,0.97,1
7.148,12.34656,38993.7,280.4461015550214,9124.086,332.227,332.227,834.579,2.975,15.665,44.684,0.885,0.972,3
1.138,1.54332,992.208,138.44768440908956,6644.916,6.015,6.015,493.512,1.121,6.075,23.404,0.132,0.965,0
9.3,13.88988,72763.061,372.8441114082816,9758.168,644.979,644.979,1089.059,4.518,22.831,90.563,1.793,0.97,3
9.3,13.88988,72767.858,372.842750051465,9738.514,644.816,644.816,1051.094,4.537,22.704,87.399,1.73,0.996,3
5.14,7.7166,21628.965,201.5144238916188,8476.034,175.248,175.248,706.281,2.085,11.126,25.115,0.497,0.979,2
1.138,1.54332,2181.446,147.35483262030246,6714.284,10.889,10.889,505.465,1.177,6.332,0.0,0.129,0.964,0
6.175,9.25992,29789.987,241.6415679769008,8818.384,246.187,246.187,790.641,2.505,13.338,35.23,0.697,0.962,2
5.14,7.7166,21629.409,201.51662300647635,8483.02,175.29,175.29,691.46,2.083,10.988,24.283,0.481,0.984,2
9.3,12.34656,72776.774,372.8455774848532,9760.377,644.891,644.891,1057.379,4.51,22.38,87.459,1.731,0.983,3
7.148,10.80324,38991.913,280.4462062747765,9125.007,332.305,332.305,839.342,2.974,15.687,44.99,0.891,0.968,3
8.206,12.34656,50993.09,323.3169032244385,9296.829,437.996,437.996,907.195,3.601,18.525,59.335,1.175,0.997,3
3.144,4.6299600000000005,8379.253,145.22095817022915,7126.997,60.357,60.357,579.972,1.388,7.423,12.041,0.238,0.968,1
4.161,12.34656,14721.756,162.04952753771357,7764.362,113.771,113.771,642.814,1.66,8.936,17.296,0.342,0.971,1
8.206,12.34656,50990.63,323.30454629333434,9297.263,437.923,437.923,921.9,3.601,18.682,60.527,1.198,0.989,3
6.175,9.25992,29763.162,241.56145736423423,8804.392,246.003,246.003,749.36,2.51,13.101,32.771,0.649,0.996,2
6.175,9.25992,29791.723,241.63245735820536,8823.387,246.284,246.284,780.185,2.504,13.234,34.571,0.684,0.965,2
9.3,13.88988,72770.796,372.8463105231391,9776.623,644.765,644.765,1095.43,4.495,22.569,90.68,1.795,0.959,3
6.175,9.25992,29796.193,241.6173777134681,8839.552,246.333,246.333,783.241,2.498,13.17,34.666,0.686,0.953,2
7.148,10.80324,39005.182,280.44191276481666,9116.941,332.354,332.354,824.708,2.985,15.715,44.156,0.874,0.987,3
1.138,12.34656,2413.722,143.07807782121557,6611.943,8.455,8.455,518.146,1.182,6.43,7.724,0.15,0.988,0
9.3,13.88988,72774.705,372.84390196877126,9746.608,645.143,645.143,1045.35,4.527,22.485,86.648,1.715,0.995,3
9.3,13.88988,72774.874,372.84651996264927,9771.128,644.898,644.898,1079.914,4.5,22.467,89.345,1.769,0.968,3
6.175,9.25992,29789.82,241.641777416411,8818.527,246.179,246.179,795.617,2.505,13.374,35.527,0.703,0.959,2
5.14,7.7166,21626.79,201.5158899681905,8473.82,175.227,175.227,690.729,2.086,11.032,24.283,0.481,0.991,2
8.206,12.34656,50993.926,323.3215108936637,9305.94,437.99,437.99,916.593,3.588,18.446,59.857,1.185,0.981,3
6.175,9.25992,29762.091,241.5693113458682,8806.709,245.92,245.92,780.36,2.508,13.316,34.653,0.686,0.975,2
1.138,1.54332,4057.821,144.21774291618283,6616.503,9.058,9.058,558.831,1.241,6.734,6.624,0.201,0.996,0
7.148,10.80324,38981.535,280.4475676315932,9134.46,332.206,332.206,838.537,2.961,15.513,44.734,0.886,0.957,3
1.138,1.54332,764.846,139.10228759834254,6642.062,6.292,6.292,473.679,1.113,5.985,19.291,0.11,0.976,0
4.161,6.17328,14721.547,162.04994641673406,7772.397,113.756,113.756,629.355,1.659,8.836,16.668,0.33,0.978,1
5.14,7.7166,21633.636,201.51725132500704,8496.204,175.319,175.319,695.719,2.078,10.948,24.457,0.484,0.972,2
9.3,13.88988,72773.516,372.8437972490162,9743.59,645.114,645.114,1044.08,4.53,22.524,86.599,1.714,0.997,3
4.161,6.17328,14716.939,162.04753786236634,7691.819,113.727,113.727,639.508,1.667,9.042,17.229,0.341,0.996,1
3.144,4.6299600000000005,8374.936,145.21844489610626,7041.503,60.304,60.304,576.016,1.392,7.507,11.928,0.236,0.995,1
1.138,1.54332,4514.337,147.9261836042353,6715.746,11.194,11.194,564.794,1.26,6.75,0.0,0.203,0.975,0
6.175,12.34656,29796.495,241.61475971959013,8840.117,246.306,246.306,770.935,2.498,13.076,33.918,0.672,0.96,2
4.161,6.17328,14726.018,162.05162193281598,7836.285,113.801,113.801,638.14,1.653,8.786,17.001,0.337,0.953,1
4.161,6.17328,14721.188,162.0494228179585,7759.3,113.764,113.764,639.26,1.66,8.922,17.139,0.339,0.975,1
1.138,1.54332,351.27,141.56445848071598,6675.407,7.696,7.696,461.238,1.098,5.945,5.662,0.079,0.955,0
2.088,3.08664,2827.049,142.3469244909701,6724.698,24.937,24.937,497.268,1.199,6.49,12.204,0.132,0.998,0
3.144,4.6299600000000005,8376.579,145.21938737390235,7073.458,60.329,60.329,577.21,1.391,7.473,11.959,0.237,0.985,1
6.175,9.25992,29769.62,241.5955960044033,8811.974,246.002,246.002,768.484,2.507,13.202,33.907,0.671,0.979,2
5.14,7.7166,21638.461,201.5158899681905,8505.691,175.32,175.32,718.149,2.075,11.05,25.618,0.507,0.951,2
8.206,12.34656,50996.615,323.3289459962772,9315.6,438.128,438.128,945.959,3.579,18.61,62.01,1.228,0.956,3
8.206,12.34656,50993.981,323.32140617390866,9304.941,438.076,438.076,923.161,3.59,18.542,60.422,1.196,0.979,3
9.3,13.88988,72765.896,372.8437972490162,9767.203,645.091,645.091,1096.14,4.508,22.759,91.0,1.801,0.963,3
4.161,6.17328,14724.063,162.050784174775,7804.999,113.8,113.8,638.27,1.656,8.839,17.042,0.337,0.962,1
6.175,12.34656,29762.29,241.56575087419407,8798.208,246.017,246.017,763.502,2.512,13.237,33.675,0.667,0.991,2
4.161,6.17328,14717.844,162.0484803401624,7718.168,113.733,113.733,623.529,1.664,8.891,16.458,0.326,0.999,1
5.14,7.7166,21628.916,201.5165182867212,8481.153,175.264,175.264,690.453,2.083,10.991,24.236,0.48,0.986,2
2.088,12.34656,3361.994,141.33040982802356,6863.79,23.269,23.269,522.062,1.212,6.468,18.307,0.164,0.954,0
6.175,9.25992,29770.047,241.6019839094656,8812.406,245.994,245.994,786.242,2.506,13.332,34.982,0.693,0.968,2
9.3,13.88988,72770.67,372.8469388416697,9785.095,645.064,645.064,1105.665,4.487,22.544,91.416,1.81,0.951,3
3.144,4.6299600000000005,8374.226,145.21729297879995,7022.572,60.299,60.299,586.496,1.393,7.586,12.363,0.245,0.991,1
7.148,10.80324,38980.406,280.44798651061353,9137.535,332.153,332.153,825.703,2.958,15.359,43.791,0.867,0.961,3
7.148,10.80324,38990.924,280.4475676315932,9128.219,332.297,332.297,819.708,2.971,15.475,43.573,0.863,0.976,3
6.175,9.25992,29797.347,241.61371252203887,8843.47,246.364,246.364,774.106,2.496,13.081,34.093,0.675,0.956,2
1.138,1.54332,3889.63,140.36855887724948,6615.428,6.929,6.929,559.998,1.226,6.621,21.662,0.216,0.995,0
1.138,1.54332,4340.049,144.4882340436569,6627.144,9.253,9.253,574.499,1.25,6.818,5.943,0.215,0.986,0
3.144,4.6299600000000005,8378.474,145.22053929120867,7110.199,60.352,60.352,580.559,1.389,7.446,12.074,0.239,0.972,1
2.088,3.08664,6504.662,142.09266492553954,6815.042,24.663,24.663,624.179,1.313,7.165,19.974,0.281,0.954,0
5.14,7.7166,21629.712,201.5148427706393,8478.773,175.276,175.276,704.88,2.084,11.102,25.028,0.495,0.978,2
4.161,6.17328,14720.566,162.04879449942777,7741.57,113.763,113.763,647.155,1.662,9.004,17.521,0.347,0.975,1
2.088,3.08664,6550.587,145.2442059558657,6800.432,30.164,30.164,588.958,1.324,7.113,2.45,0.241,0.986,0
8.206,12.34656,50995.05,323.327898798726,9316.675,438.058,438.058,931.161,3.573,18.393,60.746,1.203,0.961,3
1.138,12.34656,5922.025,142.16230356269412,6640.367,8.016,8.016,632.719,1.293,7.079,15.527,0.288,0.973,0
7.148,10.80324,38976.661,280.44735819208285,9139.469,332.072,332.072,840.29,2.955,15.439,44.747,0.886,0.95,3
8.206,12.34656,50997.392,323.3342867037883,9317.803,438.052,438.052,939.73,3.574,18.482,61.428,1.216,0.956,3
1.138,1.54332,1174.869,145.0652398943662,6754.023,9.586,9.586,469.781,1.134,6.022,0.0,0.091,0.955,0
9.3,13.88988,72765.553,372.84400668852646,9751.292,644.742,644.742,1075.493,4.524,22.781,89.432,1.77,0.979,3
4.161,6.17328,14719.036,162.04868977967263,7730.193,113.741,113.741,632.152,1.663,8.926,16.845,0.333,0.989,1
6.175,9.25992,29770.383,241.60533494162937,8812.594,246.047,246.047,792.844,2.506,13.379,35.379,0.7,0.964,2
7.148,10.80324,39003.186,280.4427505228576,9117.819,332.433,332.433,829.381,2.984,15.736,44.46,0.88,0.983,3
5.14,7.7166,21634.854,201.513690853333,8490.745,175.315,175.315,726.237,2.08,11.183,26.114,0.517,0.956,2
7.148,10.80324,38979.518,280.4480912303687,9138.532,332.175,332.175,825.382,2.957,15.339,43.748,0.866,0.96,3
6.175,9.25992,29791.605,241.6322479186952,8822.042,246.198,246.198,770.042,2.504,13.166,33.963,0.672,0.972,2
1.138,1.54332,4264.91,148.07205822311698,6718.343,11.287,11.287,559.215,1.252,6.711,0.0,0.196,0.973,0
5.14,7.7166,21625.02,201.51547108917,8467.443,175.208,175.208,690.098,2.088,11.062,24.276,0.481,0.996,2
6.175,9.25992,29791.7,241.63350455575653,8823.539,246.227,246.227,785.063,2.503,13.269,34.865,0.69,0.962,2
4.161,6.17328,14721.713,162.04994641673406,7774.396,113.776,113.776,628.512,1.659,8.827,16.627,0.329,0.978,1
3.144,4.6299600000000005,8376.201,145.2191779343921,7062.707,60.323,60.323,582.822,1.391,7.516,12.192,0.241,0.983,1
6.175,9.25992,29790.783,241.63664614841016,8820.209,246.188,246.188,780.24,2.505,13.251,34.592,0.685,0.967,2
2.088,3.08664,4347.142,140.74460751788416,6786.406,22.276,22.276,564.618,1.245,6.778,23.739,0.213,0.963,0
1.138,12.34656,1550.654,146.15484894638627,6709.57,10.216,10.216,490.204,1.151,6.204,0.0,0.11,0.959,0
7.148,10.80324,38999.938,280.44494963771507,9120.879,332.282,332.282,821.541,2.98,15.62,43.854,0.868,0.984,3
2.088,3.08664,6854.174,144.5448874311766,6805.932,28.925,28.925,596.991,1.331,7.135,6.679,0.255,0.985,0
5.14,7.7166,21637.507,201.5157852484353,8502.74,175.29,175.29,716.536,2.076,11.054,25.546,0.506,0.954,2
5.14,7.7166,21630.124,201.51505221014952,8480.574,175.259,175.259,702.973,2.083,11.08,24.917,0.493,0.978,2
5.14,7.7166,21634.717,201.51746076451727,8500.045,175.317,175.317,697.78,2.077,10.942,24.552,0.486,0.968,2
9.3,13.88988,72775.876,372.8458916441186,9769.727,644.974,644.974,1076.816,4.501,22.453,89.085,1.763,0.97,3
2.088,3.08664,6976.415,143.98149514863286,6784.246,27.919,27.919,602.17,1.333,7.171,9.669,0.263,0.99,0
8.206,12.34656,50994.651,323.3261185628889,9317.744,438.11,438.11,926.34,3.57,18.315,60.321,1.194,0.962,3
3.144,4.6299600000000005,8378.389,145.22043457145355,7107.065,60.342,60.342,583.817,1.389,7.466,12.207,0.242,0.97,1
1.138,1.54332,1337.766,145.5056911843995,6698.83,9.825,9.825,481.653,1.142,6.151,0.0,0.101,0.963,0
4.161,6.17328,14719.734,162.04931809820337,7747.605,113.758,113.758,623.23,1.661,8.839,16.411,0.325,0.99,1
6.175,9.25992,29795.666,241.6186343505296,8837.291,246.324,246.324,780.558,2.499,13.162,34.517,0.683,0.956,2
1.138,1.54332,4927.383,138.2062006537836,6635.183,5.845,5.845,601.94,1.253,6.789,30.728,0.268,0.979,0
6.175,12.34656,29762.031,241.5709868619501,8789.091,246.004,246.004,762.196,2.515,13.278,33.646,0.666,0.998,2
5.14,7.7166,21627.605,201.51515692990463,8473.984,175.276,175.276,697.937,2.086,11.08,24.674,0.488,0.986,2
1.138,12.34656,2378.16,146.66619551063556,6669.105,10.351,10.351,493.139,1.184,6.316,0.38,0.123,0.995,0
2.088,3.08664,2839.918,142.27718113406038,6761.254,24.842,24.842,510.737,1.198,6.52,12.915,0.143,0.975,0
5.14,7.7166,21635.847,201.5137955730881,8493.669,175.298,175.298,727.863,2.079,11.178,26.187,0.518,0.953,2
4.161,12.34656,14720.223,162.0494228179585,7754.486,113.758,113.758,625.82,1.66,8.844,16.524,0.327,0.986,1
6.175,9.25992,29762.828,241.57203405950128,8807.726,245.944,245.944,777.634,2.508,13.29,34.483,0.683,0.976,2
7.148,10.80324,39010.393,280.43845701289763,9114.134,332.519,332.519,820.84,2.99,15.735,43.949,0.87,0.993,3
5.14,7.7166,21629.171,201.5152616496597,8478.65,175.237,175.237,700.483,2.084,11.073,24.791,0.491,0.981,2
1.138,1.54332,3274.286,137.28634232481255,6668.324,5.386,5.386,553.309,1.199,6.428,31.55,0.213,0.972,0
6.175,9.25992,29790.042,241.64020662008423,8816.805,246.202,246.202,770.658,2.506,13.199,34.029,0.674,0.975,2
7.148,10.80324,39009.381,280.4402372487347,9115.828,332.438,332.438,809.542,2.988,15.615,43.126,0.854,0.998,3
3.144,4.6299600000000005,8376.176,145.2191779343921,7062.383,60.319,60.319,584.059,1.391,7.523,12.242,0.242,0.982,1
8.206,12.34656,50993.83,323.3201495368472,9304.515,438.085,438.085,924.217,3.591,18.563,60.52,1.198,0.979,3
5.14,7.7166,21637.424,201.5164135669661,8504.431,175.343,175.343,711.622,2.076,11.012,25.276,0.5,0.956,2
4.161,6.17328,14721.808,162.04973697722383,7767.786,113.775,113.775,638.432,1.659,8.902,17.091,0.338,0.973,1
4.161,6.17328,14721.574,162.0494228179585,7760.396,113.77,113.77,644.565,1.66,8.954,17.38,0.344,0.971,1
9.3,13.88988,72772.736,372.8447397268122,9760.645,644.769,644.769,1072.714,4.512,22.573,88.929,1.76,0.976,3
7.148,10.80324,38977.873,280.4475676315932,9138.988,332.029,332.029,834.483,2.956,15.402,44.362,0.878,0.954,3
6.175,9.25992,29761.77,241.5719293397462,8790.123,246.004,246.004,769.038,2.515,13.323,34.059,0.674,0.993,2
3.144,12.34656,8377.596,145.2200156924331,7082.294,60.34,60.34,598.653,1.39,7.573,12.813,0.254,0.964,1
6.175,9.25992,29761.263,241.5716151804808,8787.097,246.006,246.006,773.955,2.516,13.376,34.376,0.681,0.992,2
6.175,9.25992,29761.261,241.5652272754185,8800.452,245.927,245.927,780.534,2.51,13.351,34.699,0.687,0.979,2
5.14,7.7166,21633.499,201.513690853333,8486.819,175.282,175.282,722.558,2.081,11.179,25.937,0.513,0.961,2
7.148,10.80324,38976.321,280.44777707110336,9142.02,332.013,332.013,826.789,2.952,15.289,43.773,0.867,0.955,3
3.144,4.6299600000000005,8375.845,145.21896849488186,7051.951,60.312,60.312,588.511,1.392,7.559,12.427,0.246,0.981,1
8.206,12.34656,50984.422,323.28339290280013,9293.142,437.971,437.971,921.882,3.607,18.761,60.63,1.2,0.994,3
6.175,9.25992,29793.414,241.6272213704493,8830.245,246.285,246.285,793.179,2.501,13.293,35.316,0.699,0.953,2
3.144,12.34656,8375.88,145.21896849488186,7059.603,60.321,60.321,577.041,1.392,7.49,11.96,0.237,0.989,1
3.144,4.6299600000000005,8379.927,145.2213770492496,7141.604,60.365,60.365,578.953,1.388,7.4,11.992,0.237,0.965,1
6.175,9.25992,29763.005,241.5645989568878,8798.296,245.953,245.953,751.036,2.512,13.146,32.908,0.652,0.999,2
2.088,3.08664,6952.47,144.1608800891528,6766.517,28.242,28.242,603.972,1.334,7.205,8.71,0.264,0.993,0
3.144,4.6299600000000005,8379.563,145.22116760973938,7130.775,60.364,60.364,584.57,1.388,7.442,12.224,0.242,0.963,1
6.175,9.25992,29761.422,241.5655414346839,8804.609,245.918,245.918,780.957,2.509,13.331,34.701,0.687,0.976,2
5.14,7.7166,21636.765,201.5159946879456,8501.626,175.29,175.29,713.006,2.076,11.036,25.362,0.502,0.957,2
1.138,1.54332,3780.867,148.37804934757662,6725.479,11.493,11.493,549.412,1.236,6.643,0.0,0.182,0.967,0
7.148,10.80324,38980.467,280.44777707110336,9135.98,332.131,332.131,835.471,2.96,15.463,44.492,0.881,0.957,3
1.138,1.54332,4064.852,143.03252472773846,6604.451,8.398,8.398,563.473,1.238,6.735,11.066,0.21,0.997,0
2.088,3.08664,3353.923,141.19197031175537,6767.895,23.006,23.006,533.627,1.214,6.617,19.555,0.174,0.969,0
8.206,12.34656,50994.228,323.3249666455826,9320.176,438.083,438.083,920.239,3.565,18.193,59.752,1.183,0.962,3
7.148,10.80324,38980.586,280.4483006698789,9137.546,332.133,332.133,824.033,2.958,15.345,43.676,0.865,0.962,3
3.144,4.6299600000000005,8374.892,145.21834017635112,7041.842,60.309,60.309,574.803,1.392,7.5,11.879,0.235,0.996,1
1.138,1.54332,2088.916,139.32251324335917,6622.313,6.44,6.44,522.195,1.163,6.31,23.68,0.167,0.978,0
8.206,12.34656,50992.892,323.3170079441935,9301.688,438.11,438.11,899.2,3.592,18.335,58.542,1.159,0.995,3
3.144,4.6299600000000005,8374.535,145.21823545659603,7027.255,60.303,60.303,586.133,1.393,7.578,12.345,0.244,0.99,1
2.088,3.08664,6724.255,142.5504996949227,6786.027,25.402,25.402,594.94,1.322,7.081,16.431,0.261,0.991,0
6.175,9.25992,29794.012,241.62512697534697,8832.379,246.312,246.312,792.597,2.5,13.277,35.269,0.698,0.952,2
2.088,3.08664,2800.709,142.70569437201004,6759.501,25.579,25.579,506.814,1.198,6.513,10.67,0.137,0.977,0
3.144,4.6299600000000005,8378.122,145.2203298516984,7102.531,60.347,60.347,582.927,1.389,7.467,12.174,0.241,0.972,1
3.144,4.6299600000000005,8378.727,145.2206440109638,7106.243,60.348,60.348,598.134,1.389,7.541,12.779,0.253,0.958,1
9.3,13.88988,72784.872,372.87982084477727,9794.991,645.206,645.206,1091.566,4.47,22.152,89.799,1.778,0.952,3
4.161,6.17328,14723.359,162.0504700155097,7795.463,113.79,113.79,635.141,1.657,8.835,16.909,0.335,0.967,1
2.088,3.08664,3052.271,144.0275718408855,6799.094,27.907,27.907,504.36,1.209,6.515,3.756,0.131,0.973,0
7.148,10.80324,39004.587,280.4429599623678,9118.051,332.441,332.441,817.663,2.984,15.639,43.645,0.864,0.99,3
3.144,4.6299600000000005,8380.023,145.2213770492496,7136.403,60.364,60.364,592.197,1.388,7.474,12.526,0.248,0.955,1
3.144,12.34656,8380.628,145.22179592827013,7151.934,60.37,60.37,587.388,1.387,7.431,12.326,0.244,0.955,1
2.088,3.08664,3184.238,141.5033021437261,6818.288,23.542,23.542,520.649,1.207,6.502,17.479,0.16,0.962,0
7.148,10.80324,38999.932,280.4454732364906,9122.034,332.321,332.321,811.272,2.98,15.518,43.117,0.854,0.989,3
1.138,12.34656,6873.331,145.14754962189028,6729.188,9.721,9.721,646.336,1.325,7.171,0.0,0.296,0.955,0
3.144,4.6299600000000005,8379.738,145.22116760973938,7136.999,60.364,60.364,578.067,1.388,7.401,11.959,0.237,0.967,1
1.138,12.34656,3877.975,147.71318362232194,6682.752,10.984,10.984,538.807,1.24,6.631,0.0,0.176,0.991,0
6.175,9.25992,29762.468,241.57056798292965,8794.179,246.035,246.035,758.388,2.514,13.222,33.385,0.661,0.997,2
3.144,4.6299600000000005,8376.071,145.21907321463698,7060.501,60.323,60.323,582.382,1.391,7.516,12.175,0.241,0.984,1
7.148,10.80324,38980.738,280.4475676315932,9135.99,332.12,332.12,833.772,2.96,15.449,44.376,0.879,0.958,3
2.088,3.08664,4604.679,145.93106282969558,6800.716,31.357,31.357,541.08,1.266,6.81,0.0,0.175,0.981,0
3.144,4.6299600000000005,8375.784,145.21896849488186,7048.45,60.316,60.316,593.098,1.392,7.587,12.612,0.25,0.978,1
9.3,13.88988,72776.076,372.84547276509807,9767.23,644.92,644.92,1072.613,4.504,22.446,88.747,1.757,0.973,3
6.175,9.25992,29791.281,241.6359131101243,8822.663,246.248,246.248,791.104,2.504,13.318,35.234,0.698,0.959,2
7.148,10.80324,38992.079,280.4467298735521,9126.135,332.301,332.301,828.769,2.973,15.583,44.241,0.876,0.973,3
8.206,12.34656,50993.54,323.3193117788062,9303.916,438.011,438.011,909.53,3.59,18.407,59.332,1.175,0.987,3
1.138,1.54332,6935.905,140.74387447959833,6685.422,7.213,7.213,643.197,1.316,7.081,20.23,0.313,0.973,0
7.148,10.80324,38995.546,280.44599683526627,9123.176,332.327,332.327,829.855,2.977,15.644,44.378,0.879,0.976,3
6.175,9.25992,29791.305,241.63182903967467,8820.815,246.202,246.202,763.211,2.505,13.122,33.553,0.664,0.977,2
2.088,3.08664,6100.642,145.66957760116173,6828.501,30.924,30.924,573.991,1.311,6.999,0.0,0.221,0.98,0
3.144,12.34656,8375.794,145.21875905537163,7065.413,60.32,60.32,564.274,1.391,7.416,11.435,0.226,0.999,1
8.206,12.34656,50991.725,323.30957284158006,9302.352,437.972,437.972,929.547,3.595,18.666,61.013,1.208,0.979,3
5.14,7.7166,21626.333,201.51410973235343,8467.696,175.261,175.261,703.141,2.088,11.15,24.983,0.495,0.987,2
1.138,1.54332,6906.802,145.1839920966719,6731.401,9.752,9.752,649.177,1.326,7.186,0.0,0.298,0.953,0
5.14,7.7166,21628.933,201.51515692990463,8477.715,175.233,175.233,699.973,2.084,11.074,24.768,0.49,0.982,2
4.161,12.34656,14724.925,162.05109833404038,7818.381,113.798,113.798,638.393,1.655,8.817,17.033,0.337,0.958,1
1.138,1.54332,2500.535,143.80022525252073,6617.913,8.786,8.786,508.127,1.186,6.393,5.734,0.143,0.999,0
6.175,9.25992,29760.928,241.57203405950128,8787.133,246.017,246.017,780.442,2.515,13.424,34.77,0.688,0.988,2
4.161,6.17328,14725.644,162.05130777355063,7826.076,113.815,113.815,642.415,1.654,8.83,17.208,0.341,0.953,1
2.088,3.08664,5331.957,140.98064584592387,6816.524,22.714,22.714,590.395,1.275,6.922,23.366,0.245,0.956,0
9.3,13.88988,72775.376,372.8468341219147,9782.737,645.15,645.15,1093.387,4.487,22.422,90.318,1.788,0.957,3
1.138,1.54332,3242.092,145.54862628399854,6638.889,9.846,9.846,541.855,1.215,6.614,4.479,0.175,0.983,0
2.088,12.34656,3648.013,141.02326678625758,6829.791,22.747,22.747,536.387,1.222,6.574,20.715,0.181,0.958,0
9.3,13.88988,72772.506,372.845368045343,9758.978,645.075,645.075,1067.685,4.514,22.539,88.488,1.752,0.979,3
8.206,12.34656,50994.591,323.32800351848107,9325.823,437.962,437.962,927.219,3.557,18.155,60.159,1.191,0.952,3
8.206,12.34656,50994.538,323.3250713653378,9315.088,438.102,438.102,924.622,3.574,18.35,60.256,1.193,0.966,3
6.175,9.25992,29793.461,241.6240797777958,8828.28,246.282,246.282,766.795,2.502,13.108,33.731,0.668,0.97,2
7.148,10.80324,39005.048,280.44170332530643,9116.908,332.4,332.4,826.389,2.985,15.729,44.273,0.877,0.986,3
9.3,13.88988,72760.203,372.8407603761177,9733.836,645.037,645.037,1064.072,4.544,22.949,88.757,1.757,0.992,3
4.161,6.17328,14724.969,162.0505747352648,7804.726,113.802,113.802,656.081,1.656,8.953,17.852,0.353,0.95,1
3.144,4.6299600000000005,8376.99,145.21959681341258,7075.405,60.334,60.334,587.971,1.391,7.527,12.391,0.245,0.975,1
6.175,9.25992,29791.573,241.63360927551167,8823.639,246.277,246.277,788.339,2.503,13.292,35.062,0.694,0.96,2
8.206,12.34656,50981.754,323.2751200421457,9290.395,438.001,438.001,918.669,3.611,18.778,60.438,1.196,0.999,3
7.148,10.80324,39000.41,280.444007159919,9119.778,332.332,332.332,828.622,2.981,15.695,44.366,0.878,0.981,3
1.138,1.54332,2845.713,147.738630522816,6687.115,11.063,11.063,521.152,1.203,6.481,0.0,0.149,0.977,0
3.144,4.6299600000000005,8377.042,145.21959681341258,7078.871,60.335,60.335,583.44,1.391,7.499,12.208,0.242,0.978,1
2.088,12.34656,5352.983,140.9598066146551,6813.904,22.688,22.688,591.864,1.276,6.931,23.448,0.246,0.956,0
4.161,6.17328,14723.455,162.04984169697894,7780.707,113.779,113.779,657.733,1.659,9.004,17.954,0.355,0.956,1
1.138,1.54332,3471.532,147.74931193783823,6682.3,11.011,11.011,528.203,1.226,6.555,0.0,0.163,0.99,0
1.138,12.34656,5886.518,138.7835206637583,6651.014,6.254,6.254,645.308,1.282,7.026,29.803,0.309,0.96,0
8.206,12.34656,50991.692,323.309468121825,9300.571,437.937,437.937,925.829,3.597,18.66,60.759,1.203,0.983,3
8.206,12.34656,50993.331,323.3192070590511,9307.079,438.099,438.099,905.728,3.584,18.298,58.931,1.167,0.985,3
6.175,9.25992,29762.055,241.5716151804808,8793.151,245.966,245.966,765.758,2.514,13.282,33.841,0.67,0.993,2
4.161,6.17328,14717.745,162.0479567413868,7705.96,113.737,113.737,637.32,1.665,9.002,17.111,0.339,0.993,1
3.144,4.6299600000000005,8374.602,145.21823545659603,7033.984,60.304,60.304,578.375,1.393,7.529,12.028,0.238,0.995,1
9.3,13.88988,72772.672,372.8458916441186,9770.184,645.099,645.099,1085.64,4.502,22.561,89.922,1.78,0.966,3
1.138,1.54332,2623.725,146.8650583256078,6669.282,10.446,10.446,497.9,1.194,6.356,0.362,0.13,0.998,0
2.088,3.08664,3576.502,145.0172782465214,6780.02,29.673,29.673,517.877,1.23,6.653,0.0,0.144,0.98,0
9.3,13.88988,72771.633,372.84651996264927,9767.895,645.113,645.113,1083.362,4.504,22.574,89.761,1.777,0.968,3
7.148,10.80324,38993.346,280.44788179085845,9127.926,332.249,332.249,805.954,2.972,15.371,42.624,0.844,0.985,3
9.3,13.88988,72760.06,372.8402367773421,9735.182,645.052,645.052,1067.099,4.543,22.963,89.016,1.762,0.99,3
3.144,4.6299600000000005,8380.058,145.2213770492496,7136.145,60.371,60.371,593.464,1.388,7.481,12.577,0.249,0.954,1
5.14,7.7166,21636.917,201.51662300647635,8503.325,175.297,175.297,708.127,2.076,10.995,25.094,0.497,0.959,2
9.3,13.88988,72761.394,372.8420170131792,9735.69,645.021,645.021,1062.302,4.542,22.894,88.544,1.753,0.992,3
8.206,12.34656,50997.094,323.3321923086859,9315.487,438.116,438.116,941.485,3.578,18.552,61.641,1.22,0.958,3
9.3,12.34656,72753.632,372.8389801402807,9724.461,644.689,644.689,1064.287,4.555,23.113,88.993,1.762,0.996,3
5.14,7.7166,21637.864,201.51609940770075,8504.569,175.336,175.336,714.608,2.075,11.032,25.435,0.503,0.954,2
9.3,13.88988,72776.714,372.8488237972619,9788.341,644.995,644.995,1094.291,4.479,22.323,90.245,1.786,0.954,3
4.161,6.17328,14723.532,162.0505747352648,7797.767,113.795,113.795,635.595,1.656,8.834,16.927,0.335,0.966,1
6.175,9.25992,29775.365,241.6184249110193,8813.764,246.119,246.119,790.077,2.506,13.355,35.209,0.697,0.965,2
5.14,7.7166,21628.454,201.51557580892512,8477.636,175.239,175.239,697.065,2.084,11.055,24.611,0.487,0.984,2
2.088,3.08664,3923.278,140.93310307709953,6871.127,22.605,22.605,540.219,1.229,6.564,21.315,0.188,0.951,0
9.3,13.88988,72781.267,372.8474624404453,9783.141,644.878,644.878,1080.771,4.484,22.242,89.099,1.764,0.962,3
5.14,7.7166,21635.194,201.51746076451727,8501.015,175.287,175.287,698.299,2.077,10.94,24.576,0.486,0.967,2
4.161,12.34656,14717.756,162.04816618089703,7711.297,113.734,113.734,632.097,1.665,8.959,16.864,0.334,0.995,1
4.161,6.17328,14723.826,162.0501558562443,7788.72,113.788,113.788,654.15,1.658,8.967,17.783,0.352,0.956,1
8.206,12.34656,50996.762,323.3304120728489,9314.507,438.128,438.128,941.854,3.579,18.577,61.699,1.221,0.959,3
5.14,7.7166,21637.674,201.51515692990463,8502.026,175.325,175.325,722.041,2.076,11.095,25.841,0.512,0.951,2
8.206,12.34656,50994.626,323.3249666455826,9310.785,437.992,437.992,927.095,3.581,18.468,60.581,1.199,0.97,3
6.175,12.34656,29791.896,241.63277151747067,8824.781,246.232,246.232,790.515,2.503,13.302,35.186,0.697,0.958,2
2.088,12.34656,5310.5,146.05557461853283,6792.684,31.598,31.598,558.677,1.289,6.944,0.0,0.198,0.985,0
3.144,4.6299600000000005,8374.41,145.21813073684092,7028.978,60.296,60.296,579.957,1.393,7.543,12.095,0.239,0.995,1
5.14,7.7166,21632.683,201.51620412745584,8490.771,175.309,175.309,701.331,2.08,11.014,24.784,0.491,0.972,2
6.175,9.25992,29762.645,241.5701491039092,8794.215,246.034,246.034,755.269,2.514,13.2,33.193,0.657,0.999,2
1.138,1.54332,6783.931,143.3766338430617,6659.23,8.531,8.531,620.74,1.32,7.076,7.205,0.285,0.995,0
6.175,12.34656,29790.588,241.63884526326768,8820.596,246.212,246.212,793.354,2.504,13.346,35.38,0.7,0.959,2
5.14,12.34656,21630.143,201.5149474903944,8480.651,175.279,175.279,705.912,2.083,11.099,25.075,0.496,0.976,2
1.138,1.54332,698.127,139.42817547627493,6638.768,6.427,6.427,464.52,1.111,5.949,17.263,0.101,0.983,0
5.14,7.7166,21623.233,201.51358613357783,8458.595,175.232,175.232,702.47,2.091,11.195,24.987,0.495,0.994,2
9.3,13.88988,72772.409,372.8464152428941,9783.15,645.081,645.081,1100.379,4.488,22.51,90.97,1.801,0.954,3
1.138,1.54332,2665.945,147.6198783205103,6687.681,11.006,11.006,518.304,1.196,6.455,0.0,0.145,0.974,0
3.144,4.6299600000000005,8375.059,145.21844489610626,7035.612,60.309,60.309,589.153,1.393,7.583,12.462,0.247,0.985,1
9.3,12.34656,72769.1,372.8447397268122,9765.82,644.998,644.998,1088.015,4.508,22.675,90.267,1.787,0.967,3
8.206,12.34656,50997.321,323.3333442259922,9316.711,438.08,438.08,942.833,3.576,18.545,61.719,1.222,0.956,3
1.138,1.54332,3983.693,141.64729180701565,6609.126,7.648,7.648,564.597,1.232,6.69,17.069,0.215,0.994,0
2.088,3.08664,5659.9,141.1796133806512,6844.581,23.075,23.075,595.957,1.284,6.938,22.7,0.252,0.951,0
2.088,3.08664,2868.357,143.2854229363525,6733.714,26.571,26.571,491.626,1.202,6.485,6.617,0.123,1.0,0
5.14,7.7166,21634.155,201.51505221014952,8492.155,175.288,175.288,713.676,2.079,11.091,25.44,0.504,0.963,2
7.148,10.80324,38989.175,280.44767235134816,9129.141,332.291,332.291,824.358,2.969,15.495,43.874,0.869,0.972,3
5.14,7.7166,21628.97,201.5132719743125,8473.534,175.237,175.237,716.656,2.085,11.21,25.683,0.508,0.974,2
9.3,13.88988,72762.201,372.8425406119548,9750.308,644.713,644.713,1083.232,4.526,22.898,90.198,1.786,0.976,3
3.144,4.6299600000000005,8376.407,145.2191779343921,7068.405,60.32,60.32,578.781,1.391,7.488,12.025,0.238,0.985,1
4.161,6.17328,14722.739,162.0501558562443,7783.136,113.776,113.776,638.972,1.658,8.88,17.098,0.338,0.968,1
3.144,4.6299600000000005,8377.779,145.2201204121882,7099.802,60.339,60.339,574.702,1.39,7.428,11.843,0.234,0.98,1
1.138,1.54332,3581.592,148.54863782866656,6742.042,11.667,11.667,555.247,1.229,6.642,0.0,0.183,0.952,0
1.138,1.54332,1346.355,145.1601159925046,6684.203,9.552,9.552,470.356,1.142,6.102,0.0,0.093,0.979,0
2.088,3.08664,5774.292,145.95598613141405,6755.265,31.421,31.421,574.388,1.305,7.086,0.0,0.216,0.993,0
4.161,6.17328,14720.307,162.04963225746872,7758.192,113.756,113.756,622.867,1.66,8.818,16.383,0.324,0.987,1
9.3,13.88988,72776.404,372.84400668852646,9748.311,644.907,644.907,1043.675,4.524,22.432,86.443,1.711,0.995,3
8.206,12.34656,50997.711,323.3348103025639,9318.553,438.112,438.112,944.863,3.574,18.535,61.836,1.224,0.953,3
4.161,6.17328,14720.757,162.04879449942777,7742.376,113.755,113.755,651.199,1.662,9.028,17.704,0.35,0.972,1
6.175,9.25992,29794.666,241.62083346538708,8834.066,246.28,246.28,780.585,2.5,13.179,34.536,0.684,0.958,2
5.14,7.7166,21637.112,201.51714660525192,8505.087,175.319,175.319,704.763,2.075,10.963,24.906,0.493,0.96,2
7.148,10.80324,38996.725,280.4451590772253,9121.603,332.327,332.327,836.364,2.978,15.724,44.859,0.888,0.974,3
8.206,12.34656,50993.781,323.3211967343984,9305.809,437.969,437.969,914.892,3.588,18.43,59.72,1.182,0.982,3
1.138,1.54332,4109.393,137.48216826688628,6670.133,5.502,5.502,577.072,1.226,6.575,31.323,0.241,0.971,0
2.088,3.08664,6310.331,141.82688618704586,6843.08,24.201,24.201,614.503,1.305,7.074,20.679,0.272,0.95,0
8.206,12.34656,50992.973,323.31575130713213,9303.782,437.961,437.961,928.071,3.592,18.621,60.855,1.205,0.978,3
8.206,12.34656,50997.083,323.33449614329857,9322.397,438.132,438.132,936.327,3.565,18.341,61.012,1.208,0.952,3
6.175,12.34656,29762.091,241.571719900236,8791.117,246.031,246.031,764.765,2.514,13.286,33.792,0.669,0.995,2
7.148,12.34656,38993.189,280.446520434042,9125.148,332.219,332.219,829.128,2.974,15.604,44.287,0.877,0.974,3
7.148,10.80324,39004.141,280.4447401982049,9120.357,332.4,332.4,799.026,2.983,15.45,42.296,0.837,0.999,3
1.138,1.54332,6469.597,145.97609232439703,6733.66,10.198,10.198,635.209,1.316,7.119,0.0,0.281,0.954,0
6.175,12.34656,29762.178,241.56386591860195,8800.252,245.963,245.963,764.499,2.511,13.233,33.724,0.668,0.989,2
1.138,1.54332,4053.096,137.1785856967944,6686.587,5.411,5.411,587.751,1.223,6.604,33.016,0.249,0.956,0
3.144,4.6299600000000005,8379.458,145.22095817022915,7121.168,60.359,60.359,595.79,1.388,7.511,12.677,0.251,0.956,1
2.088,3.08664,5534.975,141.07384642798036,6763.768,22.823,22.823,567.186,1.283,6.877,21.942,0.231,0.996,0
2.088,3.08664,2813.972,142.52735662904126,6760.566,25.27,25.27,508.442,1.198,6.515,11.56,0.139,0.976,0
1.138,1.54332,7152.314,141.46392751580112,6668.055,7.688,7.688,673.867,1.324,7.265,18.37,0.336,0.959,0
3.144,4.6299600000000005,8377.381,145.21980625292284,7093.705,60.334,60.334,570.992,1.39,7.417,11.695,0.232,0.985,1
7.148,10.80324,38977.114,280.447462911838,9139.481,332.025,332.025,836.872,2.955,15.412,44.514,0.881,0.952,3
1.138,1.54332,5132.062,138.32160182392548,6637.988,5.916,5.916,608.818,1.259,6.828,30.371,0.275,0.977,0
5.14,12.34656,21624.025,201.513690853333,8460.404,175.238,175.238,702.016,2.09,11.182,24.955,0.494,0.993,2
4.161,6.17328,14723.149,162.0501558562443,7786.298,113.787,113.787,643.396,1.658,8.903,17.297,0.342,0.964,1
8.206,12.34656,50994.573,323.3271657604401,9322.751,437.965,437.965,926.428,3.562,18.211,60.184,1.191,0.956,3
7.148,10.80324,39006.752,280.4403419684898,9115.357,332.483,332.483,831.195,2.987,15.795,44.638,0.884,0.985,3
4.161,6.17328,14720.154,162.04931809820337,7750.789,113.758,113.758,628.794,1.661,8.869,16.666,0.33,0.985,1
5.14,7.7166,21638.264,201.51767020402752,8509.913,175.316,175.316,705.929,2.074,10.946,24.948,0.494,0.956,2
7.148,12.34656,38981.182,280.447462911838,9134.967,332.142,332.142,837.512,2.961,15.496,44.653,0.884,0.957,3
1.138,1.54332,2759.978,147.94210100701352,6711.672,11.183,11.183,514.817,1.2,6.422,0.0,0.143,0.974,0
5.14,7.7166,21637.832,201.5175654842724,8507.954,175.328,175.328,704.874,2.075,10.949,24.9,0.493,0.958,2
3.144,4.6299600000000005,8378.543,145.22053929120867,7112.465,60.345,60.345,581.001,1.389,7.445,12.091,0.239,0.971,1
7.148,12.34656,38998.174,280.44631099453164,9122.948,332.338,332.338,814.198,2.978,15.525,43.301,0.857,0.986,3
7.148,10.80324,38998.584,280.44484491796,9121.265,332.347,332.347,827.22,2.98,15.658,44.238,0.876,0.98,3
3.144,4.6299600000000005,8376.04,145.21907321463698,7053.516,60.321,60.321,591.472,1.392,7.572,12.544,0.248,0.978,1
7.148,10.80324,39007.338,280.4403419684898,9115.462,332.358,332.358,826.124,2.987,15.753,44.286,0.877,0.988,3
1.138,12.34656,1061.775,144.7525467055789,6753.728,9.422,9.422,469.017,1.129,6.006,0.0,0.089,0.952,0
8.206,12.34656,50994.362,323.3259091233787,9320.896,437.959,437.959,922.632,3.565,18.206,59.927,1.186,0.96,3
5.14,7.7166,21624.931,201.5144238916188,8464.873,175.25,175.25,698.695,2.089,11.135,24.755,0.49,0.992,2
4.161,6.17328,14721.817,162.04921337844823,7757.568,113.749,113.749,651.712,1.661,9.005,17.709,0.351,0.967,1
7.148,10.80324,39011.345,280.4385617326528,9114.325,332.534,332.534,812.562,2.99,15.666,43.369,0.859,0.998,3
3.144,4.6299600000000005,8377.38,145.21980625292284,7093.397,60.332,60.332,572.194,1.39,7.423,11.744,0.232,0.984,1
7.148,10.80324,39011.844,280.43782869436694,9113.784,332.49,332.49,815.223,2.99,15.697,43.566,0.863,0.997,3
1.138,12.34656,1960.576,146.96873088317628,6709.467,10.658,10.658,498.348,1.168,6.285,0.0,0.121,0.965,0
3.144,4.6299600000000005,8374.256,145.21729297879995,7022.227,60.299,60.299,587.744,1.393,7.593,12.413,0.246,0.99,1
8.206,12.34656,50995.767,323.32601384313386,9310.255,438.113,438.113,937.192,3.584,18.6,61.428,1.216,0.966,3
3.144,4.6299600000000005,8379.423,145.22106288998427,7124.547,60.351,60.351,591.175,1.388,7.483,12.492,0.247,0.959,1
6.175,9.25992,29763.148,241.5706727026848,8807.58,245.981,245.981,769.611,2.508,13.232,33.996,0.673,0.981,2
8.206,12.34656,50994.202,323.3231864097456,9310.218,438.09,438.09,920.23,3.581,18.4,60.035,1.189,0.974,3
2.088,3.08664,3640.338,141.05751014618173,6854.531,22.803,22.803,533.209,1.221,6.535,20.549,0.178,0.954,0
7.148,10.80324,38986.008,280.44840538963405,9133.162,332.191,332.191,816.378,2.965,15.362,43.24,0.856,0.972,3
3.144,12.34656,8374.106,145.21718825904483,7020.414,60.292,60.292,586.056,1.393,7.586,12.346,0.244,0.992,1
3.144,4.6299600000000005,8379.094,145.220853450474,7117.09,60.352,60.352,592.332,1.389,7.498,12.542,0.248,0.96,1
9.3,13.88988,72775.355,372.84714828118,9785.008,645.036,645.036,1095.718,4.484,22.409,90.476,1.791,0.955,3
2.088,3.08664,3448.271,141.23228741747644,6853.484,23.104,23.104,525.535,1.215,6.496,19.149,0.168,0.956,0
8.206,12.34656,50993.86,323.32339584925586,9318.192,438.0,438.0,914.792,3.568,18.171,59.362,1.175,0.967,3
2.088,3.08664,6942.979,144.0264199235792,6791.651,27.997,27.997,599.916,1.332,7.152,9.378,0.261,0.989,0
5.14,7.7166,21623.307,201.513690853333,8458.579,175.213,175.213,701.006,2.091,11.185,24.908,0.493,0.995,2
7.148,10.80324,38988.501,280.44725347232776,9128.536,332.266,332.266,833.803,2.969,15.58,44.536,0.882,0.967,3
5.14,12.34656,21621.723,201.51285309529203,8452.335,175.2,175.2,704.825,2.093,11.245,25.143,0.498,0.997,2
9.3,13.88988,72767.851,372.8435878095059,9738.301,645.036,645.036,1049.177,4.537,22.684,87.219,1.727,0.997,3
4.161,6.17328,14718.934,162.0484803401624,7723.119,113.741,113.741,639.553,1.664,8.987,17.194,0.34,0.986,1
5.14,7.7166,21623.767,201.5142144521085,8461.24,175.243,175.243,698.137,2.09,11.15,24.741,0.49,0.995,2
4.161,12.34656,14722.432,162.04973697722383,7773.443,113.782,113.782,644.64,1.659,8.932,17.369,0.344,0.967,1
5.14,7.7166,21636.39,201.5152616496597,8498.952,175.327,175.327,717.402,2.077,11.08,25.608,0.507,0.956,2
3.144,12.34656,8380.189,145.22148176900473,7141.833,60.368,60.368,589.329,1.388,7.453,12.409,0.246,0.956,1
2.088,3.08664,4927.887,145.9868784591743,6846.305,31.476,31.476,543.886,1.275,6.789,0.0,0.181,0.974,0
5.14,7.7166,21628.251,201.51515692990463,8475.846,175.23,175.23,698.953,2.085,11.077,24.721,0.489,0.984,2
7.148,12.34656,38987.346,280.44767235134816,9130.596,332.205,332.205,826.354,2.967,15.485,43.981,0.871,0.969,3
8.206,12.34656,50993.476,323.3187881800306,9300.489,437.976,437.976,910.028,3.595,18.483,59.468,1.177,0.991,3
2.088,3.08664,5354.362,146.00750825093291,6834.706,31.519,31.519,555.643,1.289,6.884,0.0,0.196,0.977,0
1.138,1.54332,429.748,141.79180506908077,6720.611,7.781,7.781,450.145,1.101,5.861,2.477,0.07,0.957,0
5.14,7.7166,21638.271,201.5170418854968,8508.157,175.352,175.352,709.296,2.074,10.977,25.136,0.498,0.955,2
3.144,4.6299600000000005,8376.963,145.21959681341258,7075.713,60.333,60.333,586.722,1.391,7.52,12.341,0.244,0.976,1
6.175,9.25992,29792.319,241.62690721118403,8823.896,246.255,246.255,758.493,2.504,13.071,33.248,0.658,0.978,2
8.206,12.34656,50992.876,323.3167985046833,9303.055,438.03,438.03,897.82,3.59,18.291,58.391,1.156,0.994,3
4.161,6.17328,14720.164,162.04931809820337,7751.033,113.762,113.762,630.085,1.661,8.877,16.725,0.331,0.984,1
1.138,1.54332,6864.808,140.610566231331,6657.601,7.183,7.183,659.678,1.314,7.173,21.515,0.326,0.967,0
7.148,10.80324,39014.769,280.4344776622031,9111.774,332.511,332.511,819.313,2.993,15.766,43.893,0.869,0.997,3
3.144,4.6299600000000005,8378.112,145.2203298516984,7102.824,60.346,60.346,581.692,1.389,7.461,12.124,0.24,0.973,1
8.206,12.34656,50993.445,323.3185787405204,9300.91,437.949,437.949,908.988,3.595,18.462,59.371,1.175,0.991,3
7.148,10.80324,38993.698,280.44798651061353,9127.426,332.332,332.332,806.93,2.973,15.388,42.702,0.845,0.985,3
2.088,3.08664,3415.068,141.24076971764114,6831.27,23.102,23.102,527.627,1.214,6.528,19.096,0.17,0.959,0
9.3,13.88988,72770.119,372.84599636387367,9780.861,644.812,644.812,1103.022,4.492,22.591,91.284,1.807,0.954,3
8.206,12.34656,50993.342,323.3197306578267,9308.578,438.097,438.097,906.037,3.582,18.271,58.915,1.166,0.983,3
4.161,6.17328,14720.925,162.04900393893797,7748.002,113.765,113.765,647.18,1.661,8.992,17.514,0.347,0.973,1
8.206,12.34656,50992.949,323.3169032244385,9302.64,438.095,438.095,898.832,3.591,18.311,58.486,1.158,0.994,3
3.144,4.6299600000000005,8377.171,145.21980625292284,7076.12,60.327,60.327,594.726,1.391,7.561,12.661,0.251,0.969,1
5.14,7.7166,21634.278,201.5152616496597,8493.01,175.3,175.3,711.22,2.079,11.07,25.305,0.501,0.964,2
8.206,12.34656,50997.862,323.3359622198702,9320.868,438.038,438.038,943.126,3.57,18.465,61.625,1.22,0.951,3
5.14,7.7166,21624.853,201.5137955730881,8463.146,175.212,175.212,703.535,2.089,11.177,25.025,0.495,0.99,2
5.14,7.7166,21625.598,201.5129578150472,8463.318,175.231,175.231,712.436,2.089,11.237,25.503,0.505,0.984,2
9.3,13.88988,72765.237,372.842750051465,9749.288,644.73,644.73,1075.28,4.527,22.815,89.461,1.771,0.98,3
7.148,12.34656,38984.398,280.4481959501238,9134.103,332.215,332.215,821.01,2.963,15.382,43.54,0.862,0.968,3
6.175,9.25992,29761.547,241.5721387792564,8793.223,246.018,246.018,775.359,2.513,13.353,34.426,0.682,0.987,2
2.088,3.08664,2850.748,142.25581830401595,6775.212,24.809,24.809,510.31,1.198,6.503,13.125,0.143,0.972,0
1.138,1.54332,6356.28,139.17852358006968,6689.78,6.437,6.437,640.867,1.295,7.0,27.193,0.31,0.962,0
4.161,6.17328,14721.669,162.04952753771357,7764.085,113.758,113.758,641.487,1.66,8.928,17.235,0.341,0.972,1
6.175,9.25992,29762.518,241.5680547088068,8806.538,245.963,245.963,770.697,2.508,13.245,34.068,0.674,0.981,2
7.148,10.80324,38985.403,280.44798651061353,9132.057,332.217,332.217,828.361,2.965,15.475,44.088,0.873,0.966,3
3.144,12.34656,8375.905,145.21886377512678,7067.59,60.314,60.314,564.694,1.391,7.416,11.451,0.227,0.998,1
5.14,7.7166,21627.647,201.51620412745584,8476.539,175.23,175.23,689.374,2.085,11.008,24.197,0.479,0.99,2
6.175,12.34656,29761.008,241.57203405950128,8787.123,246.018,246.018,778.813,2.516,13.412,34.671,0.686,0.989,2
7.148,10.80324,39005.68,280.44233164383706,9117.618,332.339,332.339,815.369,2.985,15.629,43.495,0.861,0.992,3
1.138,1.54332,2478.078,137.2696918837485,6673.622,5.389,5.389,532.512,1.173,6.285,30.303,0.187,0.968,0
9.3,13.88988,72760.651,372.8415981341586,9744.797,644.955,644.955,1079.717,4.532,22.952,89.996,1.782,0.98,3
1.138,1.54332,3518.817,139.89805301749684,6616.84,6.715,6.715,556.815,1.213,6.573,23.329,0.21,0.988,0
4.161,6.17328,14722.29,162.0501558562443,7781.461,113.768,113.768,631.14,1.658,8.832,16.74,0.331,0.974,1
8.206,12.34656,50993.119,323.31815986149985,9305.328,437.984,437.984,902.087,3.587,18.293,58.68,1.162,0.989,3
5.14,7.7166,21638.122,201.51735604476207,8508.025,175.325,175.325,706.345,2.074,10.958,24.978,0.494,0.957,2
1.138,1.54332,3232.681,145.1194847275182,6628.543,9.54,9.54,531.059,1.214,6.56,5.082,0.168,0.996,0
7.148,10.80324,38989.357,280.44798651061353,9129.704,332.277,332.277,818.368,2.969,15.438,43.449,0.86,0.975,3
2.088,3.08664,2908.051,143.4170556685379,6835.808,26.85,26.85,499.618,1.201,6.427,6.689,0.129,0.965,0
9.3,13.88988,72778.82,372.84599636387367,9771.81,644.88,644.88,1072.299,4.497,22.354,88.595,1.754,0.971,3
2.088,3.08664,6964.093,144.3050791919526,6740.62,28.493,28.493,612.021,1.336,7.278,8.565,0.27,0.994,0
7.148,10.80324,39005.544,280.4436930006537,9119.396,332.361,332.361,799.377,2.984,15.47,42.34,0.838,1.0,3
9.3,13.88988,72764.643,372.843692529261,9765.207,645.046,645.046,1095.887,4.51,22.793,91.028,1.802,0.964,3
5.14,7.7166,21636.838,201.5164135669661,8502.416,175.288,175.288,709.078,2.076,11.006,25.149,0.498,0.959,2
7.148,12.34656,38991.452,280.446520434042,9125.515,332.202,332.202,838.3,2.973,15.669,44.908,0.889,0.968,3
2.088,3.08664,4723.822,140.8119423204261,6842.765,22.419,22.419,569.072,1.255,6.761,23.318,0.221,0.953,0
2.088,3.08664,3025.384,143.91656890045866,6803.075,27.709,27.709,503.751,1.207,6.505,4.775,0.13,0.972,0
9.3,13.88988,72773.384,372.844530287302,9754.072,645.003,645.003,1059.439,4.519,22.525,87.82,1.738,0.985,3
6.175,9.25992,29762.017,241.5699396643989,8806.741,245.97,245.97,781.987,2.508,13.327,34.751,0.688,0.974,2
3.144,12.34656,8373.987,145.21708353928972,7018.261,60.29,60.29,585.617,1.394,7.587,12.33,0.244,0.993,1
5.14,7.7166,21630.046,201.5163088472109,8484.041,175.284,175.284,694.84,2.082,11.006,24.462,0.484,0.981,2
5.14,7.7166,21634.783,201.51348141382272,8489.837,175.308,175.308,727.232,2.08,11.194,26.171,0.518,0.956,2
6.175,12.34656,29761.329,241.57182461999108,8788.117,245.942,245.942,774.457,2.515,13.374,34.4,0.681,0.991,2
6.175,9.25992,29791.399,241.63350455575653,8822.31,246.24,246.24,779.663,2.504,13.236,34.546,0.684,0.966,2
2.088,3.08664,5341.263,140.9882903880476,6843.668,22.734,22.734,586.593,1.274,6.875,23.042,0.242,0.952,0
4.161,6.17328,14718.221,162.04868977967263,7725.955,113.743,113.743,620.169,1.663,8.856,16.293,0.323,0.999,1
9.3,13.88988,72779.711,372.8478813194658,9786.052,644.924,644.924,1087.062,4.481,22.269,89.624,1.774,0.958,3
4.161,6.17328,14719.744,162.04868977967263,7732.171,113.751,113.751,642.672,1.663,8.991,17.327,0.343,0.981,1
8.206,12.34656,50994.407,323.3261185628889,9321.459,438.106,438.106,923.326,3.564,18.202,59.967,1.187,0.959,3
6.175,9.25992,29791.861,241.63193375942973,8823.248,246.211,246.211,775.35,2.504,13.199,34.279,0.679,0.968,2
9.3,13.88988,72768.972,372.84494916632246,9757.269,644.81,644.81,1076.176,4.517,22.68,89.347,1.769,0.976,3
3.144,12.34656,8379.456,145.22106288998427,7124.28,60.351,60.351,592.438,1.388,7.49,12.542,0.248,0.958,1
2.088,3.08664,4799.006,140.83498066655244,6865.305,22.463,22.463,567.384,1.257,6.739,23.074,0.221,0.95,0
9.3,13.88988,72763.295,372.8441114082816,9776.934,645.042,645.042,1112.526,4.499,22.797,92.29,1.827,0.952,3
4.161,6.17328,14724.335,162.05099361428526,7812.791,113.777,113.777,633.561,1.655,8.796,16.817,0.333,0.963,1
7.148,10.80324,38988.801,280.4470440328176,9126.91,332.278,332.278,845.504,2.971,15.701,45.369,0.898,0.962,3
6.175,9.25992,29795.703,241.6167493949374,8836.855,246.295,246.295,769.364,2.499,13.081,33.84,0.67,0.963,2
9.3,13.88988,72770.945,372.8447397268122,9752.624,644.816,644.816,1063.086,4.521,22.599,88.207,1.746,0.984,3
4.161,6.17328,14721.905,162.04973697722383,7770.043,113.778,113.778,638.884,1.659,8.901,17.109,0.339,0.972,1
6.175,9.25992,29764.887,241.585752347422,8810.235,245.937,245.937,791.774,2.507,13.382,35.324,0.699,0.966,2
5.14,7.7166,21620.506,201.5127483755369,8448.748,175.194,175.194,704.284,2.094,11.261,25.13,0.497,1.0,2
4.161,6.17328,14720.221,162.04900393893797,7742.221,113.758,113.758,639.618,1.662,8.954,17.175,0.34,0.98,1
6.175,9.25992,29762.318,241.5635517593366,8800.243,245.958,245.958,761.352,2.511,13.21,33.532,0.664,0.991,2
5.14,7.7166,21637.004,201.5175654842724,8505.932,175.295,175.295,702.359,2.075,10.942,24.773,0.49,0.961,2
4.161,6.17328,14722.966,162.05036529575457,7788.865,113.777,113.777,635.089,1.657,8.845,16.914,0.335,0.969,1
6.175,9.25992,29762.42,241.56239984203032,8802.286,245.936,245.936,759.215,2.51,13.183,33.39,0.661,0.991,2
8.206,12.34656,50992.483,323.3133427527644,9300.341,438.085,438.085,922.378,3.597,18.626,60.484,1.197,0.985,3
3.144,4.6299600000000005,8379.591,145.22116760973938,7122.688,60.358,60.358,600.097,1.388,7.531,12.847,0.254,0.952,1
3.144,4.6299600000000005,8378.918,145.2206440109638,7105.148,60.35,60.35,603.293,1.389,7.569,12.983,0.257,0.954,1
9.3,12.34656,72764.497,372.84337836999566,9741.8,644.746,644.746,1062.88,4.534,22.793,88.453,1.751,0.989,3
3.144,4.6299600000000005,8374.737,145.21823545659603,7040.713,60.307,60.307,570.76,1.393,7.48,11.714,0.232,1.0,1
3.144,12.34656,8379.849,145.22127232949452,7131.233,60.368,60.368,593.814,1.388,7.488,12.593,0.249,0.955,1
6.175,9.25992,29796.753,241.6167493949374,8841.83,246.297,246.297,785.938,2.497,13.177,34.816,0.689,0.95,2
2.088,3.08664,3009.111,143.80294796615382,6828.927,27.522,27.522,500.549,1.206,6.456,4.817,0.129,0.968,0
5.14,7.7166,21620.981,201.51264365578177,8449.664,175.208,175.208,706.266,2.094,11.27,25.233,0.499,0.998,2
5.14,7.7166,21632.027,201.51515692990463,8486.298,175.254,175.254,707.551,2.081,11.08,25.138,0.498,0.971,2
8.206,12.34656,50994.466,323.32632800239924,9321.056,438.103,438.103,924.338,3.565,18.222,60.062,1.189,0.959,3
4.161,12.34656,14719.083,162.0491086586931,7740.54,113.738,113.738,619.392,1.662,8.826,16.24,0.321,0.995,1
3.144,4.6299600000000005,8375.301,145.21865433561652,7047.681,60.301,60.301,578.532,1.392,7.512,12.027,0.238,0.991,1
7.148,10.80324,38981.453,280.44788179085845,9133.918,332.19,332.19,844.731,2.962,15.571,45.167,0.894,0.954,3
5.14,7.7166,21635.59,201.5165182867212,8499.378,175.283,175.283,704.551,2.077,10.991,24.92,0.493,0.964,2
2.088,12.34656,6782.446,142.6457946720816,6755.951,25.571,25.571,600.8,1.325,7.148,16.312,0.266,0.996,0
7.148,10.80324,39005.435,280.44180804506146,9116.976,332.379,332.379,823.033,2.986,15.701,44.04,0.872,0.988,3
2.088,3.08664,6224.357,141.68111628791928,6764.715,23.883,23.883,585.305,1.305,7.012,20.117,0.251,0.995,0
5.14,7.7166,21632.191,201.5133766940676,8483.074,175.274,175.274,723.466,2.082,11.205,26.002,0.515,0.963,2
3.144,4.6299600000000005,8378.023,145.2202251319433,7092.828,60.337,60.337,594.105,1.39,7.537,12.627,0.25,0.965,1
8.206,12.34656,50993.362,323.3191023392959,9306.123,438.069,438.069,906.087,3.586,18.322,58.988,1.168,0.986,3
9.3,13.88988,72763.501,372.8434830897508,9769.45,644.819,644.819,1103.446,4.506,22.815,91.631,1.814,0.959,3
8.206,12.34656,50986.706,323.29030440663803,9295.903,437.884,437.884,925.124,3.603,18.744,60.823,1.204,0.989,3
6.175,12.34656,29793.517,241.62345145926503,8828.185,246.299,246.299,763.647,2.502,13.085,33.539,0.664,0.972,2
4.161,6.17328,14721.986,162.04994641673406,7775.468,113.759,113.759,633.689,1.659,8.859,16.864,0.334,0.974,1
5.14,7.7166,21640.79,201.51819380280315,8517.695,175.34,175.34,707.237,2.071,10.915,24.984,0.495,0.95,2
1.138,12.34656,1473.303,139.92381407725628,6625.491,6.742,6.742,498.325,1.142,6.178,19.393,0.137,0.979,0
6.175,9.25992,29767.014,241.5930827302804,8811.305,245.984,245.984,788.999,2.507,13.357,35.152,0.696,0.967,2
3.144,4.6299600000000005,8375.007,145.21844489610626,7044.348,60.31,60.31,574.022,1.392,7.493,11.845,0.234,0.996,1
5.14,7.7166,21628.751,201.51620412745584,8480.288,175.282,175.282,692.814,2.084,11.012,24.368,0.482,0.985,2
4.161,12.34656,14721.946,162.0501558562443,7778.65,113.776,113.776,628.114,1.658,8.818,16.604,0.329,0.977,1
2.088,3.08664,2911.641,143.37537720600028,6852.45,26.773,26.773,498.404,1.201,6.403,6.8,0.128,0.962,0
8.206,12.34656,50991.049,323.3061170896611,9296.611,437.926,437.926,919.529,3.602,18.668,60.351,1.195,0.991,3
1.138,1.54332,968.339,139.9072683559474,6633.022,6.778,6.778,489.383,1.122,6.1,18.002,0.122,0.968,0
3.144,4.6299600000000005,8377.967,145.2202251319433,7104.588,60.339,60.339,574.36,1.389,7.421,11.826,0.234,0.979,1
4.161,6.17328,14718.972,162.0491086586931,7738.576,113.748,113.748,620.224,1.662,8.835,16.281,0.322,0.995,1
2.088,3.08664,2971.896,143.79907333521442,6781.043,27.495,27.495,504.358,1.206,6.522,4.82,0.131,0.976,0
6.175,9.25992,29795.416,241.6182154715091,8835.948,246.262,246.262,773.608,2.499,13.118,34.103,0.675,0.961,2
8.206,12.34656,50993.93,323.3221392121944,9310.352,437.983,437.983,915.795,3.581,18.346,59.667,1.181,0.976,3
5.14,7.7166,21631.281,201.51662300647635,8487.736,175.284,175.284,693.997,2.081,10.981,24.401,0.483,0.979,2
3.144,4.6299600000000005,8378.816,145.2207487307189,7116.737,60.344,60.344,583.124,1.389,7.451,12.174,0.241,0.968,1
2.088,3.08664,3026.83,141.82699090680094,6825.274,24.088,24.088,513.178,1.202,6.461,15.486,0.15,0.962,0
2.088,3.08664,6948.633,143.86818837359337,6795.344,27.728,27.728,600.097,1.332,7.144,10.175,0.262,0.988,0
1.138,1.54332,7363.804,142.47593922927751,6707.518,8.212,8.212,661.188,1.332,7.204,12.542,0.325,0.961,0
7.148,12.34656,38995.019,280.446520434042,9124.238,332.252,332.252,824.446,2.976,15.583,43.983,0.871,0.978,3
5.14,7.7166,21628.008,201.51348141382272,8470.652,175.224,175.224,712.091,2.087,11.195,25.451,0.504,0.979,2
4.161,6.17328,14722.013,162.04984169697894,7773.751,113.78,113.78,635.85,1.659,8.875,16.966,0.336,0.973,1
1.138,1.54332,1622.26,138.01257382656738,6636.289,5.745,5.745,508.354,1.144,6.177,26.588,0.155,0.975,0
6.175,9.25992,29762.231,241.5625045617854,8802.282,245.937,245.937,762.346,2.51,13.206,33.581,0.665,0.989,2
4.161,12.34656,14719.332,162.0485850599175,7727.756,113.749,113.749,641.772,1.663,8.993,17.291,0.342,0.983,1
4.161,6.17328,14723.244,162.0504700155097,7793.45,113.787,113.787,635.994,1.657,8.843,16.95,0.336,0.967,1
3.144,4.6299600000000005,8375.082,145.21844489610626,7043.332,60.299,60.299,577.665,1.392,7.513,11.994,0.237,0.993,1
9.3,13.88988,72762.235,372.8423311724445,9739.083,645.063,645.063,1065.513,4.538,22.874,88.771,1.757,0.989,3
3.144,4.6299600000000005,8375.552,145.21865433561652,7057.225,60.317,60.317,568.945,1.392,7.45,11.631,0.23,0.997,1
6.175,9.25992,29765.927,241.5756992509305,8809.612,245.99,245.99,751.835,2.508,13.091,32.897,0.651,0.991,2
9.3,12.34656,72776.911,372.8437972490162,9752.847,644.811,644.811,1049.835,4.519,22.426,86.925,1.721,0.99,3
8.206,12.34656,50992.704,323.31501826884625,9294.791,438.047,438.047,906.322,3.604,18.557,59.318,1.174,1.0,3
6.175,9.25992,29760.98,241.57056798292965,8783.039,246.019,246.019,773.567,2.517,13.396,34.375,0.681,0.995,2
6.175,9.25992,29763.027,241.5632376000713,8805.386,246.011,246.011,754.48,2.51,13.132,33.082,0.655,0.992,2
1.138,1.54332,3890.798,148.5204682145394,6740.122,11.647,11.647,562.714,1.24,6.697,0.0,0.193,0.954,0
9.3,13.88988,72776.681,372.8468341219147,9771.313,645.064,645.064,1075.108,4.499,22.4,88.878,1.759,0.97,3
7.148,10.80324,38997.037,280.44725347232776,9125.062,332.379,332.379,803.732,2.976,15.404,42.528,0.842,0.99,3
3.144,4.6299600000000005,8378.828,145.2207487307189,7108.817,60.343,60.343,597.315,1.389,7.533,12.745,0.252,0.958,1
9.3,13.88988,72772.935,372.8467294021595,9786.607,645.057,645.057,1103.908,4.484,22.491,91.208,1.806,0.951,3
3.144,4.6299600000000005,8377.923,145.2202251319433,7101.451,60.338,60.338,577.572,1.39,7.441,11.958,0.237,0.977,1
2.088,3.08664,6352.836,141.81452925594172,6751.295,24.113,24.113,590.729,1.31,7.061,19.74,0.256,0.997,0
4.161,12.34656,14718.225,162.0485850599175,7724.444,113.738,113.738,623.55,1.663,8.88,16.452,0.326,0.997,1
2.088,3.08664,3627.315,145.0848224885736,6778.263,29.79,29.79,518.988,1.232,6.661,0.0,0.146,0.981,0
5.14,12.34656,21624.046,201.5139002928432,8461.288,175.248,175.248,701.055,2.09,11.17,24.899,0.493,0.993,2
3.144,4.6299600000000005,8377.686,145.2200156924331,7097.26,60.341,60.341,575.481,1.39,7.435,11.876,0.235,0.98,1
7.148,10.80324,38979.14,280.44777707110336,9136.44,332.165,332.165,843.009,2.959,15.514,44.996,0.891,0.952,3
8.206,12.34656,50994.775,323.32758463946067,9321.946,437.964,437.964,928.459,3.564,18.252,60.373,1.195,0.956,3
7.148,10.80324,38984.305,280.44735819208285,9131.442,332.114,332.114,841.293,2.965,15.588,44.986,0.891,0.959,3
2.088,3.08664,6869.604,144.54237415705376,6787.308,28.913,28.913,599.035,1.332,7.166,6.604,0.257,0.989,0
6.175,9.25992,29790.867,241.63392343477705,8818.665,246.193,246.193,757.523,2.506,13.092,33.218,0.658,0.982,2
1.138,1.54332,3957.842,137.3055060399994,6674.933,5.432,5.432,577.083,1.22,6.562,32.097,0.239,0.966,0
8.206,12.34656,50994.914,323.3272704801953,9317.083,438.065,438.065,930.123,3.572,18.373,60.649,1.201,0.961,3
3.144,4.6299600000000005,8373.938,145.21708353928972,7023.219,60.293,60.293,576.22,1.393,7.531,11.947,0.236,1.0,1
1.138,12.34656,4555.208,140.5134910183351,6621.19,7.061,7.061,586.981,1.248,6.775,21.701,0.244,0.986,0
8.206,12.34656,50995.074,323.32266281097,9310.105,438.02,438.02,939.947,3.585,18.64,61.661,1.221,0.965,3
1.138,1.54332,2892.45,148.0758281343013,6714.474,11.276,11.276,520.351,1.205,6.459,0.0,0.149,0.972,0
9.3,13.88988,72775.63,372.8461010836288,9760.913,645.074,645.074,1061.243,4.51,22.419,87.817,1.738,0.981,3
9.3,13.88988,72772.103,372.8446350070572,9758.423,645.108,645.108,1070.507,4.515,22.586,88.774,1.757,0.978,3
5.14,7.7166,21635.866,201.5175654842724,8502.951,175.288,175.288,699.337,2.076,10.937,24.624,0.487,0.965,2
1.138,1.54332,1263.653,144.64719863192852,6674.263,9.205,9.205,460.92,1.138,6.047,0.0,0.086,0.989,0
3.144,4.6299600000000005,8380.166,145.22148176900473,7138.476,60.364,60.364,593.924,1.388,7.48,12.593,0.249,0.953,1
3.144,4.6299600000000005,8380.371,145.22158648875984,7147.518,60.368,60.368,585.235,1.387,7.425,12.242,0.242,0.958,1
2.088,3.08664,6896.689,144.24685500810608,6818.487,28.4,28.4,596.502,1.33,7.111,8.226,0.256,0.983,0
1.138,1.54332,5449.868,147.4290789266823,6743.278,11.046,11.046,610.426,1.288,6.975,0.0,0.249,0.95,0
5.14,12.34656,21625.904,201.5148427706393,8468.468,175.212,175.212,696.355,2.088,11.099,24.612,0.487,0.991,2
7.148,10.80324,38983.134,280.44767235134816,9133.498,332.225,332.225,833.765,2.963,15.493,44.428,0.88,0.961,3
4.161,6.17328,14725.056,162.05088889453015,7813.87,113.808,113.808,647.613,1.655,8.883,17.458,0.346,0.953,1
2.088,3.08664,2940.839,141.96302186870142,6801.938,24.323,24.323,512.607,1.2,6.482,14.599,0.148,0.966,0
2.088,3.08664,5488.264,140.99446885359967,6734.883,22.684,22.684,570.955,1.282,6.924,22.713,0.233,1.0,0
8.206,12.34656,50995.661,323.3245477665622,9311.928,438.011,438.011,941.939,3.583,18.63,61.777,1.223,0.962,3
5.14,7.7166,21627.574,201.51662300647635,8477.398,175.232,175.232,687.026,2.085,10.988,24.066,0.476,0.991,2
4.161,6.17328,14717.359,162.0480614611419,7705.052,113.733,113.733,632.085,1.665,8.97,16.871,0.334,0.997,1
4.161,6.17328,14718.491,162.04837562040728,7718.505,113.744,113.744,637.344,1.664,8.98,17.098,0.338,0.989,1
4.161,6.17328,14724.872,162.0504700155097,7802.704,113.798,113.798,656.974,1.656,8.962,17.894,0.354,0.95,1
1.138,1.54332,2416.398,147.5135877690639,6704.611,10.919,10.919,502.723,1.186,6.344,0.0,0.13,0.977,0
2.088,3.08664,5536.082,145.96069852039443,6841.625,31.439,31.439,559.525,1.294,6.9,0.0,0.201,0.976,0
5.14,7.7166,21629.119,201.51557580892512,8479.507,175.265,175.265,698.083,2.084,11.052,24.658,0.488,0.982,2
7.148,10.80324,39010.216,280.4379334141221,9113.478,332.427,332.427,828.592,2.99,15.809,44.499,0.881,0.989,3
4.161,6.17328,14723.393,162.0506794550199,7798.914,113.791,113.791,630.85,1.656,8.801,16.708,0.331,0.969,1
7.148,10.80324,39003.649,280.4430646821229,9118.488,332.371,332.371,819.967,2.984,15.65,43.795,0.867,0.988,3
1.138,1.54332,2851.709,148.1066157423065,6718.098,11.323,11.323,523.174,1.203,6.464,0.0,0.151,0.967,0
8.206,12.34656,50995.375,323.3288412765221,9316.268,438.031,438.031,932.202,3.574,18.414,60.843,1.205,0.961,3
9.3,13.88988,72759.793,372.8418075736689,9739.965,644.737,644.737,1073.373,4.538,22.958,89.504,1.772,0.985,3
6.175,9.25992,29789.967,241.63779806571645,8815.534,246.216,246.216,754.469,2.507,13.087,33.047,0.654,0.986,2
2.088,12.34656,4137.378,145.62706138058317,6814.852,30.791,30.791,528.771,1.249,6.705,0.0,0.16,0.976,0
7.148,10.80324,38986.555,280.44714875257256,9128.912,332.182,332.182,844.774,2.968,15.66,45.277,0.896,0.96,3
3.144,4.6299600000000005,8375.479,145.21875905537163,7044.697,60.315,60.315,589.68,1.392,7.574,12.478,0.247,0.982,1
5.14,7.7166,21636.436,201.51672772623144,8502.288,175.285,175.285,706.125,2.076,10.987,24.991,0.495,0.961,2
9.3,13.88988,72773.937,372.84599636387367,9759.543,644.884,644.884,1064.882,4.512,22.492,88.204,1.746,0.98,3
1.138,1.54332,654.912,142.52578583271446,6666.047,8.101,8.101,452.533,1.112,5.947,0.38,0.073,0.977,0
9.3,13.88988,72760.689,372.8418075736689,9752.078,644.946,644.946,1088.386,4.525,22.934,90.652,1.795,0.973,3
2.088,3.08664,6968.198,144.0010777428402,6779.744,27.954,27.954,602.3,1.333,7.177,9.514,0.263,0.991,0
2.088,3.08664,2842.467,142.96487576593117,6823.15,26.048,26.048,501.171,1.198,6.43,9.153,0.132,0.966,0
8.206,12.34656,50994.016,323.32130145415346,9304.555,438.013,438.013,918.018,3.59,18.491,60.012,1.188,0.982,3
5.14,7.7166,21630.799,201.513690853333,8479.12,175.257,175.257,716.795,2.084,11.181,25.665,0.508,0.97,2
7.148,10.80324,39004.127,280.444007159919,9119.757,332.417,332.417,804.837,2.983,15.507,42.715,0.846,0.996,3
1.138,1.54332,3679.296,145.4922870557442,6637.892,9.802,9.802,550.996,1.23,6.68,4.581,0.187,0.987,0
3.144,4.6299600000000005,8376.655,145.21938737390235,7068.407,60.33,60.33,587.881,1.391,7.535,12.392,0.245,0.977,1
4.161,6.17328,14723.563,162.0506794550199,7799.777,113.788,113.788,634.743,1.656,8.825,16.886,0.334,0.966,1
8.206,12.34656,50992.278,323.3124002749683,9298.035,437.996,437.996,918.047,3.6,18.623,60.192,1.192,0.99,3
5.14,7.7166,21634.745,201.5142144521085,8491.481,175.311,175.311,720.676,2.08,11.141,25.816,0.511,0.959,2
7.148,10.80324,38985.723,280.44725347232776,9130.473,332.227,332.227,838.213,2.967,15.581,44.796,0.887,0.962,3
9.3,12.34656,72762.015,372.841912293424,9737.952,644.881,644.881,1064.44,4.539,22.881,88.696,1.756,0.99,3
2.088,3.08664,6899.595,143.30228281692675,6803.83,26.727,26.727,598.716,1.328,7.109,12.974,0.263,0.986,0
4.161,6.17328,14724.522,162.05036529575457,7798.025,113.79,113.79,656.029,1.657,8.964,17.857,0.353,0.952,1
9.3,13.88988,72773.719,372.843692529261,9750.556,645.009,645.009,1054.279,4.523,22.525,87.411,1.73,0.989,3
6.175,12.34656,29761.407,241.5683688680721,8805.765,245.919,245.919,786.378,2.508,13.365,35.022,0.693,0.972,2
2.088,3.08664,5179.159,140.93237003881373,6858.196,22.643,22.643,579.983,1.269,6.824,23.23,0.235,0.95,0
1.138,1.54332,308.634,139.55739965409256,6710.45,6.622,6.622,460.131,1.095,5.851,14.689,0.089,0.952,0
1.138,1.54332,5218.302,147.36938866626406,6721.084,10.909,10.909,587.527,1.282,6.884,0.0,0.23,0.97,0
7.148,12.34656,38994.119,280.4464157142868,9124.692,332.341,332.341,826.782,2.975,15.593,44.135,0.874,0.976,3
1.138,12.34656,1055.848,144.6838505462204,6748.7,9.377,9.377,468.013,1.129,6.005,0.0,0.088,0.954,0
4.161,12.34656,14719.983,162.04931809820337,7748.57,113.737,113.737,628.353,1.661,8.87,16.648,0.33,0.986,1
3.144,4.6299600000000005,8375.774,145.21896849488186,7051.621,60.318,60.318,589.764,1.392,7.566,12.477,0.247,0.98,1
1.138,1.54332,4121.022,143.08509404480856,6605.881,8.451,8.451,569.002,1.24,6.764,10.908,0.214,0.993,0
6.175,9.25992,29797.027,241.61402668130432,8842.37,246.353,246.353,773.578,2.497,13.083,34.066,0.675,0.957,2
4.161,6.17328,14719.88,162.04879449942777,7736.082,113.752,113.752,640.916,1.662,8.973,17.242,0.341,0.981,1
2.088,3.08664,5133.913,145.99724571493118,6844.106,31.497,31.497,549.062,1.281,6.827,0.0,0.188,0.975,0
6.175,9.25992,29794.302,241.621671223428,8831.613,246.308,246.308,771.518,2.501,13.125,34.0,0.673,0.965,2
1.138,1.54332,6559.985,144.69338004393632,6669.632,9.3,9.3,618.449,1.317,7.084,1.574,0.274,0.988,0
6.175,9.25992,29769.729,241.59109305493308,8811.821,245.991,245.991,755.937,2.508,13.111,33.141,0.656,0.987,2
2.088,3.08664,2836.802,143.0467666144348,6804.292,26.184,26.184,502.817,1.199,6.46,8.595,0.132,0.969,0
6.175,12.34656,29761.634,241.5676358297863,8805.672,245.924,245.924,781.471,2.508,13.329,34.726,0.688,0.975,2
8.206,12.34656,50993.414,323.3202542566023,9310.624,437.961,437.961,907.02,3.579,18.239,58.938,1.167,0.98,3
7.148,10.80324,38978.325,280.447462911838,9137.969,332.17,332.17,838.217,2.957,15.449,44.638,0.884,0.953,3
3.144,4.6299600000000005,8379.666,145.22116760973938,7129.974,60.367,60.367,588.313,1.388,7.462,12.375,0.245,0.96,1
6.175,9.25992,29761.482,241.57234821876668,8791.187,245.988,245.988,775.966,2.514,13.369,34.475,0.683,0.988,2
9.3,13.88988,72760.158,372.8411792551382,9737.46,644.973,644.973,1069.244,4.54,22.95,89.168,1.765,0.988,3
2.088,3.08664,5202.964,146.0367250626113,6829.949,31.565,31.565,553.104,1.284,6.868,0.0,0.192,0.977,0
6.175,9.25992,29790.464,241.6372744669408,8817.716,246.214,246.214,764.831,2.506,13.151,33.669,0.667,0.978,2
2.088,12.34656,6012.032,141.47188621719022,6775.497,23.524,23.524,577.647,1.298,6.947,20.717,0.243,0.994,0
4.161,6.17328,14721.078,162.04952753771357,7760.486,113.769,113.769,634.463,1.66,8.889,16.917,0.335,0.978,1
3.144,4.6299600000000005,8379.928,145.22127232949452,7129.934,60.365,60.365,600.208,1.388,7.522,12.847,0.254,0.95,1
6.175,9.25992,29762.494,241.5709868619501,8793.173,245.955,245.955,757.896,2.514,13.224,33.36,0.66,0.998,2
2.088,3.08664,5452.607,146.04018081453023,6785.489,31.568,31.568,563.744,1.294,6.979,0.0,0.203,0.986,0
9.3,13.88988,72762.149,372.8417028539138,9741.806,645.067,645.067,1071.598,4.535,22.903,89.29,1.768,0.985,3
9.3,13.88988,72774.765,372.8474624404453,9781.595,645.046,645.046,1092.222,4.488,22.428,90.239,1.786,0.958,3
3.144,4.6299600000000005,8374.499,145.21813073684092,7026.909,60.303,60.303,587.379,1.393,7.585,12.396,0.245,0.989,1
4.161,6.17328,14725.411,162.05099361428526,7816.555,113.804,113.804,649.423,1.655,8.89,17.537,0.347,0.951,1
9.3,13.88988,72774.152,372.8463105231391,9764.211,644.947,644.947,1071.242,4.507,22.486,88.694,1.756,0.975,3
9.3,13.88988,72761.816,372.841912293424,9746.853,644.78,644.78,1079.921,4.53,22.918,89.965,1.781,0.979,3
9.3,13.88988,72763.033,372.84149341440354,9737.744,644.728,644.728,1062.492,4.539,22.86,88.514,1.752,0.991,3
2.088,3.08664,5388.21,146.0664654730653,6776.49,31.611,31.611,562.587,1.292,6.986,0.0,0.201,0.988,0
1.138,1.54332,3870.911,148.05383698572618,6691.986,11.265,11.265,552.243,1.24,6.691,0.0,0.185,0.976,0
4.161,6.17328,14721.735,162.04952753771357,7762.655,113.763,113.763,645.021,1.66,8.953,17.399,0.344,0.97,1
6.175,12.34656,29791.162,241.6344470335526,8821.146,246.272,246.272,775.919,2.504,13.214,34.325,0.68,0.969,2
5.14,7.7166,21633.729,201.5147380508841,8490.336,175.264,175.264,715.613,2.08,11.113,25.551,0.506,0.963,2
3.144,4.6299600000000005,8378.788,145.2207487307189,7117.017,60.353,60.353,581.889,1.389,7.445,12.124,0.24,0.969,1
4.161,6.17328,14724.926,162.0505747352648,7806.418,113.79,113.79,653.83,1.656,8.935,17.748,0.351,0.951,1
8.206,12.34656,50994.369,323.32444304680706,9313.411,438.108,438.108,922.577,3.577,18.361,60.137,1.191,0.969,3
8.206,12.34656,50993.708,323.3210920146432,9309.527,437.959,437.959,911.742,3.581,18.317,59.358,1.175,0.979,3
7.148,10.80324,38999.538,280.44631099453164,9123.125,332.392,332.392,804.418,2.979,15.444,42.616,0.844,0.992,3
8.206,12.34656,50994.44,323.3250713653378,9313.558,438.009,438.009,924.29,3.577,18.378,60.273,1.193,0.968,3
8.206,12.34656,50993.888,323.32130145415346,9306.358,438.063,438.063,915.555,3.587,18.426,59.76,1.183,0.981,3
1.138,12.34656,6202.464,145.89158348201545,6683.716,10.065,10.065,623.401,1.31,7.105,0.494,0.27,0.972,0
8.206,12.34656,50993.012,323.3159607466424,9302.549,438.085,438.085,925.014,3.594,18.611,60.639,1.2,0.981,3
3.144,4.6299600000000005,8373.893,145.2169788195346,7020.374,60.296,60.296,578.226,1.393,7.545,12.03,0.238,0.999,1
1.138,12.34656,6891.732,144.85611454339224,6684.227,9.548,9.548,656.23,1.327,7.259,0.754,0.305,0.961,0
5.14,12.34656,21624.774,201.51285309529203,8460.558,175.244,175.244,710.892,2.09,11.242,25.433,0.503,0.987,2
8.206,12.34656,50994.406,323.32569968386844,9319.93,438.105,438.105,922.951,3.566,18.23,59.981,1.187,0.961,3
4.161,6.17328,14718.772,162.04900393893797,7734.656,113.723,113.723,621.895,1.662,8.852,16.363,0.324,0.995,1
9.3,13.88988,72766.903,372.8432736502406,9743.597,645.098,645.098,1061.142,4.532,22.739,88.243,1.747,0.989,3
5.14,7.7166,21628.965,201.51306253480223,8472.64,175.272,175.272,717.641,2.086,11.222,25.739,0.51,0.974,2
6.175,9.25992,29794.523,241.62083346538708,8832.748,246.307,246.307,773.633,2.5,13.135,34.123,0.676,0.963,2
5.14,7.7166,21630.075,201.5153663694149,8481.468,175.291,175.291,702.021,2.083,11.068,24.862,0.492,0.978,2
9.3,13.88988,72775.749,372.8467294021595,9773.348,644.81,644.81,1082.174,4.497,22.454,89.502,1.772,0.966,3
7.148,10.80324,38995.102,280.44599683526627,9123.682,332.299,332.299,828.828,2.976,15.627,44.297,0.877,0.976,3
4.161,12.34656,14722.41,162.0502605759994,7783.732,113.763,113.763,631.588,1.658,8.831,16.758,0.332,0.973,1
8.206,12.34656,50992.793,323.3151229886014,9304.464,438.096,438.096,930.473,3.592,18.635,61.031,1.208,0.976,3
4.161,12.34656,14723.207,162.04984169697894,7777.502,113.776,113.776,653.174,1.659,8.98,17.752,0.351,0.96,1
6.175,9.25992,29762.423,241.5652272754185,8805.408,245.93,245.93,765.425,2.509,13.212,33.752,0.668,0.985,2
5.14,7.7166,21627.898,201.5142144521085,8472.334,175.226,175.226,705.699,2.086,11.142,25.1,0.497,0.982,2
3.144,4.6299600000000005,8379.25,145.22095817022915,7126.72,60.362,60.362,581.202,1.388,7.429,12.091,0.239,0.967,1
1.138,1.54332,7129.201,141.51262220193175,6687.976,7.618,7.618,645.765,1.323,7.118,16.433,0.315,0.974,0
9.3,13.88988,72774.67,372.84714828118,9774.799,645.069,645.069,1085.309,4.496,22.467,89.766,1.777,0.964,3
3.144,4.6299600000000005,8379.412,145.22095817022915,7129.566,60.364,60.364,579.189,1.388,7.416,12.008,0.238,0.968,1
4.161,12.34656,14725.284,162.05109833404038,7819.646,113.796,113.796,643.675,1.655,8.849,17.272,0.342,0.954,1
3.144,4.6299600000000005,8377.465,145.21991097267795,7088.123,60.34,60.34,583.975,1.39,7.49,12.224,0.242,0.975,1
5.14,7.7166,21631.791,201.51505221014952,8485.393,175.29,175.29,708.509,2.082,11.091,25.193,0.499,0.971,2
1.138,1.54332,3312.095,140.31054413291318,6613.048,6.878,6.878,540.798,1.207,6.503,21.329,0.194,0.998,0
2.088,3.08664,2965.748,143.60104827828312,6854.069,27.168,27.168,498.074,1.203,6.411,6.131,0.127,0.963,0
2.088,12.34656,3564.114,145.0077487488055,6761.429,29.647,29.647,518.755,1.23,6.677,0.0,0.145,0.984,0
1.138,1.54332,6620.524,145.40840653189335,6716.611,9.811,9.811,628.588,1.319,7.102,0.0,0.279,0.967,0
3.144,4.6299600000000005,8377.913,145.2201204121882,7090.267,60.343,60.343,594.919,1.39,7.544,12.66,0.251,0.965,1
9.3,13.88988,72779.078,372.8457869243635,9766.586,645.156,645.156,1062.012,4.503,22.321,87.743,1.737,0.978,3
2.088,3.08664,6169.829,141.67975493110274,6847.342,23.94,23.94,609.547,1.301,7.037,21.312,0.267,0.95,0
7.148,10.80324,38980.392,280.44777707110336,9136.496,332.059,332.059,832.759,2.959,15.432,44.296,0.877,0.958,3
9.3,13.88988,72774.305,372.8458916441186,9769.221,645.056,645.056,1079.65,4.502,22.5,89.371,1.769,0.969,3
8.206,12.34656,50994.45,323.3238147282763,9309.528,438.107,438.107,924.023,3.583,18.458,60.365,1.195,0.973,3
6.175,9.25992,29794.046,241.621671223428,8830.377,246.255,246.255,766.249,2.501,13.093,33.686,0.667,0.969,2
3.144,4.6299600000000005,8374.148,145.21718825904483,7023.613,60.298,60.298,582.777,1.393,7.565,12.212,0.242,0.994,1
6.175,9.25992,29766.97,241.5895222586063,8811.063,245.955,245.955,779.192,2.507,13.285,34.561,0.684,0.973,2
3.144,4.6299600000000005,8376.57,145.21928265414724,7073.776,60.329,60.329,575.993,1.391,7.467,11.909,0.236,0.986,1
2.088,3.08664,2873.211,143.30940376027488,6803.74,26.653,26.653,502.447,1.201,6.469,7.345,0.131,0.97,0
7.148,10.80324,38995.709,280.4464157142868,9124.317,332.344,332.344,819.447,2.976,15.542,43.636,0.864,0.981,3
8.206,12.34656,50995.011,323.32549024435826,9309.845,437.991,437.991,933.735,3.584,18.565,61.151,1.211,0.968,3
3.144,4.6299600000000005,8377.98,145.2202251319433,7100.861,60.347,60.347,580.02,1.39,7.454,12.057,0.239,0.975,1
7.148,10.80324,38978.773,280.4487195488994,9136.933,332.181,332.181,845.431,2.958,15.524,45.15,0.894,0.95,3
8.206,12.34656,50990.902,323.30527933162017,9292.611,437.934,437.934,911.606,3.607,18.659,59.81,1.184,1.0,3
8.206,12.34656,50994.99,323.3272704801953,9314.156,437.964,437.964,931.183,3.577,18.446,60.819,1.204,0.964,3
6.175,9.25992,29765.33,241.57863140407383,8809.671,245.943,245.943,765.869,2.508,13.193,33.757,0.668,0.982,2
8.206,12.34656,50996.726,323.33386782476776,9324.425,438.125,438.125,932.994,3.561,18.254,60.673,1.201,0.951,3
3.144,4.6299600000000005,8378.29,145.22043457145355,7100.223,60.348,60.348,592.937,1.389,7.522,12.576,0.249,0.964,1
1.138,1.54332,4033.975,140.3437402952861,6616.818,6.931,6.931,566.863,1.231,6.658,21.862,0.223,0.992,0
9.3,13.88988,72773.103,372.84704356142487,9768.101,644.864,644.864,1078.523,4.503,22.506,89.291,1.768,0.97,3
6.175,9.25992,29761.967,241.5710915817052,8794.181,245.984,245.984,767.846,2.513,13.292,33.963,0.672,0.991,2
1.138,1.54332,7101.325,144.471688322348,6721.399,9.326,9.326,650.746,1.33,7.19,1.834,0.305,0.959,0
1.138,1.54332,1660.388,140.12560904537185,6622.18,6.816,6.816,498.341,1.149,6.201,18.492,0.139,0.986,0
1.138,1.54332,3450.142,145.69722361651336,6642.103,9.942,9.942,548.244,1.222,6.655,4.247,0.182,0.982,0
2.088,3.08664,5439.576,141.03750867295383,6826.606,22.815,22.815,592.487,1.278,6.929,23.409,0.247,0.954,0
5.14,7.7166,21622.994,201.5144238916188,8459.382,175.205,175.205,694.24,2.091,11.134,24.537,0.486,0.999,2
3.144,4.6299600000000005,8378.799,145.2207487307189,7120.99,60.348,60.348,574.989,1.389,7.404,11.843,0.234,0.974,1
7.148,12.34656,38983.694,280.447462911838,9132.471,332.107,332.107,837.514,2.964,15.54,44.706,0.885,0.96,3
9.3,13.88988,72778.342,372.8451586058328,9761.2,645.156,645.156,1056.545,4.509,22.354,87.358,1.729,0.983,3
1.138,1.54332,6191.349,146.39507606463076,6733.812,10.432,10.432,626.848,1.309,7.08,0.0,0.271,0.955,0
2.088,3.08664,3009.078,143.9481942665048,6763.334,27.756,27.756,506.042,1.208,6.557,4.299,0.132,0.98,0
6.175,12.34656,29761.084,241.57203405950128,8794.333,246.012,246.012,784.001,2.513,13.41,34.944,0.692,0.981,2
4.161,6.17328,14723.58,162.04994641673406,7782.71,113.766,113.766,656.834,1.658,8.995,17.911,0.355,0.956,1
7.148,10.80324,39001.003,280.44316940187804,9118.674,332.414,332.414,835.799,2.982,15.772,44.884,0.889,0.978,3
9.3,13.88988,72770.717,372.8462058033839,9779.316,644.916,644.916,1099.8,4.493,22.577,91.021,1.802,0.956,3
4.161,12.34656,14717.808,162.04837562040728,7716.231,113.739,113.739,624.375,1.664,8.9,16.5,0.327,0.999,1
9.3,13.88988,72768.911,372.843692529261,9742.703,644.767,644.767,1053.414,4.532,22.658,87.521,1.733,0.993,3
8.206,12.34656,50993.193,323.3180551417448,9303.003,438.068,438.068,903.835,3.591,18.361,58.889,1.166,0.991,3
2.088,3.08664,3104.07,144.13103495894373,6731.09,28.063,28.063,499.629,1.213,6.57,2.957,0.127,0.998,0
4.161,6.17328,14726.036,162.05162193281598,7834.567,113.805,113.805,640.306,1.653,8.803,17.102,0.339,0.952,1
1.138,1.54332,1681.123,145.55145371738678,6665.051,9.762,9.762,481.101,1.156,6.199,0.822,0.106,0.985,0
8.206,12.34656,50994.194,323.32339584925586,9311.186,438.046,438.046,919.87,3.58,18.376,59.978,1.187,0.973,3
8.206,12.34656,50993.903,323.32182505292906,9308.837,437.957,437.957,915.485,3.583,18.374,59.684,1.182,0.978,3
3.144,4.6299600000000005,8376.394,145.21928265414724,7059.85,60.326,60.326,594.089,1.391,7.578,12.645,0.25,0.974,1
9.3,13.88988,72773.091,372.8477765997107,9784.646,644.81,644.81,1098.624,4.486,22.456,90.761,1.797,0.954,3
6.175,9.25992,29790.88,241.63549423110385,8820.033,246.25,246.25,773.797,2.505,13.204,34.203,0.677,0.971,2
6.175,9.25992,29794.521,241.6219853826934,8832.923,246.238,246.238,778.444,2.5,13.17,34.413,0.681,0.96,2
6.175,9.25992,29762.679,241.5637611988469,8799.252,245.964,245.964,756.174,2.512,13.178,33.22,0.658,0.995,2
9.3,13.88988,72771.467,372.8464152428941,9771.669,644.866,644.866,1088.796,4.5,22.575,90.186,1.785,0.964,3
2.088,3.08664,4190.714,140.82262373544833,6845.597,22.423,22.423,552.204,1.238,6.657,22.466,0.201,0.954,0
5.14,7.7166,21629.5,201.51452861137392,8477.909,175.25,175.25,707.314,2.084,11.123,25.162,0.498,0.977,2
2.088,12.34656,6358.091,145.45196995002308,6822.55,30.538,30.538,582.043,1.318,7.055,1.027,0.232,0.981,0
5.14,7.7166,21639.652,201.51725132500704,8512.109,175.307,175.307,711.43,2.073,10.971,25.232,0.499,0.951,2
2.088,3.08664,6605.884,142.16513099608235,6725.506,24.739,24.739,608.277,1.319,7.196,18.945,0.272,0.995,0
2.088,3.08664,2941.753,141.89610594517995,6727.513,24.162,24.162,499.197,1.202,6.487,14.435,0.138,1.0,0
4.161,6.17328,14723.73,162.0502605759994,7790.107,113.772,113.772,650.554,1.657,8.942,17.619,0.349,0.958,1
7.148,10.80324,38987.88,280.4469393130624,9128.479,332.268,332.268,838.925,2.969,15.622,44.887,0.889,0.964,3
5.14,7.7166,21636.251,201.51746076451727,8505.123,175.313,175.313,706.226,2.075,10.972,24.984,0.495,0.959,2
8.206,12.34656,50993.915,323.32182505292906,9309.801,438.03,438.03,915.125,3.581,18.35,59.628,1.18,0.977,3
3.144,4.6299600000000005,8375.985,145.21896849488186,7066.603,60.323,60.323,568.257,1.391,7.435,11.598,0.23,0.995,1
2.088,3.08664,4768.734,140.82733612442868,6867.851,22.448,22.448,565.916,1.256,6.727,23.05,0.219,0.95,0
6.175,12.34656,29761.373,241.5727670977872,8791.2,246.023,246.023,777.585,2.514,13.38,34.573,0.684,0.987,2
2.088,3.08664,2796.821,142.76004392491714,6766.714,25.682,25.682,506.572,1.198,6.506,10.198,0.136,0.975,0
1.138,1.54332,5437.402,147.07303175927547,6715.363,10.722,10.722,591.506,1.288,6.911,0.0,0.236,0.973,0
7.148,10.80324,38981.054,280.4488242686545,9134.417,332.195,332.195,847.142,2.961,15.582,45.32,0.897,0.952,3
6.175,9.25992,29794.371,241.62366089877528,8833.351,246.251,246.251,789.836,2.5,13.251,35.098,0.695,0.953,2
3.144,12.34656,8379.035,145.220853450474,7110.03,60.345,60.345,602.931,1.389,7.561,12.966,0.257,0.953,1
5.14,12.34656,21627.688,201.51452861137392,8472.266,175.255,175.255,702.757,2.086,11.123,24.942,0.494,0.984,2
7.148,12.34656,38977.388,280.44798651061353,9141.025,332.148,332.148,825.429,2.954,15.296,43.7,0.865,0.957,3
3.144,4.6299600000000005,8374.792,145.21834017635112,7038.993,60.305,60.305,576.801,1.393,7.514,11.961,0.237,0.995,1
3.144,12.34656,8375.291,145.21854961586138,7052.545,60.314,60.314,569.291,1.392,7.458,11.648,0.231,0.998,1
4.161,6.17328,14717.691,162.0479567413868,7704.033,113.713,113.713,638.196,1.665,9.011,17.154,0.34,0.993,1
7.148,10.80324,39009.626,280.4398183697142,9115.252,332.389,332.389,813.83,2.989,15.659,43.437,0.86,0.996,3
4.161,6.17328,14724.277,162.0504700155097,7800.176,113.773,113.773,646.163,1.656,8.897,17.408,0.345,0.958,1
2.088,3.08664,2873.098,142.63982564603975,6862.472,25.499,25.499,499.522,1.198,6.374,10.655,0.133,0.959,0
6.175,9.25992,29761.836,241.56480839639804,8804.477,245.925,245.925,772.88,2.509,13.272,34.212,0.677,0.981,2
3.144,4.6299600000000005,8376.617,145.21938737390235,7073.142,60.33,60.33,578.431,1.391,7.48,12.008,0.238,0.984,1
9.3,13.88988,72779.206,372.84547276509807,9770.421,644.987,644.987,1069.225,4.499,22.341,88.337,1.749,0.973,3
4.161,6.17328,14723.61,162.0506794550199,7800.356,113.791,113.791,637.357,1.656,8.84,17.005,0.337,0.964,1
4.161,6.17328,14720.875,162.04984169697894,7764.889,113.75,113.75,624.182,1.659,8.815,16.436,0.325,0.984,1
9.3,13.88988,72759.3,372.8415981341586,9741.337,645.044,645.044,1076.438,4.536,22.972,89.765,1.777,0.983,3
8.206,12.34656,50994.167,323.3225580912149,9305.918,437.974,437.974,922.772,3.588,18.518,60.364,1.195,0.978,3
4.161,6.17328,14721.338,162.04973697722383,7766.436,113.772,113.772,631.9,1.659,8.862,16.792,0.332,0.978,1
1.138,1.54332,4819.901,137.99707530280966,6640.585,5.792,5.792,609.042,1.249,6.796,31.316,0.272,0.969,0
1.138,12.34656,3466.762,148.1003325569993,6693.17,11.309,11.309,543.977,1.226,6.627,0.0,0.174,0.972,0
1.138,1.54332,5826.541,142.20283010792542,6638.812,8.032,8.032,628.115,1.29,7.057,15.315,0.283,0.975,0
7.148,10.80324,39005.091,280.44264580310244,9118.12,332.455,332.455,814.36,2.985,15.612,43.414,0.86,0.992,3
6.175,12.34656,29793.015,241.6287921667761,8829.331,246.254,246.254,797.627,2.501,13.33,35.587,0.705,0.951,2
8.206,12.34656,50993.2,323.3185787405204,9305.454,438.047,438.047,903.756,3.587,18.309,58.814,1.164,0.988,3
1.138,1.54332,1802.139,145.7209950009255,6664.927,9.839,9.839,482.279,1.161,6.215,0.788,0.109,0.988,0
4.161,6.17328,14719.253,162.0491086586931,7741.002,113.751,113.751,621.925,1.662,8.841,16.358,0.324,0.993,1
8.206,12.34656,50993.275,323.3184740207652,9303.126,438.09,438.09,905.511,3.591,18.377,59.023,1.168,0.99,3
3.144,4.6299600000000005,8375.103,145.21844489610626,7047.194,60.307,60.307,572.038,1.392,7.479,11.763,0.233,0.997,1
8.206,12.34656,50994.798,323.32632800239924,9314.004,438.086,438.086,929.453,3.577,18.429,60.682,1.201,0.965,3
1.138,1.54332,1326.605,137.86167265943993,6650.79,5.775,5.775,517.29,1.133,6.185,27.348,0.157,0.953,0
4.161,6.17328,14723.612,162.05036529575457,7794.627,113.783,113.783,641.254,1.657,8.875,17.19,0.34,0.963,1
9.3,13.88988,72765.039,372.8447397268122,9778.522,644.761,644.761,1110.722,4.496,22.742,92.076,1.823,0.952,3
4.161,6.17328,14719.111,162.0491086586931,7740.765,113.752,113.752,620.657,1.662,8.834,16.299,0.323,0.994,1
2.088,3.08664,5568.079,145.99651267664532,6796.94,31.494,31.494,565.431,1.297,6.979,0.0,0.206,0.984,0
3.144,4.6299600000000005,8377.853,145.2201204121882,7102.342,60.344,60.344,573.926,1.39,7.421,11.81,0.234,0.98,1
8.206,12.34656,50994.983,323.327898798726,9318.624,438.073,438.073,930.473,3.57,18.345,60.634,1.2,0.959,3
4.161,12.34656,14725.498,162.05109833404038,7820.612,113.809,113.809,647.675,1.655,8.873,17.453,0.345,0.951,1
3.144,4.6299600000000005,8377.961,145.2202251319433,7093.409,60.34,60.34,591.574,1.39,7.523,12.525,0.248,0.967,1
5.14,7.7166,21634.937,201.51662300647635,8498.349,175.328,175.328,702.563,2.078,10.983,24.817,0.491,0.966,2
8.206,12.34656,50992.556,323.3134474725195,9294.359,438.052,438.052,907.373,3.604,18.577,59.416,1.176,1.0,3
9.3,13.88988,72770.012,372.845368045343,9766.634,645.095,645.095,1087.133,4.507,22.648,90.161,1.785,0.967,3
8.206,12.34656,50997.667,323.334915022319,9318.303,438.002,438.002,943.149,3.574,18.517,61.7,1.221,0.954,3
4.161,6.17328,14722.514,162.04994641673406,7777.144,113.781,113.781,641.567,1.659,8.906,17.224,0.341,0.968,1
7.148,10.80324,38985.221,280.44840538963405,9129.898,332.114,332.114,851.315,2.967,15.695,45.702,0.905,0.955,3
2.088,3.08664,5241.331,140.865244675782,6726.346,22.47,22.47,568.2,1.275,6.902,22.874,0.229,0.999,0
3.144,4.6299600000000005,8379.904,145.22127232949452,7130.452,60.362,60.362,597.639,1.388,7.509,12.745,0.252,0.952,1
8.206,12.34656,50994.382,323.3243383270519,9314.379,438.022,438.022,922.228,3.575,18.337,60.081,1.189,0.968,3
6.175,9.25992,29796.033,241.615492757876,8837.822,246.288,246.288,766.727,2.499,13.057,33.675,0.667,0.964,2
6.175,9.25992,29790.862,241.6343423137975,8818.682,246.206,246.206,759.077,2.506,13.103,33.312,0.66,0.981,2
8.206,12.34656,50994.688,323.3250713653378,9309.952,438.004,438.004,929.197,3.583,18.509,60.776,1.203,0.97,3
6.175,9.25992,29762.869,241.5686830273375,8795.256,245.987,245.987,752.657,2.514,13.175,33.025,0.654,1.0,2
2.088,3.08664,6001.445,141.4228773717942,6751.74,23.43,23.43,580.718,1.298,6.987,21.168,0.246,0.998,0
6.175,9.25992,29761.3,241.5704632631745,8784.042,246.006,246.006,769.247,2.517,13.358,34.106,0.675,0.997,2
3.144,4.6299600000000005,8374.629,145.21834017635112,7029.078,60.304,60.304,587.821,1.393,7.584,12.412,0.246,0.988,1
7.148,12.34656,38995.93,280.44631099453164,9123.787,332.367,332.367,822.12,2.977,15.572,43.832,0.868,0.98,3
7.148,10.80324,38992.65,280.4481959501238,9128.401,332.329,332.329,806.596,2.971,15.368,42.659,0.845,0.984,3
1.138,1.54332,1298.331,145.48893602358035,6763.659,9.836,9.836,474.574,1.139,6.051,0.0,0.096,0.952,0
5.14,7.7166,21636.656,201.51714660525192,8504.166,175.324,175.324,705.704,2.076,10.974,24.961,0.494,0.96,2
6.175,9.25992,29794.205,241.62156650367288,8831.663,246.266,246.266,773.111,2.501,13.137,34.097,0.675,0.964,2
2.088,3.08664,6233.13,141.68729475347132,6817.722,23.954,23.954,616.229,1.304,7.102,21.455,0.273,0.954,0
6.175,9.25992,29769.584,241.5925591315048,8811.844,245.989,245.989,760.605,2.507,13.145,33.427,0.662,0.984,2
7.148,10.80324,39001.62,280.44578739575604,9122.283,332.392,332.392,798.334,2.98,15.41,42.208,0.836,0.997,3
2.088,3.08664,3401.228,141.15479479868787,6772.409,22.946,22.946,534.799,1.215,6.618,19.97,0.176,0.968,0
2.088,3.08664,6420.429,141.97747319490793,6841.396,24.465,24.465,617.954,1.309,7.101,20.263,0.276,0.95,0
8.206,12.34656,50994.728,323.3271657604401,9319.436,438.054,438.054,928.415,3.568,18.304,60.442,1.197,0.959,3
2.088,3.08664,6025.577,145.75911299178907,6796.109,31.076,31.076,575.59,1.31,7.051,0.0,0.221,0.986,0
8.206,12.34656,50990.042,323.30234717847685,9299.684,437.917,437.917,927.977,3.598,18.702,60.956,1.207,0.983,3
1.138,1.54332,1364.152,145.79733570240776,6712.343,10.058,10.058,490.886,1.143,6.189,0.0,0.108,0.951,0
8.206,12.34656,50996.429,323.3302026333386,9312.209,438.01,438.01,936.437,3.581,18.551,61.311,1.214,0.964,3
2.088,3.08664,4744.142,146.00813656946363,6789.724,31.491,31.491,544.861,1.271,6.854,0.0,0.18,0.984,0
4.161,12.34656,14718.321,162.04889921918286,7729.639,113.743,113.743,617.242,1.663,8.83,16.151,0.32,1.0,1
7.148,10.80324,38992.419,280.4480912303687,9128.378,332.195,332.195,808.218,2.971,15.381,42.773,0.847,0.983,3
5.14,7.7166,21639.896,201.51787964353773,8514.856,175.328,175.328,708.585,2.072,10.938,25.068,0.496,0.951,2
1.138,1.54332,6255.591,139.3539291698951,6651.368,6.527,6.527,648.634,1.294,7.07,27.111,0.314,0.965,0
8.206,12.34656,50997.033,323.33303006672685,9316.337,438.077,438.077,936.68,3.575,18.47,61.215,1.212,0.959,3
2.088,3.08664,3890.141,145.40275166511685,6803.833,30.374,30.374,523.747,1.24,6.677,0.0,0.153,0.977,0
2.088,3.08664,2952.75,143.74702761691995,6766.703,27.404,27.404,504.871,1.205,6.539,5.448,0.131,0.979,0
6.175,9.25992,29791.001,241.636541428655,8821.476,246.195,246.195,787.285,2.504,13.296,35.01,0.693,0.962,2
7.148,10.80324,38980.215,280.44798651061353,9137.526,332.059,332.059,827.377,2.958,15.372,43.906,0.869,0.96,3
4.161,12.34656,14720.847,162.04963225746872,7761.43,113.768,113.768,628.426,1.66,8.849,16.637,0.329,0.982,1
8.206,12.34656,50994.109,323.3232911295008,9312.564,437.968,437.968,918.488,3.577,18.331,59.826,1.184,0.972,3
4.161,6.17328,14719.159,162.04837562040728,7723.616,113.75,113.75,642.204,1.664,9.003,17.315,0.343,0.984,1
8.206,12.34656,50994.371,323.3269563209299,9325.485,438.114,438.114,923.806,3.557,18.123,59.889,1.186,0.954,3
5.14,7.7166,21634.043,201.51609940770075,8494.657,175.302,175.302,704.874,2.079,11.018,24.958,0.494,0.967,2
4.161,6.17328,14725.17,162.050784174775,7810.79,113.792,113.792,653.415,1.656,8.925,17.724,0.351,0.95,1
9.3,13.88988,72770.875,372.84547276509807,9772.026,644.886,644.886,1090.82,4.5,22.595,90.368,1.789,0.963,3
5.14,7.7166,21627.539,201.51557580892512,8474.814,175.256,175.256,694.104,2.085,11.05,24.462,0.484,0.988,2
8.206,12.34656,50995.069,323.3294695950528,9323.655,438.099,438.099,930.562,3.562,18.241,60.495,1.198,0.953,3
9.3,13.88988,72772.803,372.8447397268122,9748.134,644.845,644.845,1050.218,4.525,22.518,87.079,1.724,0.992,3
6.175,9.25992,29793.251,241.62397505804063,8827.069,246.254,246.254,760.015,2.503,13.065,33.324,0.66,0.975,2
1.138,1.54332,1833.312,146.9017102398997,6718.76,10.667,10.667,500.597,1.163,6.275,0.0,0.121,0.956,0
3.144,12.34656,8375.485,145.21875905537163,7048.867,60.31,60.31,582.654,1.392,7.532,12.193,0.241,0.987,1
8.206,12.34656,50993.582,323.3192070590511,9301.573,437.994,437.994,911.331,3.594,18.476,59.545,1.179,0.989,3
1.138,12.34656,2352.278,147.3391246570345,6698.55,10.766,10.766,494.427,1.184,6.301,0.0,0.124,0.985,0
7.148,10.80324,38987.892,280.44735819208285,9129.567,332.243,332.243,830.064,2.968,15.533,44.258,0.876,0.968,3
4.161,6.17328,14722.138,162.04963225746872,7767.47,113.774,113.774,647.275,1.66,8.96,17.496,0.346,0.967,1
7.148,10.80324,38985.248,280.44798651061353,9132.577,332.119,332.119,825.675,2.965,15.445,43.893,0.869,0.967,3
7.148,10.80324,38979.723,280.4481959501238,9139.054,332.183,332.183,821.063,2.957,15.296,43.441,0.86,0.962,3
4.161,6.17328,14717.231,162.04764258212143,7695.884,113.73,113.73,639.069,1.666,9.032,17.204,0.341,0.995,1
4.161,6.17328,14721.306,162.04921337844823,7754.462,113.771,113.771,647.208,1.661,8.981,17.508,0.347,0.971,1
4.161,6.17328,14725.2,162.050784174775,7812.177,113.805,113.805,649.832,1.655,8.9,17.561,0.348,0.952,1
8.206,12.34656,50993.435,323.3196259380715,9306.251,438.036,438.036,907.765,3.586,18.339,59.122,1.17,0.985,3
9.3,13.88988,72767.677,372.84390196877126,9744.249,644.776,644.776,1058.335,4.531,22.692,87.957,1.741,0.99,3
5.14,7.7166,21632.562,201.51557580892512,8489.013,175.309,175.309,704.689,2.081,11.046,24.972,0.494,0.971,2
6.175,9.25992,29761.393,241.57203405950128,8789.139,245.941,245.941,774.959,2.515,13.372,34.425,0.682,0.99,2
4.161,6.17328,14719.56,162.04879449942777,7735.32,113.751,113.751,636.958,1.662,8.948,17.061,0.338,0.984,1
9.3,13.88988,72777.387,372.8461010836288,9773.829,644.803,644.803,1079.336,4.496,22.407,89.217,1.766,0.967,3
9.3,13.88988,72768.816,372.844530287302,9758.668,644.765,644.765,1079.266,4.515,22.694,89.608,1.774,0.974,3
9.3,13.88988,72777.624,372.8478813194658,9791.735,645.057,645.057,1097.82,4.476,22.303,90.483,1.791,0.951,3
7.148,10.80324,38976.011,280.44735819208285,9140.993,332.143,332.143,835.537,2.953,15.376,44.392,0.879,0.951,3
1.138,1.54332,1548.557,137.71202812937398,6677.624,5.604,5.604,501.575,1.141,6.099,26.367,0.149,0.968,0
6.175,9.25992,29797.301,241.6130842035082,8843.331,246.303,246.303,770.926,2.497,13.058,33.9,0.671,0.958,2
7.148,10.80324,38989.402,280.4467298735521,9126.422,332.186,332.186,844.823,2.972,15.704,45.334,0.898,0.963,3
7.148,10.80324,39006.061,280.441389166041,9116.472,332.353,332.353,824.061,2.986,15.719,44.122,0.874,0.988,3
3.144,12.34656,8381.135,145.22200536778033,7158.493,60.377,60.377,591.272,1.387,7.443,12.477,0.247,0.95,1
2.088,3.08664,6981.246,143.56533884178734,6756.198,27.177,27.177,606.396,1.333,7.21,11.908,0.269,0.995,0
1.138,1.54332,402.072,141.29857502246716,6662.669,7.488,7.488,454.888,1.1,5.919,6.786,0.077,0.968,0
5.14,7.7166,21621.936,201.513690853333,8454.95,175.226,175.226,698.997,2.092,11.191,24.816,0.491,0.999,2
5.14,7.7166,21621.303,201.5129578150472,8451.416,175.22,175.22,702.848,2.093,11.237,25.04,0.496,0.999,2
6.175,9.25992,29789.673,241.64271989420703,8817.259,246.249,246.249,788.466,2.506,13.328,35.105,0.695,0.964,2
1.138,1.54332,536.9,141.0751030650418,6646.121,7.249,7.249,444.731,1.106,5.883,8.399,0.073,0.99,0
2.088,3.08664,3187.069,144.2416190203501,6846.208,28.299,28.299,502.401,1.213,6.47,2.845,0.13,0.966,0
1.138,1.54332,3267.506,147.6401939530035,6680.043,10.926,10.926,519.617,1.218,6.502,0.0,0.154,0.993,0
3.144,4.6299600000000005,8380.442,145.22169120851498,7146.755,60.363,60.363,588.984,1.387,7.445,12.392,0.245,0.955,1
1.138,1.54332,1713.117,144.74123697202597,6651.623,9.258,9.258,476.529,1.157,6.178,1.874,0.105,0.995,0
7.148,10.80324,38981.995,280.4487195488994,9133.41,332.212,332.212,847.488,2.962,15.602,45.366,0.898,0.953,3
5.14,7.7166,21632.502,201.51358613357783,8483.984,175.258,175.258,722.476,2.082,11.193,25.945,0.514,0.963,2
5.14,7.7166,21635.529,201.51348141382272,8491.844,175.274,175.274,729.858,2.079,11.201,26.3,0.521,0.953,2
9.3,12.34656,72765.566,372.8426453317099,9738.025,645.006,645.006,1055.804,4.538,22.772,87.864,1.739,0.994,3
2.088,3.08664,2967.08,143.70493027536182,6818.487,27.343,27.343,501.261,1.204,6.465,5.274,0.129,0.969,0
8.206,12.34656,50987.064,323.2917704832097,9296.456,438.029,438.029,925.776,3.603,18.74,60.862,1.205,0.988,3
2.088,3.08664,3164.294,141.5209997823413,6813.637,23.568,23.568,520.291,1.207,6.505,17.336,0.159,0.963,0
9.3,13.88988,72768.661,372.84400668852646,9739.194,644.792,644.792,1048.321,4.536,22.657,87.115,1.724,0.997,3
2.088,3.08664,3182.5,141.43743341775584,6791.162,23.427,23.427,524.27,1.208,6.545,18.03,0.163,0.966,0
9.3,13.88988,72764.259,372.8434830897508,9761.691,645.071,645.071,1092.463,4.514,22.812,90.795,1.797,0.967,3
4.161,6.17328,14724.998,162.05088889453015,7813.552,113.782,113.782,646.276,1.655,8.875,17.398,0.344,0.954,1
8.206,12.34656,50983.412,323.2802513101466,9292.042,437.93,437.93,920.593,3.609,18.768,60.553,1.199,0.996,3
1.138,1.54332,7269.762,141.66530360489622,6700.981,7.751,7.751,657.502,1.327,7.167,16.189,0.325,0.964,0
9.3,13.88988,72770.818,372.8441114082816,9757.851,645.042,645.042,1073.336,4.516,22.633,89.06,1.763,0.977,3
8.206,12.34656,50992.716,323.31397107129504,9299.677,437.972,437.972,920.003,3.598,18.613,60.308,1.194,0.987,3
3.144,4.6299600000000005,8375.75,145.21886377512678,7049.424,60.318,60.318,589.318,1.392,7.566,12.46,0.247,0.981,1
9.3,13.88988,72769.739,372.84494916632246,9773.909,644.807,644.807,1096.039,4.499,22.63,90.812,1.798,0.96,3
4.161,6.17328,14724.443,162.0501558562443,7792.318,113.786,113.786,660.094,1.658,8.999,18.047,0.357,0.951,1
9.3,13.88988,72766.944,372.8446350070572,9765.339,645.035,645.035,1090.924,4.509,22.723,90.555,1.793,0.966,3
5.14,7.7166,21627.336,201.5158899681905,8474.751,175.268,175.268,691.231,2.086,11.031,24.306,0.481,0.99,2
6.175,9.25992,29792.352,241.6294204853069,8825.444,246.253,246.253,777.999,2.503,13.206,34.428,0.682,0.965,2
5.14,7.7166,21624.194,201.5158899681905,8466.457,175.235,175.235,685.333,2.088,11.034,24.02,0.475,1.0,2
4.161,6.17328,14724.344,162.050784174775,7805.915,113.789,113.789,642.227,1.656,8.862,17.222,0.341,0.959,1
6.175,9.25992,29794.779,241.62083346538708,8834.011,246.276,246.276,778.971,2.5,13.168,34.439,0.682,0.959,2
8.206,12.34656,50996.966,323.3341819840332,9321.785,438.015,438.015,935.644,3.566,18.344,60.972,1.207,0.953,3
1.138,1.54332,817.08,143.76430637651467,6747.004,8.879,8.879,462.899,1.118,5.956,0.0,0.082,0.951,0
8.206,12.34656,50994.289,323.32371000852123,9312.296,438.088,438.088,921.221,3.578,18.369,60.057,1.189,0.971,3
4.161,6.17328,14723.532,162.04984169697894,7781.017,113.791,113.791,659.105,1.659,9.012,18.016,0.357,0.955,1
9.3,13.88988,72763.165,372.843692529261,9754.673,644.851,644.851,1085.685,4.521,22.851,90.326,1.788,0.973,3
4.161,6.17328,14723.178,162.0504700155097,7794.886,113.788,113.788,632.539,1.657,8.819,16.79,0.332,0.969,1
7.148,10.80324,38995.474,280.446520434042,9124.29,332.232,332.232,821.109,2.976,15.555,43.752,0.866,0.98,3
3.144,4.6299600000000005,8375.951,145.21907321463698,7057.974,60.31,60.31,583.177,1.392,7.524,12.209,0.242,0.984,1
3.144,4.6299600000000005,8374.504,145.21813073684092,7032.175,60.295,60.295,576.725,1.393,7.522,11.962,0.237,0.997,1
1.138,1.54332,2237.043,146.16385484532657,6662.478,10.043,10.043,486.687,1.178,6.272,0.865,0.118,0.999,0
7.148,10.80324,39013.464,280.4363626177953,9112.819,332.425,332.425,815.607,2.992,15.717,43.613,0.864,0.998,3
1.138,1.54332,3436.313,148.32600362928218,6718.676,11.435,11.435,536.871,1.224,6.566,0.0,0.168,0.971,0
4.161,6.17328,14722.657,162.0502605759994,7786.291,113.786,113.786,633.335,1.657,8.838,16.836,0.333,0.971,1
6.175,9.25992,29792.945,241.6268024914289,8827.551,246.248,246.248,777.432,2.502,13.191,34.382,0.681,0.964,2
3.144,4.6299600000000005,8379.569,145.22116760973938,7130.236,60.36,60.36,587.061,1.388,7.455,12.324,0.244,0.961,1
6.175,9.25992,29761.923,241.5704632631745,8787.08,245.974,245.974,761.212,2.516,13.282,33.597,0.665,1.0,2
2.088,3.08664,4432.116,140.8085912882623,6862.744,22.406,22.406,557.239,1.245,6.673,22.945,0.208,0.951,0
8.206,12.34656,50993.726,323.32046369611254,9302.364,438.042,438.042,915.384,3.593,18.506,59.856,1.185,0.986,3
6.175,12.34656,29762.397,241.5631328803161,8804.338,245.939,245.939,761.774,2.51,13.191,33.535,0.664,0.988,2
4.161,6.17328,14717.5,162.0479567413868,7705.28,113.734,113.734,633.388,1.665,8.978,16.931,0.335,0.996,1
7.148,10.80324,38992.399,280.447462911838,9127.281,332.279,332.279,816.744,2.972,15.468,43.387,0.859,0.979,3
6.175,9.25992,29761.278,241.56941606562336,8796.359,245.961,245.961,781.751,2.512,13.383,34.796,0.689,0.981,2
4.161,6.17328,14719.541,162.04889921918286,7738.504,113.747,113.747,631.32,1.662,8.906,16.797,0.333,0.987,1
1.138,1.54332,3536.821,145.41762187034385,6635.216,9.753,9.753,546.579,1.225,6.652,4.786,0.183,0.988,0
7.148,10.80324,38991.748,280.44631099453164,9124.985,332.219,332.219,841.062,2.974,15.701,45.108,0.893,0.967,3
7.148,10.80324,38994.942,280.4469393130624,9125.348,332.229,332.229,815.788,2.975,15.495,43.361,0.859,0.982,3
1.138,1.54332,2806.466,136.99438364753894,6688.931,5.313,5.313,552.39,1.183,6.376,32.191,0.207,0.955,0
5.14,7.7166,21624.594,201.51452861137392,8463.935,175.217,175.217,696.74,2.089,11.126,24.653,0.488,0.994,2
9.3,13.88988,72759.569,372.8420170131792,9752.382,644.87,644.87,1090.414,4.525,22.955,90.837,1.798,0.972,3
6.175,9.25992,29762.6,241.5620856827649,8803.316,246.016,246.016,756.594,2.51,13.159,33.224,0.658,0.992,2
4.161,6.17328,14723.7,162.0500511364892,7786.711,113.792,113.792,655.042,1.658,8.976,17.826,0.353,0.956,1
5.14,7.7166,21630.283,201.51547108917,8482.369,175.292,175.292,701.073,2.083,11.057,24.807,0.491,0.978,2
2.088,3.08664,3737.534,145.17456731871113,6828.448,29.971,29.971,517.33,1.234,6.605,0.0,0.146,0.972,0
9.3,13.88988,72768.988,372.8458916441186,9765.474,644.749,644.749,1085.993,4.508,22.655,90.08,1.783,0.968,3
3.144,4.6299600000000005,8378.278,145.22043457145355,7108.511,60.349,60.349,577.667,1.389,7.433,11.958,0.237,0.975,1
3.144,4.6299600000000005,8377.236,145.21980625292284,7083.643,60.336,60.336,583.088,1.39,7.491,12.191,0.241,0.977,1
7.148,10.80324,39006.452,280.441389166041,9116.542,332.357,332.357,820.718,2.986,15.691,43.889,0.869,0.99,3
5.14,7.7166,21637.412,201.51787964353773,8507.819,175.337,175.337,701.947,2.075,10.93,24.743,0.49,0.96,2
2.088,3.08664,5086.407,146.07002594473934,6776.174,31.611,31.611,555.496,1.283,6.94,0.0,0.192,0.987,0
3.144,4.6299600000000005,8377.708,145.2200156924331,7088.586,60.341,60.341,591.93,1.39,7.531,12.542,0.248,0.968,1
4.161,6.17328,14723.374,162.05036529575457,7792.028,113.79,113.79,639.477,1.657,8.868,17.112,0.339,0.965,1
4.161,6.17328,14721.441,162.04952753771357,7761.558,113.772,113.772,639.712,1.66,8.921,17.157,0.34,0.974,1
8.206,12.34656,50996.413,323.3317734296654,9316.462,438.098,438.098,933.946,3.574,18.431,60.982,1.207,0.96,3
8.206,12.34656,50993.839,323.321720333174,9311.176,437.997,437.997,913.749,3.579,18.306,59.476,1.177,0.976,3
4.161,6.17328,14723.223,162.0502605759994,7790.014,113.786,113.786,640.338,1.657,8.877,17.153,0.34,0.965,1
2.088,3.08664,6978.086,144.31795972183232,6737.848,28.523,28.523,614.558,1.336,7.295,8.327,0.272,0.993,0
5.14,7.7166,21634.557,201.51557580892512,8494.879,175.279,175.279,710.786,2.079,11.057,25.274,0.5,0.963,2
9.3,13.88988,72766.446,372.8450538860776,9776.57,645.061,645.061,1105.408,4.498,22.707,91.627,1.814,0.955,3
3.144,4.6299600000000005,8377.614,145.2200156924331,7090.071,60.342,60.342,585.662,1.39,7.497,12.291,0.243,0.973,1
7.148,10.80324,38997.645,280.44578739575604,9122.863,332.254,332.254,819.153,2.978,15.565,43.646,0.864,0.983,3
5.14,7.7166,21637.236,201.5149474903944,8500.13,175.325,175.325,722.48,2.077,11.108,25.873,0.512,0.952,2
8.206,12.34656,50997.093,323.33135455064496,9316.587,438.09,438.09,945.589,3.577,18.585,61.952,1.226,0.955,3
4.161,6.17328,14720.579,162.04963225746872,7760.67,113.758,113.758,624.579,1.66,8.825,16.459,0.326,0.985,1
9.3,13.88988,72773.456,372.8457869243635,9763.392,644.963,644.963,1072.097,4.508,22.513,88.798,1.758,0.975,3
4.161,6.17328,14717.65,162.04816618089703,7709.142,113.73,113.73,631.659,1.665,8.96,16.846,0.333,0.996,1
1.138,1.54332,943.192,144.15878569405044,6689.281,9.08,9.08,472.052,1.125,6.063,0.0,0.089,0.961,0
5.14,7.7166,21622.501,201.5139002928432,8456.726,175.188,175.188,697.087,2.091,11.168,24.704,0.489,0.999,2
8.206,12.34656,50993.268,323.3185787405204,9304.083,438.109,438.109,905.14,3.589,18.353,58.966,1.167,0.989,3
7.148,10.80324,39006.249,280.44191276481666,9117.115,332.386,332.386,816.38,2.986,15.646,43.576,0.863,0.992,3
4.161,6.17328,14720.426,162.04889921918286,7741.299,113.755,113.755,645.814,1.662,8.995,17.46,0.346,0.976,1
3.144,12.34656,8374.909,145.21844489610626,7041.159,60.308,60.308,577.232,1.392,7.514,11.978,0.237,0.994,1
5.14,12.34656,21638.729,201.5170418854968,8509.211,175.351,175.351,711.313,2.074,10.986,25.239,0.5,0.953,2
9.3,13.88988,72763.955,372.8422264526893,9738.66,644.813,644.813,1061.616,4.538,22.833,88.408,1.75,0.991,3
8.206,12.34656,50995.184,323.3303073530938,9326.171,438.116,438.116,930.649,3.558,18.189,60.429,1.196,0.95,3
9.3,12.34656,72768.854,372.842750051465,9737.008,645.049,645.049,1046.219,4.539,22.67,86.965,1.722,0.999,3
9.3,12.34656,72770.421,372.8457869243635,9770.873,644.777,644.777,1089.672,4.502,22.602,90.29,1.787,0.964,3
6.175,9.25992,29793.138,241.6262788926533,8827.354,246.233,246.233,771.032,2.502,13.145,33.994,0.673,0.968,2
5.14,7.7166,21626.059,201.51358613357783,8465.967,175.209,175.209,708.02,2.088,11.192,25.254,0.5,0.985,2
9.3,13.88988,72768.458,372.844530287302,9748.682,645.097,645.097,1062.638,4.526,22.665,88.262,1.747,0.986,3
1.138,1.54332,1739.21,137.44792490696216,6682.103,5.5,5.5,513.034,1.147,6.154,28.085,0.161,0.962,0
6.175,9.25992,29769.582,241.5943393673418,8811.906,245.986,245.986,765.316,2.507,13.179,33.714,0.668,0.981,2
7.148,10.80324,38978.654,280.4480912303687,9140.041,332.081,332.081,822.41,2.955,15.289,43.513,0.862,0.96,3
8.206,12.34656,50993.704,323.3220344924393,9314.465,438.095,438.095,911.717,3.573,18.214,59.216,1.172,0.973,3
1.138,1.54332,582.254,141.41826970256892,6646.936,7.415,7.415,442.364,1.108,5.882,6.098,0.07,0.993,0
1.138,1.54332,1552.291,143.9476706677292,6644.748,8.812,8.812,471.228,1.149,6.133,2.417,0.1,0.997,0
5.14,7.7166,21624.854,201.5158899681905,8468.282,175.212,175.212,686.32,2.088,11.031,24.066,0.476,0.998,2
5.14,7.7166,21630.64,201.51348141382272,8478.218,175.283,175.283,717.777,2.084,11.193,25.721,0.509,0.97,2
6.175,9.25992,29793.953,241.62188066293825,8830.476,246.304,246.304,769.41,2.501,13.116,33.878,0.671,0.967,2
3.144,12.34656,8373.746,145.2169788195346,7014.319,60.293,60.293,583.502,1.394,7.581,12.247,0.242,0.996,1
4.161,6.17328,14718.945,162.0482709006521,7719.723,113.744,113.744,643.97,1.664,9.021,17.401,0.344,0.984,1
3.144,4.6299600000000005,8375.432,145.21875905537163,7049.195,60.311,60.311,581.421,1.392,7.525,12.143,0.24,0.988,1
1.138,1.54332,3907.719,148.41794757427724,6731.524,11.55,11.55,557.949,1.241,6.684,0.0,0.19,0.961,0
5.14,7.7166,21630.401,201.5157852484353,8483.23,175.25,175.25,698.674,2.083,11.036,24.673,0.488,0.979,2
7.148,10.80324,38980.832,280.44798651061353,9136.517,332.194,332.194,829.383,2.959,15.405,44.065,0.872,0.96,3
8.206,12.34656,50993.606,323.3211967343984,9310.898,438.068,438.068,910.376,3.579,18.272,59.207,1.172,0.978,3
8.206,12.34656,50997.096,323.33355366550245,9318.882,438.029,438.029,936.654,3.571,18.418,61.14,1.21,0.956,3
4.161,6.17328,14722.283,162.04984169697894,7773.152,113.777,113.777,643.308,1.659,8.924,17.308,0.343,0.968,1
1.138,1.54332,3440.656,142.4520631251102,6598.729,8.108,8.108,551.822,1.217,6.638,13.7,0.195,0.993,0
3.144,12.34656,8379.453,145.22106288998427,7120.899,60.358,60.358,597.066,1.388,7.517,12.728,0.252,0.955,1
6.175,9.25992,29762.516,241.56239984203032,8803.311,245.953,245.953,758.151,2.51,13.17,33.319,0.66,0.991,2
4.161,6.17328,14722.253,162.0502605759994,7783.184,113.779,113.779,629.004,1.658,8.816,16.64,0.329,0.975,1
9.3,12.34656,72774.66,372.84400668852646,9747.683,644.889,644.889,1046.408,4.525,22.478,86.723,1.717,0.994,3
9.3,13.88988,72774.285,372.8455774848532,9770.641,645.086,645.086,1082.764,4.501,22.513,89.632,1.774,0.967,3
1.138,1.54332,2445.571,142.1508891093861,6608.151,7.954,7.954,523.487,1.181,6.434,12.792,0.16,0.987,0
2.088,3.08664,5852.167,145.83493009449572,6822.018,31.22,31.22,569.572,1.304,6.978,0.0,0.213,0.98,0
9.3,13.88988,72772.455,372.8448444465674,9759.535,645.129,645.129,1071.609,4.513,22.579,88.852,1.759,0.977,3
4.161,6.17328,14721.021,162.04952753771357,7760.998,113.769,113.769,637.078,1.66,8.905,17.037,0.337,0.976,1
3.144,4.6299600000000005,8379.31,145.22095817022915,7114.664,60.355,60.355,603.868,1.389,7.56,13.0,0.257,0.951,1
9.3,13.88988,72762.461,372.8430642107304,9754.983,645.036,645.036,1087.705,4.521,22.872,90.514,1.792,0.972,3
3.144,4.6299600000000005,8377.59,145.2200156924331,7086.328,60.334,60.334,591.477,1.39,7.531,12.525,0.248,0.969,1
4.161,6.17328,14720.452,162.04900393893797,7744.704,113.758,113.758,641.391,1.662,8.961,17.253,0.342,0.978,1
6.175,9.25992,29760.985,241.57130102121545,8785.074,245.983,245.983,776.183,2.516,13.404,34.523,0.683,0.992,2
4.161,6.17328,14724.465,162.05036529575457,7797.708,113.788,113.788,654.667,1.657,8.955,17.796,0.352,0.953,1
7.148,12.34656,38975.929,280.4475676315932,9141.503,332.037,332.037,832.835,2.953,15.346,44.197,0.875,0.952,3
5.14,7.7166,21630.426,201.5163088472109,8484.984,175.297,175.297,695.35,2.082,11.004,24.486,0.485,0.98,2
9.3,13.88988,72772.733,372.8457869243635,9772.461,644.792,644.792,1087.923,4.499,22.548,90.082,1.783,0.964,3
8.206,12.34656,50996.233,323.3266421616645,9315.226,437.984,437.984,947.008,3.58,18.631,62.108,1.23,0.956,3
3.144,4.6299600000000005,8377.592,145.2200156924331,7081.998,60.334,60.334,599.937,1.39,7.58,12.864,0.255,0.963,1
5.14,7.7166,21633.089,201.51348141382272,8484.952,175.261,175.261,723.012,2.082,11.192,25.969,0.514,0.962,2
2.088,3.08664,3881.876,145.4206587432423,6766.504,30.401,30.401,526.954,1.241,6.731,0.0,0.155,0.984,0
5.14,7.7166,21637.858,201.5153663694149,8502.941,175.319,175.319,721.064,2.076,11.084,25.785,0.51,0.951,2
2.088,3.08664,6839.849,142.8354421486033,6823.76,25.963,25.963,633.426,1.324,7.235,16.914,0.289,0.951,0
1.138,1.54332,4872.02,147.63747123937043,6716.261,11.036,11.036,575.279,1.271,6.811,0.0,0.216,0.974,0
4.161,6.17328,14722.925,162.0502605759994,7787.143,113.786,113.786,637.252,1.657,8.862,17.015,0.337,0.968,1
5.14,7.7166,21636.485,201.51735604476207,8504.044,175.34,175.34,702.772,2.076,10.955,24.804,0.491,0.962,2
6.175,12.34656,29796.597,241.6144455603248,8839.995,246.298,246.298,767.771,2.498,13.053,33.727,0.668,0.962,2
9.3,13.88988,72766.067,372.8448444465674,9770.339,644.868,644.868,1097.543,4.504,22.718,91.049,1.802,0.961,3
7.148,10.80324,38991.161,280.4480912303687,9129.332,332.272,332.272,809.512,2.97,15.375,42.843,0.848,0.981,3
5.14,7.7166,21629.746,201.5147380508841,8478.811,175.26,175.26,706.354,2.084,11.112,25.107,0.497,0.977,2
4.161,6.17328,14724.415,162.05088889453015,7811.074,113.797,113.797,635.712,1.655,8.812,16.918,0.335,0.962,1
3.144,4.6299600000000005,8379.282,145.22095817022915,7122.785,60.362,60.362,588.207,1.388,7.47,12.374,0.245,0.962,1
6.175,9.25992,29793.331,241.62544113461232,8828.53,246.261,246.261,774.743,2.502,13.166,34.213,0.677,0.965,2
6.175,9.25992,29761.36,241.5727670977872,8792.226,246.018,246.018,778.091,2.514,13.378,34.598,0.685,0.986,2
5.14,12.34656,21625.576,201.5127483755369,8462.43,175.241,175.241,713.418,2.089,11.249,25.56,0.506,0.984,2
6.175,9.25992,29793.164,241.62397505804063,8827.092,246.265,246.265,761.573,2.503,13.076,33.419,0.662,0.974,2
9.3,13.88988,72769.494,372.8452633255878,9772.751,645.068,645.068,1094.885,4.5,22.637,90.734,1.796,0.961,3
7.148,10.80324,39015.013,280.43405878318265,9111.188,332.518,332.518,823.687,2.993,15.811,44.209,0.875,0.995,3
4.161,6.17328,14725.349,162.05120305379552,7823.393,113.807,113.807,640.63,1.654,8.823,17.129,0.339,0.955,1
8.206,12.34656,50993.497,323.318264581255,9306.157,437.967,437.967,932.485,3.589,18.624,61.15,1.211,0.973,3
8.206,12.34656,50994.188,323.3248619258275,9318.652,438.046,438.046,919.87,3.568,18.221,59.765,1.183,0.964,3
6.175,12.34656,29760.607,241.5695207853784,8777.997,245.951,245.951,772.69,2.519,13.418,34.35,0.68,0.999,2
1.138,1.54332,2101.023,139.85040552891738,6619.066,6.677,6.677,513.389,1.165,6.292,20.897,0.158,0.987,0
7.148,10.80324,39011.03,280.43782869436694,9113.629,332.486,332.486,821.868,2.99,15.752,44.031,0.872,0.993,3
4.161,6.17328,14722.329,162.0501558562443,7780.283,113.768,113.768,635.894,1.658,8.865,16.96,0.336,0.971,1
2.088,3.08664,5283.28,146.03494482677425,6825.229,31.564,31.564,555.595,1.287,6.888,0.0,0.195,0.978,0
7.148,10.80324,39012.096,280.43720037583626,9113.203,332.476,332.476,819.56,2.991,15.742,43.88,0.869,0.995,3
1.138,1.54332,1140.684,144.86627235963888,6694.293,9.471,9.471,476.773,1.134,6.108,0.0,0.095,0.962,0
7.148,10.80324,38985.781,280.447462911838,9131.013,332.221,332.221,833.775,2.966,15.536,44.481,0.881,0.964,3
7.148,12.34656,38979.346,280.447462911838,9136.972,332.097,332.097,836.841,2.958,15.456,44.565,0.882,0.955,3
6.175,9.25992,29789.636,241.6413585373905,8815.779,246.258,246.258,771.74,2.507,13.212,34.101,0.675,0.975,2
8.206,12.34656,50993.974,323.3202542566023,9307.303,437.959,437.959,933.837,3.588,18.617,61.23,1.212,0.971,3
4.161,6.17328,14722.457,162.0500511364892,7780.566,113.783,113.783,637.204,1.658,8.873,17.02,0.337,0.97,1
7.148,10.80324,39002.594,280.44484491796,9120.69,332.427,332.427,806.102,2.982,15.5,42.784,0.847,0.994,3
4.161,6.17328,14719.88,162.04868977967263,7734.379,113.756,113.756,643.122,1.663,8.99,17.345,0.343,0.98,1
9.3,13.88988,72778.49,372.8468341219147,9772.582,645.1,645.1,1071.449,4.496,22.328,88.492,1.752,0.971,3
4.161,6.17328,14718.428,162.0480614611419,7711.24,113.726,113.726,643.51,1.665,9.033,17.39,0.344,0.987,1
7.148,10.80324,38984.647,280.4483006698789,9130.403,332.203,332.203,851.999,2.966,15.692,45.738,0.906,0.954,3
5.14,7.7166,21635.893,201.51683244598647,8501.253,175.298,175.298,704.13,2.077,10.979,24.889,0.493,0.963,2
9.3,13.88988,72780.374,372.84714828118,9781.296,645.162,645.162,1080.473,4.486,22.275,89.122,1.764,0.963,3
7.148,10.80324,39001.427,280.4436930006537,9119.335,332.35,332.35,826.283,2.982,15.685,44.214,0.875,0.983,3
7.148,10.80324,38996.995,280.4467298735521,9124.48,332.362,332.362,809.579,2.976,15.461,42.948,0.85,0.987,3
6.175,9.25992,29798.176,241.61245588497744,8848.022,246.297,246.297,779.437,2.495,13.096,34.391,0.681,0.95,2
4.161,6.17328,14726.161,162.05151721306086,7834.898,113.797,113.797,641.626,1.653,8.811,17.162,0.34,0.951,1
5.14,7.7166,21631.275,201.51452861137392,8482.682,175.273,175.273,711.4,2.083,11.125,25.36,0.502,0.971,2
3.144,12.34656,8379.96,145.22127232949452,7130.196,60.356,60.356,598.922,1.388,7.516,12.796,0.253,0.951,1
9.3,13.88988,72775.958,372.8475671602004,9784.617,644.797,644.797,1093.684,4.484,22.389,90.294,1.787,0.956,3
5.14,7.7166,21635.508,201.51725132500704,8501.077,175.294,175.294,699.751,2.077,10.95,24.654,0.488,0.966,2
8.206,12.34656,50993.011,323.31606546639745,9301.325,437.937,437.937,921.971,3.595,18.602,60.424,1.196,0.984,3
7.148,10.80324,38998.444,280.4445307586946,9120.672,332.297,332.297,833.33,2.98,15.716,44.671,0.884,0.977,3
1.138,12.34656,1765.655,145.15927823446367,6656.314,9.494,9.494,477.888,1.159,6.19,1.451,0.106,0.994,0
1.138,1.54332,4984.548,147.44300665411322,6692.171,10.952,10.952,589.421,1.275,6.915,0.0,0.228,0.971,0
1.138,1.54332,4130.691,147.73287093628443,6684.455,11.018,11.018,548.701,1.248,6.688,0.0,0.187,0.988,0
3.144,4.6299600000000005,8376.149,145.21907321463698,7067.812,60.319,60.319,572.279,1.391,7.455,11.761,0.233,0.991,1
2.088,3.08664,5450.557,141.04871368675165,6841.434,22.84,22.84,590.263,1.278,6.902,23.027,0.246,0.952,0
7.148,10.80324,39003.905,280.4434835611434,9119.123,332.355,332.355,812.35,2.983,15.578,43.253,0.856,0.992,3
9.3,13.88988,72776.398,372.84651996264927,9771.621,644.796,644.796,1077.082,4.498,22.42,89.06,1.763,0.969,3
5.14,7.7166,21629.537,201.51620412745584,8482.165,175.289,175.289,693.826,2.083,11.009,24.415,0.483,0.983,2
1.138,1.54332,5245.272,142.68778729388455,6628.008,8.215,8.215,595.065,1.274,6.904,12.358,0.25,0.992,0
5.14,12.34656,21633.902,201.51400501259832,8488.637,175.269,175.269,720.588,2.081,11.156,25.824,0.511,0.961,2
1.138,1.54332,2871.44,148.08703314809912,6716.084,11.301,11.301,522.27,1.204,6.463,0.0,0.15,0.969,0
8.206,12.34656,50993.404,323.3192070590511,9303.791,438.11,438.11,907.845,3.59,18.39,59.197,1.172,0.988,3
5.14,7.7166,21624.741,201.51505221014952,8465.666,175.205,175.205,691.969,2.089,11.084,24.386,0.483,0.996,2
7.148,10.80324,38973.613,280.44725347232776,9145.026,332.071,332.071,829.222,2.948,15.257,43.877,0.869,0.95,3
9.3,13.88988,72777.297,372.8487190775068,9792.862,645.143,645.143,1098.999,4.474,22.297,90.563,1.793,0.95,3
9.3,13.88988,72765.007,372.8447397268122,9777.342,645.071,645.071,1109.546,4.498,22.748,91.997,1.821,0.953,3
9.3,13.88988,72775.44,372.84390196877126,9745.089,645.123,645.123,1040.508,4.528,22.451,86.217,1.707,0.998,3
9.3,13.88988,72762.723,372.8424358921996,9746.36,644.803,644.803,1075.949,4.53,22.876,89.597,1.774,0.981,3
1.138,1.54332,3395.212,139.7220191091407,6617.643,6.621,6.621,554.319,1.209,6.552,23.995,0.207,0.987,0
1.138,1.54332,2777.311,139.3294247471971,6619.532,6.435,6.435,541.817,1.187,6.448,24.795,0.191,0.981,0
6.175,9.25992,29765.081,241.5815635572172,8809.893,245.996,245.996,777.053,2.507,13.275,34.437,0.682,0.975,2
7.148,10.80324,38998.708,280.4450543574702,9121.293,332.309,332.309,825.538,2.98,15.644,44.121,0.874,0.981,3
7.148,12.34656,38997.602,280.4469393130624,9124.564,332.383,332.383,804.71,2.977,15.421,42.607,0.844,0.99,3
8.206,12.34656,50995.658,323.33083095186936,9321.312,438.013,438.013,932.23,3.566,18.309,60.7,1.202,0.955,3
7.148,10.80324,38981.426,280.44767235134816,9134.979,332.076,332.076,835.807,2.961,15.483,44.536,0.882,0.958,3
9.3,13.88988,72779.097,372.8464152428941,9769.816,644.93,644.93,1065.319,4.499,22.301,87.976,1.742,0.975,3
4.161,6.17328,14718.092,162.0480614611419,7708.59,113.735,113.735,640.405,1.665,9.018,17.25,0.341,0.99,1
5.14,7.7166,21630.96,201.51547108917,8484.26,175.298,175.298,702.102,2.082,11.054,24.854,0.492,0.976,2
9.3,12.34656,72770.231,372.8468341219147,9782.776,644.891,644.891,1103.308,4.489,22.557,91.258,1.806,0.953,3
5.14,7.7166,21624.224,201.51306253480223,8459.611,175.213,175.213,708.889,2.09,11.233,25.329,0.501,0.989,2
7.148,10.80324,39003.397,280.44484491796,9120.822,332.443,332.443,799.653,2.982,15.447,42.33,0.838,0.998,3
1.138,1.54332,4470.977,143.579057129708,6616.685,8.715,8.715,574.776,1.253,6.812,8.191,0.22,0.993,0
7.148,10.80324,38979.558,280.4487195488994,9135.933,332.152,332.152,847.483,2.959,15.558,45.312,0.897,0.95,3
4.161,6.17328,14720.256,162.04900393893797,7742.476,113.758,113.758,640.941,1.662,8.962,17.235,0.341,0.979,1
5.14,7.7166,21625.27,201.513690853333,8464.067,175.204,175.204,704.044,2.089,11.176,25.048,0.496,0.989,2
7.148,10.80324,38984.53,280.4480912303687,9130.901,332.205,332.205,845.786,2.966,15.633,45.303,0.897,0.957,3
9.3,13.88988,72775.064,372.84704356142487,9788.829,644.876,644.876,1101.285,4.481,22.41,90.896,1.799,0.951,3
3.144,4.6299600000000005,8379.196,145.220853450474,7116.004,60.353,60.353,597.421,1.389,7.525,12.745,0.252,0.956,1
3.144,4.6299600000000005,8378.209,145.2203298516984,7094.24,60.348,60.348,598.391,1.39,7.557,12.796,0.253,0.961,1
6.175,9.25992,29794.666,241.6202051468564,8832.533,246.326,246.326,767.283,2.501,13.089,33.738,0.668,0.967,2
4.161,6.17328,14721.406,162.04973697722383,7768.421,113.767,113.767,631.049,1.659,8.854,16.751,0.332,0.978,1
6.175,9.25992,29774.672,241.61538803812084,8813.568,246.027,246.027,783.508,2.506,13.307,34.814,0.689,0.969,2
1.138,1.54332,686.506,141.96532570331405,6647.78,7.863,7.863,468.334,1.113,6.031,5.627,0.089,0.968,0
5.14,7.7166,21633.412,201.5139002928432,8486.715,175.305,175.305,719.522,2.081,11.159,25.776,0.51,0.963,2
9.3,13.88988,72774.884,372.8474624404453,9778.195,645.026,645.026,1088.755,4.492,22.448,90.004,1.782,0.961,3
1.138,1.54332,311.378,141.42277265203907,6676.098,7.638,7.638,462.814,1.097,5.946,6.304,0.08,0.952,0
7.148,10.80324,38978.435,280.4475676315932,9138.491,332.173,332.173,833.798,2.956,15.406,44.325,0.878,0.955,3
7.148,10.80324,38979.969,280.44788179085845,9137.516,332.059,332.059,829.057,2.958,15.385,44.022,0.872,0.959,3
7.148,10.80324,38981.676,280.44840538963405,9137.077,332.081,332.081,820.04,2.959,15.322,43.411,0.86,0.965,3
6.175,9.25992,29761.251,241.5699396643989,8782.024,245.999,245.999,766.661,2.518,13.35,33.959,0.672,1.0,2
5.14,7.7166,21636.529,201.51410973235343,8496.413,175.328,175.328,724.891,2.078,11.144,26.017,0.515,0.953,2
4.161,6.17328,14722.408,162.0502605759994,7785.458,113.784,113.784,629.45,1.657,8.815,16.658,0.33,0.974,1
8.206,12.34656,50993.807,323.32140617390866,9308.701,438.087,438.087,913.789,3.583,18.357,59.549,1.179,0.979,3
1.138,1.54332,511.214,138.7382817295466,6703.441,6.195,6.195,471.218,1.102,5.902,18.91,0.105,0.953,0
1.138,1.54332,2823.999,147.89665263329155,6706.177,11.125,11.125,511.3,1.202,6.415,0.0,0.142,0.981,0
4.161,6.17328,14720.4,162.04921337844823,7749.828,113.753,113.753,634.84,1.661,8.91,16.946,0.335,0.981,1
2.088,3.08664,2955.225,143.6558167102107,6815.695,27.262,27.262,501.875,1.204,6.47,6.002,0.13,0.969,0
7.148,10.80324,38979.556,280.44767235134816,9136.981,332.052,332.052,835.138,2.958,15.442,44.449,0.88,0.956,3
2.088,3.08664,6638.359,142.32378142508867,6821.232,25.064,25.064,626.68,1.317,7.183,19.003,0.284,0.953,0
3.144,4.6299600000000005,8375.556,145.21875905537163,7055.886,60.317,60.317,573.751,1.392,7.477,11.828,0.234,0.993,1
2.088,3.08664,3620.363,141.0414880236484,6815.408,22.768,22.768,536.435,1.221,6.588,20.704,0.18,0.961,0
3.144,4.6299600000000005,8373.715,145.2169788195346,7015.387,60.289,60.289,579.809,1.394,7.56,12.097,0.239,0.999,1
1.138,1.54332,6590.518,140.61716357590356,6646.735,7.076,7.076,631.296,1.307,7.048,20.915,0.302,0.987,0
6.175,9.25992,29761.729,241.56449423713272,8800.344,245.95,245.95,772.458,2.511,13.292,34.209,0.677,0.984,2
9.3,13.88988,72760.52,372.84212173293423,9760.674,644.733,644.733,1098.348,4.516,22.909,91.377,1.809,0.965,3
8.206,12.34656,50994.092,323.32339584925586,9313.529,437.99,437.99,918.141,3.576,18.307,59.77,1.183,0.971,3
6.175,9.25992,29789.94,241.6420915756764,8818.482,246.181,246.181,793.954,2.505,13.362,35.428,0.701,0.96,2
7.148,10.80324,39013.929,280.4346871017134,9111.612,332.537,332.537,826.01,2.993,15.822,44.361,0.878,0.993,3
3.144,4.6299600000000005,8374.201,145.21718825904483,7022.918,60.298,60.298,585.253,1.393,7.579,12.312,0.244,0.992,1
9.3,13.88988,72768.73,372.8455774848532,9780.482,644.805,644.805,1105.971,4.493,22.639,91.574,1.813,0.953,3
9.3,13.88988,72775.13,372.84421612803663,9742.95,644.88,644.88,1038.411,4.531,22.464,86.067,1.704,1.0,3
7.148,10.80324,39000.42,280.44599683526627,9122.686,332.376,332.376,802.171,2.979,15.434,42.468,0.841,0.994,3
7.148,10.80324,39005.265,280.44233164383706,9117.549,332.461,332.461,818.679,2.985,15.656,43.726,0.866,0.99,3
3.144,4.6299600000000005,8381.013,145.22190064802524,7156.384,60.383,60.383,589.554,1.387,7.437,12.41,0.246,0.952,1
3.144,4.6299600000000005,8375.667,145.21886377512678,7050.731,60.317,60.317,584.331,1.392,7.539,12.259,0.243,0.985,1
8.206,12.34656,50992.919,323.3158560268873,9297.702,438.093,438.093,912.925,3.6,18.572,59.782,1.183,0.993,3
5.14,7.7166,21627.86,201.5158899681905,8476.633,175.266,175.266,693.671,2.085,11.037,24.431,0.484,0.987,2
9.3,13.88988,72775.911,372.845368045343,9761.193,644.796,644.796,1063.186,4.51,22.439,87.998,1.742,0.98,3
8.206,12.34656,50994.789,323.32569968386844,9311.49,438.114,438.114,929.501,3.581,18.481,60.758,1.203,0.968,3
2.088,12.34656,4463.668,140.7848199038501,6847.747,22.365,22.365,560.39,1.247,6.704,23.207,0.211,0.953,0
5.14,7.7166,21629.435,201.5153663694149,8479.587,175.247,175.247,700.995,2.084,11.071,24.815,0.491,0.98,2
2.088,3.08664,5224.767,140.90304850738022,6753.445,22.523,22.523,560.158,1.274,6.836,22.407,0.222,0.998,0
4.161,6.17328,14719.495,162.04879449942777,7735.073,113.752,113.752,635.647,1.662,8.94,17.001,0.337,0.985,1
1.138,1.54332,2334.559,143.04969876757812,6613.272,8.361,8.361,503.069,1.178,6.35,7.204,0.138,1.0,0
3.144,4.6299600000000005,8376.019,145.21907321463698,7056.683,60.322,60.322,588.151,1.392,7.551,12.409,0.246,0.98,1
3.144,4.6299600000000005,8376.36,145.21928265414724,7063.962,60.321,60.321,586.989,1.391,7.536,12.359,0.245,0.979,1
3.144,4.6299600000000005,8376.888,145.21959681341258,7080.418,60.333,60.333,577.298,1.391,7.465,11.959,0.237,0.983,1
9.3,13.88988,72763.718,372.844530287302,9775.359,644.723,644.723,1109.272,4.5,22.782,92.024,1.822,0.954,3
5.14,7.7166,21628.512,201.5163088472109,8479.325,175.276,175.276,690.878,2.084,11.004,24.267,0.48,0.987,2
2.088,3.08664,6795.427,144.831400681184,6756.098,29.42,29.42,601.623,1.332,7.221,5.098,0.257,0.994,0
6.175,9.25992,29765.455,241.57747948676752,8809.615,245.961,245.961,761.15,2.508,13.159,33.47,0.663,0.985,2
4.161,12.34656,14717.113,162.04774730187654,7697.142,113.73,113.73,634.249,1.666,8.998,16.98,0.336,0.998,1
7.148,10.80324,38989.199,280.4469393130624,9126.955,332.235,332.235,842.048,2.971,15.673,45.133,0.894,0.964,3
7.148,10.80324,38984.733,280.44735819208285,9130.934,332.231,332.231,842.331,2.966,15.605,45.067,0.892,0.959,3
4.161,6.17328,14725.508,162.05099361428526,7818.587,113.809,113.809,648.549,1.655,8.881,17.495,0.346,0.951,1
7.148,12.34656,38981.915,280.4483006698789,9136.574,332.091,332.091,821.028,2.96,15.339,43.49,0.861,0.965,3
9.3,13.88988,72761.738,372.8428547712201,9765.068,644.706,644.706,1100.882,4.511,22.862,91.503,1.811,0.962,3
7.148,10.80324,38987.194,280.44735819208285,9129.511,332.265,332.265,835.151,2.968,15.574,44.607,0.883,0.965,3
2.088,3.08664,2849.678,142.33184484623283,6785.147,24.943,24.943,509.389,1.198,6.49,12.728,0.142,0.97,0
7.148,10.80324,38980.045,280.44840538963405,9135.424,332.19,332.19,845.077,2.96,15.548,45.158,0.894,0.952,3
7.148,10.80324,38983.44,280.44767235134816,9133.512,332.109,332.109,832.071,2.963,15.479,44.312,0.877,0.962,3
4.161,12.34656,14724.15,162.0500511364892,7787.98,113.794,113.794,660.523,1.658,9.009,18.072,0.358,0.952,1
4.161,6.17328,14723.353,162.04973697722383,7776.418,113.782,113.782,658.164,1.659,9.014,17.979,0.356,0.957,1
8.206,12.34656,50992.374,323.3128191539888,9304.03,437.986,437.986,931.545,3.592,18.656,61.13,1.21,0.976,3
9.3,12.34656,72766.198,372.844530287302,9766.847,644.746,644.746,1094.098,4.508,22.738,90.816,1.798,0.964,3
7.148,12.34656,38991.812,280.4467298735521,9126.112,332.278,332.278,830.457,2.973,15.597,44.358,0.878,0.972,3
3.144,4.6299600000000005,8378.696,145.22053929120867,7100.269,60.353,60.353,603.655,1.389,7.576,13.0,0.257,0.955,1
1.138,1.54332,3958.895,139.55153534780587,6621.745,6.575,6.575,578.583,1.227,6.685,25.616,0.233,0.979,0
2.088,3.08664,4242.258,145.73701712345883,6778.237,30.983,30.983,534.154,1.254,6.779,0.0,0.165,0.984,0
5.14,12.34656,21629.229,201.51620412745584,8481.228,175.285,175.285,693.32,2.083,11.01,24.392,0.483,0.984,2
9.3,13.88988,72776.614,372.8461010836288,9762.811,645.143,645.143,1061.493,4.508,22.387,87.792,1.738,0.98,3
8.206,12.34656,50993.562,323.32130145415346,9311.856,438.002,438.002,910.033,3.577,18.248,59.151,1.171,0.977,3
8.206,12.34656,50993.601,323.3220344924393,9314.871,438.087,438.087,910.712,3.573,18.193,59.122,1.17,0.973,3
2.088,3.08664,6928.831,143.26720169896168,6773.217,26.656,26.656,602.889,1.33,7.163,13.239,0.267,0.992,0
2.088,3.08664,6962.623,143.4981087590005,6767.477,27.062,27.062,604.398,1.332,7.185,12.235,0.267,0.993,0
7.148,10.80324,38985.822,280.44840538963405,9129.394,332.251,332.251,850.633,2.967,15.699,45.666,0.904,0.956,3
6.175,9.25992,29763.018,241.5709868619501,8807.636,245.928,245.928,772.806,2.508,13.255,34.19,0.677,0.979,2
5.14,7.7166,21630.192,201.5142144521085,8478.939,175.259,175.259,710.802,2.084,11.141,25.345,0.502,0.974,2
4.161,6.17328,14722.224,162.04994641673406,7776.024,113.775,113.775,636.301,1.659,8.875,16.984,0.336,0.972,1
5.14,7.7166,21629.092,201.51683244598647,8482.017,175.291,175.291,688.105,2.083,10.971,24.105,0.477,0.987,2
4.161,6.17328,14723.635,162.05036529575457,7793.211,113.789,113.789,644.776,1.657,8.9,17.352,0.344,0.961,1
6.175,9.25992,29795.562,241.6191579493052,8837.484,246.337,246.337,785.426,2.498,13.197,34.809,0.689,0.953,2
8.206,12.34656,50996.129,323.3268516011748,9313.76,437.976,437.976,943.944,3.581,18.62,61.893,1.225,0.959,3
7.148,10.80324,38979.479,280.44777707110336,9137.496,332.183,332.183,832.43,2.958,15.412,44.253,0.876,0.957,3
4.161,6.17328,14722.398,162.04994641673406,7776.857,113.782,113.782,640.245,1.659,8.898,17.164,0.34,0.969,1
9.3,13.88988,72767.809,372.845368045343,9769.628,645.052,645.052,1093.466,4.504,22.677,90.682,1.795,0.963,3
8.206,12.34656,50990.504,323.30433685382405,9300.796,438.031,438.031,929.296,3.597,18.694,61.034,1.208,0.981,3
1.138,1.54332,5642.569,138.6226711198945,6644.863,6.125,6.125,630.996,1.275,6.954,29.954,0.296,0.968,0
4.161,6.17328,14717.015,162.04774730187654,7695.433,113.727,113.727,636.432,1.666,9.015,17.083,0.338,0.997,1
9.3,13.88988,72774.742,372.8456822046084,9757.919,645.047,645.047,1059.909,4.514,22.459,87.766,1.737,0.983,3
6.175,9.25992,29761.66,241.5640753581122,8801.376,245.929,245.929,772.963,2.51,13.29,34.234,0.678,0.983,2
9.3,13.88988,72761.949,372.841912293424,9734.361,644.87,644.87,1059.295,4.543,22.88,88.286,1.748,0.994,3
4.161,6.17328,14720.622,162.04931809820337,7752.061,113.766,113.766,635.287,1.661,8.909,16.965,0.336,0.98,1
4.161,6.17328,14724.427,162.0500511364892,7790.315,113.781,113.781,660.998,1.658,9.008,18.09,0.358,0.951,1
3.144,4.6299600000000005,8379.905,145.2213770492496,7134.077,60.369,60.369,591.739,1.388,7.474,12.509,0.248,0.956,1
2.088,3.08664,3157.746,144.27397742468204,6724.715,28.328,28.328,502.882,1.215,6.6,2.244,0.13,0.998,0
4.161,6.17328,14721.373,162.04931809820337,7757.872,113.771,113.771,642.779,1.66,8.947,17.302,0.342,0.973,1
9.3,13.88988,72773.876,372.8462058033839,9773.252,644.962,644.962,1087.052,4.498,22.521,89.977,1.781,0.964,3
6.175,12.34656,29789.647,241.643557652248,8817.354,246.236,246.236,791.767,2.506,13.352,35.303,0.699,0.962,2
9.3,13.88988,72762.61,372.842750051465,9733.956,644.943,644.943,1055.422,4.543,22.839,87.923,1.74,0.996,3
6.175,12.34656,29795.308,241.61936738881545,8836.256,246.268,246.268,781.645,2.499,13.175,34.588,0.685,0.956,2
1.138,12.34656,4603.398,148.00367622302386,6725.873,11.29,11.29,574.283,1.263,6.786,0.0,0.211,0.966,0
8.206,12.34656,50993.844,323.3222439319496,9313.65,438.015,438.015,913.736,3.575,18.254,59.405,1.176,0.973,3
4.161,6.17328,14724.782,162.050784174775,7809.186,113.802,113.802,646.682,1.656,8.885,17.421,0.345,0.955,1
3.144,4.6299600000000005,8377.105,145.21970153316772,7077.029,60.335,60.335,590.931,1.391,7.54,12.509,0.248,0.972,1
9.3,12.34656,72767.91,372.8432736502406,9746.947,644.739,644.739,1064.376,4.528,22.719,88.473,1.751,0.986,3
5.14,7.7166,21635.883,201.51463333112903,8496.216,175.276,175.276,720.325,2.078,11.114,25.776,0.51,0.956,2
4.161,6.17328,14724.559,162.05109833404038,7815.423,113.802,113.802,635.318,1.655,8.803,16.895,0.334,0.961,1
1.138,1.54332,583.818,142.0721398535361,6661.251,7.844,7.844,449.748,1.108,5.926,2.963,0.071,0.979,0
5.14,7.7166,21624.854,201.5159946879456,8468.262,175.23,175.23,684.904,2.088,11.022,23.989,0.475,0.999,2
7.148,10.80324,38986.964,280.44798651061353,9131.639,332.211,332.211,821.009,2.966,15.425,43.591,0.863,0.971,3
8.206,12.34656,50994.223,323.3259091233787,9322.263,438.011,438.011,921.313,3.562,18.161,59.779,1.183,0.959,3
3.144,4.6299600000000005,8373.35,145.21676938002437,7005.783,60.286,60.286,581.762,1.394,7.583,12.181,0.241,1.0,1
4.161,6.17328,14722.771,162.0504700155097,7792.022,113.785,113.785,629.503,1.657,8.804,16.653,0.33,0.972,1
7.148,10.80324,39001.637,280.44390244016387,9119.366,332.421,332.421,824.604,2.982,15.671,44.097,0.873,0.984,3
3.144,4.6299600000000005,8376.157,145.2191779343921,7055.089,60.322,60.322,594.452,1.392,7.586,12.662,0.251,0.975,1
8.206,12.34656,50994.562,323.32549024435826,9315.648,438.015,438.015,925.306,3.574,18.346,60.296,1.194,0.965,3
7.148,10.80324,38979.511,280.44788179085845,9135.933,332.152,332.152,844.042,2.959,15.531,45.077,0.892,0.952,3
2.088,3.08664,3320.905,144.5532650115862,6826.57,28.852,28.852,507.431,1.218,6.524,1.229,0.134,0.97,0
3.144,4.6299600000000005,8381.311,145.22211008753547,7167.251,60.38,60.38,583.878,1.386,7.395,12.177,0.241,0.954,1
1.138,1.54332,3584.106,147.53474115959804,6676.947,10.835,10.835,523.642,1.229,6.54,0.0,0.161,0.999,0
9.3,13.88988,72762.423,372.8434830897508,9757.323,644.766,644.766,1089.958,4.519,22.859,90.669,1.795,0.97,3
2.088,3.08664,5270.947,140.97624761620884,6853.595,22.712,22.712,582.753,1.272,6.844,23.006,0.238,0.951,0
4.161,6.17328,14719.397,162.04900393893797,7738.022,113.747,113.747,628.733,1.662,8.891,16.678,0.33,0.989,1
1.138,1.54332,3844.937,139.60934065263194,6620.534,6.591,6.591,572.109,1.223,6.646,24.704,0.227,0.982,0
8.206,12.34656,50992.353,323.31271443423367,9294.463,437.986,437.986,909.065,3.604,18.594,59.552,1.179,0.999,3
5.14,7.7166,21628.147,201.5129578150472,8469.866,175.264,175.264,717.58,2.087,11.236,25.749,0.51,0.976,2
4.161,6.17328,14718.077,162.0482709006521,7715.405,113.737,113.737,631.674,1.664,8.949,16.84,0.333,0.994,1
3.144,4.6299600000000005,8376.54,145.21938737390235,7065.554,60.324,60.324,589.94,1.391,7.549,12.476,0.247,0.976,1
4.161,12.34656,14724.149,162.0500511364892,7789.667,113.797,113.797,658.247,1.658,8.992,17.967,0.356,0.953,1
4.161,6.17328,14724.842,162.0505747352648,7804.397,113.786,113.786,654.718,1.656,8.944,17.791,0.352,0.951,1
4.161,6.17328,14719.242,162.0491086586931,7739.273,113.751,113.751,624.038,1.662,8.858,16.458,0.326,0.992,1
8.206,12.34656,50992.454,323.3128191539888,9301.562,438.069,438.069,925.42,3.595,18.636,60.699,1.202,0.982,3
2.088,3.08664,2827.695,142.59762358472656,6801.329,25.406,25.406,505.565,1.198,6.462,11.248,0.137,0.968,0
9.3,13.88988,72760.526,372.842750051465,9753.254,644.783,644.783,1089.509,4.524,22.927,90.729,1.796,0.972,3
1.138,1.54332,2463.25,137.28079217779117,6675.925,5.401,5.401,532.504,1.172,6.282,30.201,0.187,0.967,0
9.3,13.88988,72772.183,372.8432736502406,9747.754,645.017,645.017,1054.909,4.526,22.585,87.542,1.733,0.99,3
7.148,10.80324,38988.742,280.44767235134816,9129.644,332.203,332.203,823.351,2.969,15.478,43.794,0.867,0.972,3
7.148,10.80324,39018.302,280.430812470774,9109.885,332.602,332.602,818.436,2.995,15.793,43.873,0.869,1.0,3
2.088,3.08664,3234.314,141.40570333195458,6810.414,23.382,23.382,523.529,1.209,6.523,18.206,0.163,0.963,0
8.206,12.34656,50991.567,323.30810676500835,9296.506,438.005,438.005,917.814,3.602,18.651,60.214,1.192,0.992,3
2.088,3.08664,2848.041,142.95189051629634,6837.508,26.034,26.034,500.552,1.198,6.413,9.469,0.131,0.963,0
6.175,9.25992,29763.537,241.57800308554312,8808.956,245.929,245.929,784.659,2.507,13.336,34.902,0.691,0.971,2
2.088,3.08664,3058.052,143.9902916080629,6822.783,27.848,27.848,502.194,1.208,6.478,3.909,0.129,0.969,0
4.161,6.17328,14717.19,162.04774730187654,7697.578,113.722,113.722,636.872,1.666,9.014,17.101,0.339,0.996,1
7.148,10.80324,39005.119,280.4436930006537,9119.327,332.334,332.334,802.592,2.984,15.497,42.567,0.843,0.998,3
9.3,13.88988,72761.045,372.8417028539138,9742.028,644.948,644.948,1073.568,4.535,22.923,89.474,1.771,0.984,3
2.088,3.08664,5425.21,145.99106724937914,6822.735,31.492,31.492,558.947,1.291,6.91,0.0,0.199,0.979,0
1.138,1.54332,981.858,144.39377682453895,6749.384,9.209,9.209,465.324,1.126,5.983,0.0,0.085,0.954,0
7.148,10.80324,38983.589,280.4487195488994,9131.9,332.116,332.116,847.157,2.964,15.626,45.375,0.898,0.955,3
4.161,6.17328,14721.738,162.0494228179585,7760.954,113.775,113.775,647.24,1.66,8.97,17.502,0.346,0.969,1
7.148,10.80324,38998.773,280.4464157142868,9123.594,332.38,332.38,805.053,2.978,15.441,42.651,0.844,0.991,3
3.144,4.6299600000000005,8374.475,145.21813073684092,7032.87,60.299,60.299,574.299,1.393,7.509,11.863,0.235,0.999,1
4.161,6.17328,14717.964,162.0482709006521,7713.244,113.725,113.725,631.236,1.664,8.95,16.822,0.333,0.995,1
8.206,12.34656,50990.048,323.3020330192114,9295.619,438.01,438.01,919.952,3.604,18.692,60.411,1.196,0.992,3
7.148,10.80324,38987.434,280.44851010938913,9132.213,332.272,332.272,813.421,2.966,15.355,43.055,0.852,0.975,3
9.3,12.34656,72779.115,372.8483001984863,9792.047,645.125,645.125,1094.925,4.474,22.257,90.199,1.786,0.952,3
5.14,12.34656,21626.157,201.51662300647635,8473.7,175.238,175.238,685.038,2.086,10.994,23.973,0.475,0.995,2
4.161,6.17328,14725.664,162.05130777355063,7826.395,113.804,113.804,643.74,1.654,8.838,17.268,0.342,0.952,1
9.3,13.88988,72755.957,372.83866598101537,9725.267,644.718,644.718,1061.439,4.554,23.064,88.702,1.756,0.997,3
6.175,9.25992,29770.205,241.60365942554745,8812.498,246.048,246.048,789.533,2.506,13.355,35.18,0.697,0.966,2
7.148,10.80324,38990.475,280.44683459330724,9126.53,332.213,332.213,836.224,2.972,15.635,44.744,0.886,0.968,3
8.206,12.34656,50993.745,323.3222439319496,9315.017,438.001,438.001,912.393,3.573,18.21,59.256,1.173,0.972,3
4.161,6.17328,14724.748,162.0505747352648,7803.761,113.778,113.778,652.006,1.656,8.928,17.669,0.35,0.953,1
5.14,7.7166,21633.49,201.51400501259832,8487.671,175.257,175.257,720.054,2.081,11.157,25.8,0.511,0.962,2
8.206,12.34656,50994.546,323.32601384313386,9317.181,438.107,438.107,925.651,3.571,18.319,60.281,1.193,0.963,3
2.088,3.08664,4303.684,145.7645584190553,6801.677,31.046,31.046,534.262,1.255,6.755,0.0,0.166,0.979,0
3.144,4.6299600000000005,8379.545,145.22106288998427,7131.862,60.363,60.363,579.632,1.388,7.415,12.025,0.238,0.967,1
7.148,10.80324,39015.812,280.4328021461212,9110.683,332.502,332.502,824.726,2.994,15.829,44.292,0.877,0.995,3
7.148,10.80324,39008.171,280.44044668824495,9115.607,332.373,332.373,819.433,2.988,15.697,43.819,0.868,0.992,3
1.138,1.54332,3842.06,148.25845938722998,6720.732,11.406,11.406,549.292,1.238,6.648,0.0,0.183,0.97,0
8.206,12.34656,50995.945,323.330516792604,9314.906,438.106,438.106,933.612,3.576,18.459,60.999,1.208,0.962,3
1.138,1.54332,7071.489,140.99436413384456,6690.795,7.37,7.37,649.808,1.32,7.118,19.317,0.319,0.969,0
7.148,12.34656,38989.768,280.44767235134816,9128.657,332.295,332.295,823.695,2.97,15.499,43.839,0.868,0.973,3
7.148,10.80324,38982.03,280.4486148291443,9133.408,332.213,332.213,845.77,2.962,15.588,45.248,0.896,0.954,3
6.175,9.25992,29762.851,241.5636564790917,8805.371,245.955,245.955,757.587,2.509,13.155,33.273,0.659,0.99,2
1.138,1.54332,1239.708,143.38071791351138,6646.582,8.551,8.551,470.461,1.137,6.102,2.437,0.095,0.986,0
1.138,1.54332,4794.862,141.05185527940523,6621.714,7.322,7.322,587.421,1.256,6.807,19.857,0.245,0.991,0
1.138,12.34656,5380.046,142.5979377439919,6630.67,8.191,8.191,603.858,1.278,6.945,12.789,0.258,0.987,0
4.161,6.17328,14725.856,162.05130777355063,7827.052,113.815,113.815,646.403,1.654,8.854,17.388,0.344,0.95,1
2.088,3.08664,3891.331,145.4235908963857,6778.243,30.411,30.411,525.939,1.241,6.713,0.0,0.155,0.982,0
8.206,12.34656,50996.188,323.32810823823627,9312.072,438.119,438.119,939.182,3.582,18.59,61.544,1.218,0.963,3
9.3,13.88988,72769.702,372.84400668852646,9749.805,645.031,645.031,1063.726,4.525,22.659,88.339,1.749,0.985,3
5.14,7.7166,21637.304,201.51620412745584,8503.518,175.29,175.29,712.58,2.076,11.024,25.331,0.501,0.956,2
1.138,1.54332,3677.58,145.7833032552217,6644.889,9.995,9.995,555.267,1.23,6.7,4.063,0.19,0.981,0
4.161,12.34656,14717.794,162.04837562040728,7714.511,113.739,113.739,626.505,1.664,8.917,16.601,0.329,0.998,1
2.088,3.08664,3845.574,145.3629581581714,6784.952,30.296,30.296,523.722,1.239,6.693,0.0,0.152,0.981,0
7.148,10.80324,38989.589,280.4469393130624,9126.995,332.184,332.184,838.609,2.971,15.645,44.897,0.889,0.966,3
1.138,1.54332,928.997,144.3403697494279,6700.347,9.224,9.224,477.509,1.124,6.083,0.0,0.093,0.952,0
9.3,13.88988,72780.212,372.84861435775167,9785.67,644.935,644.935,1085.051,4.481,22.249,89.44,1.77,0.959,3
5.14,7.7166,21625.385,201.5144238916188,8465.794,175.223,175.223,699.201,2.088,11.133,24.778,0.49,0.991,2
2.088,3.08664,5723.115,145.9583946857818,6792.403,31.435,31.435,568.838,1.302,7.012,0.0,0.211,0.986,0
8.206,12.34656,50997.004,323.3348103025639,9324.33,438.074,438.074,935.682,3.562,18.292,60.901,1.206,0.95,3
3.144,4.6299600000000005,8377.864,145.2201204121882,7098.609,60.345,60.345,579.58,1.39,7.455,12.041,0.238,0.976,1
1.138,1.54332,4730.835,144.54279303607422,6634.795,9.235,9.235,575.118,1.263,6.832,4.934,0.22,0.993,0
4.161,6.17328,14719.925,162.0485850599175,7731.246,113.753,113.753,648.914,1.663,9.033,17.613,0.349,0.977,1
6.175,9.25992,29761.779,241.57035854341945,8786.06,246.008,246.008,762.294,2.516,13.296,33.669,0.667,1.0,2
2.088,3.08664,4320.373,140.76617978743883,6820.474,22.32,22.32,560.06,1.243,6.721,23.402,0.209,0.957,0
5.14,7.7166,21636.127,201.5169371657417,8502.222,175.294,175.294,704.654,2.076,10.977,24.913,0.493,0.962,2
5.14,7.7166,21622.851,201.5133766940676,8456.802,175.239,175.239,702.93,2.091,11.208,25.02,0.495,0.995,2
9.3,13.88988,72766.852,372.84390196877126,9751.907,644.961,644.961,1072.643,4.523,22.734,89.143,1.765,0.98,3
2.088,3.08664,3653.646,145.11791393119137,6792.45,29.863,29.863,518.871,1.232,6.648,0.0,0.146,0.978,0
5.14,7.7166,21626.104,201.5163088472109,8472.812,175.248,175.248,685.959,2.086,11.005,24.027,0.476,0.995,2
4.161,6.17328,14723.011,162.04994641673406,7780.882,113.786,113.786,648.697,1.658,8.946,17.545,0.347,0.962,1
4.161,6.17328,14723.864,162.050784174775,7804.109,113.786,113.786,634.347,1.656,8.815,16.863,0.334,0.965,1
3.144,4.6299600000000005,8376.228,145.21907321463698,7071.307,60.323,60.323,567.914,1.391,7.428,11.581,0.229,0.994,1
2.088,12.34656,6944.782,144.21669571863157,6764.392,28.336,28.336,604.456,1.334,7.211,8.666,0.264,0.993,0
7.148,10.80324,38994.323,280.446625153797,9124.717,332.247,332.247,825.104,2.975,15.579,44.019,0.872,0.977,3
6.175,9.25992,29762.338,241.5635517593366,8804.341,245.937,245.937,763.344,2.509,13.202,33.631,0.666,0.987,2
2.088,12.34656,3392.253,144.73736234108657,6771.149,29.161,29.161,513.77,1.223,6.624,0.724,0.139,0.981,0
9.3,13.88988,72777.044,372.8472530009351,9781.976,645.017,645.017,1089.338,4.487,22.382,89.955,1.781,0.959,3
9.3,13.88988,72773.327,372.84599636387367,9767.301,645.116,645.116,1079.389,4.504,22.533,89.396,1.77,0.97,3
7.148,10.80324,38993.825,280.4456826760009,9123.53,332.245,332.245,839.041,2.976,15.71,45.001,0.891,0.97,3
7.148,12.34656,38993.632,280.44578739575604,9123.506,332.209,332.209,840.761,2.976,15.724,45.119,0.893,0.969,3
2.088,3.08664,5978.152,141.44130804869525,6841.009,23.528,23.528,605.424,1.295,7.008,22.01,0.263,0.951,0
5.14,7.7166,21630.919,201.51515692990463,8483.402,175.245,175.245,704.519,2.082,11.075,24.988,0.495,0.975,2
6.175,9.25992,29792.977,241.62554585436743,8827.395,246.276,246.276,772.625,2.502,13.156,34.091,0.675,0.967,2
3.144,4.6299600000000005,8376.948,145.21959681341258,7083.888,60.328,60.328,572.88,1.39,7.438,11.777,0.233,0.986,1
3.144,4.6299600000000005,8378.064,145.2202251319433,7103.409,60.347,60.347,579.234,1.389,7.447,12.024,0.238,0.975,1
3.144,4.6299600000000005,8376.117,145.2191779343921,7055.406,60.316,60.316,593.185,1.392,7.579,12.611,0.25,0.976,1
1.138,1.54332,6003.768,146.60964684287094,6728.611,10.535,10.535,618.648,1.304,7.041,0.0,0.262,0.959,0
3.144,4.6299600000000005,8379.601,145.22116760973938,7134.427,60.366,60.366,578.849,1.388,7.408,11.992,0.237,0.967,1
6.175,9.25992,29761.373,241.56941606562336,8796.339,245.937,245.937,780.121,2.512,13.371,34.698,0.687,0.982,2
8.206,12.34656,50994.416,323.32402416778655,9310.5,437.963,437.963,923.654,3.581,18.434,60.307,1.194,0.972,3
3.144,12.34656,8376.033,145.21907321463698,7060.822,60.322,60.322,581.149,1.391,7.51,12.125,0.24,0.985,1
6.175,9.25992,29792.263,241.6297346445722,8824.137,246.205,246.205,769.483,2.504,13.15,33.918,0.672,0.971,2
9.3,13.88988,72766.009,372.8443208477918,9751.037,644.796,644.796,1073.518,4.524,22.761,89.249,1.767,0.98,3
4.161,6.17328,14718.974,162.04900393893797,7736.846,113.742,113.742,622.329,1.662,8.851,16.381,0.324,0.994,1
1.138,1.54332,3067.424,140.20446302097696,6613.775,6.831,6.831,535.445,1.199,6.46,21.604,0.187,0.996,0
1.138,1.54332,4269.981,148.020431383843,6695.069,11.285,11.285,569.849,1.253,6.789,0.0,0.203,0.97,0
4.161,6.17328,14718.328,162.04816618089703,7714.625,113.742,113.742,639.092,1.664,8.998,17.183,0.34,0.989,1
8.206,12.34656,50997.417,323.33407726427805,9317.077,438.136,438.136,941.796,3.575,18.524,61.622,1.22,0.956,3
4.161,6.17328,14722.586,162.0500511364892,7780.853,113.784,113.784,638.518,1.658,8.881,17.08,0.338,0.969,1
3.144,4.6299600000000005,8379.552,145.22116760973938,7127.127,60.364,60.364,590.37,1.388,7.476,12.458,0.247,0.959,1
4.161,6.17328,14720.367,162.04889921918286,7742.738,113.748,113.748,642.267,1.662,8.97,17.296,0.342,0.978,1
7.148,10.80324,38984.647,280.44798651061353,9133.066,332.24,332.24,826.345,2.964,15.442,43.928,0.87,0.966,3
5.14,7.7166,21629.852,201.5169371657417,8484.821,175.292,175.292,689.612,2.082,10.966,24.175,0.479,0.984,2
9.3,13.88988,72758.986,372.83981789832166,9728.155,644.932,644.932,1058.77,4.55,22.982,88.38,1.75,0.997,3
4.161,6.17328,14720.639,162.04879449942777,7740.145,113.755,113.755,650.741,1.662,9.029,17.686,0.35,0.973,1
2.088,3.08664,6844.433,142.89764568314436,6771.289,26.006,26.006,600.445,1.327,7.138,14.912,0.265,0.993,0
2.088,3.08664,3838.528,145.3729065349078,6764.025,30.309,30.309,525.439,1.24,6.729,0.0,0.153,0.985,0
8.206,12.34656,50993.7,323.3210920146432,9308.566,438.046,438.046,912.098,3.583,18.341,59.414,1.176,0.98,3
3.144,4.6299600000000005,8379.069,145.220853450474,7121.589,60.352,60.352,582.78,1.389,7.444,12.157,0.241,0.967,1
1.138,1.54332,2087.187,146.30271324061522,6667.835,10.156,10.156,487.073,1.173,6.266,0.484,0.115,0.992,0
7.148,10.80324,38987.282,280.4483006698789,9128.388,332.177,332.177,847.552,2.969,15.691,45.477,0.9,0.959,3
5.14,7.7166,21630.37,201.51609940770075,8484.125,175.279,175.279,697.732,2.082,11.025,24.618,0.487,0.979,2
9.3,13.88988,72769.18,372.8452633255878,9762.045,644.975,644.975,1082.608,4.512,22.674,89.842,1.778,0.971,3
5.14,7.7166,21625.168,201.51410973235343,8464.95,175.209,175.209,703.081,2.089,11.164,24.992,0.495,0.989,2
2.088,3.08664,3315.328,144.56897297485415,6798.148,28.87,28.87,509.978,1.219,6.575,1.677,0.136,0.975,0
3.144,4.6299600000000005,8378.946,145.2207487307189,7115.345,60.352,60.352,589.357,1.389,7.485,12.424,0.246,0.963,1
3.144,4.6299600000000005,8378.451,145.22053929120867,7101.938,60.339,60.339,595.935,1.389,7.535,12.694,0.251,0.961,1
8.206,12.34656,50993.776,323.3210920146432,9309.115,437.983,437.983,912.764,3.582,18.337,59.453,1.177,0.979,3
7.148,10.80324,39007.711,280.4408655672654,9116.146,332.417,332.417,816.755,2.987,15.666,43.622,0.864,0.993,3
6.175,9.25992,29765.837,241.5758039706856,8809.607,245.996,245.996,753.378,2.508,13.103,32.993,0.653,0.99,2
2.088,12.34656,6388.337,141.90029473538473,6763.516,24.266,24.266,589.735,1.311,7.047,19.253,0.255,0.995,0
7.148,10.80324,38984.008,280.4487195488994,9131.4,332.217,332.217,848.193,2.965,15.643,45.456,0.9,0.955,3
2.088,3.08664,4682.712,145.99965426929893,6784.759,31.472,31.472,544.946,1.269,6.851,0.0,0.179,0.984,0
5.14,7.7166,21638.746,201.5164135669661,8507.455,175.334,175.334,714.719,2.075,11.018,25.428,0.503,0.952,2
1.138,1.54332,1158.251,144.99884756962035,6698.972,9.566,9.566,480.215,1.134,6.124,0.0,0.098,0.958,0
1.138,1.54332,784.358,143.46470315711733,6682.827,8.688,8.688,465.894,1.118,6.023,0.0,0.083,0.963,0
5.14,7.7166,21634.171,201.5143191718637,8490.452,175.313,175.313,718.627,2.08,11.133,25.712,0.509,0.961,2
4.161,6.17328,14718.469,162.04868977967263,7726.844,113.741,113.741,625.262,1.663,8.887,16.529,0.327,0.995,1
7.148,10.80324,38978.921,280.4480912303687,9139.538,332.17,332.17,823.398,2.956,15.306,43.591,0.863,0.96,3
7.148,10.80324,38986.398,280.4486148291443,9133.196,332.142,332.142,813.095,2.965,15.335,43.012,0.852,0.974,3
2.088,3.08664,2986.7,141.96008971555804,6833.478,24.327,24.327,510.411,1.201,6.442,14.661,0.146,0.961,0
7.148,10.80324,38992.861,280.4475676315932,9127.329,332.247,332.247,813.454,2.972,15.441,43.158,0.855,0.981,3
8.206,12.34656,50993.484,323.3189976195408,9300.185,438.077,438.077,912.769,3.596,18.52,59.702,1.182,0.99,3
3.144,4.6299600000000005,8378.323,145.22043457145355,7096.237,60.342,60.342,600.138,1.39,7.563,12.864,0.255,0.959,1
6.175,9.25992,29761.092,241.5652272754185,8800.5,245.968,245.968,783.798,2.51,13.375,34.896,0.691,0.977,2
8.206,12.34656,50982.629,323.2783663545544,9293.766,437.86,437.86,924.252,3.606,18.774,60.805,1.204,0.992,3
9.3,13.88988,72765.113,372.8425406119548,9736.909,644.726,644.726,1054.742,4.539,22.778,87.788,1.738,0.995,3
1.138,1.54332,1309.492,143.73749811920408,6649.217,8.741,8.741,471.177,1.14,6.11,2.172,0.096,0.987,0
5.14,12.34656,21637.345,201.51547108917,8501.889,175.319,175.319,719.012,2.076,11.075,25.681,0.508,0.953,2
6.175,9.25992,29761.743,241.5710915817052,8806.874,245.914,245.914,788.544,2.508,13.375,35.146,0.696,0.97,2
2.088,3.08664,6662.721,145.09037263559492,6766.843,29.882,29.882,596.471,1.328,7.186,3.65,0.249,0.992,0
1.138,12.34656,1649.057,146.12709821127956,6694.392,10.123,10.123,481.927,1.155,6.182,0.0,0.105,0.975,0
9.3,13.88988,72769.878,372.8451586058328,9771.231,644.754,644.754,1091.699,4.502,22.622,90.473,1.791,0.963,3
6.175,9.25992,29789.457,241.64376709175824,8816.057,246.196,246.196,783.031,2.506,13.294,34.784,0.689,0.968,2
6.175,9.25992,29762.075,241.5640753581122,8800.269,245.954,245.954,766.082,2.511,13.245,33.821,0.67,0.988,2
1.138,1.54332,3998.088,145.55805106195933,6642.359,9.855,9.855,562.228,1.241,6.75,4.312,0.199,0.984,0
1.138,1.54332,4894.969,147.51903319633007,6691.168,10.983,10.983,584.21,1.273,6.882,0.0,0.222,0.974,0
8.206,12.34656,50997.746,323.33575278036,9320.253,437.994,437.994,942.444,3.571,18.468,61.585,1.219,0.952,3
9.3,13.88988,72764.565,372.844530287302,9780.103,645.076,645.076,1113.985,4.495,22.756,92.342,1.828,0.95,3
5.14,7.7166,21627.793,201.5164135669661,8477.433,175.251,175.251,688.448,2.085,10.997,24.143,0.478,0.99,2
4.161,6.17328,14723.291,162.0504700155097,7793.738,113.779,113.779,637.303,1.657,8.851,17.01,0.337,0.966,1
5.14,7.7166,21630.998,201.5137955730881,8480.066,175.27,175.27,717.322,2.083,11.18,25.689,0.508,0.969,2
4.161,6.17328,14719.204,162.0485850599175,7727.262,113.75,113.75,639.125,1.663,8.977,17.17,0.34,0.985,1
2.088,3.08664,6690.426,145.0295304578704,6785.243,29.783,29.783,594.549,1.328,7.156,3.779,0.249,0.989,0
7.148,10.80324,38983.06,280.4487195488994,9132.402,332.217,332.217,846.121,2.964,15.609,45.294,0.897,0.955,3
3.144,4.6299600000000005,8376.955,145.21959681341258,7079.486,60.329,60.329,580.972,1.391,7.486,12.108,0.24,0.98,1
2.088,3.08664,2871.882,142.93450703694648,6856.889,26.006,26.006,499.167,1.198,6.387,9.224,0.131,0.96,0
7.148,10.80324,39008.973,280.44097028702055,9116.366,332.488,332.488,806.913,2.988,15.584,42.931,0.85,0.999,3
6.175,9.25992,29798.492,241.6114086874263,8850.006,246.334,246.334,775.695,2.494,13.058,34.154,0.676,0.951,2
4.161,12.34656,14721.562,162.04984169697894,7768.953,113.769,113.769,633.646,1.659,8.869,16.87,0.334,0.976,1
6.175,12.34656,29761.082,241.5710915817052,8785.068,245.964,245.964,774.566,2.516,13.392,34.424,0.682,0.993,2
3.144,4.6299600000000005,8376.622,145.21938737390235,7077.256,60.33,60.33,571.589,1.391,7.44,11.728,0.232,0.989,1
8.206,12.34656,50994.311,323.3264327221543,9323.39,438.082,438.082,922.706,3.561,18.154,59.86,1.185,0.957,3
9.3,13.88988,72773.005,372.8462058033839,9775.892,644.968,644.968,1091.369,4.496,22.528,90.316,1.788,0.961,3
5.14,7.7166,21622.652,201.5129578150472,8455.034,175.184,175.184,704.865,2.092,11.231,25.133,0.498,0.995,2
3.144,4.6299600000000005,8375.694,145.21886377512678,7058.402,60.307,60.307,572.973,1.392,7.47,11.795,0.233,0.993,1
7.148,10.80324,38981.885,280.44767235134816,9135.002,332.09,332.09,832.412,2.961,15.456,44.304,0.877,0.96,3
4.161,6.17328,14721.311,162.04931809820337,7757.602,113.77,113.77,641.452,1.66,8.939,17.241,0.341,0.974,1
6.175,9.25992,29764.82,241.57088214219496,8808.542,245.989,245.989,751.336,2.509,13.093,32.871,0.651,0.992,2
7.148,10.80324,38982.806,280.44767235134816,9134.004,332.089,332.089,832.748,2.962,15.476,44.348,0.878,0.961,3
8.206,12.34656,50992.478,323.3134474725195,9303.347,437.986,437.986,929.139,3.593,18.642,60.953,1.207,0.978,3
3.144,4.6299600000000005,8380.117,145.22148176900473,7135.375,60.362,60.362,597.286,1.388,7.501,12.729,0.252,0.951,1
6.175,9.25992,29794.075,241.6211476246524,8830.284,246.257,246.257,763.107,2.501,13.07,33.495,0.663,0.971,2
7.148,10.80324,38987.478,280.4481959501238,9131.153,332.137,332.137,820.347,2.967,15.428,43.555,0.862,0.972,3
7.148,10.80324,38981.157,280.44788179085845,9136.012,332.066,332.066,830.39,2.96,15.422,44.144,0.874,0.96,3
6.175,9.25992,29793.751,241.6257552938777,8831.218,246.307,246.307,790.412,2.501,13.267,35.144,0.696,0.954,2
8.206,12.34656,50993.393,323.31815986149985,9299.759,438.067,438.067,913.819,3.597,18.541,59.799,1.184,0.99,3
2.088,3.08664,4221.659,145.68800827806282,6810.471,30.901,30.901,531.291,1.252,6.734,0.0,0.163,0.977,0
7.148,10.80324,38991.255,280.44631099453164,9125.493,332.312,332.312,840.016,2.973,15.683,45.026,0.891,0.967,3
2.088,3.08664,6852.601,142.89963535849162,6759.604,26.009,26.009,602.35,1.327,7.162,15.205,0.267,0.995,0
4.161,6.17328,14724.729,162.0504700155097,7802.06,113.79,113.79,654.248,1.656,8.945,17.772,0.352,0.952,1
9.3,13.88988,72763.767,372.8424358921996,9746.125,644.724,644.724,1073.975,4.53,22.856,89.414,1.77,0.982,3
1.138,1.54332,590.485,139.01023893359238,6688.588,6.271,6.271,464.537,1.106,5.889,18.199,0.1,0.966,0
1.138,1.54332,7404.418,141.70384047478026,6715.486,7.832,7.832,671.297,1.33,7.22,16.47,0.336,0.952,0
3.144,12.34656,8374.057,145.21718825904483,7017.914,60.29,60.29,586.862,1.394,7.594,12.38,0.245,0.992,1
6.175,9.25992,29761.99,241.5636564790917,8803.365,245.928,245.928,767.587,2.51,13.239,33.895,0.671,0.985,2
1.138,1.54332,5133.872,140.91498655946387,6627.391,7.301,7.301,606.602,1.266,6.902,20.86,0.264,0.981,0
6.175,9.25992,29761.503,241.5639706383571,8801.42,245.938,245.938,776.182,2.51,13.313,34.43,0.682,0.981,2
7.148,10.80324,39007.76,280.44128444628586,9116.757,332.498,332.498,810.808,2.987,15.608,43.195,0.855,0.996,3
6.175,9.25992,29792.795,241.6305724026132,8828.237,246.213,246.213,797.09,2.501,13.332,35.561,0.704,0.952,2
1.138,12.34656,2757.515,142.61448346530082,6601.398,8.14,8.14,521.563,1.193,6.46,11.497,0.162,1.0,0
3.144,4.6299600000000005,8376.267,145.21928265414724,7061.429,60.317,60.317,587.792,1.391,7.543,12.392,0.245,0.979,1
2.088,3.08664,3877.118,145.37353485343846,6817.736,30.326,30.326,522.539,1.239,6.655,0.0,0.152,0.974,0
7.148,10.80324,39002.121,280.4442165994293,9120.028,332.385,332.385,815.275,2.982,15.585,43.437,0.86,0.989,3
5.14,7.7166,21623.751,201.51285309529203,8457.808,175.221,175.221,709.354,2.091,11.246,25.362,0.502,0.99,2
3.144,4.6299600000000005,8377.763,145.2201204121882,7087.705,60.336,60.336,595.735,1.39,7.551,12.694,0.251,0.965,1
3.144,4.6299600000000005,8376.204,145.2191779343921,7057.941,60.318,60.318,592.371,1.392,7.571,12.577,0.249,0.976,1
9.3,13.88988,72764.502,372.8448444465674,9772.24,644.759,644.759,1102.803,4.503,22.753,91.496,1.811,0.958,3
9.3,13.88988,72774.57,372.8463105231391,9775.163,645.135,645.135,1087.326,4.496,22.488,89.952,1.781,0.963,3
6.175,9.25992,29774.069,241.6115134071814,8813.383,246.038,246.038,777.016,2.507,13.26,34.421,0.682,0.973,2
3.144,4.6299600000000005,8378.646,145.22053929120867,7103.671,60.347,60.347,598.955,1.389,7.548,12.813,0.254,0.958,1
5.14,7.7166,21628.978,201.5153663694149,8478.61,175.238,175.238,699.026,2.084,11.063,24.713,0.489,0.982,2
6.175,9.25992,29792.54,241.6261741728981,8824.996,246.255,246.255,762.115,2.503,13.091,33.464,0.663,0.975,2
9.3,13.88988,72779.347,372.847986039221,9789.806,645.14,645.14,1092.58,4.477,22.27,90.041,1.782,0.954,3
5.14,7.7166,21628.781,201.5149474903944,8476.852,175.28,175.28,702.383,2.085,11.095,24.902,0.493,0.981,2
6.175,9.25992,29773.471,241.6071151774664,8813.14,246.017,246.017,767.42,2.507,13.189,33.838,0.67,0.979,2
8.206,12.34656,50994.571,323.32632800239924,9319.683,438.093,438.093,925.676,3.567,18.267,60.211,1.192,0.96,3
9.3,13.88988,72772.158,372.84400668852646,9751.285,644.766,644.766,1060.067,4.522,22.585,87.951,1.741,0.986,3
4.161,12.34656,14724.893,162.05088889453015,7813.233,113.806,113.806,644.942,1.655,8.867,17.337,0.343,0.955,1
4.161,6.17328,14722.853,162.0501558562443,7785.141,113.783,113.783,638.111,1.658,8.871,17.057,0.338,0.968,1
5.14,12.34656,21638.709,201.5159946879456,8506.676,175.299,175.299,718.687,2.075,11.048,25.642,0.508,0.95,2
6.175,9.25992,29761.161,241.57203405950128,8788.136,246.018,246.018,777.693,2.515,13.398,34.597,0.685,0.989,2
2.088,3.08664,3757.092,140.9531045503274,6817.163,22.628,22.628,541.316,1.225,6.617,21.117,0.186,0.96,0
2.088,3.08664,4172.897,145.6420363055653,6826.801,30.821,30.821,528.427,1.25,6.694,0.0,0.16,0.974,0
3.144,4.6299600000000005,8377.224,145.21980625292284,7083.336,60.336,60.336,584.326,1.39,7.498,12.241,0.242,0.976,1
1.138,1.54332,5777.169,138.6947183114168,6650.715,6.201,6.201,641.421,1.279,7.002,30.038,0.305,0.961,0
2.088,3.08664,4315.301,140.7745573678484,6827.946,22.346,22.346,558.875,1.243,6.708,23.114,0.208,0.956,0
6.175,9.25992,29761.632,241.5647036766429,8800.364,245.943,245.943,774.064,2.511,13.303,34.307,0.679,0.983,2
5.14,7.7166,21634.755,201.5144238916188,8492.387,175.317,175.317,719.695,2.079,11.13,25.76,0.51,0.959,2
8.206,12.34656,50994.033,323.3172173837038,9309.947,437.981,437.981,942.712,3.586,18.679,61.895,1.225,0.964,3
1.138,1.54332,1279.56,145.148177940421,6690.873,9.599,9.599,475.757,1.139,6.118,0.0,0.096,0.969,0
6.175,9.25992,29791.392,241.63392343477705,8822.359,246.22,246.22,781.283,2.504,13.247,34.643,0.686,0.965,2
1.138,1.54332,1993.294,138.07781423400692,6625.819,5.683,5.683,505.091,1.158,6.192,26.552,0.158,0.993,0
1.138,12.34656,4537.033,143.8229494393817,6620.66,8.847,8.847,574.943,1.255,6.819,6.924,0.22,0.993,0
2.088,3.08664,5807.74,145.9640495525583,6750.04,31.441,31.441,578.156,1.306,7.104,0.0,0.219,0.992,0
8.206,12.34656,50990.115,323.3020330192114,9293.886,438.052,438.052,916.301,3.606,18.686,60.16,1.191,0.996,3
7.148,10.80324,38991.008,280.446520434042,9125.471,332.214,332.214,841.738,2.973,15.697,45.144,0.894,0.966,3
9.3,12.34656,72759.055,372.840969815628,9744.129,644.9,644.9,1082.611,4.534,23.001,90.289,1.787,0.979,3
5.14,7.7166,21629.615,201.51672772623144,8483.92,175.292,175.292,690.535,2.083,10.977,24.229,0.48,0.984,2
7.148,10.80324,38989.845,280.4467298735521,9127.016,332.184,332.184,836.897,2.971,15.632,44.78,0.887,0.967,3
2.088,3.08664,3233.866,144.3211013144859,6861.34,28.449,28.449,501.624,1.214,6.457,2.703,0.13,0.964,0
4.161,6.17328,14723.4,162.04973697722383,7778.712,113.771,113.771,658.634,1.659,9.013,17.997,0.356,0.956,1
6.175,9.25992,29793.477,241.62460337657137,8828.331,246.222,246.222,768.375,2.502,13.12,33.827,0.67,0.969,2
6.175,9.25992,29761.695,241.56920662611304,8796.268,245.968,245.968,773.65,2.512,13.323,34.305,0.679,0.986,2
3.144,4.6299600000000005,8375.702,145.21886377512678,7054.236,60.307,60.307,579.838,1.392,7.511,12.076,0.239,0.988,1
4.161,6.17328,14721.118,162.04900393893797,7748.551,113.767,113.767,649.872,1.661,9.009,17.636,0.349,0.971,1
4.161,6.17328,14721.466,162.04984169697894,7770.151,113.773,113.773,628.911,1.659,8.837,16.65,0.33,0.979,1
6.175,9.25992,29789.265,241.64544260784007,8816.37,246.25,246.25,794.557,2.506,13.378,35.476,0.702,0.961,2
4.161,6.17328,14721.487,162.04952753771357,7761.827,113.768,113.768,641.034,1.66,8.929,17.217,0.341,0.973,1
3.144,4.6299600000000005,8380.18,145.22148176900473,7146.23,60.367,60.367,579.842,1.387,7.399,12.026,0.238,0.963,1
5.14,7.7166,21624.42,201.5153663694149,8465.617,175.246,175.246,689.105,2.089,11.065,24.23,0.48,0.998,2
5.14,7.7166,21638.474,201.51798436329287,8510.765,175.351,175.351,703.525,2.074,10.925,24.815,0.491,0.957,2
1.138,1.54332,4687.023,144.42445971278903,6631.585,9.124,9.124,567.144,1.261,6.794,4.993,0.214,1.0,0
9.3,13.88988,72764.527,372.8428547712201,9753.214,644.786,644.786,1082.557,4.523,22.837,90.061,1.783,0.975,3
2.088,3.08664,2921.996,142.19392892874026,6844.815,24.731,24.731,505.817,1.199,6.412,13.368,0.141,0.96,0
5.14,7.7166,21626.324,201.51400501259832,8467.723,175.228,175.228,704.611,2.088,11.16,25.062,0.496,0.986,2
3.144,4.6299600000000005,8380.401,145.22158648875984,7147.263,60.374,60.374,586.481,1.387,7.432,12.292,0.243,0.957,1
7.148,10.80324,38996.323,280.4455779562458,9122.697,332.363,332.363,829.195,2.977,15.648,44.343,0.878,0.977,3
7.148,10.80324,38980.287,280.4487195488994,9134.934,332.194,332.194,849.545,2.96,15.592,45.473,0.9,0.95,3
1.138,1.54332,5360.474,147.26372643334835,6724.278,10.869,10.869,594.805,1.286,6.915,0.0,0.237,0.966,0
4.161,6.17328,14721.059,162.0491086586931,7750.242,113.758,113.758,647.636,1.661,8.992,17.532,0.347,0.972,1
2.088,3.08664,4498.201,145.9233135678167,6760.898,31.328,31.328,542.31,1.264,6.86,0.0,0.175,0.988,0
5.14,7.7166,21633.083,201.5142144521085,8486.607,175.296,175.296,716.503,2.081,11.139,25.616,0.507,0.965,2
3.144,4.6299600000000005,8378.185,145.2203298516984,7101.66,60.341,60.341,586.653,1.389,7.488,12.324,0.244,0.969,1
4.161,6.17328,14719.98,162.04889921918286,7739.996,113.746,113.746,639.169,1.662,8.955,17.157,0.34,0.981,1
8.206,12.34656,50992.94,323.3174268232141,9305.078,438.104,438.104,898.762,3.587,18.26,58.412,1.156,0.991,3
3.144,12.34656,8376.278,145.2191779343921,7070.008,60.322,60.322,572.708,1.391,7.454,11.778,0.233,0.99,1
5.14,7.7166,21638.307,201.51777492378267,8509.85,175.352,175.352,704.462,2.074,10.936,24.869,0.492,0.957,2
2.088,3.08664,6346.321,145.44820003883882,6829.715,30.532,30.532,580.529,1.318,7.038,1.09,0.23,0.98,0
5.14,7.7166,21623.68,201.5149474903944,8462.947,175.237,175.237,691.91,2.089,11.098,24.395,0.483,0.998,2
3.144,4.6299600000000005,8377.132,145.21970153316772,7076.726,60.327,60.327,592.192,1.391,7.547,12.559,0.249,0.971,1
2.088,3.08664,6006.999,145.8077029581646,6777.597,31.159,31.159,577.793,1.311,7.076,0.0,0.222,0.989,0
1.138,1.54332,5640.283,143.03964567108662,6638.43,8.465,8.465,616.251,1.287,7.02,11.033,0.269,0.98,0
6.175,9.25992,29762.865,241.56679807174527,8806.421,245.996,245.996,762.774,2.509,13.187,33.585,0.665,0.986,2
7.148,10.80324,39017.694,280.4311266300393,9109.757,332.557,332.557,823.447,2.995,15.835,44.224,0.876,0.997,3
6.175,9.25992,29763.572,241.57747948676752,8808.919,245.975,245.975,783.025,2.507,13.324,34.803,0.689,0.972,2
3.144,4.6299600000000005,8375.256,145.21854961586138,7048.35,60.313,60.313,576.094,1.392,7.499,11.928,0.236,0.993,1
3.144,4.6299600000000005,8381.262,145.22211008753547,7163.93,60.375,60.375,588.413,1.387,7.422,12.36,0.245,0.951,1
1.138,1.54332,3592.477,137.48614761758083,6638.35,5.526,5.526,576.592,1.21,6.575,32.33,0.234,0.968,0
6.175,9.25992,29762.804,241.561247924724,8802.322,245.96,245.96,752.998,2.511,13.138,33.007,0.653,0.995,2
6.175,9.25992,29762.984,241.56145736423423,8803.363,245.97,245.97,750.406,2.511,13.114,32.841,0.65,0.996,2
4.161,6.17328,14726.603,162.05183137232623,7843.427,113.824,113.824,639.528,1.652,8.784,17.057,0.338,0.95,1
9.3,13.88988,72775.978,372.84494916632246,9753.911,644.828,644.828,1050.901,4.518,22.419,87.0,1.722,0.989,3
6.175,9.25992,29795.096,241.6191579493052,8834.919,246.285,246.285,774.681,2.499,13.131,34.174,0.677,0.961,2
8.206,12.34656,50993.727,323.3227675307252,9315.569,437.998,437.998,913.071,3.572,18.206,59.296,1.174,0.971,3
2.088,12.34656,6900.456,143.03063977214637,6762.527,26.249,26.249,603.66,1.329,7.17,14.55,0.268,0.994,0
2.088,3.08664,2905.28,143.5406249795791,6781.612,27.041,27.041,503.862,1.203,6.509,6.62,0.131,0.975,0
2.088,3.08664,4727.684,146.02059822032288,6780.225,31.511,31.511,546.31,1.271,6.871,0.0,0.181,0.985,0
6.175,9.25992,29792.918,241.6272213704493,8827.657,246.247,246.247,780.661,2.502,13.214,34.576,0.685,0.962,2
6.175,9.25992,29764.215,241.5729765372974,8808.551,245.946,245.946,763.782,2.508,13.183,33.635,0.666,0.984,2
9.3,13.88988,72762.191,372.8418075736689,9733.036,645.066,645.066,1056.299,4.544,22.866,88.029,1.743,0.996,3
9.3,13.88988,72774.349,372.8466246824044,9772.896,644.84,644.84,1085.037,4.498,22.501,89.791,1.777,0.965,3
5.14,7.7166,21631.726,201.51672772623144,8489.626,175.307,175.307,695.015,2.081,10.978,24.448,0.484,0.977,2
3.144,4.6299600000000005,8376.231,145.2191779343921,7057.624,60.318,60.318,593.636,1.392,7.578,12.628,0.25,0.975,1
4.161,6.17328,14725.507,162.05130777355063,7825.75,113.8,113.8,641.092,1.654,8.822,17.148,0.339,0.954,1
5.14,7.7166,21626.568,201.51306253480223,8466.096,175.26,175.26,713.988,2.088,11.232,25.574,0.506,0.981,2
1.138,1.54332,1117.493,144.80082251268908,6743.221,9.416,9.416,466.821,1.132,6.008,0.0,0.088,0.959,0
4.161,6.17328,14723.834,162.05036529575457,7793.82,113.788,113.788,647.449,1.657,8.916,17.473,0.346,0.959,1
8.206,12.34656,50992.364,323.3126097144785,9299.791,437.934,437.934,921.722,3.598,18.63,60.445,1.197,0.986,3
5.14,7.7166,21623.566,201.51400501259832,8460.351,175.195,175.195,699.091,2.09,11.162,24.797,0.491,0.995,2
2.088,3.08664,4283.498,145.71293157978127,6827.558,30.953,30.953,530.118,1.254,6.713,0.0,0.163,0.975,0
4.161,6.17328,14723.209,162.0501558562443,7786.592,113.789,113.789,644.727,1.658,8.911,17.358,0.344,0.963,1
5.14,7.7166,21623.432,201.51306253480223,8457.778,175.19,175.19,707.867,2.091,11.236,25.282,0.5,0.991,2
9.3,13.88988,72777.711,372.84400668852646,9754.752,645.088,645.088,1050.068,4.517,22.393,86.899,1.72,0.989,3
8.206,12.34656,50993.3,323.3177409824794,9298.33,438.08,438.08,907.438,3.598,18.497,59.314,1.174,0.995,3
2.088,3.08664,4524.295,140.78052639389023,6764.927,22.3,22.3,538.159,1.251,6.683,22.201,0.196,0.998,0
5.14,7.7166,21630.832,201.5144238916188,8481.771,175.251,175.251,712.367,2.083,11.137,25.416,0.503,0.971,2
8.206,12.34656,50996.359,323.32810823823627,9313.524,437.984,437.984,942.228,3.581,18.602,61.757,1.223,0.96,3
4.161,6.17328,14725.54,162.05141249330575,7829.192,113.812,113.812,636.759,1.654,8.789,16.946,0.335,0.956,1
1.138,1.54332,1982.31,137.82847649706702,6631.949,5.63,5.63,517.29,1.157,6.232,28.374,0.168,0.979,0
4.161,6.17328,14724.699,162.05099361428526,7814.013,113.807,113.807,638.789,1.655,8.827,17.056,0.338,0.959,1
6.175,9.25992,29762.232,241.5706727026848,8789.121,246.034,246.034,759.058,2.516,13.255,33.454,0.662,1.0,2
5.14,7.7166,21631.506,201.513690853333,8481.023,175.26,175.26,717.851,2.083,11.178,25.713,0.509,0.968,2
1.138,1.54332,4656.001,138.09268443923392,6632.745,5.773,5.773,591.836,1.245,6.721,30.401,0.257,0.982,0
4.161,6.17328,14723.909,162.0505747352648,7799.25,113.794,113.794,642.171,1.656,8.873,17.227,0.341,0.961,1
4.161,6.17328,14720.155,162.04952753771357,7755.972,113.747,113.747,622.43,1.66,8.819,16.365,0.324,0.988,1
8.206,12.34656,50992.357,323.3120861157029,9301.009,437.975,437.975,924.76,3.596,18.639,60.66,1.201,0.983,3
5.14,7.7166,21631.319,201.51547108917,8485.208,175.248,175.248,702.618,2.082,11.053,24.878,0.492,0.975,2
7.148,10.80324,38994.644,280.44725347232776,9125.875,332.336,332.336,813.148,2.974,15.464,43.167,0.855,0.983,3
2.088,3.08664,6951.075,143.73016773634566,6799.216,27.48,27.48,600.129,1.331,7.136,10.914,0.263,0.987,0
5.14,12.34656,21628.516,201.5153663694149,8476.745,175.258,175.258,698.009,2.085,11.066,24.666,0.488,0.984,2
8.206,12.34656,50994.153,323.3229769702354,9310.631,438.021,438.021,919.196,3.581,18.38,59.939,1.187,0.974,3
1.138,1.54332,7088.793,144.07040222072945,6704.969,9.043,9.043,641.18,1.329,7.153,3.477,0.3,0.971,0
6.175,9.25992,29769.579,241.5941299278316,8811.875,245.993,245.993,763.739,2.507,13.167,33.618,0.666,0.982,2
1.138,1.54332,5090.676,143.54010138080352,6629.476,8.668,8.668,585.787,1.272,6.879,7.602,0.237,0.995,0
5.14,7.7166,21625.75,201.51285309529203,8463.35,175.211,175.211,713.935,2.089,11.247,25.583,0.506,0.983,2
5.14,7.7166,21629.644,201.5164135669661,8483.062,175.289,175.289,692.895,2.083,10.998,24.361,0.482,0.983,2
9.3,13.88988,72765.456,372.8428547712201,9740.469,644.882,644.882,1059.869,4.536,22.779,88.196,1.746,0.991,3
4.161,6.17328,14724.142,162.05120305379552,7815.688,113.794,113.794,636.621,1.655,8.81,16.954,0.336,0.96,1
4.161,6.17328,14717.877,162.04785202163166,7702.805,113.737,113.737,643.055,1.666,9.045,17.379,0.344,0.99,1
2.088,3.08664,6218.387,145.64664397479058,6779.053,30.873,30.873,583.144,1.317,7.112,0.0,0.23,0.989,0
3.144,4.6299600000000005,8378.813,145.2206440109638,7102.569,60.348,60.348,604.123,1.389,7.576,13.017,0.258,0.954,1
4.161,6.17328,14719.013,162.0485850599175,7726.771,113.738,113.738,636.492,1.663,8.96,17.049,0.337,0.987,1
6.175,9.25992,29761.125,241.57056798292965,8784.049,245.942,245.942,772.455,2.517,13.382,34.301,0.679,0.995,2
3.144,4.6299600000000005,8374.578,145.21813073684092,7035.37,60.304,60.304,573.518,1.393,7.502,11.83,0.234,0.999,1
1.138,12.34656,4708.723,141.58456467369894,6618.207,7.57,7.57,576.693,1.255,6.772,17.323,0.234,0.999,0
2.088,3.08664,3547.232,144.90365731221658,6836.318,29.479,29.479,511.423,1.227,6.554,0.0,0.139,0.97,0
8.206,12.34656,50996.924,323.3321923086859,9314.395,438.13,438.13,937.401,3.578,18.52,61.33,1.214,0.961,3
3.144,4.6299600000000005,8375.254,145.21854961586138,7048.688,60.308,60.308,574.881,1.392,7.492,11.878,0.235,0.994,1
7.148,10.80324,38984.372,280.44767235134816,9132.515,332.229,332.229,832.411,2.964,15.499,44.356,0.878,0.963,3
4.161,6.17328,14723.146,162.0501558562443,7786.011,113.776,113.776,642.07,1.658,8.895,17.237,0.341,0.965,1
1.138,1.54332,4859.792,140.66899985468777,6624.173,7.153,7.153,596.707,1.257,6.836,21.329,0.254,0.984,0
9.3,13.88988,72777.059,372.84547276509807,9764.183,645.099,645.099,1064.535,4.506,22.4,88.05,1.743,0.978,3
4.161,6.17328,14720.266,162.0491086586931,7745.644,113.736,113.736,635.256,1.661,8.92,16.97,0.336,0.982,1
1.138,12.34656,588.827,138.77252508947075,6697.513,6.187,6.187,470.603,1.105,5.908,19.011,0.106,0.958,0
2.088,3.08664,3623.411,144.9840820841485,6846.524,29.628,29.628,511.962,1.229,6.552,0.0,0.141,0.969,0
1.138,1.54332,4019.662,141.78395108744678,6609.038,7.738,7.738,568.828,1.234,6.714,16.361,0.218,0.991,0
5.14,7.7166,21632.778,201.5131672545573,8483.139,175.288,175.288,724.997,2.082,11.215,26.083,0.516,0.962,2
8.206,12.34656,50992.89,323.3165890651731,9300.202,437.989,437.989,898.929,3.594,18.362,58.561,1.159,0.997,3
1.138,1.54332,4966.519,141.69745256971797,6622.21,7.658,7.658,588.022,1.263,6.836,17.016,0.245,0.994,0
6.175,9.25992,29762.722,241.56219040252003,8801.298,245.952,245.952,754.053,2.511,13.151,33.078,0.655,0.995,2
3.144,4.6299600000000005,8380.351,145.22158648875984,7148.033,60.376,60.376,582.754,1.387,7.412,12.142,0.24,0.96,1
9.3,13.88988,72777.54,372.84547276509807,9759.042,644.82,644.82,1054.374,4.512,22.367,87.204,1.726,0.985,3
5.14,7.7166,21629.675,201.51515692990463,8479.63,175.256,175.256,702.458,2.084,11.081,24.893,0.493,0.979,2
2.088,3.08664,6207.445,145.6180554816429,6807.01,30.83,30.83,579.369,1.315,7.058,0.046,0.227,0.984,0
1.138,12.34656,1199.806,144.50090513402637,6674.713,9.141,9.141,461.165,1.136,6.044,0.0,0.085,0.986,0
8.206,12.34656,50994.166,323.32402416778655,9316.571,438.001,438.001,918.826,3.571,18.252,59.739,1.183,0.967,3
2.088,3.08664,6860.616,142.93544951474257,6764.419,26.075,26.075,602.044,1.327,7.156,15.008,0.267,0.994,0
8.206,12.34656,50997.407,323.3350197420741,9319.386,437.982,437.982,940.057,3.571,18.453,61.41,1.216,0.954,3
7.148,10.80324,38986.64,280.44798651061353,9131.62,332.195,332.195,822.672,2.966,15.438,43.706,0.865,0.97,3
8.206,12.34656,50994.294,323.3236052887661,9309.388,437.954,437.954,922.307,3.583,18.441,60.228,1.192,0.974,3
2.088,3.08664,3337.578,144.65264405919473,6761.319,29.012,29.012,512.906,1.221,6.624,0.896,0.138,0.983,0
8.206,12.34656,50997.2,323.3336583852576,9316.583,437.989,437.989,938.382,3.575,18.488,61.35,1.215,0.958,3
5.14,7.7166,21629.007,201.5147380508841,8476.893,175.281,175.281,703.85,2.085,11.105,24.981,0.494,0.98,2
1.138,1.54332,7107.82,140.4580942678768,6710.095,7.172,7.172,667.124,1.319,7.161,22.211,0.333,0.951,0
1.138,1.54332,4145.315,145.1675510951181,6635.872,9.588,9.588,558.5,1.245,6.734,4.691,0.199,0.993,0
9.3,13.88988,72768.511,372.8452633255878,9759.788,645.063,645.063,1080.375,4.514,22.687,89.686,1.775,0.973,3
7.148,10.80324,39010.419,280.4380381338772,9113.515,332.435,332.435,826.904,2.99,15.794,44.382,0.879,0.99,3
1.138,1.54332,1550.848,145.96205987721098,6696.611,10.051,10.051,482.82,1.151,6.179,0.0,0.105,0.97,0
2.088,3.08664,4204.24,145.64297878336137,6836.516,30.833,30.833,527.529,1.251,6.685,0.0,0.16,0.973,0
9.3,13.88988,72775.207,372.8462058033839,9773.675,645.106,645.106,1084.169,4.497,22.474,89.686,1.775,0.965,3
6.175,9.25992,29761.635,241.57077742243987,8786.055,245.972,245.972,765.458,2.516,13.319,33.863,0.67,0.998,2
5.14,7.7166,21634.344,201.5169371657417,8497.274,175.289,175.289,699.13,2.078,10.966,24.637,0.488,0.969,2
3.144,4.6299600000000005,8376.461,145.21938737390235,7062.387,60.314,60.314,593.273,1.391,7.57,12.611,0.25,0.974,1
1.138,1.54332,2856.373,148.13122488475963,6724.528,11.354,11.354,525.67,1.203,6.472,0.0,0.152,0.963,0
9.3,13.88988,72762.991,372.8418075736689,9747.756,644.766,644.766,1079.032,4.529,22.89,89.859,1.779,0.979,3
9.3,13.88988,72764.851,372.8429594909752,9743.158,645.083,645.083,1065.91,4.533,22.807,88.712,1.756,0.987,3
8.206,12.34656,50994.428,323.3245477665622,9312.028,437.964,437.964,923.967,3.579,18.406,60.29,1.194,0.97,3
4.161,6.17328,14721.965,162.04994641673406,7773.48,113.776,113.776,634.544,1.659,8.868,16.906,0.335,0.974,1
5.14,7.7166,21629.665,201.51683244598647,8483.886,175.267,175.267,689.109,2.083,10.968,24.152,0.478,0.985,2
5.14,12.34656,21633.743,201.51735604476207,8497.158,175.288,175.288,696.232,2.078,10.947,24.481,0.485,0.971,2
6.175,9.25992,29793.627,241.62502225559183,8829.721,246.299,246.299,778.479,2.501,13.187,34.433,0.682,0.962,2
2.088,3.08664,2850.444,142.35949086158445,6792.561,24.991,24.991,508.302,1.198,6.478,12.676,0.141,0.969,0
9.3,13.88988,72776.831,372.8478813194658,9786.49,644.851,644.851,1093.988,4.482,22.356,90.27,1.787,0.955,3
4.161,6.17328,14718.402,162.04868977967263,7726.4,113.741,113.741,622.709,1.663,8.872,16.411,0.325,0.997,1
6.175,9.25992,29798.041,241.6111992479161,8847.644,246.309,246.309,771.451,2.495,13.039,33.91,0.671,0.955,2
6.175,9.25992,29791.811,241.629525205062,8821.794,246.263,246.263,757.483,2.505,13.075,33.198,0.657,0.98,2
9.3,13.88988,72762.346,372.8411792551382,9736.828,644.865,644.865,1063.373,4.54,22.888,88.62,1.754,0.991,3
3.144,4.6299600000000005,8376.087,145.21907321463698,7064.643,60.323,60.323,575.475,1.391,7.475,11.893,0.235,0.989,1
9.3,13.88988,72776.808,372.844530287302,9757.411,645.123,645.123,1056.056,4.514,22.419,87.409,1.73,0.985,3
9.3,13.88988,72777.544,372.8475671602004,9786.096,645.154,645.154,1091.958,4.482,22.336,90.088,1.783,0.956,3
9.3,13.88988,72761.809,372.84337836999566,9771.369,644.71,644.71,1108.742,4.505,22.851,92.081,1.823,0.956,3
3.144,4.6299600000000005,8375.512,145.21865433561652,7057.558,60.313,60.313,567.753,1.392,7.444,11.582,0.229,0.998,1
8.206,12.34656,50993.313,323.3178457022345,9299.291,438.095,438.095,907.043,3.597,18.473,59.255,1.173,0.994,3
7.148,10.80324,38980.999,280.44767235134816,9136.002,332.087,332.087,832.079,2.96,15.436,44.26,0.876,0.959,3
9.3,13.88988,72774.46,372.8437972490162,9752.74,644.87,644.87,1056.432,4.52,22.512,87.564,1.733,0.987,3
8.206,12.34656,50996.791,323.3327159074615,9317.058,438.125,438.125,934.63,3.573,18.428,61.023,1.208,0.959,3
4.161,6.17328,14723.013,162.04984169697894,7777.193,113.787,113.787,651.818,1.659,8.972,17.691,0.35,0.961,1
1.138,1.54332,4844.567,144.7765275295013,6641.14,9.4,9.4,584.154,1.267,6.878,4.56,0.227,0.986,0
9.3,13.88988,72762.205,372.8434830897508,9753.812,644.806,644.806,1086.583,4.523,22.879,90.435,1.79,0.973,3
7.148,12.34656,38994.56,280.4456826760009,9123.047,332.345,332.345,838.37,2.976,15.714,44.966,0.89,0.971,3
3.144,4.6299600000000005,8375.389,145.21865433561652,7046.349,60.308,60.308,583.45,1.392,7.54,12.226,0.242,0.987,1
7.148,10.80324,38985.982,280.4475676315932,9131.03,332.257,332.257,832.08,2.966,15.523,44.365,0.878,0.965,3
7.148,10.80324,38997.653,280.4450543574702,9121.151,332.273,332.273,833.992,2.979,15.713,44.706,0.885,0.976,3
2.088,3.08664,2909.231,142.09978586888766,6790.711,24.549,24.549,512.348,1.2,6.495,14.039,0.146,0.968,0
5.14,7.7166,21625.709,201.5157852484353,8470.141,175.219,175.219,688.735,2.087,11.038,24.19,0.479,0.995,2
5.14,7.7166,21640.162,201.51829852255824,8516.691,175.324,175.324,706.702,2.072,10.916,24.96,0.494,0.951,2
9.3,13.88988,72772.31,372.8458916441186,9779.702,645.115,645.115,1096.876,4.492,22.529,90.734,1.796,0.957,3
8.206,12.34656,50990.441,323.30454629333434,9302.04,437.938,437.938,932.366,3.595,18.705,61.251,1.213,0.978,3
2.088,3.08664,6943.16,143.4266898860089,6783.766,26.939,26.939,600.725,1.331,7.146,12.459,0.264,0.991,0
7.148,10.80324,38990.062,280.44767235134816,9128.679,332.174,332.174,822.029,2.97,15.485,43.723,0.866,0.974,3
1.138,1.54332,6535.161,140.86011340778117,6645.39,7.178,7.178,622.931,1.306,7.016,19.414,0.294,0.993,0
1.138,1.54332,3731.525,136.99710636117203,6693.999,5.341,5.341,582.191,1.212,6.556,33.556,0.241,0.951,0
2.088,3.08664,3537.386,141.08536560104355,6798.429,22.834,22.834,536.608,1.219,6.608,20.697,0.179,0.963,0
7.148,10.80324,38988.749,280.4475676315932,9129.101,332.288,332.288,827.711,2.969,15.522,44.106,0.873,0.97,3
4.161,6.17328,14725.086,162.05109833404038,7817.293,113.807,113.807,643.211,1.655,8.85,17.254,0.342,0.955,1
2.088,3.08664,6375.887,141.90710151946752,6773.144,24.28,24.28,587.38,1.31,7.025,19.181,0.253,0.994,0
9.3,13.88988,72762.483,372.8415981341586,9730.607,645.053,645.053,1052.265,4.547,22.859,87.698,1.736,0.999,3
8.206,12.34656,50994.82,323.3268516011748,9317.491,437.968,437.968,929.089,3.571,18.352,60.553,1.199,0.961,3
3.144,4.6299600000000005,8376.937,145.21959681341258,7084.201,60.327,60.327,571.675,1.39,7.432,11.728,0.232,0.987,1
9.3,13.88988,72765.684,372.8426453317099,9739.136,645.006,645.006,1056.865,4.537,22.765,87.939,1.741,0.993,3
7.148,10.80324,39007.284,280.4420174845717,9117.293,332.384,332.384,808.174,2.986,15.578,43.0,0.851,0.997,3
2.088,3.08664,6213.809,145.60349943568127,6816.258,30.806,30.806,578.875,1.315,7.045,0.088,0.226,0.982,0
2.088,3.08664,4964.963,146.0334787502026,6815.587,31.55,31.55,548.815,1.277,6.851,0.0,0.185,0.979,0
6.175,9.25992,29761.096,241.5729765372974,8792.271,246.003,246.003,782.98,2.513,13.414,34.894,0.691,0.983,2
3.144,4.6299600000000005,8380.268,145.22158648875984,7144.675,60.366,60.366,587.277,1.387,7.439,12.325,0.244,0.957,1
2.088,3.08664,2838.718,142.2294289257258,6718.311,24.737,24.737,501.711,1.199,6.517,12.661,0.136,0.996,0
9.3,13.88988,72759.91,372.8417028539138,9746.198,644.95,644.95,1082.811,4.531,22.966,90.258,1.787,0.978,3
5.14,7.7166,21634.289,201.51358613357783,8488.808,175.311,175.311,725.159,2.08,11.186,26.066,0.516,0.958,2
7.148,10.80324,39008.485,280.44159860555123,9116.903,332.428,332.428,804.297,2.987,15.554,42.737,0.846,1.0,3
7.148,10.80324,39003.221,280.4429599623678,9118.422,332.363,332.363,823.303,2.984,15.677,44.028,0.872,0.986,3
2.088,12.34656,3472.687,144.86491100282228,6769.455,29.401,29.401,516.716,1.226,6.648,0.327,0.142,0.981,0
9.3,13.88988,72767.612,372.84337836999566,9740.935,644.958,644.958,1055.137,4.535,22.711,87.73,1.737,0.993,3
2.088,3.08664,6518.553,142.1227194952589,6810.359,24.704,24.704,624.937,1.313,7.176,19.912,0.282,0.955,0
2.088,3.08664,2814.467,142.81334628027304,6783.635,25.774,25.774,505.376,1.198,6.485,10.092,0.135,0.972,0
9.3,13.88988,72763.776,372.8430642107304,9745.878,644.71,644.71,1072.0,4.53,22.835,89.23,1.766,0.983,3
4.161,6.17328,14718.212,162.04837562040728,7717.572,113.732,113.732,632.112,1.664,8.948,16.857,0.334,0.993,1
8.206,12.34656,50993.254,323.3187881800306,9306.949,438.079,438.079,904.056,3.584,18.282,58.797,1.164,0.986,3
8.206,12.34656,50994.409,323.32528080484803,9317.434,438.105,438.105,922.917,3.57,18.281,60.05,1.189,0.964,3
2.088,3.08664,4565.265,145.93106282969558,6793.625,31.355,31.355,540.993,1.265,6.814,0.0,0.174,0.982,0
1.138,1.54332,829.334,139.2597861100425,6634.672,6.314,6.314,466.208,1.116,5.964,18.258,0.105,0.988,0
6.175,9.25992,29763.318,241.5626092815405,8805.416,246.0,246.0,749.852,2.51,13.099,32.796,0.649,0.995,2
2.088,3.08664,6961.19,143.4703580238938,6771.931,27.023,27.023,604.036,1.332,7.178,12.382,0.267,0.992,0
2.088,3.08664,4085.123,145.64517789821886,6756.784,30.806,30.806,531.612,1.249,6.786,0.0,0.162,0.988,0
6.175,9.25992,29792.793,241.62711665069423,8826.277,246.249,246.249,770.514,2.503,13.147,33.969,0.673,0.969,2
6.175,9.25992,29764.888,241.5855429079118,8810.194,245.955,245.955,790.119,2.507,13.37,35.224,0.697,0.967,2
2.088,3.08664,3135.296,141.44549683890003,6718.797,23.405,23.405,511.582,1.208,6.554,17.366,0.153,0.997,0
5.14,12.34656,21636.847,201.5152616496597,8499.994,175.287,175.287,719.447,2.077,11.088,25.712,0.509,0.954,2
9.3,12.34656,72768.278,372.8441114082816,9754.171,644.893,644.893,1074.845,4.521,22.721,89.298,1.768,0.978,3
7.148,10.80324,38982.402,280.4475676315932,9133.978,332.214,332.214,836.146,2.962,15.503,44.581,0.883,0.959,3
4.161,6.17328,14721.996,162.0494228179585,7761.807,113.751,113.751,651.282,1.66,8.995,17.685,0.35,0.966,1
3.144,4.6299600000000005,8375.402,145.21875905537163,7046.017,60.315,60.315,584.689,1.392,7.546,12.276,0.243,0.986,1
2.088,3.08664,6504.985,145.3176145042046,6784.508,30.292,30.292,589.5,1.324,7.135,2.045,0.241,0.989,0
1.138,1.54332,6516.063,145.7970215431424,6728.456,10.079,10.079,634.274,1.317,7.119,0.0,0.281,0.957,0
4.161,6.17328,14720.297,162.04879449942777,7739.333,113.754,113.754,646.699,1.662,9.004,17.502,0.346,0.976,1
9.3,13.88988,72763.027,372.84212173293423,9741.35,644.766,644.766,1067.667,4.535,22.861,88.924,1.76,0.987,3
8.206,12.34656,50994.655,323.3253855246031,9312.319,437.956,437.956,927.407,3.579,18.44,60.563,1.199,0.968,3
9.3,13.88988,72766.716,372.8426453317099,9740.038,644.92,644.92,1056.0,4.536,22.738,87.835,1.739,0.993,3
3.144,4.6299600000000005,8380.489,145.22158648875984,7142.906,60.376,60.376,596.121,1.387,7.486,12.678,0.251,0.95,1
8.206,12.34656,50993.827,323.32035897635734,9303.16,437.959,437.959,919.458,3.592,18.536,60.168,1.191,0.983,3
1.138,1.54332,996.099,143.72828278075352,6667.409,8.703,8.703,455.204,1.127,5.995,0.0,0.078,0.987,0
2.088,3.08664,3367.034,141.26956765029902,6814.421,23.154,23.154,527.731,1.213,6.543,19.025,0.169,0.962,0
2.088,3.08664,3242.44,144.48299805590088,6769.24,28.71,28.71,510.866,1.217,6.597,1.627,0.136,0.98,0
4.161,6.17328,14724.421,162.0505747352648,7802.806,113.798,113.798,647.965,1.656,8.904,17.486,0.346,0.956,1
4.161,6.17328,14716.197,162.04774730187654,7693.238,113.706,113.706,635.989,1.666,9.016,17.065,0.338,0.998,1
5.14,7.7166,21626.009,201.51672772623144,8473.672,175.248,175.248,683.626,2.086,10.984,23.895,0.473,0.996,2
2.088,3.08664,5598.474,141.02672253817653,6718.893,22.76,22.76,583.522,1.286,7.006,23.003,0.244,0.996,0
5.14,7.7166,21627.07,201.51609940770075,8474.689,175.269,175.269,688.375,2.086,11.011,24.151,0.478,0.992,2
5.14,7.7166,21636.398,201.5163088472109,8501.496,175.298,175.298,710.03,2.077,11.017,25.204,0.499,0.959,2
3.144,4.6299600000000005,8377.509,145.21991097267795,7091.269,60.334,60.334,580.714,1.39,7.47,12.091,0.239,0.977,1
8.206,12.34656,50994.106,323.3230816899905,9309.664,438.061,438.061,919.558,3.582,18.404,59.995,1.188,0.975,3
2.088,3.08664,6467.948,145.4135377998942,6759.326,30.463,30.463,592.22,1.324,7.178,1.731,0.242,0.993,0
6.175,9.25992,29761.804,241.5706727026848,8787.064,246.022,246.022,764.367,2.516,13.305,33.79,0.669,0.998,2
3.144,4.6299600000000005,8380.985,145.22200536778033,7159.218,60.374,60.374,587.501,1.387,7.423,12.326,0.244,0.953,1
6.175,12.34656,29793.763,241.62502225559183,8831.094,246.301,246.301,787.129,2.501,13.244,34.947,0.692,0.956,2
6.175,9.25992,29797.513,241.6125606047326,8844.425,246.331,246.331,771.453,2.496,13.056,33.927,0.672,0.957,2
8.206,12.34656,50993.542,323.3205684158676,9309.803,437.957,437.957,909.042,3.58,18.28,59.128,1.171,0.98,3
1.138,1.54332,5549.954,147.3241497320524,6742.998,10.98,10.98,612.011,1.291,6.99,0.0,0.251,0.951,0
1.138,12.34656,1204.907,145.24609091145788,6704.743,9.716,9.716,483.205,1.136,6.14,0.0,0.1,0.955,0
9.3,13.88988,72772.304,372.8464152428941,9774.74,645.108,645.108,1090.214,4.497,22.535,90.237,1.786,0.962,3
1.138,1.54332,2462.406,138.78645281690166,6624.098,6.199,6.199,543.223,1.176,6.418,26.647,0.19,0.97,0
7.148,10.80324,38997.489,280.446520434042,9123.979,332.253,332.253,810.569,2.977,15.477,43.027,0.852,0.987,3
3.144,4.6299600000000005,8376.408,145.21928265414724,7071.245,60.327,60.327,576.775,1.391,7.474,11.942,0.236,0.986,1
3.144,4.6299600000000005,8375.908,145.21896849488186,7063.431,60.322,60.322,571.422,1.391,7.456,11.729,0.232,0.993,1
8.206,12.34656,50992.971,323.3169032244385,9300.318,438.107,438.107,900.595,3.594,18.379,58.695,1.162,0.996,3
2.088,3.08664,5673.887,141.12746294260162,6740.349,22.919,22.919,575.014,1.288,6.948,22.137,0.238,0.999,0
5.14,7.7166,21638.725,201.51735604476207,8510.056,175.325,175.325,708.88,2.074,10.965,25.105,0.497,0.954,2
8.206,12.34656,50993.548,323.3189976195408,9304.088,437.968,437.968,925.277,3.592,18.583,60.619,1.2,0.979,3
3.144,4.6299600000000005,8379.018,145.2207487307189,7115.071,60.359,60.359,590.615,1.389,7.492,12.475,0.247,0.962,1
7.148,10.80324,38988.091,280.4469393130624,9127.952,332.254,332.254,841.683,2.97,15.653,45.087,0.893,0.963,3
8.206,12.34656,50994.422,323.3246524863173,9312.999,438.109,438.109,923.61,3.577,18.382,60.233,1.192,0.969,3
3.144,4.6299600000000005,8378.018,145.2202251319433,7096.256,60.334,60.334,589.508,1.39,7.509,12.441,0.246,0.968,1
6.175,9.25992,29796.865,241.61402668130432,8841.085,246.285,246.285,768.294,2.497,13.051,33.752,0.668,0.961,2
2.088,3.08664,3159.738,144.2720924690899,6795.935,28.339,28.339,507.092,1.213,6.545,2.766,0.133,0.974,0
7.148,10.80324,38979.685,280.44767235134816,9135.941,332.115,332.115,842.318,2.959,15.517,44.96,0.89,0.953,3
6.175,9.25992,29792.81,241.63015352359272,8828.175,246.213,246.213,795.425,2.502,13.32,35.462,0.702,0.953,2
8.206,12.34656,50992.829,323.31627490590773,9299.668,437.967,437.967,898.285,3.595,18.366,58.522,1.159,0.998,3
4.161,6.17328,14724.147,162.0505747352648,7801.874,113.775,113.775,643.959,1.656,8.88,17.305,0.343,0.959,1
8.206,12.34656,50996.595,323.33397254452296,9325.39,438.082,438.082,932.683,3.559,18.23,60.619,1.2,0.95,3
8.206,12.34656,50993.256,323.3169032244385,9301.206,438.037,438.037,920.253,3.595,18.585,60.287,1.193,0.985,3
9.3,13.88988,72770.613,372.8446350070572,9749.072,645.092,645.092,1057.905,4.525,22.598,87.797,1.738,0.988,3
5.14,7.7166,21634.835,201.5133766940676,8489.895,175.314,175.314,728.771,2.08,11.204,26.252,0.52,0.955,2
2.088,3.08664,2854.309,143.3408196868108,6766.283,26.691,26.691,503.964,1.201,6.516,7.462,0.132,0.978,0
4.161,6.17328,14719.361,162.04879449942777,7733.113,113.748,113.748,636.513,1.663,8.949,17.043,0.337,0.985,1
5.14,7.7166,21637.632,201.51725132500704,8507.102,175.305,175.305,707.287,2.075,10.969,25.033,0.496,0.957,2
9.3,13.88988,72760.421,372.8408650958728,9734.973,644.706,644.706,1065.14,4.543,22.942,88.833,1.758,0.991,3
8.206,12.34656,50993.587,323.3189976195408,9305.326,438.101,438.101,928.339,3.59,18.593,60.834,1.204,0.976,3
2.088,3.08664,6523.256,142.16984338506276,6790.836,24.74,24.74,589.695,1.314,7.032,18.222,0.256,0.99,0
9.3,13.88988,72774.209,372.8472530009351,9781.98,644.799,644.799,1094.254,4.488,22.449,90.421,1.79,0.957,3
7.148,10.80324,38982.919,280.4480912303687,9134.536,332.133,332.133,828.362,2.962,15.432,44.036,0.872,0.963,3
1.138,1.54332,788.275,143.68859399356316,6748.85,8.843,8.843,462.434,1.117,5.946,0.0,0.081,0.95,0
1.138,1.54332,1322.131,144.96376645165526,6679.604,9.411,9.411,466.056,1.141,6.08,0.0,0.09,0.984,0
2.088,3.08664,2839.893,143.01503652863352,6813.633,26.141,26.141,502.528,1.199,6.448,8.866,0.132,0.967,0
1.138,1.54332,958.278,143.3883624556351,6655.953,8.616,8.616,471.146,1.125,6.078,1.78,0.091,0.972,0
9.3,12.34656,72768.956,372.8463105231391,9782.41,644.767,644.767,1106.255,4.49,22.605,91.547,1.812,0.952,3
1.138,1.54332,385.162,140.1078066870015,6656.45,6.881,6.881,463.991,1.099,5.933,13.67,0.091,0.964,0
6.175,9.25992,29760.66,241.56973022488867,8779.002,246.017,246.017,773.186,2.519,13.416,34.375,0.681,0.998,2
1.138,12.34656,4537.263,145.59218970212837,6650.532,9.899,9.899,581.876,1.258,6.862,3.813,0.22,0.978,0
9.3,13.88988,72776.174,372.8457869243635,9764.46,645.063,645.063,1066.481,4.506,22.42,88.23,1.747,0.977,3
4.161,12.34656,14719.282,162.04837562040728,7722.419,113.745,113.745,647.098,1.664,9.037,17.541,0.347,0.981,1
4.161,6.17328,14724.519,162.05088889453015,7811.678,113.798,113.798,638.33,1.655,8.828,17.037,0.337,0.96,1
2.088,3.08664,2866.99,142.76758374728576,6858.143,25.715,25.715,500.111,1.198,6.386,10.104,0.132,0.959,0
4.161,6.17328,14719.77,162.0491086586931,7744.392,113.754,113.754,628.762,1.661,8.88,16.672,0.33,0.987,1
2.088,3.08664,5037.169,146.07191090033152,6780.809,31.612,31.612,553.855,1.281,6.918,0.0,0.19,0.986,0
5.14,7.7166,21623.167,201.5127483755369,8455.985,175.229,175.229,708.334,2.091,11.249,25.316,0.501,0.992,2
6.175,9.25992,29763.288,241.5655414346839,8806.421,245.946,245.946,754.976,2.509,13.13,33.107,0.655,0.991,2
4.161,6.17328,14725.068,162.0506794550199,7806.748,113.794,113.794,655.19,1.656,8.943,17.809,0.353,0.95,1
7.148,10.80324,38985.359,280.4486148291443,9133.647,332.116,332.116,817.039,2.964,15.358,43.275,0.857,0.971,3
6.175,9.25992,29763.509,241.5783172448085,8808.992,245.935,245.935,786.299,2.507,13.348,35.0,0.693,0.97,2
4.161,6.17328,14720.665,162.0494228179585,7756.11,113.739,113.739,644.984,1.661,8.964,17.404,0.345,0.972,1
3.144,4.6299600000000005,8380.092,145.22148176900473,7143.653,60.372,60.372,580.626,1.388,7.406,12.059,0.239,0.963,1
3.144,4.6299600000000005,8377.937,145.2202251319433,7097.131,60.343,60.343,585.757,1.39,7.489,12.29,0.243,0.971,1
8.206,12.34656,50994.113,323.3253855246031,9322.102,438.09,438.09,919.616,3.562,18.145,59.645,1.181,0.96,3
3.144,4.6299600000000005,8377.25,145.21970153316772,7088.333,60.338,60.338,573.744,1.39,7.437,11.81,0.234,0.984,1
5.14,7.7166,21628.614,201.51620412745584,8479.36,175.284,175.284,692.31,2.084,11.013,24.345,0.482,0.986,2
2.088,3.08664,4874.939,140.83477122704218,6847.831,22.46,22.46,572.717,1.26,6.784,23.265,0.226,0.952,0
8.206,12.34656,50996.999,323.3317734296654,9315.73,438.065,438.065,943.198,3.578,18.57,61.777,1.223,0.957,3
5.14,7.7166,21637.129,201.51505221014952,8500.064,175.328,175.328,720.962,2.077,11.098,25.793,0.511,0.953,2
3.144,4.6299600000000005,8378.078,145.2203298516984,7095.096,60.338,60.338,594.561,1.39,7.536,12.643,0.25,0.964,1
9.3,13.88988,72771.581,372.84442556754686,9748.84,644.812,644.812,1055.978,4.525,22.578,87.617,1.734,0.989,3
5.14,7.7166,21628.536,201.5142144521085,8474.201,175.248,175.248,706.728,2.085,11.139,25.147,0.498,0.98,2
3.144,4.6299600000000005,8375.399,145.21865433561652,7051.201,60.309,60.309,574.101,1.392,7.485,11.845,0.234,0.994,1
5.14,7.7166,21632.008,201.5131672545573,8481.22,175.246,175.246,723.926,2.083,11.218,26.035,0.515,0.964,2
9.3,13.88988,72774.383,372.8446350070572,9750.076,645.087,645.087,1050.444,4.523,22.485,87.053,1.723,0.991,3
9.3,13.88988,72765.491,372.8420170131792,9735.804,645.032,645.032,1053.687,4.541,22.785,87.713,1.736,0.996,3
1.138,1.54332,5444.614,143.65456007314927,6638.675,8.789,8.789,605.16,1.282,6.979,7.439,0.255,0.984,0
6.175,9.25992,29792.91,241.62565057412257,8826.06,246.287,246.287,762.625,2.503,13.089,33.489,0.663,0.974,2
9.3,13.88988,72773.336,372.8441114082816,9745.744,644.806,644.806,1046.189,4.528,22.511,86.75,1.717,0.995,3
3.144,4.6299600000000005,8379.543,145.22106288998427,7120.105,60.364,60.364,600.92,1.389,7.538,12.881,0.255,0.952,1
2.088,3.08664,6940.633,143.33422234223823,6821.846,26.826,26.826,635.182,1.329,7.263,14.08,0.29,0.952,0
6.175,9.25992,29762.84,241.56616975321447,8797.258,245.971,245.971,753.637,2.513,13.171,33.075,0.655,0.998,2
6.175,9.25992,29761.027,241.5651225556634,8801.543,245.921,245.921,784.312,2.51,13.373,34.921,0.691,0.976,2
3.144,4.6299600000000005,8377.309,145.21980625292284,7090.865,60.337,60.337,572.968,1.39,7.43,11.777,0.233,0.984,1
2.088,3.08664,3958.789,140.84252048892102,6804.112,22.445,22.445,550.131,1.232,6.676,22.383,0.196,0.961,0
9.3,13.88988,72773.128,372.8441114082816,9748.376,644.804,644.804,1052.137,4.525,22.538,87.259,1.727,0.991,3
5.14,7.7166,21623.253,201.5147380508841,8461.152,175.24,175.24,692.353,2.09,11.111,24.427,0.484,0.999,2
7.148,10.80324,38998.202,280.44526379698044,9121.798,332.291,332.291,824.516,2.979,15.627,44.04,0.872,0.981,3
8.206,12.34656,50997.36,323.33460086305365,9319.745,438.027,438.027,939.032,3.57,18.432,61.314,1.214,0.954,3
4.161,12.34656,14719.668,162.04931809820337,7747.369,113.749,113.749,621.958,1.661,8.831,16.352,0.324,0.991,1
7.148,10.80324,38987.641,280.4470440328176,9127.91,332.167,332.167,845.137,2.97,15.68,45.323,0.897,0.961,3
1.138,1.54332,3295.188,142.59259703648084,6597.162,8.153,8.153,540.145,1.212,6.58,12.78,0.184,1.0,0
5.14,7.7166,21626.441,201.51358613357783,8466.894,175.242,175.242,708.534,2.088,11.191,25.277,0.5,0.984,2
2.088,3.08664,5247.769,146.00468081754468,6832.219,31.51,31.51,553.512,1.285,6.872,0.0,0.193,0.977,0
3.144,4.6299600000000005,8380.353,145.22158648875984,7140.562,60.362,60.362,595.658,1.388,7.487,12.661,0.251,0.951,1
5.14,7.7166,21631.775,201.5153663694149,8486.204,175.255,175.255,704.603,2.082,11.061,24.98,0.494,0.973,2
3.144,4.6299600000000005,8378.486,145.22053929120867,7113.325,60.346,60.346,577.324,1.389,7.426,11.942,0.236,0.974,1
9.3,13.88988,72781.86,372.8487190775068,9789.337,645.18,645.18,1085.673,4.476,22.184,89.396,1.77,0.957,3
5.14,7.7166,21628.557,201.5152616496597,8476.779,175.264,175.264,699.462,2.085,11.076,24.744,0.49,0.983,2
7.148,10.80324,38994.988,280.4467298735521,9124.794,332.35,332.35,820.1,2.975,15.538,43.671,0.865,0.98,3
9.3,13.88988,72760.085,372.8424358921996,9758.301,644.753,644.753,1096.067,4.519,22.922,91.222,1.806,0.967,3
4.161,12.34656,14718.503,162.04900393893797,7733.977,113.742,113.742,618.099,1.662,8.829,16.187,0.32,0.998,1
9.3,13.88988,72767.532,372.8458916441186,9770.783,645.055,645.055,1094.613,4.503,22.67,90.76,1.797,0.962,3
9.3,13.88988,72770.943,372.84390196877126,9752.881,644.909,644.909,1065.035,4.521,22.619,88.388,1.75,0.983,3
7.148,10.80324,38985.741,280.4480912303687,9132.61,332.158,332.158,822.337,2.965,15.418,43.662,0.864,0.969,3
4.161,12.34656,14722.38,162.04994641673406,7776.581,113.767,113.767,638.927,1.659,8.89,17.104,0.339,0.97,1
5.14,7.7166,21640.355,201.51819380280315,8516.768,175.338,175.338,708.176,2.072,10.926,25.038,0.496,0.95,2
9.3,13.88988,72772.806,372.8435878095059,9743.804,644.802,644.802,1045.978,4.53,22.544,86.777,1.718,0.996,3
3.144,4.6299600000000005,8376.893,145.21959681341258,7076.64,60.333,60.333,582.997,1.391,7.499,12.191,0.241,0.979,1
2.088,3.08664,6819.306,144.72458653096194,6767.103,29.231,29.231,600.91,1.332,7.202,5.724,0.257,0.992,0
9.3,13.88988,72761.026,372.8417028539138,9747.097,645.033,645.033,1081.913,4.53,22.939,90.15,1.785,0.978,3
4.161,6.17328,14719.115,162.04837562040728,7721.915,113.746,113.746,644.419,1.664,9.02,17.419,0.345,0.983,1
7.148,10.80324,38989.583,280.4481959501238,9129.725,332.286,332.286,816.717,2.969,15.425,43.334,0.858,0.976,3
3.144,12.34656,8377.536,145.21991097267795,7083.181,60.328,60.328,594.822,1.39,7.552,12.661,0.251,0.967,1
5.14,7.7166,21626.308,201.51505221014952,8470.306,175.229,175.229,697.363,2.087,11.096,24.659,0.488,0.989,2
1.138,1.54332,2721.224,147.83476325801584,6692.069,11.162,11.162,525.186,1.199,6.491,0.0,0.15,0.968,0
1.138,1.54332,3051.769,140.17723588464588,6613.907,6.809,6.809,533.944,1.198,6.453,21.436,0.186,0.997,0
1.138,1.54332,963.097,139.17423007010976,6631.423,6.236,6.236,466.302,1.121,5.971,19.027,0.108,0.994,0
2.088,3.08664,4244.729,140.77434792833816,6753.133,22.285,22.285,531.954,1.243,6.65,21.97,0.188,1.0,0
6.175,9.25992,29766.981,241.5878467425244,8810.953,245.96,245.96,774.353,2.507,13.25,34.268,0.678,0.976,2
5.14,7.7166,21636.611,201.51515692990463,8499.018,175.317,175.317,718.91,2.077,11.09,25.688,0.508,0.955,2
3.144,4.6299600000000005,8377.288,145.21980625292284,7078.37,60.337,60.337,595.182,1.391,7.56,12.678,0.251,0.968,1
8.206,12.34656,50992.909,323.3151229886014,9305.17,437.961,437.961,932.887,3.591,18.649,61.21,1.212,0.974,3
7.148,10.80324,38988.569,280.4481959501238,9130.709,332.286,332.286,816.381,2.968,15.405,43.291,0.857,0.975,3
6.175,9.25992,29761.628,241.5710915817052,8787.073,245.994,245.994,767.544,2.516,13.329,33.985,0.673,0.996,2
1.138,1.54332,3867.124,144.04893467092992,6609.672,8.978,8.978,557.776,1.234,6.721,7.39,0.198,0.994,0
7.148,10.80324,39003.535,280.44442603893947,9120.257,332.355,332.355,803.851,2.983,15.49,42.636,0.844,0.996,3
5.14,7.7166,21630.768,201.5159946879456,8485.071,175.256,175.256,698.244,2.082,11.024,24.642,0.488,0.978,2
1.138,1.54332,1330.283,140.5323405742566,6626.249,7.03,7.03,485.799,1.137,6.128,15.651,0.122,0.985,0
2.088,3.08664,3586.33,141.0520647189155,6803.042,22.789,22.789,537.96,1.22,6.608,20.576,0.181,0.962,0
4.161,6.17328,14723.657,162.04994641673406,7784.409,113.789,113.789,654.574,1.658,8.977,17.807,0.353,0.957,1
9.3,13.88988,72765.129,372.842750051465,9751.815,645.075,645.075,1079.461,4.524,22.823,89.8,1.778,0.977,3
2.088,3.08664,3808.991,140.96724171726856,6858.93,22.658,22.658,538.197,1.226,6.561,21.102,0.184,0.953,0
9.3,13.88988,72759.281,372.8403414970972,9735.388,645.045,645.045,1069.061,4.543,22.984,89.2,1.766,0.989,3
2.088,12.34656,2951.386,142.09098940945762,6848.986,24.556,24.556,506.833,1.2,6.411,13.829,0.142,0.959,0
1.138,1.54332,4142.887,148.2915508298478,6729.327,11.464,11.464,562.473,1.248,6.716,0.0,0.196,0.964,0
2.088,3.08664,6029.874,141.4665455096791,6754.135,23.507,23.507,581.696,1.299,6.991,20.959,0.247,0.997,0
9.3,13.88988,72768.023,372.8455774848532,9782.046,644.998,644.998,1109.216,4.492,22.653,91.838,1.818,0.951,3
1.138,1.54332,2046.004,146.0558887777982,6664.574,9.999,9.999,484.697,1.171,6.249,0.731,0.113,0.994,0
5.14,7.7166,21634.106,201.5163088472109,8495.562,175.32,175.32,703.927,2.079,11.007,24.903,0.493,0.967,2
4.161,6.17328,14718.484,162.0484803401624,7721.919,113.743,113.743,632.991,1.664,8.946,16.893,0.334,0.991,1
1.138,1.54332,5670.003,146.73803326264763,6711.882,10.515,10.515,595.007,1.295,6.94,0.0,0.241,0.976,0
1.138,12.34656,1341.723,145.72832538378393,6714.114,10.018,10.018,490.661,1.142,6.185,0.0,0.107,0.95,0
4.161,6.17328,14719.445,162.0491086586931,7741.937,113.749,113.749,627.035,1.662,8.873,16.594,0.328,0.989,1
3.144,4.6299600000000005,8376.783,145.21938737390235,7079.149,60.329,60.329,573.224,1.391,7.446,11.794,0.233,0.987,1
5.14,7.7166,21632.72,201.5147380508841,8487.45,175.269,175.269,714.026,2.081,11.118,25.48,0.504,0.966,2
6.175,12.34656,29761.798,241.5651225556634,8799.314,245.936,245.936,771.953,2.511,13.294,34.184,0.677,0.985,2
9.3,13.88988,72779.241,372.8476718799556,9780.529,645.145,645.145,1081.316,4.487,22.301,89.224,1.766,0.963,3
4.161,6.17328,14722.079,162.0500511364892,7777.463,113.78,113.78,632.837,1.658,8.85,16.823,0.333,0.974,1
4.161,12.34656,14718.689,162.0484803401624,7722.164,113.737,113.737,634.297,1.664,8.954,16.953,0.336,0.99,1
4.161,6.17328,14720.663,162.0494228179585,7755.749,113.766,113.766,632.269,1.66,8.883,16.821,0.333,0.981,1
7.148,12.34656,38989.008,280.4480912303687,9126.889,332.282,332.282,847.241,2.971,15.715,45.488,0.901,0.961,3
1.138,1.54332,4522.758,144.9463829723054,6638.219,9.484,9.484,572.702,1.257,6.815,4.683,0.214,0.989,0
7.148,10.80324,38997.13,280.4461015550214,9123.366,332.378,332.378,818.145,2.977,15.548,43.566,0.863,0.983,3
9.3,13.88988,72767.325,372.8432736502406,9748.301,644.912,644.912,1067.41,4.527,22.733,88.731,1.756,0.984,3
3.144,4.6299600000000005,8380.878,145.22190064802524,7157.12,60.382,60.382,585.799,1.387,7.417,12.259,0.243,0.955,1
8.206,12.34656,50990.186,323.30213773896656,9292.166,437.919,437.919,912.672,3.608,18.68,59.908,1.186,1.0,3
9.3,13.88988,72770.487,372.843692529261,9748.216,644.798,644.798,1058.765,4.526,22.625,87.901,1.74,0.988,3
9.3,13.88988,72771.877,372.8448444465674,9755.94,645.032,645.032,1066.355,4.517,22.579,88.438,1.751,0.981,3
8.206,12.34656,50994.077,323.3229769702354,9312.01,437.961,437.961,917.812,3.578,18.335,59.786,1.184,0.973,3
3.144,4.6299600000000005,8378.027,145.2202251319433,7104.295,60.343,60.343,575.574,1.389,7.427,11.876,0.235,0.978,1
8.206,12.34656,50994.517,323.3243383270519,9309.669,437.953,437.953,925.744,3.583,18.475,60.502,1.198,0.972,3
7.148,10.80324,38975.05,280.44767235134816,9143.015,332.118,332.118,829.835,2.951,15.296,43.96,0.87,0.952,3
8.206,12.34656,50992.813,323.31501826884625,9295.971,437.933,437.933,909.293,3.602,18.566,59.531,1.179,0.997,3
6.175,9.25992,29789.875,241.6412538176354,8817.0,246.219,246.219,778.681,2.506,13.257,34.516,0.683,0.97,2
5.14,7.7166,21629.909,201.51358613357783,8476.283,175.241,175.241,715.219,2.085,11.186,25.594,0.507,0.973,2
1.138,1.54332,3515.113,148.4565891639164,6729.595,11.556,11.556,544.741,1.227,6.604,0.0,0.175,0.963,0
2.088,3.08664,4043.402,145.59218970212837,6761.056,30.709,30.709,530.195,1.247,6.772,0.0,0.16,0.987,0
9.3,13.88988,72777.906,372.8466246824044,9779.355,644.981,644.981,1085.017,4.49,22.374,89.613,1.774,0.962,3
4.161,12.34656,14723.115,162.0505747352648,7796.607,113.777,113.777,630.399,1.656,8.802,16.689,0.33,0.97,1
2.088,3.08664,6018.419,141.42361041008004,6796.883,23.49,23.49,612.859,1.297,7.091,22.502,0.269,0.958,0
7.148,10.80324,38988.38,280.4480912303687,9130.689,332.272,332.272,818.031,2.968,15.418,43.405,0.859,0.974,3
1.138,1.54332,2956.034,139.59279493132303,6617.963,6.56,6.56,543.227,1.194,6.473,23.953,0.194,0.985,0
6.175,9.25992,29792.492,241.62983936432727,8826.844,246.253,246.253,788.284,2.502,13.275,35.041,0.694,0.958,2
3.144,12.34656,8377.746,145.2200156924331,7084.856,60.337,60.337,597.831,1.39,7.566,12.779,0.253,0.964,1
7.148,10.80324,38990.341,280.446625153797,9125.958,332.177,332.177,842.416,2.972,15.694,45.18,0.895,0.965,3
4.161,6.17328,14723.926,162.050784174775,7806.126,113.797,113.797,633.5,1.656,8.806,16.822,0.333,0.965,1
5.14,7.7166,21636.331,201.5137955730881,8494.651,175.296,175.296,728.408,2.078,11.177,26.211,0.519,0.952,2
7.148,10.80324,38991.335,280.44798651061353,9128.809,332.256,332.256,812.126,2.971,15.405,43.035,0.852,0.98,3
3.144,4.6299600000000005,8378.733,145.2206440109638,7102.841,60.348,60.348,602.825,1.389,7.569,12.966,0.257,0.955,1
8.206,12.34656,50994.595,323.32706104068507,9323.719,438.067,438.067,926.117,3.561,18.187,60.13,1.19,0.955,3
2.088,3.08664,3102.68,144.12705560824915,6809.157,28.086,28.086,505.001,1.21,6.513,3.355,0.131,0.971,0
1.138,1.54332,3552.708,148.1257794574934,6707.051,11.244,11.244,528.946,1.228,6.545,0.0,0.165,0.985,0
8.206,12.34656,50994.024,323.32182505292906,9305.104,438.081,438.081,918.68,3.589,18.488,60.051,1.189,0.981,3
6.175,9.25992,29797.235,241.6144455603248,8843.747,246.315,246.315,780.522,2.496,13.127,34.479,0.683,0.952,2
7.148,10.80324,38990.901,280.44683459330724,9126.573,332.224,332.224,832.819,2.972,15.607,44.51,0.881,0.97,3
7.148,10.80324,39011.622,280.43782869436694,9113.745,332.447,332.447,816.877,2.99,15.711,43.682,0.865,0.996,3
7.148,10.80324,38987.795,280.4481959501238,9127.889,332.141,332.141,848.594,2.969,15.708,45.559,0.902,0.959,3
4.161,6.17328,14719.049,162.0484803401624,7725.306,113.73,113.73,639.999,1.663,8.986,17.212,0.341,0.985,1
4.161,6.17328,14719.24,162.04837562040728,7723.865,113.744,113.744,643.535,1.664,9.011,17.376,0.344,0.983,1
4.161,6.17328,14724.443,162.0506794550199,7804.514,113.791,113.791,645.754,1.656,8.887,17.384,0.344,0.957,1
6.175,9.25992,29761.912,241.56637919272487,8798.269,245.956,245.956,769.85,2.512,13.284,34.062,0.674,0.987,2
5.14,7.7166,21634.961,201.51672772623144,8498.297,175.3,175.3,701.104,2.078,10.974,24.739,0.49,0.967,2
6.175,9.25992,29761.715,241.571719900236,8789.104,245.961,245.961,768.539,2.515,13.325,34.034,0.674,0.994,2
2.088,3.08664,3788.817,145.30777084722334,6770.328,30.197,30.197,524.101,1.238,6.713,0.0,0.152,0.983,0
5.14,7.7166,21635.83,201.5142144521085,8494.399,175.277,175.277,722.287,2.079,11.137,25.888,0.512,0.956,2
8.206,12.34656,50996.823,323.3321923086859,9314.155,437.983,437.983,935.7,3.578,18.502,61.195,1.211,0.962,3
8.206,12.34656,50993.56,323.32130145415346,9312.814,437.958,437.958,909.696,3.576,18.225,59.097,1.17,0.976,3
1.138,12.34656,947.336,144.26392432819057,6753.097,9.149,9.149,465.075,1.124,5.971,0.0,0.085,0.952,0
4.161,6.17328,14722.038,162.04973697722383,7768.889,113.763,113.763,643.725,1.659,8.934,17.332,0.343,0.969,1
6.175,9.25992,29784.217,241.63832166449208,8814.934,246.163,246.163,782.439,2.506,13.295,34.745,0.688,0.969,2
9.3,13.88988,72760.476,372.84065565636257,9732.501,644.708,644.708,1061.058,4.545,22.935,88.499,1.752,0.994,3
5.14,12.34656,21624.088,201.5131672545573,8459.585,175.222,175.222,707.404,2.09,11.223,25.249,0.5,0.99,2
8.206,12.34656,50994.68,323.3272704801953,9323.318,438.108,438.108,927.128,3.562,18.207,60.224,1.192,0.955,3
2.088,3.08664,3010.527,143.79771197839784,6838.388,27.511,27.511,500.088,1.206,6.444,4.903,0.128,0.966,0
7.148,10.80324,39003.066,280.4451590772253,9121.352,332.357,332.357,797.081,2.982,15.417,42.139,0.834,0.999,3
3.144,4.6299600000000005,8378.622,145.22053929120867,7104.512,60.353,60.353,595.12,1.389,7.528,12.66,0.251,0.961,1
3.144,4.6299600000000005,8373.904,145.21708353928972,7020.02,60.291,60.291,579.449,1.393,7.552,12.08,0.239,0.998,1
5.14,7.7166,21633.052,201.5170418854968,8494.338,175.276,175.276,696.133,2.079,10.961,24.488,0.485,0.973,2
7.148,10.80324,39016.735,280.4320691078354,9110.22,332.461,332.461,824.086,2.995,15.832,44.258,0.876,0.996,3
6.175,9.25992,29781.822,241.63036296310293,8814.661,246.15,246.15,774.339,2.507,13.236,34.257,0.678,0.974,2
7.148,10.80324,38991.789,280.4470440328176,9126.663,332.249,332.249,826.069,2.972,15.553,44.044,0.872,0.974,3
8.206,12.34656,50993.843,323.3211967343984,9307.738,438.08,438.08,914.152,3.584,18.381,59.606,1.18,0.98,3
8.206,12.34656,50992.927,323.3153324281117,9300.775,438.09,438.09,921.314,3.596,18.605,60.385,1.195,0.985,3
6.175,9.25992,29796.528,241.61507387885547,8840.183,246.274,246.274,772.523,2.498,13.087,34.014,0.673,0.959,2
9.3,13.88988,72770.185,372.84547276509807,9764.007,645.107,645.107,1082.855,4.509,22.641,89.815,1.778,0.97,3
5.14,7.7166,21634.924,201.51557580892512,8495.849,175.303,175.303,711.314,2.078,11.055,25.297,0.501,0.962,2
8.206,12.34656,50993.28,323.3172173837038,9305.586,438.08,438.08,931.812,3.59,18.628,61.11,1.21,0.974,3
7.148,10.80324,38994.861,280.44725347232776,9125.901,332.352,332.352,811.511,2.974,15.451,43.053,0.852,0.984,3
4.161,12.34656,14717.479,162.04774730187654,7699.955,113.729,113.729,638.632,1.666,9.021,17.179,0.34,0.994,1
9.3,13.88988,72773.496,372.844530287302,9757.892,645.121,645.121,1066.595,4.515,22.546,88.412,1.75,0.98,3
9.3,13.88988,72770.764,372.84651996264927,9777.773,645.072,645.072,1096.589,4.494,22.563,90.759,1.797,0.958,3
6.175,9.25992,29789.723,241.6420915756764,8817.169,246.176,246.176,785.186,2.506,13.304,34.908,0.691,0.966,2
8.206,12.34656,50994.725,323.32549024435826,9310.512,438.062,438.062,929.874,3.582,18.505,60.816,1.204,0.969,3
9.3,13.88988,72772.547,372.84337836999566,9741.638,644.825,644.825,1043.871,4.533,22.557,86.627,1.715,0.998,3
1.138,1.54332,5988.719,139.19412682358248,6643.723,6.384,6.384,630.498,1.286,6.978,27.15,0.299,0.976,0
5.14,7.7166,21625.081,201.5132719743125,8462.339,175.216,175.216,708.938,2.089,11.218,25.32,0.501,0.987,2
5.14,7.7166,21631.618,201.5169371657417,8489.581,175.298,175.298,693.577,2.081,10.968,24.37,0.482,0.978,2
8.206,12.34656,50992.652,323.3153324281117,9300.804,438.002,438.002,893.586,3.593,18.289,58.103,1.15,0.999,3
4.161,6.17328,14722.14,162.04984169697894,7772.589,113.77,113.77,640.657,1.659,8.908,17.188,0.34,0.97,1
4.161,6.17328,14724.512,162.05088889453015,7809.96,113.79,113.79,640.504,1.655,8.845,17.138,0.339,0.959,1
4.161,6.17328,14720.155,162.04879449942777,7737.112,113.751,113.751,646.245,1.662,9.005,17.484,0.346,0.977,1
7.148,10.80324,38994.336,280.4464157142868,9124.161,332.336,332.336,829.49,2.976,15.624,44.332,0.878,0.975,3
6.175,9.25992,29763.456,241.5790502830943,8809.031,245.978,245.978,787.943,2.507,13.36,35.099,0.695,0.969,2
4.161,6.17328,14722.881,162.0504700155097,7792.305,113.785,113.785,630.794,1.657,8.812,16.712,0.331,0.971,1
2.088,3.08664,5348.584,146.09065573649792,6774.078,31.658,31.658,562.317,1.291,6.989,0.0,0.201,0.988,0
9.3,13.88988,72766.704,372.8462058033839,9778.521,644.873,644.873,1105.682,4.495,22.673,91.599,1.813,0.954,3
9.3,13.88988,72774.696,372.8463105231391,9771.44,644.865,644.865,1081.902,4.499,22.487,89.528,1.772,0.967,3
2.088,3.08664,3427.501,144.75432694141594,6815.874,29.207,29.207,511.452,1.223,6.565,0.412,0.138,0.972,0
3.144,4.6299600000000005,8375.813,145.21886377512678,7060.586,60.315,60.315,573.402,1.392,7.47,11.811,0.234,0.992,1
3.144,4.6299600000000005,8373.238,145.21666466026923,7000.812,60.275,60.275,583.361,1.394,7.597,12.249,0.242,1.0,1
3.144,4.6299600000000005,8379.981,145.2213770492496,7136.922,60.37,60.37,589.675,1.388,7.46,12.425,0.246,0.957,1
6.175,9.25992,29793.611,241.62460337657137,8829.664,246.301,246.301,776.87,2.501,13.175,34.336,0.68,0.963,2
5.14,7.7166,21623.203,201.5131672545573,8456.83,175.2,175.2,704.403,2.091,11.218,25.1,0.497,0.994,2
9.3,13.88988,72763.637,372.8451586058328,9777.724,644.991,644.991,1111.62,4.498,22.769,92.182,1.825,0.952,3
1.138,1.54332,1770.363,146.25736958664842,6690.482,10.151,10.151,479.345,1.16,6.181,0.0,0.105,0.983,0
1.138,1.54332,1688.725,145.20755404157384,6659.591,9.551,9.551,479.089,1.156,6.189,1.248,0.105,0.989,0
9.3,13.88988,72768.425,372.8446350070572,9757.54,645.1,645.1,1078.155,4.517,22.701,89.53,1.772,0.975,3
8.206,12.34656,50996.53,323.3302026333386,9313.051,438.03,438.03,938.807,3.581,18.566,61.485,1.217,0.962,3
5.14,7.7166,21636.975,201.51662300647635,8503.387,175.311,175.311,709.606,2.076,11.004,25.173,0.498,0.958,2
1.138,1.54332,4257.562,137.68783786594128,6639.996,5.639,5.639,596.078,1.231,6.707,32.271,0.257,0.967,0
6.175,9.25992,29761.302,241.5722434990116,8789.149,245.958,245.958,776.576,2.515,13.384,34.523,0.684,0.989,2
9.3,13.88988,72769.302,372.8452633255878,9771.593,644.748,644.748,1093.732,4.502,22.643,90.656,1.795,0.962,3
7.148,10.80324,38977.226,280.44735819208285,9138.969,332.147,332.147,839.597,2.956,15.443,44.711,0.885,0.951,3
4.161,6.17328,14725.273,162.05099361428526,7817.934,113.808,113.808,645.872,1.655,8.866,17.374,0.344,0.953,1
2.088,3.08664,5987.893,145.74801269774636,6819.292,31.064,31.064,572.744,1.308,7.009,0.0,0.218,0.981,0
8.206,12.34656,50993.754,323.3211967343984,9308.153,438.096,438.096,913.124,3.584,18.361,59.51,1.178,0.98,3
8.206,12.34656,50993.575,323.32035897635734,9307.886,437.957,437.957,909.748,3.584,18.328,59.24,1.173,0.982,3
9.3,13.88988,72764.551,372.8435878095059,9752.943,644.912,644.912,1080.561,4.523,22.816,89.876,1.779,0.976,3
8.206,12.34656,50996.939,323.33250646795125,9314.761,438.126,438.126,936.368,3.577,18.498,61.233,1.212,0.961,3
3.144,4.6299600000000005,8380.046,145.22148176900473,7143.914,60.372,60.372,579.397,1.388,7.4,12.009,0.238,0.964,1
3.144,4.6299600000000005,8379.996,145.2213770492496,7136.662,60.37,60.37,590.934,1.388,7.467,12.476,0.247,0.956,1
4.161,6.17328,14721.095,162.0494228179585,7757.321,113.769,113.769,640.128,1.66,8.931,17.181,0.34,0.975,1
9.3,13.88988,72757.756,372.8407603761177,9729.468,644.976,644.976,1061.768,4.549,22.996,88.637,1.755,0.995,3
8.206,12.34656,50997.726,323.3358575001151,9321.227,438.122,438.122,942.099,3.569,18.443,61.528,1.218,0.951,3
7.148,10.80324,38980.066,280.44788179085845,9137.001,332.167,332.167,831.749,2.959,15.415,44.217,0.875,0.958,3
6.175,9.25992,29761.186,241.57182461999108,8794.315,246.006,246.006,782.364,2.513,13.398,34.845,0.69,0.982,2
3.144,4.6299600000000005,8378.352,145.22043457145355,7111.937,60.347,60.347,573.246,1.389,7.406,11.777,0.233,0.978,1
4.161,6.17328,14724.999,162.050784174775,7809.826,113.78,113.78,649.364,1.656,8.901,17.542,0.347,0.953,1
9.3,13.88988,72778.401,372.8478813194658,9782.345,644.954,644.954,1086.461,4.486,22.335,89.67,1.775,0.96,3
9.3,13.88988,72771.67,372.843692529261,9741.847,645.032,645.032,1045.769,4.533,22.577,86.805,1.718,0.997,3
8.206,12.34656,50993.787,323.31994009733694,9305.198,438.085,438.085,926.609,3.59,18.576,60.697,1.202,0.977,3
9.3,13.88988,72773.742,372.8435878095059,9744.671,645.086,645.086,1045.135,4.529,22.517,86.675,1.716,0.996,3
2.088,12.34656,6839.76,144.70175762434584,6764.849,29.195,29.195,601.095,1.332,7.205,5.963,0.257,0.993,0
1.138,1.54332,1321.095,145.2276602345568,6689.857,9.625,9.625,474.641,1.141,6.118,0.0,0.096,0.972,0
9.3,13.88988,72774.632,372.8469388416697,9785.402,645.002,645.002,1097.757,4.484,22.429,90.658,1.795,0.954,3
4.161,6.17328,14724.066,162.0504700155097,7797.85,113.794,113.794,645.7,1.657,8.898,17.389,0.344,0.959,1
8.206,12.34656,50993.155,323.3166937849282,9298.788,438.026,438.026,914.221,3.598,18.565,59.859,1.185,0.991,3
6.175,9.25992,29762.31,241.5710915817052,8793.15,246.018,246.018,761.025,2.514,13.247,33.552,0.664,0.996,2
9.3,13.88988,72759.913,372.8420170131792,9741.11,644.785,644.785,1074.458,4.536,22.951,89.58,1.773,0.984,3
6.175,9.25992,29793.816,241.6235561790202,8830.8,246.228,246.228,779.004,2.501,13.185,34.459,0.682,0.961,2
7.148,10.80324,39006.745,280.4408655672654,9115.968,332.451,332.451,825.091,2.987,15.736,44.204,0.875,0.988,3
3.144,12.34656,8376.469,145.21938737390235,7066.496,60.327,60.327,586.187,1.391,7.529,12.325,0.244,0.979,1
4.161,6.17328,14725.902,162.05151721306086,7833.919,113.818,113.818,637.679,1.653,8.787,16.983,0.336,0.954,1
4.161,6.17328,14724.353,162.05088889453015,7810.775,113.798,113.798,634.408,1.655,8.804,16.858,0.334,0.963,1
2.088,3.08664,5348.385,145.99557019884926,6841.548,31.503,31.503,555.558,1.288,6.87,0.0,0.196,0.975,0
3.144,4.6299600000000005,8376.296,145.2191779343921,7069.686,60.327,60.327,573.916,1.391,7.461,11.827,0.234,0.989,1
2.088,3.08664,5865.111,141.31354994744927,6810.916,23.295,23.295,606.462,1.292,7.036,22.57,0.263,0.956,0
9.3,12.34656,72761.19,372.841912293424,9757.975,645.013,645.013,1094.026,4.519,22.901,91.038,1.802,0.968,3
2.088,12.34656,2850.65,142.50871651262997,6815.348,25.257,25.257,504.712,1.198,6.442,11.571,0.137,0.966,0
3.144,12.34656,8379.184,145.220853450474,7120.212,60.356,60.356,589.008,1.389,7.477,12.408,0.246,0.962,1
1.138,1.54332,4459.398,144.46393906046913,6628.714,9.21,9.21,571.712,1.254,6.807,5.602,0.214,0.991,0
3.144,4.6299600000000005,8379.269,145.220853450474,7123.884,60.359,60.359,583.227,1.388,7.443,12.174,0.241,0.966,1
7.148,10.80324,38991.579,280.4469393130624,9126.64,332.238,332.238,827.749,2.972,15.566,44.16,0.874,0.973,3
3.144,4.6299600000000005,8375.082,145.21854961586138,7039.134,60.31,60.31,584.608,1.393,7.555,12.277,0.243,0.988,1
4.161,6.17328,14718.88,162.04868977967263,7727.775,113.748,113.748,630.415,1.663,8.919,16.767,0.332,0.991,1
5.14,7.7166,21635.812,201.5148427706393,8496.155,175.277,175.277,718.812,2.078,11.104,25.696,0.509,0.957,2
5.14,7.7166,21627.405,201.51505221014952,8473.059,175.274,175.274,697.431,2.086,11.082,24.651,0.488,0.987,2
8.206,12.34656,50994.225,323.32287225048026,9307.31,437.952,437.952,921.341,3.586,18.473,60.208,1.192,0.977,3
7.148,10.80324,38988.935,280.4470440328176,9128.03,332.196,332.196,834.832,2.97,15.597,44.617,0.883,0.967,3
7.148,12.34656,39010.052,280.4398183697142,9115.328,332.5,332.5,810.546,2.989,15.632,43.207,0.855,0.998,3
3.144,4.6299600000000005,8379.895,145.2213770492496,7138.235,60.363,60.363,583.435,1.388,7.427,12.175,0.241,0.962,1
5.14,7.7166,21623.823,201.5139002928432,8460.378,175.232,175.232,700.551,2.09,11.172,24.876,0.492,0.994,2
1.138,1.54332,3574.767,141.26548357984936,6607.938,7.406,7.406,547.99,1.218,6.582,17.981,0.199,0.999,0
8.206,12.34656,50997.534,323.33449614329857,9317.69,437.994,437.994,942.472,3.575,18.521,61.661,1.221,0.955,3
3.144,4.6299600000000005,8379.728,145.22116760973938,7128.912,60.363,60.363,593.354,1.388,7.489,12.576,0.249,0.956,1
1.138,1.54332,452.476,141.868145770563,6719.134,7.809,7.809,449.355,1.102,5.862,2.038,0.069,0.959,0
3.144,4.6299600000000005,8379.083,145.2207487307189,7110.853,60.356,60.356,599.061,1.389,7.54,12.813,0.254,0.956,1
3.144,4.6299600000000005,8376.418,145.21928265414724,7063.331,60.323,60.323,589.492,1.391,7.55,12.459,0.247,0.977,1
2.088,3.08664,3503.301,144.92596262005705,6756.299,29.505,29.505,517.336,1.228,6.666,0.0,0.143,0.985,0
9.3,13.88988,72765.745,372.841912293424,9738.244,644.822,644.822,1057.74,4.538,22.792,88.045,1.743,0.993,3
2.088,3.08664,2840.611,143.0614273801515,6811.648,26.222,26.222,501.963,1.199,6.449,8.845,0.132,0.968,0
5.14,7.7166,21626.786,201.513690853333,8467.792,175.215,175.215,707.566,2.088,11.179,25.221,0.499,0.984,2
2.088,3.08664,4764.019,140.7960249176479,6840.153,22.389,22.389,570.99,1.256,6.783,23.433,0.223,0.953,0
4.161,6.17328,14717.4,162.04816618089703,7708.267,113.73,113.73,626.49,1.665,8.928,16.607,0.329,1.0,1
1.138,1.54332,3302.047,144.0307134335391,6603.362,9.005,9.005,539.113,1.215,6.606,7.749,0.178,0.998,0
3.144,4.6299600000000005,8378.94,145.220853450474,7118.742,60.353,60.353,584.811,1.389,7.457,12.24,0.242,0.966,1
2.088,3.08664,6598.278,145.213837226881,6760.548,30.101,30.101,595.613,1.327,7.192,2.949,0.247,0.993,0
4.161,6.17328,14722.338,162.04963225746872,7770.03,113.78,113.78,649.079,1.659,8.967,17.575,0.348,0.965,1
1.138,1.54332,3599.911,144.70531809601997,6619.452,9.319,9.319,543.801,1.226,6.643,6.154,0.183,0.997,0
8.206,12.34656,50994.199,323.3220344924393,9307.428,438.074,438.074,929.287,3.587,18.562,60.854,1.205,0.973,3
1.138,1.54332,4179.203,137.59484672339505,6643.125,5.61,5.61,597.509,1.229,6.7,32.495,0.257,0.963,0
7.148,10.80324,38991.362,280.4483006698789,9129.354,332.311,332.311,807.886,2.97,15.361,42.729,0.846,0.982,3
5.14,7.7166,21622.413,201.51285309529203,8454.164,175.195,175.195,707.316,2.092,11.252,25.269,0.5,0.994,2
2.088,3.08664,2884.153,143.33694505587135,6808.619,26.704,26.704,502.417,1.201,6.465,7.485,0.131,0.969,0
4.161,6.17328,14721.179,162.04900393893797,7748.826,113.768,113.768,651.223,1.661,9.017,17.697,0.35,0.97,1
5.14,7.7166,21635.593,201.51463333112903,8495.242,175.302,175.302,719.788,2.078,11.116,25.752,0.51,0.957,2
5.14,7.7166,21631.722,201.51410973235343,8482.827,175.286,175.286,715.892,2.082,11.155,25.6,0.507,0.968,2
7.148,10.80324,38978.202,280.44788179085845,9137.448,332.037,332.037,842.672,2.957,15.493,44.952,0.89,0.951,3
9.3,13.88988,72775.557,372.8451586058328,9755.237,645.113,645.113,1053.891,4.517,22.432,87.255,1.727,0.987,3
1.138,1.54332,1780.925,146.57666012000826,6704.896,10.419,10.419,491.45,1.161,6.235,0.0,0.114,0.967,0
8.206,12.34656,50991.197,323.30674540819183,9293.69,437.932,437.932,912.884,3.606,18.652,59.886,1.186,0.998,3
6.175,9.25992,29762.146,241.5686830273375,8796.195,246.029,246.029,765.668,2.513,13.264,33.819,0.67,0.991,2
8.206,12.34656,50993.156,323.3177409824794,9301.509,437.95,437.95,903.56,3.593,18.388,58.907,1.166,0.993,3
4.161,6.17328,14725.155,162.05088889453015,7814.193,113.809,113.809,648.955,1.655,8.891,17.518,0.347,0.952,1
9.3,13.88988,72769.106,372.84494916632246,9769.28,644.773,644.773,1091.437,4.504,22.656,90.5,1.791,0.964,3
7.148,10.80324,38984.349,280.447462911838,9131.979,332.107,332.107,836.834,2.965,15.543,44.67,0.884,0.961,3
8.206,12.34656,50994.281,323.3236052887661,9310.358,437.956,437.956,921.94,3.581,18.417,60.171,1.191,0.973,3
8.206,12.34656,50995.67,323.3288412765221,9312.379,438.017,438.017,933.66,3.58,18.512,61.074,1.209,0.965,3
8.206,12.34656,50997.769,323.33449614329857,9319.674,438.052,438.052,948.984,3.574,18.568,62.148,1.23,0.95,3
2.088,3.08664,6895.321,143.13546424702113,6830.317,26.481,26.481,633.651,1.326,7.239,15.319,0.289,0.95,0
2.088,3.08664,4567.255,140.74523583641488,6800.85,22.287,22.287,569.917,1.251,6.802,23.787,0.22,0.96,0
5.14,7.7166,21629.368,201.5143191718637,8477.011,175.233,175.233,708.277,2.084,11.135,25.218,0.499,0.977,2
6.175,9.25992,29780.991,241.6268024914289,8814.511,246.104,246.104,769.546,2.507,13.201,33.966,0.672,0.977,2
8.206,12.34656,50994.37,323.32371000852123,9309.944,438.103,438.103,922.98,3.582,18.438,60.268,1.193,0.973,3
4.161,6.17328,14721.053,162.04963225746872,7761.949,113.769,113.769,631.009,1.66,8.864,16.756,0.332,0.98,1
2.088,3.08664,4655.09,140.764608991112,6805.827,22.331,22.331,571.881,1.254,6.812,23.727,0.223,0.959,0
1.138,1.54332,1838.506,146.13285779781114,6672.379,10.11,10.11,488.095,1.163,6.249,0.232,0.112,0.981,0
5.14,7.7166,21627.815,201.51463333112903,8473.191,175.244,175.244,703.267,2.086,11.121,24.965,0.494,0.983,2
8.206,12.34656,50994.936,323.32863183701187,9324.055,438.11,438.11,929.545,3.561,18.22,60.4,1.196,0.953,3
9.3,12.34656,72773.113,372.84651996264927,9770.971,645.044,645.044,1084.765,4.501,22.534,89.816,1.778,0.966,3
2.088,3.08664,3924.507,140.84754703716678,6789.711,22.439,22.439,550.166,1.231,6.69,22.389,0.196,0.964,0
7.148,10.80324,39002.689,280.4450543574702,9121.287,332.417,332.417,800.281,2.981,15.444,42.365,0.839,0.997,3
5.14,7.7166,21631.645,201.5131672545573,8480.263,175.253,175.253,723.392,2.083,11.22,26.011,0.515,0.965,2
8.206,12.34656,50989.581,323.30192829945634,9302.179,437.91,437.91,934.118,3.595,18.722,61.391,1.215,0.977,3
6.175,9.25992,29762.246,241.5686830273375,8796.184,246.027,246.027,764.085,2.513,13.253,33.722,0.668,0.992,2
4.161,6.17328,14720.809,162.0491086586931,7749.691,113.762,113.762,644.957,1.661,8.975,17.411,0.345,0.974,1
5.14,7.7166,21629.945,201.5165182867212,8484.001,175.255,175.255,693.401,2.082,10.996,24.384,0.483,0.982,2
8.206,12.34656,50993.974,323.3243383270519,9318.902,438.087,438.087,917.167,3.567,18.184,59.536,1.179,0.965,3
7.148,10.80324,38994.363,280.447462911838,9126.401,332.259,332.259,810.522,2.974,15.434,42.974,0.851,0.984,3
8.206,12.34656,50990.53,323.30381325504845,9293.247,438.08,438.08,913.95,3.607,18.673,59.984,1.187,0.998,3
1.138,1.54332,599.687,141.83348353161838,6652.788,7.669,7.669,444.766,1.109,5.902,4.124,0.069,0.988,0
2.088,3.08664,2827.485,142.774809410389,6800.141,25.712,25.712,504.391,1.198,6.463,10.326,0.135,0.969,0
8.206,12.34656,50996.079,323.32580440362364,9314.611,437.989,437.989,946.334,3.58,18.634,62.069,1.229,0.957,3
5.14,7.7166,21628.913,201.51515692990463,8477.749,175.285,175.285,701.431,2.084,11.084,24.846,0.492,0.981,2
8.206,12.34656,50993.234,323.3193117788062,9309.4,437.999,437.999,904.02,3.58,18.23,58.726,1.163,0.983,3
8.206,12.34656,50994.64,323.32852711725667,9327.36,438.1,438.1,927.629,3.555,18.128,60.147,1.191,0.95,3
6.175,9.25992,29763.495,241.5645989568878,8806.437,245.994,245.994,751.884,2.509,13.108,32.916,0.652,0.993,2
8.206,12.34656,50993.146,323.3173221034589,9298.637,437.972,437.972,904.714,3.598,18.46,59.081,1.17,0.996,3
3.144,4.6299600000000005,8376.181,145.2191779343921,7058.258,60.317,60.317,591.109,1.392,7.564,12.527,0.248,0.977,1
7.148,10.80324,38991.506,280.447462911838,9127.189,332.25,332.25,823.382,2.972,15.522,43.848,0.868,0.975,3
1.138,1.54332,1453.19,145.52286522423913,6673.64,9.826,9.826,487.186,1.147,6.21,0.292,0.107,0.968,0
6.175,9.25992,29761.124,241.5655414346839,8803.613,245.981,245.981,783.705,2.509,13.357,34.873,0.69,0.975,2
7.148,10.80324,38978.027,280.44777707110336,9139.508,332.165,332.165,830.095,2.955,15.359,44.051,0.872,0.956,3
4.161,6.17328,14720.272,162.0494228179585,7752.764,113.742,113.742,627.947,1.661,8.86,16.625,0.329,0.985,1
8.206,12.34656,50994.185,323.32475720607243,9319.616,437.98,437.98,919.549,3.566,18.197,59.711,1.182,0.963,3
7.148,10.80324,38999.447,280.44494963771507,9120.818,332.306,332.306,824.884,2.98,15.647,44.086,0.873,0.982,3
2.088,3.08664,3196.514,144.3577532287778,6778.055,28.488,28.488,507.997,1.215,6.575,2.552,0.134,0.979,0
4.161,6.17328,14723.563,162.0501558562443,7787.795,113.788,113.788,650.089,1.658,8.943,17.6,0.348,0.959,1
5.14,7.7166,21630.115,201.5158899681905,8483.184,175.256,175.256,697.222,2.083,11.027,24.595,0.487,0.98,2
4.161,6.17328,14718.356,162.04816618089703,7712.929,113.738,113.738,641.295,1.665,9.016,17.286,0.342,0.988,1
7.148,10.80324,38997.418,280.4458921155112,9122.835,332.257,332.257,820.814,2.978,15.579,43.762,0.866,0.982,3
3.144,4.6299600000000005,8376.27,145.2191779343921,7061.748,60.324,60.324,586.544,1.391,7.536,12.342,0.244,0.98,1
5.14,7.7166,21626.796,201.5149474903944,8471.235,175.268,175.268,697.869,2.087,11.095,24.682,0.489,0.988,2
9.3,13.88988,72756.925,372.8404462168524,9734.647,644.878,644.878,1071.921,4.544,23.032,89.49,1.772,0.988,3
3.144,4.6299600000000005,8378.266,145.22043457145355,7104.506,60.346,60.346,584.611,1.389,7.474,12.24,0.242,0.97,1
5.14,7.7166,21628.59,201.51410973235343,8474.237,175.247,175.247,708.207,2.085,11.149,25.227,0.499,0.979,2
1.138,1.54332,5263.964,143.08917811525822,6630.196,8.442,8.442,595.592,1.276,6.918,10.571,0.248,0.991,0
4.161,6.17328,14723.934,162.0501558562443,7789.034,113.795,113.795,655.512,1.658,8.975,17.844,0.353,0.955,1
3.144,12.34656,8374.688,145.21834017635112,7028.74,60.3,60.3,589.073,1.393,7.591,12.462,0.247,0.987,1
8.206,12.34656,50995.238,323.3304120728489,9325.2,437.967,437.967,930.955,3.559,18.213,60.482,1.197,0.951,3
1.138,1.54332,2220.202,140.17933027974826,6616.529,6.816,6.816,510.274,1.169,6.29,20.075,0.156,0.994,0
6.175,9.25992,29792.796,241.6284780075108,8827.934,246.26,246.26,788.815,2.502,13.273,35.066,0.694,0.957,2
7.148,12.34656,38975.881,280.4475676315932,9142.519,332.118,332.118,827.472,2.952,15.286,43.809,0.867,0.954,3
3.144,4.6299600000000005,8380.354,145.22158648875984,7147.775,60.372,60.372,583.993,1.387,7.419,12.192,0.241,0.959,1
4.161,6.17328,14724.667,162.05036529575457,7798.351,113.8,113.8,657.396,1.657,8.972,17.918,0.355,0.951,1
1.138,1.54332,305.706,139.5281828424142,6714.84,6.616,6.616,460.882,1.094,5.85,14.834,0.089,0.95,0
6.175,9.25992,29795.213,241.6179013122437,8834.634,246.28,246.28,766.743,2.5,13.074,33.693,0.667,0.966,2
9.3,13.88988,72779.624,372.8462058033839,9771.205,644.988,644.988,1068.382,4.498,22.315,88.234,1.747,0.973,3
2.088,3.08664,6830.401,144.62489332408805,6790.255,29.058,29.058,596.934,1.331,7.154,6.134,0.254,0.989,0
6.175,9.25992,29793.101,241.6252316951021,8827.253,246.241,246.241,767.859,2.502,13.122,33.802,0.669,0.97,2
1.138,1.54332,1944.157,146.71227220288822,6697.185,10.433,10.433,487.246,1.167,6.233,0.0,0.113,0.979,0
3.144,12.34656,8379.306,145.22095817022915,7123.06,60.362,60.362,586.957,1.388,7.463,12.324,0.244,0.963,1
7.148,10.80324,38982.311,280.4475676315932,9133.446,332.198,332.198,840.595,2.963,15.547,44.896,0.889,0.957,3
6.175,9.25992,29761.701,241.5673216705209,8805.641,245.989,245.989,779.845,2.509,13.317,34.628,0.686,0.976,2
7.148,12.34656,38996.797,280.4464157142868,9123.895,332.373,332.373,815.49,2.977,15.518,43.371,0.859,0.984,3
8.206,12.34656,50995.047,323.32842239750164,9321.14,438.002,438.002,930.503,3.566,18.293,60.564,1.199,0.956,3
1.138,1.54332,6498.04,139.321466045808,6696.916,6.535,6.535,648.316,1.299,7.036,26.756,0.316,0.957,0
7.148,10.80324,38977.997,280.447462911838,9138.476,332.167,332.167,837.198,2.956,15.433,44.558,0.882,0.953,3
2.088,3.08664,6081.56,141.50927116976794,6751.886,23.585,23.585,583.722,1.301,7.006,20.753,0.249,0.997,0
2.088,3.08664,3651.216,145.12419711649858,6794.729,29.872,29.872,519.077,1.232,6.651,0.0,0.146,0.977,0
5.14,7.7166,21639.366,201.51746076451727,8511.964,175.307,175.307,708.466,2.073,10.952,25.075,0.496,0.953,2
3.144,4.6299600000000005,8379.97,145.2213770492496,7141.341,60.368,60.368,580.18,1.388,7.407,12.042,0.238,0.964,1
3.144,4.6299600000000005,8373.939,145.21708353928972,7022.865,60.296,60.296,577.437,1.393,7.538,11.996,0.237,0.999,1
3.144,4.6299600000000005,8376.21,145.2191779343921,7062.065,60.317,60.317,585.299,1.391,7.53,12.292,0.243,0.981,1
9.3,13.88988,72774.309,372.8472530009351,9783.12,645.145,645.145,1095.419,4.487,22.442,90.5,1.791,0.956,3
2.088,3.08664,2890.707,142.40315899946933,6858.238,25.085,25.085,502.79,1.198,6.389,12.02,0.137,0.958,0
1.138,1.54332,2820.973,147.76973229008655,6700.274,11.011,11.011,505.754,1.202,6.389,0.0,0.138,0.988,0
4.161,6.17328,14717.131,162.04764258212143,7693.963,113.73,113.73,639.95,1.666,9.041,17.247,0.341,0.995,1
6.175,9.25992,29766.991,241.5873231437488,8810.918,245.961,245.961,772.749,2.507,13.238,34.171,0.677,0.977,2
8.206,12.34656,50993.356,323.31459938982584,9308.124,438.091,438.091,940.729,3.588,18.689,61.78,1.223,0.967,3
4.161,12.34656,14720.366,162.04952753771357,7756.467,113.745,113.745,624.979,1.66,8.835,16.483,0.326,0.986,1
1.138,1.54332,5076.304,144.65735644817514,6644.008,9.354,9.354,594.119,1.274,6.934,4.46,0.238,0.982,0
5.14,7.7166,21625.279,201.51505221014952,8467.494,175.213,175.213,692.967,2.088,11.081,24.432,0.484,0.994,2
3.144,4.6299600000000005,8375.829,145.21886377512678,7056.429,60.319,60.319,580.274,1.392,7.51,12.092,0.239,0.987,1
4.161,6.17328,14719.283,162.0491086586931,7739.505,113.753,113.753,625.316,1.662,8.866,16.517,0.327,0.991,1
7.148,10.80324,38983.558,280.4486148291443,9135.623,332.229,332.229,816.392,2.961,15.319,43.19,0.855,0.969,3
5.14,12.34656,21632.724,201.5144238916188,8486.549,175.255,175.255,714.999,2.081,11.129,25.536,0.505,0.966,2
8.206,12.34656,50994.084,323.3216156134188,9307.563,437.951,437.951,931.022,3.587,18.579,60.991,1.207,0.972,3
1.138,1.54332,1349.919,145.54757908644737,6701.062,9.861,9.861,483.398,1.143,6.158,0.0,0.102,0.961,0
6.175,9.25992,29761.513,241.565646154439,8804.583,245.922,245.922,779.332,2.509,13.319,34.603,0.685,0.977,2
2.088,3.08664,4535.721,145.95200678071947,6759.025,31.376,31.376,542.95,1.265,6.869,0.0,0.176,0.989,0
3.144,4.6299600000000005,8375.98,145.21907321463698,7057.003,60.32,60.32,586.902,1.392,7.544,12.359,0.245,0.981,1
5.14,7.7166,21636.533,201.5137955730881,8495.627,175.286,175.286,728.951,2.078,11.175,26.235,0.519,0.951,2
7.148,10.80324,38999.129,280.4458921155112,9122.505,332.268,332.268,811.913,2.979,15.514,43.151,0.854,0.988,3
4.161,6.17328,14722.652,162.0500511364892,7781.136,113.773,113.773,639.835,1.658,8.889,17.14,0.339,0.968,1
2.088,12.34656,3625.463,145.11979888678354,6755.338,29.845,29.845,520.443,1.232,6.696,0.0,0.147,0.986,0
7.148,10.80324,38999.481,280.4456826760009,9121.974,332.296,332.296,814.554,2.979,15.545,43.346,0.858,0.987,3
2.088,3.08664,3166.889,144.27334910615136,6793.735,28.345,28.345,507.09,1.213,6.546,2.832,0.133,0.975,0
5.14,12.34656,21634.599,201.51400501259832,8490.572,175.274,175.274,721.659,2.08,11.153,25.872,0.512,0.959,2
9.3,13.88988,72762.387,372.84149341440354,9740.441,644.81,644.81,1068.55,4.537,22.889,89.031,1.762,0.987,3
1.138,1.54332,3929.189,141.58257499835165,6609.008,7.605,7.605,561.981,1.23,6.672,17.012,0.213,0.995,0
8.206,12.34656,50994.167,323.3243383270519,9318.093,438.025,438.025,919.183,3.569,18.224,59.725,1.182,0.965,3
8.206,12.34656,50995.139,323.32706104068507,9311.226,438.108,438.108,932.29,3.582,18.519,60.993,1.207,0.967,3
7.148,10.80324,39003.463,280.4429599623678,9118.455,332.345,332.345,821.633,2.984,15.664,43.912,0.869,0.987,3
3.144,4.6299600000000005,8374.738,145.21834017635112,7035.461,60.305,60.305,581.261,1.393,7.542,12.144,0.24,0.992,1
5.14,7.7166,21633.768,201.51515692990463,8491.138,175.305,175.305,711.655,2.08,11.082,25.337,0.502,0.965,2
6.175,9.25992,29761.235,241.5665886322351,8804.669,245.94,245.94,784.22,2.509,13.355,34.898,0.691,0.974,2
3.144,4.6299600000000005,8376.686,145.21949209365746,7070.94,60.328,60.328,587.078,1.391,7.528,12.358,0.245,0.977,1
7.148,10.80324,38987.206,280.44725347232776,9128.968,332.258,332.258,839.603,2.969,15.618,44.923,0.889,0.963,3
1.138,1.54332,5667.729,147.16832673643432,6739.88,10.889,10.889,614.909,1.295,7.009,0.0,0.255,0.952,0
6.175,9.25992,29761.382,241.5649131161532,8803.531,245.938,245.938,778.82,2.509,13.321,34.577,0.685,0.978,2
9.3,13.88988,72767.395,372.84316893048543,9753.302,645.003,645.003,1075.719,4.522,22.748,89.404,1.77,0.978,3
6.175,9.25992,29791.855,241.63360927551167,8824.893,246.202,246.202,793.822,2.503,13.326,35.384,0.701,0.956,2
4.161,6.17328,14724.526,162.0502605759994,7796.018,113.798,113.798,656.924,1.657,8.973,17.9,0.354,0.952,1
2.088,3.08664,3387.759,144.67871927821952,6817.961,29.08,29.08,509.687,1.221,6.555,0.694,0.136,0.972,0
9.3,13.88988,72762.229,372.8423311724445,9757.653,644.74,644.74,1091.992,4.519,22.88,90.854,1.798,0.969,3
7.148,10.80324,38977.133,280.44798651061353,9141.528,332.163,332.163,824.44,2.953,15.28,43.622,0.864,0.957,3
3.144,4.6299600000000005,8376.75,145.21949209365746,7070.009,60.323,60.323,590.838,1.391,7.548,12.509,0.248,0.974,1
6.175,9.25992,29761.786,241.56711223101064,8805.613,245.953,245.953,778.224,2.509,13.306,34.53,0.684,0.977,2
9.3,13.88988,72766.927,372.84421612803663,9755.825,644.989,644.989,1079.909,4.519,22.755,89.742,1.776,0.975,3
2.088,3.08664,6082.53,145.7130362995364,6802.91,30.994,30.994,576.124,1.312,7.039,0.0,0.222,0.985,0
9.3,12.34656,72766.525,372.8452633255878,9778.916,644.793,644.793,1107.751,4.495,22.694,91.785,1.817,0.953,3
8.206,12.34656,50992.941,323.315646587377,9295.864,438.084,438.084,907.601,3.602,18.549,59.395,1.176,0.998,3
7.148,10.80324,39001.978,280.44337884138827,9118.83,332.409,332.409,827.312,2.983,15.702,44.296,0.877,0.983,3
1.138,1.54332,2174.712,137.6092980496015,6639.528,5.583,5.583,534.193,1.163,6.307,30.163,0.184,0.967,0
4.161,6.17328,14719.526,162.0485850599175,7729.96,113.742,113.742,642.222,1.663,8.992,17.309,0.343,0.982,1
3.144,4.6299600000000005,8378.233,145.22043457145355,7100.795,60.349,60.349,590.412,1.389,7.508,12.475,0.247,0.966,1
4.161,6.17328,14722.932,162.05036529575457,7789.141,113.787,113.787,636.395,1.657,8.853,16.974,0.336,0.968,1
2.088,3.08664,6485.396,145.31803338322507,6805.517,30.305,30.305,586.592,1.322,7.096,1.841,0.238,0.985,0
4.161,6.17328,14723.085,162.04963225746872,7773.813,113.77,113.77,656.326,1.659,9.007,17.899,0.354,0.959,1
2.088,3.08664,5832.229,145.91556430593786,6773.325,31.358,31.358,574.654,1.306,7.061,0.0,0.217,0.989,0
1.138,1.54332,814.776,143.88169722200382,6695.066,8.968,8.968,473.659,1.119,6.059,0.0,0.089,0.953,0
7.148,10.80324,38982.211,280.44851010938913,9132.917,332.135,332.135,850.243,2.963,15.633,45.564,0.902,0.952,3
2.088,3.08664,3882.629,145.38222659311342,6808.38,30.339,30.339,523.185,1.24,6.67,0.0,0.152,0.976,0
5.14,7.7166,21639.118,201.5169371657417,8510.201,175.304,175.304,711.847,2.074,10.984,25.263,0.5,0.952,2
3.144,4.6299600000000005,8373.814,145.2169788195346,7014.68,60.293,60.293,582.268,1.394,7.574,12.197,0.241,0.997,1
1.138,1.54332,7253.606,141.15416648015716,6708.17,7.516,7.516,664.837,1.325,7.177,18.615,0.331,0.956,0
1.138,1.54332,5240.648,146.6924801691706,6677.933,10.399,10.399,575.612,1.282,6.862,0.341,0.222,0.993,0
6.175,12.34656,29792.513,241.6310960013888,8827.021,246.209,246.209,793.231,2.502,13.31,35.337,0.7,0.955,2
9.3,13.88988,72770.839,372.84400668852646,9749.321,644.827,644.827,1059.843,4.525,22.618,87.978,1.742,0.987,3
5.14,7.7166,21623.982,201.5144238916188,8462.11,175.245,175.245,695.737,2.09,11.129,24.607,0.487,0.996,2
7.148,10.80324,38975.4,280.4475676315932,9142.512,332.014,332.014,830.833,2.951,15.313,44.039,0.872,0.952,3
2.088,3.08664,3182.353,141.40172398126003,6764.741,23.355,23.355,526.753,1.208,6.584,18.261,0.165,0.971,0
5.14,7.7166,21630.148,201.51463333112903,8479.755,175.237,175.237,706.871,2.084,11.11,25.131,0.497,0.976,2
3.144,4.6299600000000005,8378.579,145.22053929120867,7107.917,60.344,60.344,590.512,1.389,7.5,12.475,0.247,0.964,1
4.161,6.17328,14721.54,162.04921337844823,7755.025,113.767,113.767,649.9,1.661,8.998,17.63,0.349,0.969,1
9.3,13.88988,72780.42,372.8457869243635,9771.988,645.029,645.029,1067.543,4.496,22.288,88.133,1.745,0.973,3
7.148,10.80324,39002.043,280.4451590772253,9121.19,332.302,332.302,805.116,2.981,15.484,42.705,0.846,0.994,3
7.148,10.80324,38982.903,280.4475676315932,9132.416,332.22,332.22,844.39,2.964,15.595,45.176,0.894,0.956,3
3.144,4.6299600000000005,8377.453,145.21991097267795,7084.073,60.338,60.338,591.025,1.39,7.532,12.509,0.248,0.97,1
2.088,3.08664,6966.616,143.3756913652656,6747.99,26.845,26.845,607.819,1.333,7.22,12.952,0.271,0.996,0
5.14,7.7166,21635.199,201.513690853333,8491.718,175.267,175.267,726.778,2.079,11.181,26.138,0.517,0.955,2
5.14,12.34656,21632.204,201.5139002928432,8483.832,175.289,175.289,717.928,2.082,11.164,25.704,0.509,0.966,2
1.138,12.34656,7250.588,141.94836110298465,6670.755,7.954,7.954,676.714,1.328,7.291,15.689,0.338,0.958,0
9.3,13.88988,72767.878,372.8451586058328,9767.313,644.892,644.892,1091.177,4.507,22.69,90.527,1.792,0.965,3
9.3,13.88988,72772.23,372.84547276509807,9772.822,644.813,644.813,1089.945,4.499,22.568,90.264,1.787,0.963,3
9.3,13.88988,72759.05,372.84107453538303,9734.032,644.698,644.698,1066.025,4.544,22.97,88.94,1.761,0.991,3
2.088,3.08664,6632.454,142.32378142508867,6823.533,25.066,25.066,626.964,1.317,7.181,18.861,0.284,0.952,0
1.138,1.54332,414.47,142.11434191484932,6682.857,8.013,8.013,464.304,1.101,5.972,2.849,0.079,0.951,0
9.3,13.88988,72765.272,372.8441114082816,9755.227,644.943,644.943,1082.78,4.52,22.803,90.032,1.782,0.974,3
3.144,4.6299600000000005,8379.415,145.22095817022915,7117.517,60.355,60.355,601.745,1.389,7.545,12.915,0.256,0.952,1
8.206,12.34656,50992.96,323.3165890651731,9298.408,438.046,438.046,901.362,3.598,18.427,58.811,1.164,0.998,3
5.14,7.7166,21628.344,201.51609940770075,8478.429,175.233,175.233,691.807,2.084,11.015,24.322,0.481,0.987,2
2.088,3.08664,6572.547,142.2006309930679,6762.845,24.789,24.789,594.478,1.317,7.086,17.972,0.26,0.995,0
8.206,12.34656,50993.088,323.3178457022345,9303.835,437.981,437.981,901.796,3.589,18.32,58.697,1.162,0.991,3
4.161,6.17328,14721.03,162.04952753771357,7758.51,113.757,113.757,635.321,1.66,8.898,16.959,0.336,0.978,1
3.144,4.6299600000000005,8377.039,145.21970153316772,7082.022,60.327,60.327,580.182,1.39,7.478,12.074,0.239,0.98,1
1.138,1.54332,7388.16,142.13381978930158,6711.923,8.043,8.043,665.591,1.331,7.21,14.318,0.33,0.957,0
4.161,6.17328,14719.615,162.04921337844823,7743.908,113.734,113.734,626.19,1.661,8.864,16.553,0.328,0.989,1
1.138,1.54332,6276.127,139.86202942173568,6643.307,6.691,6.691,628.309,1.296,7.006,24.474,0.298,0.984,0
7.148,10.80324,39000.071,280.4458921155112,9122.626,332.413,332.413,805.4,2.979,15.46,42.695,0.845,0.992,3
4.161,6.17328,14719.063,162.04889921918286,7733.63,113.74,113.74,627.856,1.662,8.892,16.642,0.329,0.991,1
6.175,9.25992,29794.922,241.6210429048973,8835.415,246.325,246.325,787.624,2.499,13.224,34.953,0.692,0.953,2
1.138,1.54332,2528.231,147.82177800838102,6717.866,11.162,11.162,515.039,1.191,6.403,0.0,0.14,0.965,0
6.175,9.25992,29790.956,241.63716974718577,8821.578,246.214,246.214,790.575,2.504,13.32,35.208,0.697,0.96,2
4.161,6.17328,14722.579,162.04952753771357,7768.927,113.781,113.781,654.029,1.66,9.0,17.801,0.352,0.962,1
7.148,10.80324,38997.491,280.4454732364906,9122.274,332.375,332.375,825.171,2.978,15.623,44.075,0.873,0.98,3
4.161,6.17328,14717.715,162.0482709006521,7712.788,113.737,113.737,628.646,1.664,8.934,16.702,0.331,0.997,1
6.175,9.25992,29762.285,241.56973022488867,8795.168,246.031,246.031,762.013,2.513,13.243,33.601,0.665,0.994,2
8.206,12.34656,50994.108,323.3238147282763,9315.05,437.951,437.951,918.479,3.573,18.28,59.754,1.183,0.969,3
7.148,10.80324,38979.684,280.4490337081648,9135.923,332.108,332.108,845.771,2.959,15.544,45.195,0.895,0.951,3
9.3,13.88988,72765.953,372.8446350070572,9778.133,644.82,644.82,1108.648,4.497,22.721,91.891,1.819,0.953,3
6.175,9.25992,29790.015,241.6405207793496,8818.242,246.254,246.254,785.709,2.505,13.302,34.933,0.692,0.965,2
8.206,12.34656,50997.52,323.3353339013395,9319.998,438.037,438.037,940.736,3.57,18.45,61.45,1.217,0.953,3
2.088,3.08664,3189.359,141.51733459091213,6828.077,23.567,23.567,520.163,1.207,6.492,17.282,0.159,0.96,0
1.138,12.34656,3145.987,139.07087167180666,6621.541,6.328,6.328,558.348,1.199,6.536,26.565,0.209,0.976,0
9.3,12.34656,72764.138,372.8441114082816,9750.405,645.056,645.056,1076.37,4.525,22.808,89.537,1.772,0.979,3
4.161,6.17328,14717.804,162.04837562040728,7714.726,113.738,113.738,627.791,1.664,8.925,16.66,0.33,0.997,1
6.175,9.25992,29797.237,241.6123511652224,8843.193,246.308,246.308,767.764,2.497,13.036,33.709,0.667,0.96,2
3.144,4.6299600000000005,8377.834,145.2201204121882,7095.469,60.343,60.343,582.832,1.39,7.476,12.174,0.241,0.974,1
3.144,12.34656,8376.384,145.21928265414724,7067.444,60.322,60.322,582.468,1.391,7.508,12.175,0.241,0.982,1
6.175,9.25992,29760.741,241.57056798292965,8782.033,245.932,245.932,776.3,2.518,13.422,34.547,0.684,0.994,2
3.144,4.6299600000000005,8375.928,145.21907321463698,7058.298,60.321,60.321,581.942,1.392,7.517,12.159,0.241,0.985,1
5.14,7.7166,21630.69,201.51683244598647,8486.745,175.253,175.253,692.052,2.082,10.973,24.299,0.481,0.981,2
9.3,13.88988,72773.836,372.84599636387367,9769.526,644.783,644.783,1081.636,4.502,22.52,89.553,1.773,0.968,3
4.161,12.34656,14723.395,162.0500511364892,7783.789,113.77,113.77,651.859,1.658,8.961,17.685,0.35,0.959,1
8.206,12.34656,50992.826,323.3148088293361,9299.016,437.975,437.975,917.636,3.598,18.599,60.132,1.19,0.989,3
2.088,3.08664,6634.231,145.07550243036795,6801.958,29.871,29.871,590.866,1.326,7.119,3.413,0.245,0.986,0
3.144,4.6299600000000005,8380.754,145.22179592827013,7150.941,60.372,60.372,592.421,1.387,7.458,12.527,0.248,0.951,1
5.14,7.7166,21623.628,201.51410973235343,8460.334,175.228,175.228,697.636,2.09,11.152,24.718,0.489,0.996,2
6.175,9.25992,29795.352,241.61999570734608,8836.324,246.314,246.314,783.266,2.499,13.187,34.686,0.687,0.955,2
5.14,7.7166,21634.655,201.5139002928432,8490.628,175.288,175.288,723.18,2.08,11.163,25.953,0.514,0.958,2
6.175,9.25992,29763.058,241.5631328803161,8799.315,245.953,245.953,749.985,2.512,13.133,32.837,0.65,0.999,2
6.175,9.25992,29796.411,241.6165399554272,8840.65,246.308,246.308,783.775,2.497,13.168,34.692,0.687,0.952,2
5.14,7.7166,21634.142,201.51568052868024,8493.807,175.273,175.273,707.298,2.079,11.039,25.092,0.497,0.966,2
2.088,3.08664,3088.328,144.0466308363173,6835.133,27.95,27.95,501.697,1.209,6.466,3.645,0.129,0.967,0
6.175,9.25992,29791.289,241.63360927551167,8820.976,246.203,246.203,769.528,2.505,13.168,33.938,0.672,0.973,2
6.175,9.25992,29790.882,241.63779806571645,8821.735,246.207,246.207,795.547,2.504,13.356,35.505,0.703,0.957,2
9.3,13.88988,72757.856,372.840969815628,9740.643,644.701,644.701,1079.322,4.537,23.02,90.057,1.783,0.982,3
4.161,6.17328,14718.226,162.04816618089703,7712.456,113.737,113.737,638.649,1.665,8.999,17.165,0.34,0.99,1
4.161,6.17328,14723.286,162.04984169697894,7778.102,113.787,113.787,655.896,1.659,8.997,17.874,0.354,0.958,1
1.138,1.54332,2032.9,147.2379653735889,6719.137,10.851,10.851,505.31,1.171,6.315,0.0,0.127,0.958,0
3.144,4.6299600000000005,8378.826,145.2206440109638,7113.054,60.35,60.35,588.905,1.389,7.485,12.408,0.246,0.964,1
5.14,7.7166,21628.379,201.5149474903944,8475.882,175.247,175.247,700.41,2.085,11.087,24.799,0.491,0.983,2
7.148,10.80324,38986.23,280.4480912303687,9131.586,332.202,332.202,826.013,2.966,15.465,43.937,0.87,0.968,3
1.138,1.54332,1624.303,143.99804086994175,6643.505,8.827,8.827,472.165,1.152,6.144,2.517,0.101,0.999,0
7.148,10.80324,38976.879,280.44735819208285,9139.475,332.155,332.155,838.578,2.955,15.426,44.631,0.884,0.951,3
5.14,7.7166,21635.614,201.5149474903944,8496.092,175.276,175.276,717.304,2.078,11.094,25.616,0.507,0.958,2
7.148,10.80324,38982.572,280.4483006698789,9136.085,332.196,332.196,820.36,2.96,15.342,43.454,0.86,0.966,3
9.3,13.88988,72771.033,372.8434830897508,9743.372,644.758,644.758,1050.644,4.531,22.611,87.238,1.727,0.994,3
5.14,7.7166,21634.523,201.5170418854968,8498.233,175.278,175.278,699.647,2.078,10.964,24.661,0.488,0.968,2
6.175,9.25992,29793.202,241.62491753583672,8827.162,246.219,246.219,764.705,2.503,13.099,33.61,0.665,0.972,2
9.3,13.88988,72767.268,372.8441114082816,9756.959,644.962,644.962,1081.019,4.518,22.748,89.82,1.778,0.974,3
2.088,3.08664,5722.146,141.20725939600285,6820.206,23.111,23.111,600.92,1.287,6.993,23.068,0.257,0.955,0
1.138,1.54332,5261.289,144.0412901288062,6638.926,8.999,8.999,598.171,1.278,6.95,5.545,0.245,0.985,0
4.161,6.17328,14717.903,162.0479567413868,7706.423,113.734,113.734,639.96,1.665,9.019,17.232,0.341,0.991,1
9.3,13.88988,72771.242,372.8451586058328,9758.691,644.948,644.948,1072.47,4.515,22.606,88.955,1.761,0.977,3
5.14,7.7166,21629.453,201.5153663694149,8479.551,175.247,175.247,699.538,2.084,11.062,24.736,0.49,0.981,2
6.175,9.25992,29761.921,241.56449423713272,8804.453,245.924,245.924,771.279,2.509,13.26,34.114,0.675,0.982,2
5.14,7.7166,21635.772,201.51452861137392,8495.305,175.317,175.317,721.304,2.078,11.125,25.832,0.511,0.956,2
8.206,12.34656,50996.562,323.3309356716245,9312.579,437.982,437.982,935.4,3.58,18.53,61.214,1.212,0.964,3
5.14,12.34656,21631.761,201.5144238916188,8483.682,175.282,175.282,713.418,2.082,11.134,25.464,0.504,0.969,2
3.144,4.6299600000000005,8378.77,145.2206440109638,7109.648,60.355,60.355,593.495,1.389,7.513,12.593,0.249,0.961,1
1.138,1.54332,1874.283,137.63432607107515,6642.774,5.62,5.62,528.918,1.153,6.271,29.198,0.175,0.962,0
7.148,10.80324,38991.214,280.446520434042,9126.045,332.269,332.269,835.552,2.973,15.638,44.709,0.885,0.969,3
5.14,7.7166,21622.713,201.513690853333,8456.747,175.206,175.206,698.542,2.091,11.178,24.783,0.491,0.998,2
8.206,12.34656,50993.011,323.3172173837038,9300.853,437.998,437.998,901.24,3.594,18.375,58.734,1.163,0.995,3
8.206,12.34656,50992.864,323.31575130713213,9299.135,438.02,438.02,897.644,3.596,18.37,58.484,1.158,0.999,3
5.14,7.7166,21632.232,201.5143191718637,8484.686,175.274,175.274,715.444,2.082,11.142,25.568,0.506,0.967,2
4.161,12.34656,14722.346,162.04973697722383,7771.451,113.778,113.778,645.516,1.659,8.941,17.411,0.345,0.967,1
8.206,12.34656,50994.078,323.3229769702354,9312.975,438.089,438.089,917.464,3.577,18.311,59.73,1.182,0.972,3
4.161,6.17328,14719.156,162.0491086586931,7739.039,113.752,113.752,622.763,1.662,8.85,16.399,0.325,0.993,1
4.161,12.34656,14719.041,162.04868977967263,7730.427,113.75,113.75,633.453,1.663,8.934,16.905,0.335,0.988,1
9.3,13.88988,72766.503,372.8437972490162,9752.167,645.068,645.068,1074.616,4.523,22.754,89.326,1.768,0.979,3
5.14,7.7166,21632.503,201.51463333112903,8486.448,175.268,175.268,712.007,2.081,11.11,25.376,0.502,0.968,2
1.138,1.54332,1544.076,137.76690128105665,6673.755,5.618,5.618,499.419,1.141,6.092,26.088,0.147,0.971,0
1.138,1.54332,5264.982,147.15942555724916,6710.233,10.737,10.737,581.739,1.283,6.867,0.0,0.226,0.979,0
1.138,1.54332,5340.889,142.9376486296001,6631.018,8.364,8.364,599.946,1.278,6.936,11.468,0.253,0.989,0
3.144,4.6299600000000005,8375.033,145.21854961586138,7038.794,60.31,60.31,585.85,1.393,7.562,12.327,0.244,0.987,1
4.161,12.34656,14721.667,162.04921337844823,7755.586,113.771,113.771,652.606,1.661,9.014,17.752,0.351,0.967,1
6.175,9.25992,29795.367,241.62030986661148,8836.39,246.272,246.272,784.892,2.499,13.199,34.783,0.689,0.954,2
8.206,12.34656,50995.37,323.3276893592157,9311.801,438.108,438.108,932.974,3.581,18.515,61.034,1.208,0.966,3
9.3,13.88988,72772.648,372.84442556754686,9755.682,644.924,644.924,1064.406,4.517,22.559,88.257,1.747,0.982,3
3.144,4.6299600000000005,8376.582,145.21928265414724,7077.574,60.325,60.325,570.388,1.391,7.433,11.679,0.231,0.99,1
2.088,12.34656,3419.08,141.25783903772563,6838.751,23.142,23.142,526.673,1.214,6.517,18.908,0.169,0.958,0
8.206,12.34656,50995.402,323.3268516011748,9310.424,438.014,438.014,934.418,3.583,18.561,61.192,1.211,0.967,3
2.088,3.08664,3415.766,144.79223549276924,6766.879,29.259,29.259,514.649,1.224,6.634,0.217,0.14,0.982,0
6.175,9.25992,29789.821,241.64010190032909,8815.587,246.228,246.228,762.246,2.507,13.143,33.522,0.664,0.981,2
3.144,4.6299600000000005,8375.294,145.21854961586138,7052.206,60.314,60.314,570.488,1.392,7.465,11.697,0.232,0.997,1
2.088,3.08664,4267.153,140.7880662162588,6818.295,22.361,22.361,558.216,1.241,6.716,22.872,0.207,0.958,0
9.3,13.88988,72777.984,372.8452633255878,9762.548,644.947,644.947,1059.563,4.508,22.367,87.614,1.734,0.981,3
3.144,4.6299600000000005,8380.797,145.22190064802524,7157.866,60.368,60.368,582.077,1.387,7.397,12.109,0.24,0.958,1
6.175,9.25992,29794.123,241.6240797777958,8832.13,246.313,246.313,786.025,2.5,13.23,34.875,0.69,0.956,2
4.161,6.17328,14721.244,162.04921337844823,7754.189,113.757,113.757,645.869,1.661,8.973,17.447,0.345,0.972,1
3.144,4.6299600000000005,8377.377,145.21980625292284,7077.475,60.331,60.331,599.016,1.391,7.581,12.83,0.254,0.965,1
5.14,7.7166,21626.287,201.5142144521085,8467.668,175.227,175.227,701.675,2.088,11.14,24.904,0.493,0.988,2
5.14,7.7166,21639.309,201.51714660525192,8511.118,175.305,175.305,710.895,2.073,10.973,25.208,0.499,0.952,2
9.3,12.34656,72776.92,372.847986039221,9792.146,644.936,644.936,1099.863,4.476,22.323,90.666,1.795,0.95,3
9.3,12.34656,72770.371,372.8455774848532,9767.435,644.956,644.956,1086.251,4.505,22.621,90.054,1.783,0.967,3
9.3,13.88988,72762.165,372.84442556754686,9777.322,645.048,645.048,1114.609,4.499,22.818,92.476,1.831,0.951,3
8.206,12.34656,50991.796,323.30988700084544,9297.598,437.965,437.965,919.111,3.601,18.644,60.291,1.194,0.99,3
3.144,4.6299600000000005,8378.309,145.22043457145355,7108.221,60.35,60.35,578.89,1.389,7.44,12.008,0.238,0.974,1
2.088,12.34656,2948.331,143.73027245610078,6723.236,27.36,27.36,498.792,1.206,6.553,4.874,0.127,0.997,0
7.148,10.80324,38985.906,280.44788179085845,9132.09,332.188,332.188,825.007,2.965,15.448,43.857,0.868,0.968,3
7.148,10.80324,38986.522,280.4481959501238,9128.892,332.193,332.193,849.952,2.968,15.702,45.63,0.903,0.957,3
6.175,9.25992,29793.122,241.6240797777958,8827.117,246.237,246.237,763.135,2.503,13.087,33.514,0.664,0.973,2
3.144,12.34656,8379.98,145.22127232949452,7137.975,60.362,60.362,584.677,1.388,7.434,12.225,0.242,0.961,1
7.148,10.80324,39002.325,280.4454732364906,9121.817,332.405,332.405,797.707,2.981,15.414,42.173,0.835,0.998,3
2.088,3.08664,5852.434,145.89828554634312,6777.817,31.323,31.323,574.611,1.306,7.06,0.0,0.217,0.988,0
3.144,4.6299600000000005,8376.696,145.21938737390235,7079.46,60.331,60.331,572.018,1.391,7.439,11.744,0.232,0.988,1
3.144,12.34656,8377.392,145.21991097267795,7084.671,60.332,60.332,588.512,1.39,7.518,12.408,0.246,0.972,1
7.148,10.80324,38978.474,280.44788179085845,9139.522,332.046,332.046,826.737,2.956,15.332,43.821,0.868,0.958,3
9.3,13.88988,72772.187,372.84651996264927,9769.041,644.966,644.966,1084.5,4.503,22.567,89.842,1.778,0.967,3
4.161,6.17328,14718.089,162.0485850599175,7722.277,113.72,113.72,623.118,1.663,8.881,16.434,0.325,0.998,1
1.138,1.54332,1080.147,144.2769095778254,6664.995,9.134,9.134,477.705,1.131,6.124,1.043,0.096,0.967,0
5.14,7.7166,21632.304,201.51515692990463,8487.251,175.267,175.267,708.072,2.081,11.079,25.162,0.498,0.97,2
2.088,3.08664,3850.663,145.34096700959626,6812.881,30.274,30.274,521.949,1.239,6.652,0.0,0.151,0.975,0
4.161,6.17328,14719.729,162.04921337844823,7745.877,113.748,113.748,625.347,1.661,8.855,16.512,0.327,0.989,1
5.14,7.7166,21631.601,201.5169371657417,8489.539,175.259,175.259,692.143,2.081,10.959,24.292,0.481,0.979,2
1.138,1.54332,3996.402,139.70945273852632,6621.059,6.649,6.649,577.346,1.228,6.679,24.496,0.233,0.981,0
9.3,12.34656,72766.074,372.8434830897508,9746.296,645.001,645.001,1067.197,4.529,22.767,88.759,1.757,0.985,3
6.175,12.34656,29763.93,241.5748614928895,8808.691,245.931,245.931,771.718,2.508,13.241,34.119,0.675,0.979,2
6.175,12.34656,29762.812,241.56480839639804,8798.261,245.972,245.972,754.128,2.512,13.169,33.1,0.655,0.997,2
4.161,6.17328,14717.863,162.0479567413868,7706.194,113.738,113.738,638.639,1.665,9.01,17.172,0.34,0.992,1
5.14,7.7166,21629.73,201.51609940770075,8482.206,175.263,175.263,695.267,2.083,11.018,24.493,0.485,0.982,2
9.3,13.88988,72780.015,372.8462058033839,9770.906,644.846,644.846,1066.432,4.498,22.295,88.054,1.743,0.974,3
5.14,7.7166,21628.117,201.51358613357783,8471.581,175.221,175.221,712.609,2.086,11.193,25.475,0.504,0.978,2
9.3,12.34656,72767.91,372.84494916632246,9752.516,644.906,644.906,1069.805,4.522,22.686,88.855,1.759,0.981,3
4.161,6.17328,14718.332,162.04837562040728,7717.807,113.723,113.723,633.415,1.664,8.956,16.917,0.335,0.992,1
9.3,13.88988,72779.048,372.8467294021595,9774.759,644.827,644.827,1073.69,4.494,22.315,88.649,1.755,0.969,3
2.088,3.08664,2835.925,142.66956605649375,6809.03,25.541,25.541,504.605,1.198,6.452,11.197,0.136,0.967,0
7.148,10.80324,38988.175,280.4483006698789,9131.21,332.183,332.183,815.392,2.967,15.388,43.212,0.856,0.975,3
6.175,9.25992,29760.806,241.57088214219496,8783.048,245.949,245.949,776.801,2.517,13.42,34.572,0.684,0.993,2
8.206,12.34656,50994.275,323.3232911295008,9308.834,437.961,437.961,921.636,3.584,18.445,60.189,1.192,0.975,3
2.088,3.08664,4365.055,140.78974173234073,6852.59,22.372,22.372,557.308,1.244,6.68,23.02,0.207,0.952,0
2.088,3.08664,4947.542,140.82461341079562,6825.517,22.441,22.441,578.246,1.263,6.832,23.503,0.231,0.955,0
9.3,13.88988,72771.02,372.84421612803663,9747.982,644.9,644.9,1056.834,4.526,22.605,87.721,1.736,0.989,3
7.148,10.80324,38980.085,280.4480912303687,9138.039,332.166,332.166,824.707,2.958,15.342,43.712,0.865,0.961,3
3.144,12.34656,8375.251,145.21865433561652,7044.163,60.309,60.309,583.011,1.392,7.54,12.21,0.242,0.988,1
1.138,1.54332,1749.211,139.17517254790582,6625.828,6.389,6.389,517.581,1.151,6.268,23.264,0.159,0.971,0
4.161,6.17328,14722.17,162.0501558562443,7781.185,113.778,113.778,629.847,1.658,8.824,16.681,0.33,0.975,1
6.175,9.25992,29794.117,241.6232420197548,8832.007,246.274,246.274,782.768,2.5,13.206,34.679,0.687,0.958,2
1.138,1.54332,2881.193,148.15164523700793,6720.556,11.352,11.352,524.455,1.204,6.47,0.0,0.152,0.966,0
7.148,10.80324,38981.717,280.44840538963405,9136.562,332.147,332.147,822.689,2.96,15.352,43.604,0.863,0.964,3
5.14,7.7166,21636.917,201.5158899681905,8501.691,175.328,175.328,714.501,2.076,11.046,25.442,0.504,0.956,2
2.088,3.08664,6230.81,141.7061443093929,6837.495,23.992,23.992,613.15,1.303,7.067,21.191,0.271,0.951,0
5.14,7.7166,21631.497,201.51557580892512,8486.153,175.255,175.255,703.134,2.082,11.051,24.901,0.493,0.974,2
8.206,12.34656,50994.162,323.32569968386844,9322.664,438.086,438.086,920.311,3.561,18.141,59.685,1.182,0.959,3
3.144,4.6299600000000005,8377.134,145.21970153316772,7072.966,60.33,60.33,598.097,1.391,7.582,12.796,0.253,0.967,1
7.148,10.80324,39004.237,280.4427505228576,9117.984,332.455,332.455,820.986,2.984,15.667,43.877,0.869,0.988,3
4.161,6.17328,14720.242,162.04900393893797,7744.181,113.761,113.761,638.747,1.662,8.945,17.133,0.339,0.98,1
5.14,7.7166,21632.333,201.5144238916188,8485.59,175.301,175.301,714.471,2.082,11.131,25.512,0.505,0.967,2
6.175,9.25992,29794.464,241.6219853826934,8832.98,246.299,246.299,780.057,2.5,13.181,34.51,0.683,0.959,2
1.138,1.54332,6635.695,140.1695913425221,6651.384,6.92,6.92,649.672,1.307,7.117,23.737,0.317,0.972,0
2.088,3.08664,6992.702,143.7973978191325,6745.59,27.594,27.594,609.013,1.335,7.243,10.977,0.27,0.996,0
9.3,13.88988,72771.963,372.8462058033839,9766.782,645.075,645.075,1082.239,4.506,22.58,89.683,1.775,0.969,3
9.3,13.88988,72759.321,372.8412839748933,9727.781,644.822,644.822,1054.894,4.55,22.94,88.016,1.742,0.999,3
3.144,4.6299600000000005,8377.384,145.21991097267795,7084.973,60.338,60.338,587.261,1.39,7.511,12.358,0.245,0.973,1
4.161,6.17328,14716.425,162.04732842285608,7685.415,113.71,113.71,638.186,1.667,9.045,17.176,0.34,0.999,1
1.138,1.54332,1093.178,137.84470805911053,6696.388,5.745,5.745,496.126,1.124,6.036,24.886,0.137,0.953,0
3.144,12.34656,8377.092,145.21970153316772,7085.797,60.332,60.332,574.521,1.39,7.444,11.843,0.234,0.984,1
2.088,3.08664,2857.195,142.24649824581033,6777.405,24.794,24.794,510.993,1.198,6.503,13.283,0.144,0.971,0
3.144,4.6299600000000005,8377.172,145.21970153316772,7085.491,60.337,60.337,575.735,1.39,7.451,11.892,0.235,0.983,1
8.206,12.34656,50994.021,323.3227675307252,9310.491,437.952,437.952,917.494,3.581,18.363,59.803,1.184,0.975,3
9.3,13.88988,72760.516,372.8411792551382,9728.73,644.712,644.712,1054.015,4.549,22.913,87.91,1.74,0.999,3
3.144,4.6299600000000005,8380.651,145.22179592827013,7148.345,60.378,60.378,593.228,1.387,7.465,12.56,0.249,0.951,1
1.138,1.54332,2778.739,147.4817529635075,6681.094,10.865,10.865,511.514,1.2,6.434,0.0,0.141,0.986,0
3.144,4.6299600000000005,8373.942,145.21708353928972,7019.668,60.296,60.296,580.675,1.393,7.559,12.13,0.24,0.997,1
3.144,12.34656,8375.142,145.21844489610626,7042.997,60.312,60.312,578.887,1.392,7.52,12.044,0.238,0.992,1
4.161,6.17328,14721.215,162.04973697722383,7766.17,113.756,113.756,630.604,1.659,8.855,16.732,0.331,0.979,1
8.206,12.34656,50992.863,323.31522770835653,9297.16,437.973,437.973,912.278,3.601,18.576,59.744,1.183,0.994,3
2.088,3.08664,5990.33,145.80320000869446,6798.499,31.154,31.154,575.05,1.309,7.037,0.0,0.22,0.985,0
8.206,12.34656,50991.894,323.3097822810903,9294.669,438.022,438.022,912.463,3.604,18.628,59.825,1.184,0.997,3
9.3,13.88988,72775.5,372.84400668852646,9752.251,644.812,644.812,1052.588,4.52,22.472,87.206,1.726,0.989,3
8.206,12.34656,50988.387,323.2954356746389,9291.807,438.033,438.033,915.449,3.609,18.717,60.144,1.191,0.999,3
5.14,7.7166,21629.971,201.5165182867212,8483.965,175.254,175.254,691.967,2.083,10.987,24.307,0.481,0.983,2
8.206,12.34656,50993.747,323.32182505292906,9313.506,438.092,438.092,912.05,3.575,18.237,59.271,1.173,0.974,3
7.148,10.80324,38987.186,280.447462911838,9128.401,332.205,332.205,845.821,2.969,15.677,45.359,0.898,0.96,3
1.138,12.34656,5095.793,137.8627198569911,6681.128,5.736,5.736,609.697,1.256,6.777,31.494,0.275,0.963,0
3.144,4.6299600000000005,8377.192,145.21980625292284,7079.88,60.332,60.332,588.867,1.39,7.526,12.425,0.246,0.973,1
3.144,4.6299600000000005,8381.242,145.22211008753547,7164.413,60.377,60.377,585.912,1.387,7.409,12.26,0.243,0.953,1
2.088,3.08664,3123.42,141.45712073171836,6716.04,23.419,23.419,513.024,1.208,6.564,17.251,0.154,0.996,0
8.206,12.34656,50993.06,323.316484345418,9297.59,437.993,437.993,911.225,3.6,18.555,59.646,1.181,0.994,3
1.138,1.54332,7023.916,141.08505144177815,6660.323,7.445,7.445,664.079,1.32,7.213,19.682,0.329,0.966,0
4.161,6.17328,14719.172,162.0485850599175,7728.728,113.734,113.734,635.625,1.663,8.951,17.007,0.337,0.987,1
9.3,13.88988,72769.612,372.84421612803663,9743.582,645.07,645.07,1052.557,4.531,22.631,87.417,1.73,0.993,3
2.088,12.34656,4500.875,145.8444595922116,6842.727,31.2,31.2,534.264,1.261,6.728,0.0,0.168,0.973,0
2.088,3.08664,6487.719,145.2772973984835,6831.186,30.23,30.23,583.997,1.321,7.053,2.337,0.236,0.98,0
7.148,12.34656,39011.126,280.4374098153465,9113.01,332.441,332.441,827.945,2.991,15.812,44.465,0.88,0.99,3
3.144,4.6299600000000005,8376.778,145.21949209365746,7078.515,60.329,60.329,575.646,1.391,7.459,11.893,0.235,0.985,1
3.144,4.6299600000000005,8378.26,145.22043457145355,7104.796,60.346,60.346,583.372,1.389,7.467,12.19,0.241,0.971,1
2.088,12.34656,6361.335,141.8608153877046,6806.568,24.253,24.253,620.885,1.308,7.145,20.727,0.278,0.956,0
9.3,12.34656,72775.262,372.8441114082816,9744.02,644.894,644.894,1039.458,4.529,22.458,86.142,1.705,0.999,3
3.144,12.34656,8379.074,145.220853450474,7109.761,60.346,60.346,604.229,1.389,7.568,13.017,0.258,0.952,1
6.175,9.25992,29798.106,241.61193228620192,8847.868,246.297,246.297,776.229,2.495,13.073,34.198,0.677,0.952,2
7.148,10.80324,38994.858,280.4462062747765,9124.213,332.349,332.349,826.123,2.976,15.596,44.1,0.873,0.977,3
1.138,1.54332,1823.521,145.34683131588298,6657.847,9.593,9.593,478.39,1.162,6.198,1.284,0.107,0.995,0
2.088,3.08664,6600.256,145.20493604769584,6772.137,30.093,30.093,594.066,1.327,7.171,2.734,0.246,0.991,0
1.138,1.54332,3301.294,137.11931431539668,6679.557,5.346,5.346,561.766,1.199,6.446,32.383,0.22,0.962,0
4.161,6.17328,14725.509,162.05120305379552,7823.72,113.812,113.812,641.951,1.654,8.831,17.189,0.34,0.954,1
5.14,7.7166,21636.639,201.51725132500704,8504.107,175.292,175.292,704.237,2.076,10.964,24.882,0.493,0.961,2
9.3,13.88988,72768.359,372.84494916632246,9763.51,644.807,644.807,1085.744,4.51,22.688,90.107,1.784,0.969,3
8.206,12.34656,50991.07,323.306012369906,9294.873,438.071,438.071,915.876,3.604,18.662,60.099,1.19,0.995,3
9.3,13.88988,72757.308,372.8404462168524,9738.328,644.693,644.693,1077.145,4.54,23.034,89.904,1.78,0.984,3
2.088,3.08664,4944.888,146.06887402743305,6778.351,31.602,31.602,552.041,1.278,6.913,0.0,0.188,0.986,0
5.14,7.7166,21623.734,201.5132719743125,8458.649,175.219,175.219,705.416,2.091,11.215,25.146,0.498,0.992,2
2.088,3.08664,6651.056,145.04691393722027,6797.096,29.81,29.81,591.772,1.327,7.128,3.616,0.246,0.987,0
3.144,4.6299600000000005,8376.147,145.21907321463698,7059.537,60.324,60.324,586.1,1.391,7.537,12.325,0.244,0.981,1
3.144,4.6299600000000005,8378.525,145.22053929120867,7113.039,60.348,60.348,578.546,1.389,7.432,11.991,0.237,0.973,1
7.148,12.34656,38996.646,280.4453685167356,9122.164,332.24,332.24,831.919,2.978,15.679,44.542,0.882,0.976,3
5.14,7.7166,21631.691,201.51515692990463,8485.346,175.261,175.261,707.03,2.082,11.082,25.114,0.497,0.972,2
9.3,12.34656,72778.982,372.84735772069024,9775.845,645.059,645.059,1074.813,4.492,22.308,88.727,1.756,0.968,3
8.206,12.34656,50993.166,323.3173221034589,9297.367,438.006,438.006,907.838,3.6,18.522,59.373,1.175,0.996,3
1.138,1.54332,1305.545,138.17824047916667,6638.392,5.846,5.846,499.895,1.133,6.121,25.253,0.143,0.972,0
8.206,12.34656,50993.267,323.3170079441935,9303.658,438.038,438.038,926.34,3.592,18.604,60.717,1.202,0.979,3
4.161,12.34656,14721.595,162.0491086586931,7753.613,113.773,113.773,653.502,1.661,9.023,17.795,0.352,0.967,1
5.14,7.7166,21628.382,201.5159946879456,8478.461,175.271,175.271,693.242,2.084,11.025,24.4,0.483,0.986,2
2.088,3.08664,6405.507,141.88437733260653,6744.632,24.235,24.235,593.149,1.312,7.085,19.522,0.259,0.998,0
5.14,12.34656,21634.214,201.51463333112903,8491.305,175.267,175.267,716.145,2.08,11.112,25.576,0.506,0.962,2
6.175,9.25992,29792.562,241.6288968865313,8826.68,246.225,246.225,783.381,2.502,13.24,34.746,0.688,0.961,2
9.3,13.88988,72780.745,372.84735772069024,9779.549,644.843,644.843,1075.386,4.487,22.242,88.68,1.755,0.966,3
8.206,12.34656,50992.898,323.31522770835653,9301.996,438.076,438.076,924.353,3.595,18.615,60.6,1.2,0.982,3
1.138,1.54332,2040.263,147.35682229564972,6727.948,10.958,10.958,510.381,1.171,6.334,0.0,0.13,0.951,0
9.3,13.88988,72761.295,372.8413886946484,9737.033,645.01,645.01,1065.323,4.54,22.908,88.802,1.758,0.99,3
8.206,12.34656,50993.162,323.31889289978574,9306.408,437.948,437.948,903.399,3.585,18.285,58.758,1.163,0.987,3
8.206,12.34656,50993.442,323.31941649856134,9304.333,437.991,437.991,908.5,3.589,18.387,59.236,1.173,0.987,3
4.161,6.17328,14719.645,162.0491086586931,7742.187,113.757,113.757,628.322,1.662,8.881,16.654,0.33,0.988,1
5.14,7.7166,21630.279,201.5137955730881,8478.125,175.279,175.279,714.765,2.084,11.173,25.561,0.506,0.972,2
3.144,4.6299600000000005,8379.362,145.22106288998427,7129.839,60.357,60.357,577.964,1.388,7.409,11.959,0.237,0.969,1
3.144,4.6299600000000005,8378.955,145.2207487307189,7111.119,60.346,60.346,597.777,1.389,7.533,12.762,0.253,0.957,1
7.148,10.80324,39008.789,280.4403419684898,9115.717,332.509,332.509,814.466,2.988,15.656,43.472,0.861,0.995,3
6.175,12.34656,29789.881,241.6409396583701,8816.959,246.219,246.219,777.067,2.506,13.245,34.418,0.681,0.971,2
5.14,7.7166,21629.068,201.513690853333,8474.357,175.269,175.269,712.675,2.085,11.179,25.466,0.504,0.976,2
6.175,9.25992,29795.455,241.6173777134681,8835.771,246.284,246.284,768.842,2.499,13.083,33.815,0.67,0.964,2
2.088,3.08664,4029.497,145.50401566831758,6833.194,30.57,30.57,523.331,1.244,6.655,0.0,0.155,0.973,0
7.148,10.80324,38984.041,280.4483006698789,9134.605,332.165,332.165,820.018,2.962,15.365,43.461,0.86,0.968,3
1.138,12.34656,4882.584,144.12140074147274,6631.241,8.977,8.977,576.155,1.267,6.84,5.187,0.224,0.997,0
7.148,10.80324,38984.501,280.4480912303687,9133.585,332.204,332.204,823.67,2.963,15.412,43.734,0.866,0.967,3
6.175,9.25992,29793.731,241.62250898146897,8829.302,246.31,246.31,765.733,2.502,13.095,33.661,0.666,0.97,2
3.144,12.34656,8378.425,145.22043457145355,7110.775,60.348,60.348,578.106,1.389,7.433,11.975,0.237,0.974,1
3.144,4.6299600000000005,8377.945,145.2202251319433,7093.115,60.339,60.339,592.837,1.39,7.53,12.576,0.249,0.966,1
9.3,12.34656,72771.795,372.84494916632246,9754.838,645.018,645.018,1065.264,4.519,22.585,88.361,1.749,0.982,3
7.148,10.80324,38999.699,280.4464157142868,9123.155,332.295,332.295,802.804,2.979,15.43,42.503,0.842,0.993,3
6.175,9.25992,29762.347,241.56239984203032,8802.284,245.935,245.935,760.778,2.51,13.195,33.486,0.663,0.99,2
4.161,6.17328,14722.076,162.04973697722383,7769.168,113.772,113.772,645.057,1.659,8.942,17.393,0.344,0.968,1
8.206,12.34656,50993.66,323.3202542566023,9307.472,437.991,437.991,910.77,3.584,18.348,59.335,1.175,0.982,3
4.161,6.17328,14721.129,162.04889921918286,7746.86,113.762,113.762,652.118,1.662,9.026,17.74,0.351,0.97,1
7.148,10.80324,38999.022,280.4464157142868,9123.624,332.372,332.372,803.438,2.978,15.427,42.537,0.842,0.992,3
8.206,12.34656,50993.245,323.3191023392959,9305.58,438.019,438.019,905.429,3.587,18.326,58.948,1.167,0.987,3
2.088,3.08664,5114.538,146.0291852402427,6817.997,31.553,31.553,552.067,1.282,6.878,0.0,0.19,0.979,0
5.14,7.7166,21632.995,201.51683244598647,8493.435,175.267,175.267,697.065,2.079,10.972,24.542,0.486,0.973,2
5.14,12.34656,21635.538,201.51505221014952,8496.033,175.278,175.278,715.8,2.078,11.085,25.536,0.505,0.959,2
2.088,3.08664,5421.971,146.04510264302087,6767.127,31.58,31.58,564.301,1.294,7.002,0.0,0.203,0.99,0
9.3,13.88988,72774.788,372.84547276509807,9755.487,645.136,645.136,1055.811,4.517,22.452,87.434,1.731,0.986,3
3.144,4.6299600000000005,8376.593,145.21938737390235,7064.616,60.328,60.328,593.726,1.391,7.57,12.628,0.25,0.973,1
8.206,12.34656,50993.663,323.3205684158676,9306.095,437.966,437.966,912.163,3.587,18.392,59.488,1.178,0.983,3
1.138,1.54332,1939.996,146.84757012650283,6704.911,10.569,10.569,494.863,1.167,6.267,0.0,0.118,0.969,0
5.14,7.7166,21639.876,201.51735604476207,8513.098,175.327,175.327,711.965,2.073,10.97,25.256,0.5,0.95,2
6.175,9.25992,29761.447,241.57130102121545,8787.083,246.024,246.024,770.74,2.516,13.353,34.18,0.677,0.994,2
3.144,4.6299600000000005,8373.651,145.2168740997795,7013.255,60.289,60.289,579.378,1.394,7.56,12.081,0.239,1.0,1
8.206,12.34656,50994.814,323.3249666455826,9309.676,438.056,438.056,931.988,3.584,18.547,61.012,1.208,0.969,3
2.088,3.08664,5568.08,141.0877741554113,6790.304,22.904,22.904,600.707,1.283,7.012,23.442,0.256,0.96,0
5.14,12.34656,21637.406,201.51515692990463,8501.044,175.295,175.295,721.501,2.076,11.097,25.817,0.511,0.952,2
3.144,4.6299600000000005,8381.181,145.22211008753547,7164.898,60.378,60.378,583.426,1.387,7.396,12.16,0.241,0.955,1
8.206,12.34656,50994.507,323.3269563209299,9324.12,438.108,438.108,925.11,3.56,18.167,60.036,1.189,0.955,3
4.161,6.17328,14719.661,162.0484803401624,7728.772,113.748,113.748,647.114,1.663,9.026,17.534,0.347,0.979,1
2.088,3.08664,5028.477,140.83822697896116,6760.453,22.408,22.408,552.988,1.267,6.785,22.458,0.214,0.998,0
7.148,10.80324,38998.602,280.4442165994293,9120.108,332.396,332.396,837.791,2.98,15.762,44.989,0.891,0.975,3
8.206,12.34656,50993.814,323.32287225048026,9316.123,437.947,437.947,913.75,3.571,18.202,59.336,1.175,0.97,3
1.138,1.54332,3357.235,148.60403457912489,6741.94,11.699,11.699,549.554,1.222,6.608,0.0,0.176,0.951,0
3.144,4.6299600000000005,8381.511,145.22221480729058,7169.133,60.386,60.386,586.822,1.386,7.408,12.294,0.243,0.951,1
6.175,9.25992,29760.85,241.57025382366427,8781.018,245.977,245.977,772.57,2.518,13.4,34.325,0.68,0.997,2
5.14,7.7166,21630.641,201.51410973235343,8479.929,175.28,175.28,712.816,2.083,11.15,25.449,0.504,0.972,2
9.3,13.88988,72767.976,372.8443208477918,9745.359,644.783,644.783,1059.408,4.53,22.685,88.033,1.743,0.989,3
8.206,12.34656,50993.091,323.3171126639487,9297.143,437.961,437.961,904.467,3.6,18.488,59.102,1.17,0.998,3
8.206,12.34656,50994.472,323.32632800239924,9322.023,438.01,438.01,924.022,3.563,18.198,60.008,1.188,0.958,3
6.175,9.25992,29790.989,241.6343423137975,8819.87,246.204,246.204,767.43,2.505,13.158,33.816,0.67,0.975,2
9.3,13.88988,72766.573,372.8443208477918,9760.701,645.038,645.038,1086.386,4.514,22.749,90.242,1.786,0.97,3
7.148,10.80324,38999.62,280.4458921155112,9122.565,332.406,332.406,808.647,2.979,15.487,42.923,0.85,0.99,3
7.148,10.80324,38981.995,280.44767235134816,9134.484,332.208,332.208,835.125,2.962,15.486,44.5,0.881,0.959,3
8.206,12.34656,50996.003,323.32706104068507,9312.305,438.133,438.133,940.893,3.582,18.608,61.68,1.221,0.962,3
9.3,13.88988,72778.371,372.84840491824144,9783.078,644.82,644.82,1085.6,4.485,22.308,89.566,1.773,0.96,3
6.175,9.25992,29798.462,241.61130396767115,8850.081,246.328,246.328,777.295,2.494,13.069,34.251,0.678,0.95,2
5.14,7.7166,21624.228,201.5137955730881,8461.314,175.21,175.21,702.521,2.09,11.18,24.978,0.494,0.992,2
2.088,3.08664,4126.792,140.69989218244805,6714.118,22.16,22.16,544.828,1.24,6.749,22.738,0.196,0.996,0
8.206,12.34656,50997.22,323.33449614329857,9321.072,438.135,438.135,937.672,3.568,18.387,61.162,1.211,0.953,3
2.088,3.08664,3097.255,141.64090390195332,6807.029,23.778,23.778,518.803,1.205,6.505,16.645,0.156,0.964,0
4.161,6.17328,14720.934,162.04931809820337,7754.818,113.765,113.765,638.359,1.661,8.924,17.103,0.339,0.977,1
5.14,7.7166,21632.941,201.5131672545573,8484.096,175.251,175.251,725.533,2.082,11.214,26.107,0.517,0.961,2
7.148,10.80324,38976.665,280.44767235134816,9141.008,332.02,332.02,830.461,2.953,15.336,44.045,0.872,0.954,3
6.175,9.25992,29761.36,241.56449423713272,8802.485,245.923,245.923,778.309,2.51,13.323,34.552,0.684,0.979,2
7.148,12.34656,38990.713,280.44725347232776,9127.649,332.259,332.259,825.717,2.971,15.532,43.999,0.871,0.973,3
6.175,9.25992,29762.895,241.561247924724,8803.349,246.021,246.021,751.946,2.51,13.125,32.937,0.652,0.995,2
4.161,12.34656,14718.102,162.0479567413868,7708.821,113.737,113.737,641.731,1.665,9.026,17.311,0.343,0.989,1
1.138,1.54332,1976.928,140.14697187541626,6619.046,6.821,6.821,506.693,1.161,6.258,19.663,0.15,0.989,0
6.175,9.25992,29795.179,241.62030986661148,8836.581,246.282,246.282,789.799,2.499,13.234,35.077,0.694,0.951,2
4.161,12.34656,14725.513,162.05130777355063,7825.437,113.809,113.809,639.775,1.654,8.814,17.088,0.338,0.955,1
2.088,3.08664,2997.798,141.77861037993569,6793.51,24.006,24.006,516.111,1.202,6.505,15.743,0.152,0.967,0
6.175,9.25992,29762.384,241.5711963014604,8793.161,245.985,245.985,759.458,2.514,13.236,33.456,0.662,0.997,2
6.175,9.25992,29761.832,241.5636564790917,8803.408,245.927,245.927,770.773,2.51,13.262,34.089,0.675,0.983,2
8.206,12.34656,50994.708,323.3276893592157,9324.855,438.04,438.04,927.521,3.559,18.179,60.212,1.192,0.953,3
9.3,13.88988,72767.558,372.84704356142487,9782.8,645.058,645.058,1108.319,4.49,22.626,91.731,1.816,0.951,3
9.3,13.88988,72779.006,372.84714828118,9777.256,645.085,645.085,1077.915,4.491,22.321,88.987,1.762,0.966,3
4.161,6.17328,14721.924,162.04984169697894,7771.759,113.773,113.773,636.708,1.659,8.884,17.007,0.337,0.973,1
5.14,7.7166,21631.178,201.5165182867212,8487.774,175.251,175.251,695.436,2.081,10.99,24.478,0.485,0.978,2
8.206,12.34656,50991.642,323.30883980329423,9295.314,437.928,437.928,914.811,3.604,18.641,60.0,1.188,0.995,3
1.138,1.54332,512.439,140.65193053460325,6644.914,7.045,7.045,448.299,1.104,5.888,10.279,0.078,0.987,0
3.144,4.6299600000000005,8376.747,145.21949209365746,7074.414,60.331,60.331,582.556,1.391,7.5,12.174,0.241,0.98,1
9.3,13.88988,72766.15,372.8434830897508,9743.823,644.979,644.979,1063.086,4.532,22.759,88.424,1.75,0.988,3
7.148,10.80324,39006.95,280.4402372487347,9115.392,332.451,332.451,829.5,2.987,15.781,44.521,0.881,0.986,3
1.138,1.54332,2869.475,142.75606457422262,6599.353,8.238,8.238,527.679,1.197,6.501,11.039,0.167,0.998,0
9.3,13.88988,72781.758,372.8477765997107,9793.07,644.999,644.999,1091.194,4.472,22.184,89.815,1.778,0.953,3
2.088,3.08664,6913.449,143.1770379898036,6823.199,26.553,26.553,635.344,1.327,7.257,15.178,0.29,0.951,0
7.148,10.80324,38981.896,280.44851010938913,9132.932,332.208,332.208,853.701,2.963,15.661,45.799,0.907,0.95,3
9.3,12.34656,72774.979,372.8477765997107,9789.971,644.927,644.927,1102.466,4.479,22.404,90.975,1.801,0.95,3
8.206,12.34656,50994.229,323.3229769702354,9309.249,438.068,438.068,920.595,3.583,18.424,60.092,1.19,0.975,3
6.175,9.25992,29790.282,241.6404160595945,8819.514,246.182,246.182,792.824,2.505,13.348,35.354,0.7,0.96,2
4.161,6.17328,14719.2,162.04868977967263,7730.676,113.726,113.726,634.759,1.663,8.942,16.965,0.336,0.987,1
4.161,6.17328,14725.621,162.05109833404038,7820.943,113.813,113.813,649.017,1.655,8.881,17.514,0.347,0.95,1
1.138,1.54332,1412.922,145.83283569939334,6761.326,10.025,10.025,477.142,1.144,6.077,0.0,0.099,0.954,0
6.175,9.25992,29761.926,241.563028160561,8802.348,245.962,245.962,768.674,2.51,13.253,33.967,0.672,0.985,2
4.161,6.17328,14718.414,162.04889921918286,7729.859,113.742,113.742,618.502,1.663,8.838,16.21,0.321,0.999,1
5.14,7.7166,21629.654,201.5157852484353,8481.345,175.288,175.288,697.651,2.083,11.039,24.626,0.487,0.981,2
8.206,12.34656,50990.194,323.30245189823194,9297.918,438.048,438.048,924.277,3.601,18.695,60.703,1.202,0.987,3
3.144,4.6299600000000005,8376.943,145.21959681341258,7079.796,60.332,60.332,579.744,1.391,7.479,12.058,0.239,0.981,1
2.088,3.08664,6066.049,145.68905547561403,6826.119,30.958,30.958,573.792,1.31,6.999,0.0,0.22,0.98,0
5.14,7.7166,21630.453,201.5143191718637,8479.883,175.243,175.243,711.323,2.083,11.14,25.369,0.502,0.973,2
6.175,9.25992,29761.189,241.5680547088068,8797.412,245.993,245.993,783.898,2.511,13.393,34.92,0.691,0.979,2
8.206,12.34656,50994.194,323.3232911295008,9312.153,438.027,438.027,919.514,3.578,18.352,59.922,1.186,0.972,3
5.14,7.7166,21634.012,201.5132719743125,8486.991,175.267,175.267,727.148,2.081,11.209,26.179,0.518,0.958,2
5.14,7.7166,21636.08,201.5159946879456,8499.616,175.313,175.313,710.457,2.077,11.03,25.235,0.5,0.96,2
7.148,10.80324,39010.775,280.43845701289763,9114.209,332.428,332.428,817.514,2.99,15.707,43.716,0.866,0.995,3
7.148,10.80324,38992.649,280.4461015550214,9124.523,332.33,332.33,838.669,2.974,15.69,44.954,0.89,0.969,3
4.161,6.17328,14723.644,162.04994641673406,7783.02,113.788,113.788,658.203,1.658,9.003,17.973,0.356,0.955,1
6.175,9.25992,29796.005,241.61664467518224,8838.066,246.261,246.261,773.064,2.498,13.102,34.059,0.674,0.96,2
6.175,9.25992,29762.574,241.56428479762243,8805.375,246.013,246.013,762.274,2.509,13.189,33.56,0.664,0.987,2
1.138,1.54332,3469.036,137.3150355377153,6645.722,5.503,5.503,585.944,1.206,6.611,33.391,0.24,0.955,0
6.175,9.25992,29761.606,241.57130102121545,8788.094,245.975,245.975,769.638,2.515,13.339,34.107,0.675,0.994,2
5.14,7.7166,21635.031,201.51463333112903,8493.3,175.301,175.301,718.718,2.079,11.119,25.704,0.509,0.959,2
3.144,4.6299600000000005,8375.06,145.21844489610626,7047.533,60.311,60.311,570.836,1.392,7.472,11.714,0.232,0.998,1
4.161,6.17328,14718.285,162.04816618089703,7714.163,113.725,113.725,636.459,1.664,8.982,17.062,0.338,0.991,1
8.206,12.34656,50993.632,323.31941649856134,9301.394,437.966,437.966,915.777,3.595,18.53,59.915,1.186,0.987,3
1.138,1.54332,2664.933,139.88841880002582,6616.358,6.692,6.692,528.962,1.185,6.398,22.167,0.178,0.99,0
6.175,9.25992,29791.71,241.63277151747067,8823.437,246.257,246.257,781.806,2.504,13.245,34.669,0.686,0.964,2
7.148,10.80324,39006.658,280.441389166041,9116.577,332.412,332.412,819.054,2.986,15.677,43.773,0.867,0.991,3
6.175,9.25992,29797.61,241.6115134071814,8845.445,246.346,246.346,770.396,2.496,13.043,33.857,0.67,0.957,2
1.138,1.54332,5362.604,138.95871681407348,6633.061,6.157,6.157,596.374,1.268,6.803,27.219,0.267,0.994,0
1.138,1.54332,2622.488,139.25790115445037,6620.601,6.409,6.409,538.976,1.182,6.423,24.791,0.187,0.979,0
2.088,3.08664,4810.403,146.00091090636036,6801.414,31.489,31.489,545.538,1.272,6.842,0.0,0.181,0.982,0
7.148,10.80324,38987.139,280.4481959501238,9128.39,332.252,332.252,849.273,2.969,15.705,45.595,0.903,0.958,3
9.3,13.88988,72774.659,372.8455774848532,9760.645,645.126,645.126,1065.981,4.511,22.486,88.281,1.748,0.979,3
7.148,10.80324,38987.654,280.44714875257256,9129.005,332.243,332.243,836.18,2.969,15.591,44.689,0.885,0.965,3
8.206,12.34656,50993.8,323.32077785537786,9303.035,438.099,438.099,917.747,3.592,18.519,60.032,1.188,0.984,3
8.206,12.34656,50996.711,323.33187814942056,9313.55,438.122,438.122,935.033,3.579,18.505,61.156,1.211,0.963,3
1.138,1.54332,1022.661,137.84722133323342,6698.302,5.748,5.748,495.14,1.121,6.02,24.972,0.135,0.951,0
7.148,10.80324,38979.048,280.4475676315932,9137.479,332.176,332.176,835.824,2.958,15.439,44.485,0.881,0.955,3
7.148,10.80324,38980.202,280.44777707110336,9135.443,332.179,332.179,841.627,2.96,15.52,44.923,0.889,0.954,3
5.14,7.7166,21627.249,201.51609940770075,8475.638,175.274,175.274,690.3,2.085,11.019,24.252,0.48,0.99,2
6.175,9.25992,29761.523,241.56794998905164,8797.331,245.973,245.973,777.383,2.512,13.345,34.526,0.684,0.983,2
2.088,3.08664,3280.513,144.5155658997431,6788.356,28.771,28.771,509.738,1.218,6.575,1.815,0.135,0.977,0
2.088,3.08664,5039.137,140.8439865654927,6762.672,22.417,22.417,553.513,1.267,6.781,22.248,0.215,0.997,0
6.175,9.25992,29762.826,241.56679807174527,8806.438,245.992,245.992,764.349,2.509,13.199,33.681,0.667,0.985,2
5.14,7.7166,21630.087,201.5132719743125,8476.368,175.234,175.234,718.233,2.085,11.206,25.754,0.51,0.971,2
5.14,7.7166,21639.629,201.51819380280315,8514.709,175.335,175.335,705.639,2.072,10.919,24.911,0.493,0.953,2
8.206,12.34656,50993.443,323.3184740207652,9303.534,437.998,437.998,924.613,3.592,18.587,60.58,1.199,0.98,3
6.175,9.25992,29775.055,241.6173777134681,8813.668,246.032,246.032,786.783,2.506,13.331,35.011,0.693,0.967,2
8.206,12.34656,50994.536,323.3276893592157,9326.221,438.052,438.052,926.215,3.557,18.135,60.065,1.189,0.952,3
8.206,12.34656,50993.837,323.32140617390866,9305.392,438.097,438.097,915.931,3.588,18.45,59.817,1.184,0.982,3
3.144,4.6299600000000005,8377.666,145.2200156924331,7093.216,60.33,60.33,582.388,1.39,7.476,12.157,0.241,0.975,1
2.088,3.08664,3134.846,144.22276946442855,6781.555,28.246,28.246,507.348,1.212,6.559,2.999,0.133,0.977,0
2.088,3.08664,5475.781,141.02274318748198,6802.056,22.785,22.785,596.692,1.28,6.972,23.302,0.251,0.958,0
2.088,3.08664,5284.236,140.97195410624894,6838.668,22.711,22.711,585.537,1.273,6.876,23.359,0.24,0.953,0
7.148,10.80324,38981.054,280.4483006698789,9137.567,332.173,332.173,820.708,2.958,15.319,43.447,0.86,0.964,3
3.144,4.6299600000000005,8380.597,145.22169120851498,7152.691,60.372,60.372,583.653,1.387,7.411,12.175,0.241,0.958,1
6.175,9.25992,29761.964,241.5716151804808,8790.108,245.952,245.952,765.854,2.515,13.3,33.864,0.67,0.995,2
6.175,9.25992,29760.805,241.56983494464384,8780.01,245.99,245.99,772.073,2.518,13.402,34.301,0.679,0.998,2
9.3,13.88988,72766.645,372.8447397268122,9781.672,644.879,644.879,1112.188,4.493,22.701,92.129,1.824,0.95,3
7.148,10.80324,38983.193,280.4481959501238,9135.079,332.145,332.145,822.344,2.962,15.375,43.611,0.863,0.966,3
7.148,10.80324,39016.973,280.4319643880802,9110.262,332.466,332.466,822.409,2.995,15.818,44.141,0.874,0.997,3
9.3,13.88988,72771.952,372.84421612803663,9757.315,645.07,645.07,1069.407,4.516,22.593,88.697,1.756,0.979,3
9.3,13.88988,72769.912,372.8464152428941,9766.287,644.834,644.834,1085.114,4.507,22.628,89.973,1.781,0.968,3
5.14,7.7166,21635.386,201.51620412745584,8498.578,175.303,175.303,708.445,2.077,11.022,25.132,0.497,0.962,2
1.138,1.54332,386.725,141.08389952447186,6703.473,7.356,7.356,446.176,1.099,5.835,6.153,0.07,0.966,0
9.3,13.88988,72763.021,372.843692529261,9773.373,644.735,644.735,1109.005,4.503,22.816,92.053,1.822,0.955,3
5.14,12.34656,21624.882,201.51515692990463,8466.576,175.207,175.207,692.466,2.088,11.083,24.409,0.483,0.995,2
2.088,3.08664,5075.401,146.05683125559426,6804.178,31.595,31.595,551.989,1.281,6.891,0.0,0.189,0.982,0
1.138,1.54332,922.906,141.93767968796246,6640.138,7.787,7.787,466.84,1.122,6.042,6.527,0.092,0.981,0
9.3,13.88988,72757.803,372.8407603761177,9734.443,644.963,644.963,1069.952,4.544,23.012,89.307,1.768,0.989,3
6.175,9.25992,29794.061,241.62554585436743,8832.446,246.271,246.271,794.252,2.5,13.289,35.368,0.7,0.951,2
8.206,12.34656,50990.309,323.3029754970075,9294.429,437.95,437.95,916.944,3.605,18.683,60.198,1.192,0.995,3
9.3,12.34656,72778.914,372.8457869243635,9767.955,644.812,644.812,1065.056,4.501,22.334,88.001,1.742,0.976,3
2.088,3.08664,3404.77,144.67610128434157,6844.152,29.079,29.079,508.1,1.221,6.516,0.707,0.135,0.967,0
6.175,9.25992,29790.36,241.63957830155348,8819.367,246.222,246.222,787.874,2.505,13.312,35.058,0.694,0.963,2
7.148,12.34656,38993.506,280.44788179085845,9127.402,332.313,332.313,808.554,2.973,15.401,42.816,0.848,0.984,3
3.144,4.6299600000000005,8378.081,145.2203298516984,7099.103,60.342,60.342,587.453,1.39,7.495,12.357,0.245,0.969,1
7.148,12.34656,38995.862,280.44683459330724,9124.899,332.362,332.362,813.495,2.976,15.484,43.212,0.856,0.984,3
3.144,4.6299600000000005,8373.309,145.21666466026923,7002.935,60.286,60.286,583.796,1.394,7.597,12.265,0.243,0.999,1
4.161,6.17328,14722.362,162.04984169697894,7775.144,113.775,113.775,642.436,1.659,8.915,17.266,0.342,0.968,1
4.161,6.17328,14720.406,162.04931809820337,7753.263,113.761,113.761,630.528,1.661,8.876,16.744,0.331,0.983,1
1.138,1.54332,3802.985,141.80824607063457,6606.54,7.758,7.758,563.281,1.227,6.683,16.616,0.211,0.991,0
8.206,12.34656,50995.63,323.3293648752977,9313.353,437.967,437.967,933.288,3.578,18.487,61.016,1.208,0.964,3
1.138,1.54332,5398.776,138.25321982383235,6651.198,5.994,5.994,637.302,1.267,6.953,31.704,0.299,0.956,0
1.138,1.54332,7335.3,143.06038018260034,6709.13,8.524,8.524,657.022,1.333,7.199,9.092,0.319,0.963,0
3.144,4.6299600000000005,8374.315,145.21739769855506,7024.732,60.298,60.298,586.937,1.393,7.585,12.379,0.245,0.99,1
4.161,6.17328,14720.181,162.04900393893797,7743.926,113.755,113.755,637.431,1.662,8.937,17.072,0.338,0.981,1
7.148,10.80324,38983.393,280.4487195488994,9131.905,332.211,332.211,848.875,2.964,15.64,45.492,0.901,0.954,3
9.3,13.88988,72769.48,372.8434830897508,9741.39,644.792,644.792,1050.435,4.534,22.644,87.266,1.727,0.995,3
9.3,13.88988,72780.762,372.8472530009351,9779.881,645.07,645.07,1077.361,4.487,22.262,88.861,1.759,0.965,3
8.206,12.34656,50994.486,323.3274799197055,9325.653,438.101,438.101,925.51,3.557,18.139,60.024,1.188,0.953,3
9.3,13.88988,72762.461,372.8418075736689,9731.722,644.72,644.72,1053.315,4.546,22.852,87.773,1.738,0.998,3
6.175,12.34656,29761.324,241.57088214219496,8785.054,246.024,246.024,769.744,2.517,13.356,34.13,0.676,0.996,2
1.138,1.54332,2341.724,147.3459314411173,6686.774,10.869,10.869,512.101,1.184,6.402,0.0,0.136,0.97,0
4.161,6.17328,14719.758,162.04889921918286,7739.241,113.757,113.757,635.228,1.662,8.93,16.976,0.336,0.984,1
8.206,12.34656,50996.289,323.3288412765221,9312.679,437.981,437.981,939.848,3.581,18.587,61.582,1.219,0.962,3
1.138,1.54332,2845.29,144.05280930186933,6612.745,8.978,8.978,528.057,1.199,6.519,6.756,0.162,0.992,0
4.161,6.17328,14720.839,162.04952753771357,7759.706,113.767,113.767,630.565,1.66,8.865,16.738,0.331,0.981,1
8.206,12.34656,50994.385,323.323500569011,9308.0,437.953,437.953,923.727,3.585,18.486,60.384,1.195,0.975,3
7.148,10.80324,38981.403,280.4487195488994,9133.917,332.189,332.189,848.172,2.962,15.599,45.401,0.899,0.952,3
8.206,12.34656,50989.406,323.2991008660681,9293.982,438.046,438.046,918.015,3.606,18.703,60.297,1.194,0.995,3
5.14,7.7166,21627.101,201.51568052868024,8473.855,175.266,175.266,692.163,2.086,11.042,24.361,0.482,0.99,2
8.206,12.34656,50994.339,323.3196259380715,9307.686,438.05,438.05,937.308,3.588,18.653,61.508,1.218,0.969,3
3.144,12.34656,8374.294,145.21739769855506,7025.077,60.3,60.3,585.692,1.393,7.578,12.329,0.244,0.991,1
2.088,3.08664,2940.482,143.5865969520766,6822.468,27.135,27.135,500.746,1.203,6.452,5.864,0.129,0.968,0
7.148,10.80324,39003.376,280.4443213191843,9120.224,332.401,332.401,805.469,2.982,15.504,42.75,0.846,0.995,3
7.148,10.80324,38996.599,280.447462911838,9125.561,332.262,332.262,802.757,2.976,15.388,42.45,0.84,0.99,3
9.3,13.88988,72771.58,372.84599636387367,9770.526,645.054,645.054,1087.653,4.502,22.581,90.108,1.784,0.965,3
8.206,12.34656,50995.049,323.32863183701187,9320.166,438.066,438.066,930.832,3.567,18.317,60.618,1.2,0.957,3
6.175,9.25992,29761.423,241.571719900236,8788.109,246.007,246.007,772.846,2.515,13.362,34.302,0.679,0.992,2
8.206,12.34656,50994.545,323.3269563209299,9321.217,438.107,438.107,926.047,3.565,18.239,60.197,1.192,0.958,3
2.088,3.08664,6387.579,145.44526788569547,6787.401,30.516,30.516,586.36,1.321,7.115,1.215,0.236,0.988,0
3.144,4.6299600000000005,8375.94,145.21896849488186,7062.775,60.32,60.32,573.832,1.391,7.469,11.828,0.234,0.991,1
9.3,13.88988,72762.902,372.84337836999566,9760.846,644.736,644.736,1093.358,4.515,22.839,90.901,1.799,0.967,3
4.161,6.17328,14721.723,162.04973697722383,7769.229,113.753,113.753,634.95,1.659,8.877,16.93,0.335,0.975,1
4.161,6.17328,14723.278,162.04984169697894,7780.091,113.789,113.789,655.0,1.659,8.987,17.832,0.353,0.958,1
6.175,9.25992,29781.241,241.6277449692249,8814.559,246.162,246.162,771.139,2.507,13.213,34.063,0.674,0.976,2
7.148,10.80324,38994.916,280.44526379698044,9122.514,332.246,332.246,841.138,2.977,15.745,45.167,0.894,0.97,3
8.206,12.34656,50990.729,323.3054887711304,9299.575,438.035,438.035,926.244,3.598,18.684,60.819,1.204,0.984,3
9.3,13.88988,72760.022,372.84149341440354,9753.569,644.751,644.751,1091.541,4.524,22.948,90.914,1.8,0.971,3
2.088,3.08664,5800.219,141.24422546956006,6759.872,23.126,23.126,575.235,1.292,6.939,21.775,0.239,0.996,0
5.14,7.7166,21626.089,201.5127483755369,8464.275,175.238,175.238,714.453,2.089,11.246,25.607,0.507,0.982,2
8.206,12.34656,50993.502,323.3193117788062,9300.848,438.035,438.035,915.123,3.595,18.534,59.877,1.185,0.988,3
4.161,6.17328,14725.087,162.0506794550199,7808.765,113.802,113.802,654.301,1.656,8.934,17.767,0.352,0.95,1
6.175,9.25992,29789.588,241.6438718115133,8817.449,246.218,246.218,795.086,2.505,13.376,35.502,0.703,0.96,2
4.161,6.17328,14721.088,162.0494228179585,7758.771,113.767,113.767,636.631,1.66,8.906,17.019,0.337,0.977,1
5.14,7.7166,21621.758,201.51410973235343,8455.81,175.185,175.185,696.586,2.092,11.169,24.681,0.489,1.0,2
8.206,12.34656,50994.986,323.3294695950528,9325.597,437.996,437.996,929.941,3.558,18.192,60.388,1.195,0.951,3
6.175,12.34656,29791.851,241.63151488040927,8823.2,246.2,246.2,773.747,2.504,13.187,34.182,0.677,0.969,2
3.144,4.6299600000000005,8377.528,145.21991097267795,7087.523,60.341,60.341,586.461,1.39,7.504,12.324,0.244,0.973,1
3.144,4.6299600000000005,8376.148,145.2191779343921,7059.216,60.323,60.323,587.347,1.392,7.544,12.376,0.245,0.98,1
4.161,6.17328,14720.603,162.04963225746872,7760.915,113.767,113.767,625.858,1.66,8.833,16.519,0.327,0.984,1
7.148,10.80324,39006.292,280.44233164383706,9117.723,332.348,332.348,810.44,2.985,15.588,43.149,0.854,0.995,3
7.148,10.80324,39007.512,280.44191276481666,9117.329,332.36,332.36,806.548,2.986,15.564,42.886,0.849,0.998,3
9.3,13.88988,72768.862,372.84337836999566,9744.031,644.747,644.747,1056.407,4.531,22.671,87.777,1.738,0.991,3
5.14,7.7166,21624.404,201.5131672545573,8460.501,175.203,175.203,707.915,2.09,11.221,25.273,0.5,0.989,2
6.175,9.25992,29795.863,241.61727299371304,8838.315,246.34,246.34,779.475,2.498,13.148,34.445,0.682,0.956,2
7.148,12.34656,38997.511,280.4447401982049,9121.123,332.25,332.25,835.699,2.979,15.727,44.824,0.887,0.975,3
7.148,10.80324,38982.867,280.44851010938913,9131.922,332.176,332.176,854.058,2.964,15.682,45.845,0.908,0.951,3
1.138,1.54332,4453.216,148.29217914837852,6741.357,11.523,11.523,580.411,1.258,6.798,0.0,0.213,0.953,0
6.175,9.25992,29761.962,241.57182461999108,8793.161,245.944,245.944,767.347,2.514,13.294,33.938,0.672,0.992,2
7.148,10.80324,38988.933,280.446625153797,9126.934,332.193,332.193,843.775,2.971,15.687,45.251,0.896,0.963,3
2.088,3.08664,4997.642,140.80754409071108,6748.215,22.364,22.364,554.817,1.267,6.8,22.527,0.215,0.999,0
6.175,9.25992,29792.763,241.629525205062,8828.111,246.28,246.28,793.765,2.502,13.308,35.363,0.7,0.954,2
1.138,12.34656,963.659,138.3371003476832,6678.617,5.913,5.913,478.278,1.12,5.967,22.284,0.12,0.97,0
1.138,1.54332,4788.029,147.68250073407185,6714.669,11.051,11.051,571.344,1.269,6.788,0.0,0.212,0.976,0
4.161,12.34656,14718.641,162.0482709006521,7718.749,113.744,113.744,638.662,1.664,8.988,17.158,0.34,0.988,1
8.206,12.34656,50994.29,323.3225580912149,9307.295,438.108,438.108,927.557,3.587,18.545,60.716,1.202,0.974,3
8.206,12.34656,50994.842,323.3268516011748,9316.518,438.065,438.065,929.433,3.573,18.376,60.609,1.2,0.962,3
1.138,1.54332,3186.606,147.51023673690003,6677.475,10.838,10.838,515.837,1.215,6.48,0.0,0.15,0.995,0
4.161,6.17328,14721.116,162.04973697722383,7767.382,113.769,113.769,625.9,1.659,8.822,16.513,0.327,0.982,1
8.206,12.34656,50993.449,323.32088257513294,9311.717,438.103,438.103,908.355,3.577,18.232,59.017,1.168,0.978,3
1.138,1.54332,5528.992,142.45656607458034,6633.264,8.13,8.13,611.974,1.282,6.983,13.953,0.267,0.983,0
6.175,9.25992,29761.191,241.571719900236,8787.105,245.952,245.952,775.57,2.516,13.388,34.474,0.683,0.991,2
1.138,1.54332,933.706,144.20297743071094,6743.566,9.096,9.096,463.185,1.124,5.97,0.0,0.083,0.956,0
9.3,13.88988,72761.576,372.8426453317099,9751.779,644.802,644.802,1086.365,4.525,22.913,90.464,1.791,0.974,3
9.3,13.88988,72773.934,372.84400668852646,9742.081,644.843,644.843,1039.245,4.532,22.491,86.168,1.706,1.0,3
5.14,7.7166,21634.31,201.5139002928432,8489.659,175.262,175.262,722.643,2.08,11.164,25.929,0.513,0.959,2
2.088,3.08664,3505.332,141.15207208505478,6840.485,22.963,22.963,530.034,1.217,6.531,19.623,0.173,0.957,0
8.206,12.34656,50994.289,323.32601384313386,9322.826,437.96,437.96,922.009,3.561,18.158,59.82,1.184,0.958,3
2.088,3.08664,6791.058,144.83663666894,6774.837,29.433,29.433,598.553,1.331,7.185,5.079,0.254,0.991,0
3.144,4.6299600000000005,8375.846,145.21896849488186,7059.929,60.32,60.32,575.824,1.392,7.483,11.91,0.236,0.99,1
8.206,12.34656,50994.763,323.32758463946067,9322.916,438.041,438.041,928.141,3.562,18.228,60.319,1.194,0.955,3
8.206,12.34656,50977.147,323.2636008690825,9289.348,437.951,437.951,919.103,3.612,18.802,60.497,1.198,1.0,3
4.161,6.17328,14719.624,162.0491086586931,7742.422,113.736,113.736,629.612,1.662,8.889,16.713,0.331,0.987,1
8.206,12.34656,50993.409,323.31836930101014,9300.37,438.08,438.08,908.338,3.595,18.466,59.332,1.175,0.992,3
6.175,9.25992,29761.49,241.56428479762243,8803.504,245.96,245.96,777.201,2.509,13.309,34.48,0.683,0.979,2
1.138,1.54332,1959.805,146.29067046877648,6671.847,10.19,10.19,490.344,1.168,6.27,0.315,0.116,0.983,0
2.088,3.08664,3455.95,141.13175645256155,6791.627,22.916,22.916,534.15,1.216,6.597,19.906,0.176,0.965,0
2.088,3.08664,5197.166,140.87142314133408,6739.059,22.469,22.469,561.785,1.273,6.857,22.576,0.223,1.0,0
8.206,12.34656,50993.195,323.3174268232141,9300.553,437.998,437.998,903.94,3.594,18.412,58.965,1.167,0.994,3
7.148,10.80324,39000.27,280.4445307586946,9120.344,332.401,332.401,824.232,2.981,15.65,44.051,0.872,0.983,3
8.206,12.34656,50994.534,323.3268516011748,9323.153,438.032,438.032,925.417,3.562,18.191,60.089,1.19,0.956,3
1.138,1.54332,1188.512,138.18452366447386,6645.505,5.893,5.893,502.986,1.129,6.122,25.212,0.143,0.963,0
3.144,4.6299600000000005,8377.497,145.21991097267795,7095.627,60.334,60.334,572.626,1.39,7.423,11.76,0.233,0.983,1
4.161,6.17328,14723.428,162.0500511364892,7785.49,113.79,113.79,649.624,1.658,8.944,17.582,0.348,0.96,1
2.088,3.08664,3369.125,141.26600717862496,6833.725,23.144,23.144,526.539,1.213,6.517,19.022,0.168,0.958,0
2.088,3.08664,2897.321,142.26356756589485,6835.588,24.847,24.847,505.344,1.198,6.419,12.998,0.14,0.962,0
8.206,12.34656,50994.28,323.3230816899905,9306.892,437.953,437.953,922.389,3.587,18.493,60.305,1.194,0.977,3
4.161,6.17328,14722.934,162.0501558562443,7785.427,113.786,113.786,639.427,1.658,8.879,17.117,0.339,0.967,1
6.175,12.34656,29793.466,241.6222995419588,8828.125,246.25,246.25,760.524,2.502,13.063,33.349,0.66,0.974,2
3.144,4.6299600000000005,8379.057,145.220853450474,7125.543,60.352,60.352,575.865,1.388,7.403,11.876,0.235,0.972,1
4.161,6.17328,14718.454,162.04889921918286,7731.809,113.746,113.746,617.671,1.662,8.83,16.169,0.32,0.999,1
8.206,12.34656,50992.844,323.3159607466424,9300.086,438.066,438.066,897.267,3.594,18.346,58.427,1.157,0.998,3
7.148,10.80324,38981.173,280.44840538963405,9137.054,332.168,332.168,823.361,2.959,15.349,43.64,0.864,0.963,3
8.206,12.34656,50997.385,323.3352291815844,9323.267,438.127,438.127,938.707,3.565,18.355,61.186,1.211,0.95,3
9.3,13.88988,72776.548,372.8477765997107,9787.615,644.821,644.821,1095.155,4.481,22.349,90.348,1.788,0.954,3
9.3,13.88988,72767.955,372.8425406119548,9737.416,644.745,644.745,1050.04,4.539,22.711,87.324,1.729,0.997,3
1.138,12.34656,4527.523,144.5430024755845,6630.889,9.222,9.222,567.398,1.256,6.79,5.19,0.212,0.996,0
4.161,6.17328,14725.139,162.05099361428526,7815.899,113.809,113.809,646.741,1.655,8.874,17.416,0.345,0.953,1
5.14,7.7166,21629.237,201.51410973235343,8476.113,175.28,175.28,709.243,2.085,11.146,25.274,0.5,0.977,2
3.144,4.6299600000000005,8374.727,145.21834017635112,7032.273,60.302,60.302,584.529,1.393,7.563,12.278,0.243,0.99,1
7.148,10.80324,38996.209,280.44526379698044,9122.11,332.234,332.234,835.322,2.978,15.707,44.777,0.887,0.974,3
3.144,4.6299600000000005,8375.319,145.21854961586138,7051.87,60.315,60.315,571.689,1.392,7.471,11.746,0.233,0.996,1
3.144,4.6299600000000005,8378.216,145.2203298516984,7097.661,60.344,60.344,593.748,1.39,7.529,12.61,0.25,0.964,1
5.14,7.7166,21638.335,201.5159946879456,8505.621,175.298,175.298,716.644,2.075,11.04,25.538,0.506,0.952,2
9.3,13.88988,72761.86,372.8437972490162,9768.62,644.72,644.72,1104.345,4.508,22.842,91.738,1.816,0.959,3
5.14,7.7166,21631.626,201.51515692990463,8485.301,175.302,175.302,705.555,2.082,11.072,25.035,0.496,0.973,2
2.088,3.08664,6686.502,144.97476202594282,6805.985,29.684,29.684,592.174,1.327,7.119,4.067,0.247,0.985,0
7.148,10.80324,39009.043,280.4391900511835,9114.525,332.432,332.432,824.83,2.989,15.76,44.217,0.875,0.99,3
3.144,4.6299600000000005,8376.235,145.2191779343921,7066.196,60.325,60.325,578.345,1.391,7.488,12.009,0.238,0.986,1
2.088,3.08664,6891.509,144.38330484902698,6795.927,28.631,28.631,597.981,1.332,7.147,7.414,0.257,0.988,0
1.138,1.54332,3818.222,144.43252313393322,6616.213,9.156,9.156,548.868,1.233,6.677,6.483,0.19,0.999,0
6.175,9.25992,29790.297,241.63758862620625,8817.823,246.192,246.192,769.578,2.506,13.185,33.958,0.672,0.975,2
2.088,3.08664,4068.709,140.8107904031198,6813.59,22.396,22.396,552.736,1.235,6.684,22.542,0.2,0.959,0
2.088,3.08664,2873.909,142.21529175878467,6798.706,24.748,24.748,509.796,1.198,6.476,13.338,0.143,0.967,0
2.088,3.08664,6091.69,141.50612957711434,6814.366,23.631,23.631,612.488,1.299,7.076,22.047,0.269,0.955,0
6.175,9.25992,29791.427,241.63465647306285,8822.41,246.2,246.2,782.908,2.504,13.259,34.741,0.688,0.964,2
9.3,13.88988,72776.033,372.8472530009351,9780.091,644.945,644.945,1089.044,4.489,22.415,89.98,1.781,0.96,3
6.175,9.25992,29792.46,241.63130544089907,8827.138,246.242,246.242,796.553,2.502,13.334,35.535,0.704,0.953,2
6.175,9.25992,29761.327,241.5658555939493,8799.416,245.954,245.954,780.024,2.511,13.353,34.674,0.686,0.98,2
7.148,10.80324,38983.008,280.4486148291443,9132.405,332.102,332.102,847.839,2.964,15.623,45.411,0.899,0.954,3
8.206,12.34656,50997.315,323.3348103025639,9320.715,438.137,438.137,938.69,3.569,18.408,61.258,1.213,0.953,3
8.206,12.34656,50987.923,323.29574983390427,9299.894,437.945,437.945,931.453,3.598,18.736,61.232,1.212,0.981,3
9.3,13.88988,72767.515,372.8455774848532,9776.969,644.839,644.839,1102.453,4.497,22.658,91.336,1.808,0.956,3
7.148,10.80324,38999.053,280.4462062747765,9123.065,332.355,332.355,807.658,2.978,15.471,42.844,0.848,0.99,3
2.088,3.08664,5385.001,146.00656577313686,6827.533,31.515,31.515,557.67,1.29,6.901,0.0,0.198,0.978,0
9.3,13.88988,72761.051,372.8408650958728,9733.639,644.934,644.934,1062.123,4.544,22.928,88.575,1.753,0.993,3
2.088,3.08664,4563.159,145.8593297974386,6857.024,31.233,31.233,534.728,1.262,6.719,0.0,0.17,0.97,0
3.144,12.34656,8375.818,145.21896849488186,7056.101,60.317,60.317,581.504,1.392,7.517,12.142,0.24,0.986,1
6.175,9.25992,29760.495,241.5699396643989,8779.003,246.015,246.015,776.421,2.519,13.44,34.572,0.684,0.996,2
8.206,12.34656,50993.288,323.31459938982584,9306.095,437.937,437.937,937.048,3.59,18.681,61.529,1.218,0.971,3
7.148,10.80324,38989.365,280.44725347232776,9128.07,332.279,332.279,831.436,2.97,15.57,44.383,0.879,0.969,3
3.144,4.6299600000000005,8379.686,145.22127232949452,7136.725,60.368,60.368,579.292,1.388,7.408,12.008,0.238,0.966,1
6.175,12.34656,29762.205,241.5632376000713,8801.262,245.942,245.942,763.42,2.511,13.22,33.652,0.666,0.989,2
8.206,12.34656,50996.563,323.33198286917565,9315.491,438.122,438.122,934.305,3.575,18.456,61.04,1.208,0.961,3
9.3,13.88988,72758.984,372.8408650958728,9742.967,644.853,644.853,1081.512,4.535,23.007,90.211,1.786,0.98,3
3.144,4.6299600000000005,8379.292,145.22095817022915,7118.314,60.354,60.354,597.883,1.389,7.525,12.762,0.253,0.955,1
2.088,12.34656,5960.407,141.39512663668748,6816.25,23.448,23.448,608.43,1.295,7.046,22.438,0.265,0.955,0
1.138,12.34656,7395.435,142.9169141180864,6714.105,8.473,8.473,664.687,1.334,7.226,10.423,0.326,0.957,0
8.206,12.34656,50993.744,323.3202542566023,9302.785,438.096,438.096,914.338,3.592,18.485,59.759,1.183,0.986,3
5.14,12.34656,21628.514,201.51463333112903,8475.026,175.263,175.263,702.825,2.085,11.108,24.934,0.494,0.982,2
4.161,6.17328,14720.456,162.04921337844823,7748.372,113.74,113.74,638.327,1.661,8.935,17.108,0.339,0.979,1
4.161,6.17328,14719.404,162.0485850599175,7729.463,113.736,113.736,639.572,1.663,8.976,17.188,0.34,0.984,1
1.138,1.54332,2822.091,147.89235912333166,6707.687,11.136,11.136,513.823,1.202,6.426,0.0,0.144,0.978,0
5.14,7.7166,21635.636,201.5164135669661,8499.435,175.282,175.282,706.021,2.077,11.001,24.998,0.495,0.963,2
5.14,7.7166,21630.951,201.51515692990463,8483.444,175.263,175.263,705.991,2.082,11.085,25.067,0.496,0.974,2
9.3,12.34656,72767.009,372.8451586058328,9781.268,644.792,644.792,1110.108,4.493,22.681,91.943,1.82,0.951,3
7.148,10.80324,38993.064,280.44735819208285,9126.803,332.247,332.247,816.091,2.973,15.471,43.352,0.858,0.98,3
6.175,9.25992,29794.461,241.62083346538708,8832.802,246.303,246.303,775.232,2.5,13.146,34.219,0.678,0.962,2
6.175,9.25992,29792.93,241.62701193093912,8827.603,246.219,246.219,779.044,2.502,13.203,34.479,0.683,0.963,2
4.161,6.17328,14720.512,162.04952753771357,7756.72,113.747,113.747,626.26,1.66,8.843,16.542,0.327,0.985,1
9.3,13.88988,72761.296,372.8405509366074,9732.307,644.838,644.838,1059.116,4.545,22.914,88.318,1.748,0.995,3
2.088,3.08664,5980.911,141.4038183763624,6801.533,23.452,23.452,611.539,1.296,7.078,22.532,0.268,0.957,0
5.14,7.7166,21635.776,201.51515692990463,8497.004,175.315,175.315,716.333,2.078,11.083,25.56,0.506,0.958,2
4.161,6.17328,14723.343,162.04994641673406,7781.495,113.781,113.781,651.395,1.658,8.962,17.667,0.35,0.96,1
3.144,4.6299600000000005,8381.538,145.2223195270457,7171.729,60.377,60.377,586.028,1.386,7.401,12.26,0.243,0.951,1
2.088,3.08664,3236.434,141.44392604257328,6825.36,23.445,23.445,521.432,1.209,6.501,17.703,0.161,0.961,0
8.206,12.34656,50993.126,323.3171126639487,9299.059,437.94,437.94,903.68,3.597,18.44,58.984,1.168,0.996,3
4.161,12.34656,14718.101,162.0484803401624,7719.055,113.728,113.728,628.663,1.664,8.923,16.696,0.331,0.995,1
1.138,1.54332,6989.275,140.56574617613978,6694.499,7.159,7.159,651.403,1.316,7.105,21.244,0.32,0.965,0
9.3,13.88988,72778.089,372.8485096379965,9792.452,644.816,644.816,1096.959,4.474,22.277,90.381,1.789,0.951,3
8.206,12.34656,50993.215,323.3189976195408,9307.903,437.976,437.976,903.705,3.583,18.258,58.742,1.163,0.985,3
7.148,12.34656,38987.91,280.44788179085845,9130.651,332.199,332.199,821.346,2.967,15.445,43.635,0.864,0.972,3
1.138,1.54332,566.487,142.62547903958836,6734.758,8.255,8.255,455.819,1.107,5.899,0.0,0.074,0.952,0
8.206,12.34656,50995.313,323.3230816899905,9310.712,438.006,438.006,940.61,3.585,18.636,61.7,1.221,0.964,3
8.206,12.34656,50993.512,323.318264581255,9301.636,438.063,438.063,919.196,3.595,18.564,60.189,1.192,0.985,3
2.088,3.08664,4507.307,140.74785383029288,6791.218,22.288,22.288,568.855,1.25,6.802,23.807,0.219,0.962,0
8.206,12.34656,50994.952,323.3264327221543,9311.637,437.969,437.969,931.233,3.581,18.498,60.895,1.206,0.967,3
4.161,6.17328,14720.054,162.04952753771357,7753.759,113.761,113.761,621.994,1.66,8.82,16.347,0.324,0.989,1
7.148,10.80324,38991.345,280.4470440328176,9126.617,332.211,332.211,829.434,2.972,15.58,44.276,0.877,0.972,3
3.144,12.34656,8379.449,145.22106288998427,7120.632,60.35,60.35,598.347,1.388,7.524,12.779,0.253,0.954,1
5.14,7.7166,21635.117,201.51725132500704,8500.109,175.29,175.29,699.231,2.077,10.952,24.63,0.488,0.967,2
7.148,10.80324,38984.535,280.44725347232776,9131.457,332.121,332.121,839.575,2.965,15.574,44.868,0.888,0.96,3
3.144,4.6299600000000005,8380.778,145.22190064802524,7154.028,60.376,60.376,589.097,1.387,7.437,12.393,0.245,0.953,1
7.148,10.80324,39008.768,280.4408655672654,9116.329,332.508,332.508,808.542,2.987,15.598,43.046,0.852,0.998,3
5.14,7.7166,21633.36,201.5148427706393,8489.272,175.261,175.261,712.093,2.08,11.095,25.368,0.502,0.966,2
8.206,12.34656,50996.937,323.3303073530938,9316.832,438.033,438.033,947.31,3.577,18.603,62.088,1.229,0.954,3
6.175,9.25992,29796.83,241.6151785986106,8841.412,246.306,246.306,776.244,2.497,13.108,34.233,0.678,0.956,2
5.14,7.7166,21626.579,201.51609940770075,8473.787,175.22,175.22,689.299,2.086,11.022,24.205,0.479,0.992,2
7.148,10.80324,38990.08,280.44840538963405,9130.31,332.277,332.277,809.18,2.969,15.355,42.8,0.847,0.98,3
2.088,3.08664,3987.764,140.8545632607598,6816.35,22.465,22.465,549.546,1.233,6.662,22.193,0.196,0.959,0
1.138,1.54332,7200.487,142.28524455520457,6665.895,8.082,8.082,663.7,1.328,7.248,13.921,0.326,0.968,0
4.161,6.17328,14719.907,162.0491086586931,7744.882,113.756,113.756,631.348,1.661,8.896,16.791,0.332,0.985,1
2.088,3.08664,5446.942,140.9882903880476,6737.363,22.679,22.679,569.044,1.281,6.909,22.528,0.231,1.0,0
2.088,3.08664,3418.853,141.14180954905305,6774.88,22.92,22.92,534.671,1.216,6.616,19.976,0.176,0.968,0
2.088,3.08664,6181.754,141.63765758954463,6822.248,23.869,23.869,614.573,1.302,7.085,21.533,0.271,0.953,0
7.148,10.80324,38985.941,280.4481959501238,9132.627,332.245,332.245,820.675,2.965,15.405,43.547,0.862,0.97,3
7.148,10.80324,38996.018,280.4451590772253,9122.084,332.368,332.368,837.032,2.978,15.72,44.895,0.889,0.973,3
4.161,6.17328,14722.15,162.0500511364892,7778.005,113.772,113.772,635.443,1.658,8.866,16.942,0.335,0.972,1
8.206,12.34656,50994.609,323.3266421616645,9320.248,437.964,437.964,926.37,3.566,18.263,60.251,1.193,0.959,3
9.3,13.88988,72772.591,372.8437972490162,9751.039,645.012,645.012,1058.132,4.522,22.565,87.77,1.737,0.987,3
5.14,7.7166,21627.544,201.5144238916188,8472.293,175.246,175.246,704.224,2.086,11.132,25.021,0.495,0.983,2
9.3,13.88988,72771.099,372.8452633255878,9762.309,644.765,644.765,1077.766,4.511,22.607,89.371,1.769,0.973,3
9.3,13.88988,72774.708,372.8455774848532,9766.713,644.937,644.937,1075.435,4.505,22.493,89.032,1.762,0.972,3
6.175,9.25992,29761.62,241.5721387792564,8793.21,246.026,246.026,773.747,2.513,13.341,34.328,0.68,0.988,2
4.161,6.17328,14722.403,162.0500511364892,7778.572,113.769,113.769,638.064,1.658,8.882,17.062,0.338,0.97,1
8.206,12.34656,50993.323,323.3202542566023,9311.033,438.081,438.081,906.013,3.578,18.219,58.844,1.165,0.98,3
1.138,1.54332,5019.801,141.10075940504612,6625.01,7.38,7.38,599.365,1.263,6.868,19.508,0.257,0.985,0
7.148,12.34656,38979.346,280.447462911838,9136.449,332.1,332.1,841.288,2.959,15.5,44.879,0.889,0.953,3
2.088,3.08664,2927.327,143.52753501018913,6834.155,27.039,27.039,499.381,1.202,6.431,6.108,0.128,0.966,0
4.161,6.17328,14720.638,162.04900393893797,7745.232,113.754,113.754,644.05,1.662,8.977,17.374,0.344,0.976,1
9.3,13.88988,72769.721,372.8441114082816,9753.389,644.783,644.783,1068.943,4.521,22.659,88.751,1.757,0.981,3
4.161,6.17328,14718.969,162.04868977967263,7729.957,113.749,113.749,630.854,1.663,8.918,16.785,0.332,0.99,1
4.161,6.17328,14723.85,162.0502605759994,7792.118,113.792,113.792,649.671,1.657,8.933,17.576,0.348,0.958,1
7.148,10.80324,38983.272,280.44767235134816,9132.978,332.18,332.18,836.488,2.964,15.523,44.625,0.884,0.96,3
2.088,3.08664,3739.02,145.23708501251758,6728.796,30.062,30.062,518.366,1.237,6.723,0.0,0.147,0.999,0
5.14,7.7166,21626.187,201.5152616496597,8470.251,175.249,175.249,694.47,2.087,11.077,24.502,0.485,0.991,2
2.088,3.08664,6806.306,144.7387236979031,6778.899,29.259,29.259,598.846,1.331,7.179,5.488,0.255,0.99,0
1.138,1.54332,3438.763,144.27010279374267,6608.258,9.108,9.108,545.903,1.22,6.646,7.429,0.184,0.994,0
9.3,13.88988,72766.351,372.84494916632246,9771.51,644.744,644.744,1098.699,4.503,22.712,91.128,1.804,0.96,3
3.144,4.6299600000000005,8374.548,145.21823545659603,7030.791,60.304,60.304,581.62,1.393,7.55,12.161,0.241,0.993,1
3.144,4.6299600000000005,8380.257,145.22148176900473,7141.322,60.366,60.366,591.849,1.388,7.466,12.509,0.248,0.954,1
8.206,12.34656,50981.379,323.2750153223906,9292.659,437.962,437.962,922.958,3.608,18.781,60.728,1.202,0.994,3
6.175,9.25992,29792.658,241.62816384824544,8826.523,246.281,246.281,778.521,2.502,13.204,34.453,0.682,0.964,2
2.088,3.08664,3163.926,141.44434492159374,6779.182,23.429,23.429,525.014,1.208,6.56,18.032,0.163,0.968,0
9.3,13.88988,72777.395,372.8456822046084,9765.273,644.808,644.808,1065.638,4.505,22.393,88.128,1.745,0.977,3
1.138,1.54332,1037.195,143.83007038272984,6659.101,8.855,8.855,472.122,1.129,6.091,1.448,0.092,0.973,0
9.3,13.88988,72758.794,372.8411792551382,9741.569,644.693,644.693,1078.424,4.536,22.993,89.949,1.781,0.982,3
8.206,12.34656,50992.36,323.3124002749683,9296.836,438.08,438.08,915.04,3.601,18.614,59.978,1.187,0.993,3
4.161,6.17328,14725.048,162.05130777355063,7822.442,113.799,113.799,636.69,1.654,8.8,16.95,0.336,0.958,1
1.138,1.54332,3051.059,137.47169629137434,6637.965,5.513,5.513,559.714,1.193,6.478,31.854,0.215,0.969,0
3.144,4.6299600000000005,8375.659,145.21875905537163,7063.239,60.319,60.319,563.854,1.391,7.416,11.419,0.226,1.0,1
7.148,12.34656,38983.472,280.447462911838,9131.922,332.131,332.131,843.703,2.964,15.598,45.14,0.894,0.957,3
1.138,1.54332,831.067,142.89293329416398,6658.319,8.22,8.22,448.02,1.119,5.944,0.0,0.072,0.991,0
7.148,10.80324,39001.033,280.4455779562458,9121.626,332.366,332.366,807.372,2.98,15.494,42.853,0.848,0.992,3
9.3,12.34656,72772.314,372.8448444465674,9749.698,644.842,644.842,1055.126,4.524,22.551,87.514,1.732,0.989,3
1.138,1.54332,6933.684,140.86398803872058,6680.19,7.25,7.25,638.704,1.316,7.067,19.199,0.31,0.978,0
2.088,3.08664,5102.174,146.076728009067,6771.61,31.621,31.621,556.277,1.283,6.949,0.0,0.193,0.988,0
5.14,7.7166,21636.482,201.51452861137392,8497.259,175.325,175.325,722.382,2.078,11.122,25.88,0.512,0.954,2
2.088,3.08664,6988.931,143.69707629372786,6747.464,27.413,27.413,608.356,1.334,7.234,11.308,0.27,0.996,0
3.144,4.6299600000000005,8375.202,145.21854961586138,7045.505,60.312,60.312,578.098,1.392,7.513,12.01,0.238,0.992,1
7.148,10.80324,39000.214,280.44526379698044,9121.502,332.411,332.411,813.91,2.98,15.548,43.311,0.858,0.988,3
8.206,12.34656,50993.994,323.32339584925586,9315.865,438.095,438.095,916.448,3.572,18.239,59.565,1.179,0.969,3
3.144,4.6299600000000005,8375.706,145.21886377512678,7058.07,60.319,60.319,574.181,1.392,7.477,11.844,0.234,0.992,1
2.088,12.34656,5375.129,146.03127963534507,6806.482,31.561,31.561,559.429,1.291,6.936,0.0,0.199,0.982,0
1.138,1.54332,1258.658,144.64164848490722,6663.076,9.29,9.29,475.952,1.138,6.135,1.086,0.097,0.976,0
1.138,1.54332,2882.27,148.26935024176242,6733.342,11.472,11.472,531.454,1.204,6.494,0.0,0.157,0.956,0
5.14,7.7166,21624.738,201.5157852484353,8467.394,175.236,175.236,687.246,2.088,11.043,24.121,0.477,0.998,2
5.14,7.7166,21633.5,201.5170418854968,8495.299,175.317,175.317,696.648,2.079,10.959,24.512,0.485,0.972,2
8.206,12.34656,50995.721,323.32391944803146,9314.848,438.113,438.113,948.058,3.581,18.652,62.205,1.231,0.956,3
8.206,12.34656,50993.651,323.321720333174,9311.996,438.001,438.001,911.716,3.577,18.265,59.286,1.174,0.976,3
5.14,7.7166,21621.195,201.5129578150472,8451.427,175.175,175.175,704.319,2.093,11.247,25.12,0.497,0.998,2
3.144,4.6299600000000005,8374.221,145.21792129733066,7026.821,60.3,60.3,579.522,1.393,7.544,12.079,0.239,0.996,1
7.148,10.80324,38992.161,280.4481959501238,9128.354,332.291,332.291,809.845,2.971,15.394,42.886,0.849,0.982,3
8.206,12.34656,50996.237,323.32653744190947,9316.701,438.135,438.135,950.084,3.578,18.642,62.322,1.234,0.953,3
7.148,10.80324,39000.726,280.4437977204088,9119.242,332.293,332.293,831.349,2.982,15.726,44.565,0.882,0.98,3
4.161,6.17328,14722.793,162.04984169697894,7778.011,113.783,113.783,645.557,1.659,8.931,17.405,0.345,0.965,1
5.14,7.7166,21636.236,201.51410973235343,8495.436,175.291,175.291,724.351,2.078,11.145,25.993,0.515,0.954,2
8.206,12.34656,50995.866,323.32622328264404,9311.697,438.018,438.018,940.227,3.583,18.612,61.641,1.22,0.963,3
5.14,7.7166,21629.731,201.5143191718637,8477.953,175.236,175.236,708.796,2.084,11.133,25.242,0.5,0.976,2
7.148,10.80324,39008.235,280.439608930204,9114.994,332.462,332.462,825.477,2.988,15.756,44.251,0.876,0.989,3
8.206,12.34656,50993.722,323.3201495368472,9304.169,437.967,437.967,912.913,3.59,18.441,59.604,1.18,0.985,3
9.3,13.88988,72773.996,372.84442556754686,9760.097,644.901,644.901,1068.791,4.512,22.533,88.566,1.753,0.978,3
2.088,3.08664,3704.675,145.13477381176563,6833.014,29.896,29.896,516.099,1.233,6.594,0.0,0.145,0.971,0
7.148,10.80324,38986.859,280.4475676315932,9130.56,332.154,332.154,829.717,2.967,15.512,44.213,0.875,0.967,3
8.206,12.34656,50989.197,323.2980536685169,9293.437,437.926,437.926,917.372,3.607,18.707,60.258,1.193,0.996,3
5.14,7.7166,21635.801,201.5158899681905,8498.645,175.324,175.324,709.929,2.077,11.031,25.211,0.499,0.961,2
9.3,13.88988,72769.802,372.8434830897508,9740.083,645.078,645.078,1047.468,4.535,22.63,87.011,1.722,0.997,3
9.3,13.88988,72770.405,372.8458916441186,9780.465,644.843,644.843,1100.965,4.492,22.57,91.1,1.803,0.955,3
6.175,9.25992,29793.832,241.6238703382856,8830.859,246.262,246.262,780.62,2.501,13.197,34.556,0.684,0.96,2
5.14,7.7166,21628.162,201.51463333112903,8474.092,175.241,175.241,702.313,2.086,11.11,24.91,0.493,0.983,2
8.206,12.34656,50997.647,323.33386782476776,9319.055,438.036,438.036,948.302,3.574,18.571,62.108,1.23,0.951,3
8.206,12.34656,50996.157,323.329679034563,9311.985,438.109,438.109,934.723,3.581,18.533,61.174,1.211,0.965,3
8.206,12.34656,50994.5,323.3241288875417,9309.111,438.059,438.059,931.311,3.585,18.551,60.972,1.207,0.97,3
9.3,13.88988,72774.701,372.8452633255878,9758.187,644.808,644.808,1061.848,4.514,22.479,87.947,1.741,0.982,3
8.206,12.34656,50992.262,323.3120861157029,9293.926,437.94,437.94,908.426,3.605,18.598,59.514,1.178,1.0,3
1.138,1.54332,1424.809,144.51954525043766,6656.282,9.175,9.175,474.058,1.145,6.139,1.55,0.099,0.986,0
1.138,1.54332,3337.661,147.90932372366106,6687.47,11.151,11.151,532.153,1.221,6.564,0.0,0.164,0.981,0
5.14,12.34656,21627.153,201.5149474903944,8472.162,175.27,175.27,698.376,2.086,11.093,24.706,0.489,0.987,2
5.14,7.7166,21632.876,201.5132719743125,8484.044,175.253,175.253,724.003,2.082,11.204,26.026,0.515,0.962,2
1.138,1.54332,3020.329,139.4574970077084,6618.927,6.497,6.497,547.124,1.196,6.484,24.92,0.198,0.983,0
5.14,7.7166,21638.241,201.5157852484353,8504.708,175.343,175.343,717.611,2.075,11.051,25.594,0.507,0.952,2
8.206,12.34656,50993.521,323.31994009733694,9305.421,438.039,438.039,909.814,3.588,18.379,59.314,1.174,0.985,3
4.161,6.17328,14718.642,162.04879449942777,7730.748,113.734,113.734,623.575,1.663,8.87,16.446,0.326,0.995,1
4.161,12.34656,14720.859,162.04973697722383,7763.158,113.749,113.749,626.299,1.66,8.832,16.537,0.327,0.983,1
9.3,13.88988,72778.465,372.8481954787312,9791.331,644.83,644.83,1095.783,4.476,22.283,90.302,1.788,0.952,3
1.138,1.54332,5133.595,141.88270181652464,6624.867,7.777,7.777,595.024,1.269,6.877,16.026,0.252,0.991,0
9.3,13.88988,72763.907,372.8425406119548,9739.78,644.724,644.724,1062.685,4.537,22.827,88.483,1.752,0.99,3
4.161,6.17328,14724.621,162.05088889453015,7810.271,113.789,113.789,641.825,1.655,8.853,17.198,0.34,0.958,1
3.144,12.34656,8375.187,145.21854961586138,7046.181,60.312,60.312,575.664,1.392,7.499,11.911,0.236,0.994,1
1.138,1.54332,2917.426,147.89277800235214,6702.927,11.092,11.092,510.06,1.205,6.416,0.0,0.142,0.986,0
6.175,9.25992,29767.051,241.5935016093008,8811.348,246.003,246.003,790.65,2.507,13.369,35.251,0.698,0.966,2
5.14,7.7166,21629.369,201.51400501259832,8476.153,175.272,175.272,710.73,2.085,11.156,25.354,0.502,0.976,2
2.088,3.08664,3668.017,145.15069121454383,6774.027,29.908,29.908,520.435,1.233,6.675,0.0,0.148,0.982,0
4.161,6.17328,14724.521,162.050784174775,7808.246,113.793,113.793,642.688,1.656,8.861,17.24,0.341,0.958,1
4.161,6.17328,14718.499,162.04816618089703,7714.871,113.74,113.74,640.416,1.664,9.007,17.243,0.341,0.988,1
3.144,4.6299600000000005,8381.385,145.22211008753547,7166.772,60.375,60.375,586.367,1.386,7.408,12.277,0.243,0.952,1
6.175,9.25992,29761.564,241.571719900236,8789.12,245.984,245.984,771.74,2.515,13.349,34.229,0.678,0.992,2
9.3,12.34656,72766.933,372.845368045343,9777.353,645.02,645.02,1104.512,4.497,22.679,91.521,1.812,0.955,3
1.138,1.54332,4454.934,147.8413606025884,6692.603,11.166,11.166,572.526,1.259,6.808,0.0,0.208,0.973,0
6.175,9.25992,29762.184,241.5658555939493,8805.479,245.924,245.924,770.189,2.509,13.247,34.042,0.674,0.982,2
2.088,3.08664,6947.981,143.95081226038278,6793.661,27.865,27.865,599.435,1.332,7.145,9.823,0.261,0.989,0
1.138,1.54332,3349.221,148.14075438247554,6710.372,11.277,11.277,527.051,1.221,6.519,0.0,0.16,0.98,0
6.175,9.25992,29792.82,241.6266977716737,8826.23,246.256,246.256,768.927,2.503,13.135,33.872,0.671,0.97,2
8.206,12.34656,50993.283,323.3192070590511,9307.492,437.953,437.953,904.715,3.584,18.278,58.836,1.165,0.985,3
3.144,4.6299600000000005,8379.0,145.220853450474,7114.516,60.358,60.358,593.141,1.389,7.505,12.576,0.249,0.96,1
5.14,7.7166,21627.893,201.51547108917,8475.774,175.229,175.229,696.051,2.085,11.058,24.564,0.486,0.986,2
1.138,1.54332,4414.626,145.2020038945525,6641.112,9.645,9.645,572.213,1.254,6.809,4.47,0.212,0.986,0
4.161,6.17328,14723.092,162.0504700155097,7792.876,113.79,113.79,633.387,1.657,8.828,16.831,0.333,0.969,1
3.144,4.6299600000000005,8376.015,145.21907321463698,7061.146,60.316,60.316,579.921,1.391,7.503,12.075,0.239,0.986,1
4.161,6.17328,14718.984,162.0485850599175,7728.244,113.749,113.749,633.012,1.663,8.935,16.887,0.334,0.989,1
6.175,12.34656,29797.861,241.612037005957,8846.761,246.295,246.295,775.698,2.495,13.075,34.171,0.677,0.953,2
1.138,1.54332,806.179,143.66503204866123,6737.561,8.802,8.802,460.105,1.118,5.947,0.0,0.079,0.956,0
4.161,6.17328,14725.238,162.05109833404038,7819.02,113.811,113.811,641.027,1.655,8.833,17.152,0.34,0.956,1
9.3,13.88988,72771.017,372.8451586058328,9757.579,644.95,644.95,1071.368,4.516,22.613,88.878,1.759,0.978,3
7.148,10.80324,38989.884,280.4483006698789,9130.289,332.209,332.209,810.81,2.969,15.368,42.913,0.85,0.979,3
8.206,12.34656,50993.547,323.32035897635734,9306.926,437.945,437.945,910.108,3.585,18.352,59.296,1.174,0.983,3
1.138,12.34656,2742.252,148.14567621096612,6730.229,11.396,11.396,526.811,1.199,6.465,0.0,0.151,0.957,0
8.206,12.34656,50993.218,323.3174268232141,9298.673,438.095,438.095,912.519,3.598,18.548,59.722,1.182,0.992,3
1.138,1.54332,4126.684,145.2772973984835,6637.921,9.664,9.664,560.671,1.244,6.748,4.584,0.2,0.99,0
9.3,13.88988,72765.412,372.8447397268122,9764.509,644.743,644.743,1091.81,4.51,22.751,90.66,1.795,0.966,3
9.3,13.88988,72776.153,372.8446350070572,9756.586,645.081,645.081,1056.899,4.515,22.446,87.511,1.732,0.985,3
3.144,4.6299600000000005,8377.613,145.2200156924331,7098.166,60.343,60.343,571.853,1.39,7.416,11.728,0.232,0.983,1
4.161,6.17328,14721.312,162.0491086586931,7750.801,113.756,113.756,650.331,1.661,9.008,17.654,0.349,0.97,1
2.088,3.08664,3504.767,144.80930481285378,6857.295,29.32,29.32,508.387,1.224,6.511,0.0,0.136,0.966,0
5.14,7.7166,21626.918,201.51348141382272,8467.825,175.218,175.218,709.05,2.088,11.189,25.301,0.501,0.983,2
5.14,12.34656,21632.375,201.51609940770075,8489.817,175.276,175.276,700.815,2.08,11.016,24.76,0.49,0.973,2
3.144,4.6299600000000005,8378.395,145.22053929120867,7110.482,60.344,60.344,579.33,1.389,7.439,12.024,0.238,0.973,1
9.3,13.88988,72769.727,372.8434830897508,9746.246,645.101,645.101,1058.551,4.528,22.658,87.93,1.741,0.989,3
2.088,3.08664,6331.002,145.61323837290738,6750.638,30.824,30.824,591.238,1.321,7.185,0.314,0.238,0.993,0
4.161,6.17328,14720.089,162.0485850599175,7733.463,113.745,113.745,649.369,1.663,9.032,17.631,0.349,0.976,1
9.3,13.88988,72778.649,372.8478813194658,9790.208,645.113,645.113,1094.609,4.477,22.29,90.223,1.786,0.953,3
6.175,9.25992,29763.054,241.5660650334595,8806.415,245.934,245.934,759.643,2.509,13.164,33.394,0.661,0.988,2
1.138,1.54332,4901.786,147.00925742840758,6678.008,10.566,10.566,564.776,1.272,6.794,0.229,0.209,0.995,0
2.088,3.08664,3226.646,141.33417973920783,6780.801,23.242,23.242,527.76,1.209,6.573,18.57,0.167,0.967,0
8.206,12.34656,50993.92,323.3178457022345,9306.484,438.019,438.019,935.993,3.59,18.659,61.431,1.216,0.971,3
6.175,12.34656,29762.139,241.56742639027604,8797.216,246.011,246.011,766.167,2.512,13.262,33.843,0.67,0.99,2
5.14,7.7166,21627.486,201.51358613357783,8469.682,175.249,175.249,710.081,2.087,11.186,25.348,0.502,0.981,2
4.161,6.17328,14720.722,162.04900393893797,7745.498,113.764,113.764,645.385,1.662,8.985,17.435,0.345,0.975,1
9.3,13.88988,72767.501,372.84400668852646,9755.556,644.796,644.796,1077.924,4.519,22.734,89.558,1.773,0.976,3
7.148,12.34656,39001.911,280.4442165994293,9119.996,332.402,332.402,816.926,2.982,15.599,43.553,0.862,0.988,3
6.175,9.25992,29792.603,241.62701193093912,8825.026,246.215,246.215,763.681,2.503,13.103,33.559,0.664,0.974,2
8.206,12.34656,50988.775,323.2972159104759,9296.916,438.073,438.073,924.699,3.602,18.719,60.763,1.203,0.988,3
8.206,12.34656,50989.547,323.3004622228846,9298.575,438.027,438.027,926.662,3.6,18.709,60.879,1.205,0.985,3
1.138,1.54332,626.545,142.6474701881635,6724.782,8.218,8.218,452.033,1.11,5.892,0.0,0.072,0.961,0
1.138,1.54332,1107.365,141.5800617242288,6632.793,7.581,7.581,471.878,1.129,6.073,9.564,0.101,0.986,0
9.3,13.88988,72772.233,372.8469388416697,9785.447,644.845,644.845,1102.726,4.485,22.497,91.128,1.804,0.952,3
2.088,3.08664,3238.426,144.33869423334602,6863.741,28.478,28.478,502.193,1.214,6.458,2.554,0.13,0.963,0
9.3,13.88988,72778.31,372.8463105231391,9775.712,644.803,644.803,1079.614,4.493,22.374,89.193,1.766,0.966,3
7.148,10.80324,38993.03,280.4462062747765,9124.569,332.329,332.329,835.247,2.975,15.662,44.719,0.885,0.971,3
1.138,1.54332,4293.227,148.33825584063118,6739.541,11.538,11.538,574.016,1.253,6.762,0.0,0.206,0.955,0
9.3,12.34656,72772.191,372.84421612803663,9752.383,644.821,644.821,1061.148,4.521,22.578,88.027,1.743,0.985,3
8.206,12.34656,50994.275,323.3230816899905,9307.863,437.951,437.951,922.01,3.585,18.469,60.247,1.193,0.976,3
6.175,9.25992,29773.542,241.60753405648683,8813.177,246.018,246.018,769.008,2.507,13.201,33.935,0.672,0.978,2
5.14,7.7166,21637.699,201.5149474903944,8501.116,175.294,175.294,723.022,2.076,11.106,25.897,0.513,0.951,2
7.148,12.34656,38982.725,280.447462911838,9132.938,332.11,332.11,841.628,2.963,15.564,44.977,0.891,0.957,3
5.14,7.7166,21627.912,201.5137955730881,8471.508,175.241,175.241,709.626,2.086,11.173,25.315,0.501,0.98,2
7.148,12.34656,38990.284,280.4475676315932,9128.7,332.217,332.217,820.366,2.97,15.472,43.608,0.863,0.975,3
1.138,1.54332,809.328,138.2933274900432,6692.396,5.946,5.946,481.029,1.114,5.958,22.325,0.12,0.958,0
7.148,10.80324,38999.11,280.44526379698044,9121.915,332.319,332.319,817.855,2.979,15.572,43.577,0.863,0.985,3
7.148,10.80324,38983.915,280.4486148291443,9135.122,332.14,332.14,817.377,2.962,15.335,43.268,0.857,0.969,3
6.175,9.25992,29790.13,241.63989246081883,8818.11,246.18,246.18,780.82,2.505,13.267,34.639,0.686,0.968,2
5.14,7.7166,21629.266,201.51452861137392,8476.972,175.247,175.247,706.797,2.085,11.125,25.139,0.498,0.978,2
4.161,6.17328,14722.051,162.04952753771357,7763.787,113.758,113.758,650.391,1.66,8.986,17.642,0.349,0.966,1
1.138,1.54332,3044.398,148.44056704138308,6736.448,11.583,11.583,538.015,1.21,6.534,0.0,0.164,0.954,0
9.3,13.88988,72766.285,372.8437972490162,9741.141,644.875,644.875,1057.062,4.535,22.732,87.91,1.74,0.992,3
8.206,12.34656,50997.114,323.3333442259922,9315.975,437.991,437.991,937.709,3.576,18.492,61.311,1.214,0.959,3
6.175,9.25992,29792.04,241.6307818421234,8824.416,246.216,246.216,779.09,2.503,13.22,34.499,0.683,0.965,2
4.161,6.17328,14718.249,162.04879449942777,7727.901,113.741,113.741,619.334,1.663,8.847,16.251,0.322,0.999,1
3.144,4.6299600000000005,8376.836,145.21949209365746,7081.673,60.332,60.332,572.449,1.391,7.439,11.761,0.233,0.987,1
6.175,9.25992,29761.466,241.57025382366427,8784.038,246.021,246.021,766.058,2.517,13.335,33.911,0.671,0.999,2
1.138,1.54332,1427.824,140.98776678927203,6624.148,7.25,7.25,482.735,1.141,6.134,13.733,0.119,0.991,0
1.138,1.54332,3095.291,144.90889329997256,6625.008,9.415,9.415,526.949,1.209,6.532,5.368,0.163,0.997,0
2.088,12.34656,3311.611,144.52362932088732,6828.893,28.798,28.798,506.515,1.218,6.515,1.267,0.133,0.97,0
1.138,1.54332,385.235,140.30017687715633,6656.062,6.967,6.967,460.543,1.099,5.922,12.515,0.087,0.967,0
5.14,7.7166,21631.459,201.5143191718637,8482.73,175.291,175.291,712.893,2.083,11.135,25.44,0.504,0.97,2
1.138,1.54332,4836.328,145.0518357657109,6645.979,9.58,9.58,588.152,1.267,6.898,4.242,0.229,0.981,0
1.138,1.54332,6303.74,146.2925554243686,6739.385,10.4,10.4,634.168,1.312,7.11,0.0,0.278,0.95,0
8.206,12.34656,50996.778,323.3328206272166,9318.025,438.1,438.1,934.284,3.571,18.404,60.966,1.207,0.958,3
3.144,4.6299600000000005,8378.992,145.2207487307189,7107.18,60.351,60.351,605.061,1.389,7.575,13.052,0.258,0.952,1
4.161,12.34656,14725.061,162.05099361428526,7815.268,113.809,113.809,644.076,1.655,8.859,17.296,0.342,0.955,1
1.138,1.54332,3796.26,139.74411497747093,6619.615,6.652,6.652,568.633,1.222,6.634,24.239,0.223,0.984,0
9.3,13.88988,72777.437,372.84400668852646,9753.677,645.103,645.103,1048.996,4.518,22.399,86.823,1.719,0.99,3
3.144,12.34656,8378.223,145.2203298516984,7093.668,60.344,60.344,600.963,1.39,7.571,12.898,0.255,0.959,1
4.161,6.17328,14723.541,162.05036529575457,7792.91,113.791,113.791,643.445,1.657,8.892,17.292,0.342,0.962,1
7.148,10.80324,38976.439,280.44767235134816,9141.003,332.092,332.092,832.148,2.953,15.349,44.16,0.874,0.953,3
3.144,12.34656,8379.326,145.22095817022915,7115.471,60.36,60.36,599.989,1.389,7.539,12.847,0.254,0.954,1
6.175,9.25992,29762.125,241.5632376000713,8801.279,245.938,245.938,764.999,2.511,13.231,33.749,0.668,0.988,2
7.148,10.80324,38996.361,280.4464157142868,9123.841,332.242,332.242,818.795,2.977,15.545,43.601,0.863,0.982,3
6.175,9.25992,29762.691,241.5617715234996,8803.326,245.956,245.956,755.04,2.51,13.147,33.128,0.656,0.993,2
1.138,1.54332,4261.478,148.26840776396637,6731.131,11.465,11.465,567.536,1.252,6.737,0.0,0.201,0.962,0
5.14,12.34656,21630.648,201.5169371657417,8486.706,175.253,175.253,690.622,2.082,10.963,24.222,0.479,0.982,2
2.088,3.08664,2858.591,143.00110880120258,6840.268,26.117,26.117,499.997,1.198,6.409,8.899,0.131,0.963,0
8.206,12.34656,50992.698,323.31407579105024,9304.599,438.093,438.093,932.215,3.592,18.652,61.17,1.211,0.975,3
2.088,3.08664,5341.558,140.92430661766952,6786.772,22.621,22.621,595.763,1.276,6.978,23.969,0.25,0.96,0
7.148,10.80324,39001.694,280.4454732364906,9121.721,332.431,332.431,802.518,2.981,15.454,42.512,0.842,0.995,3
2.088,3.08664,5864.386,145.85639764429524,6808.124,31.251,31.251,570.893,1.305,7.002,0.0,0.215,0.983,0
4.161,6.17328,14720.066,162.0494228179585,7751.793,113.756,113.756,622.83,1.661,8.829,16.388,0.324,0.989,1
6.175,9.25992,29761.797,241.5675311100312,8797.277,246.014,246.014,772.548,2.512,13.309,34.232,0.678,0.986,2
5.14,7.7166,21624.762,201.5143191718637,8463.961,175.207,175.207,698.192,2.089,11.136,24.732,0.49,0.993,2
9.3,12.34656,72778.498,372.8458916441186,9765.502,645.088,645.088,1060.911,4.504,22.327,87.666,1.735,0.979,3
7.148,10.80324,38976.811,280.447462911838,9139.987,332.026,332.026,835.858,2.954,15.396,44.435,0.88,0.952,3
8.206,12.34656,50993.82,323.3210920146432,9304.844,438.039,438.039,915.27,3.589,18.454,59.778,1.183,0.983,3
7.148,10.80324,38994.014,280.4458921155112,9123.555,332.211,332.211,837.326,2.976,15.697,44.883,0.889,0.971,3
5.14,7.7166,21632.808,201.5159946879456,8490.821,175.299,175.299,702.793,2.08,11.024,24.862,0.492,0.971,2
6.175,9.25992,29767.018,241.5925591315048,8811.263,245.97,245.97,787.352,2.507,13.345,35.053,0.694,0.968,2
5.14,7.7166,21628.921,201.51557580892512,8478.574,175.246,175.246,697.574,2.084,11.053,24.634,0.488,0.983,2
5.14,7.7166,21631.741,201.5144238916188,8483.637,175.277,175.277,711.925,2.082,11.124,25.384,0.502,0.97,2
9.3,13.88988,72779.521,372.84735772069024,9787.566,644.847,644.847,1090.244,4.48,22.283,89.884,1.779,0.956,3
1.138,1.54332,3297.692,144.2220364261427,6607.177,9.057,9.057,536.735,1.215,6.594,7.299,0.175,0.999,0
1.138,1.54332,5135.282,147.7242839163646,6738.75,11.188,11.188,597.493,1.279,6.91,0.0,0.235,0.955,0
3.144,4.6299600000000005,8380.698,145.22179592827013,7148.098,60.366,60.366,594.498,1.387,7.472,12.611,0.25,0.95,1
4.161,6.17328,14719.493,162.0491086586931,7741.708,113.735,113.735,625.753,1.662,8.865,16.535,0.327,0.99,1
8.206,12.34656,50993.777,323.3206731356228,9303.331,438.072,438.072,914.995,3.591,18.482,59.798,1.184,0.985,3
2.088,3.08664,5072.654,140.85917092998503,6813.531,22.509,22.509,583.269,1.267,6.878,23.728,0.237,0.957,0
7.148,10.80324,38983.444,280.44851010938913,9135.093,332.123,332.123,820.684,2.962,15.362,43.497,0.861,0.967,3
4.161,6.17328,14718.541,162.0480614611419,7713.178,113.743,113.743,642.625,1.665,9.024,17.347,0.343,0.987,1
6.175,9.25992,29764.915,241.58512402889124,8810.154,246.006,246.006,788.469,2.507,13.358,35.125,0.695,0.968,2
2.088,3.08664,6243.245,145.5790997327384,6820.825,30.766,30.766,579.317,1.315,7.044,0.248,0.227,0.981,0
5.14,7.7166,21634.237,201.5143191718637,8490.508,175.278,175.278,720.14,2.08,11.143,25.792,0.511,0.96,2
7.148,10.80324,39005.646,280.4429599623678,9118.223,332.352,332.352,809.44,2.985,15.571,43.069,0.853,0.995,3
4.161,6.17328,14717.883,162.0485850599175,7719.896,113.739,113.739,621.414,1.664,8.874,16.357,0.324,1.0,1
7.148,10.80324,39000.823,280.4441118796741,9119.839,332.336,332.336,825.256,2.982,15.668,44.133,0.874,0.983,3
3.144,4.6299600000000005,8377.499,145.21991097267795,7096.24,60.342,60.342,570.222,1.39,7.409,11.662,0.231,0.985,1
8.206,12.34656,50992.995,323.3159607466424,9296.401,438.033,438.033,908.243,3.601,18.546,59.433,1.177,0.997,3
8.206,12.34656,50996.382,323.3274799197055,9315.841,438.131,438.131,947.682,3.579,18.628,62.147,1.23,0.955,3
7.148,10.80324,38994.617,280.4475676315932,9126.427,332.216,332.216,808.893,2.974,15.421,42.86,0.849,0.985,3
2.088,3.08664,4178.319,140.80021370785272,6760.357,22.328,22.328,528.935,1.24,6.624,21.813,0.184,0.999,0
3.144,4.6299600000000005,8374.691,145.21823545659603,7037.871,60.3,60.3,572.739,1.393,7.494,11.797,0.234,0.999,1
7.148,10.80324,38982.156,280.4475676315932,9133.966,332.125,332.125,837.853,2.962,15.517,44.698,0.885,0.958,3
5.14,7.7166,21632.485,201.5159946879456,8489.865,175.309,175.309,702.275,2.08,11.026,24.839,0.492,0.972,2
9.3,13.88988,72761.966,372.8420170131792,9729.487,644.737,644.737,1051.216,4.548,22.865,87.623,1.735,1.0,3
9.3,13.88988,72762.781,372.843692529261,9759.672,644.967,644.967,1092.223,4.516,22.846,90.824,1.798,0.968,3
9.3,13.88988,72765.083,372.8423311724445,9740.689,644.736,644.736,1061.812,4.536,22.8,88.378,1.749,0.99,3
7.148,10.80324,38975.6,280.44767235134816,9142.515,332.138,332.138,829.15,2.952,15.299,43.924,0.87,0.953,3
1.138,1.54332,6802.033,139.8344881261392,6702.195,6.815,6.815,656.865,1.309,7.095,24.726,0.324,0.955,0
9.3,13.88988,72768.946,372.84442556754686,9747.339,644.895,644.895,1059.621,4.527,22.652,88.005,1.742,0.988,3
8.206,12.34656,50994.231,323.318264581255,9310.556,438.055,438.055,943.376,3.586,18.676,61.934,1.226,0.963,3
1.138,1.54332,1910.008,139.71374624848622,6621.366,6.622,6.622,510.793,1.157,6.263,21.092,0.154,0.983,0
3.144,4.6299600000000005,8376.905,145.21959681341258,7076.33,60.333,60.333,584.235,1.391,7.506,12.241,0.242,0.978,1
9.3,13.88988,72765.962,372.8418075736689,9734.496,644.736,644.736,1050.712,4.542,22.771,87.458,1.731,0.998,3
5.14,7.7166,21636.727,201.5153663694149,8499.93,175.285,175.285,717.937,2.077,11.078,25.633,0.507,0.955,2
2.088,12.34656,3184.377,144.31816916134255,6798.749,28.427,28.427,507.135,1.214,6.543,2.291,0.133,0.974,0
7.148,10.80324,38992.902,280.44735819208285,9126.78,332.323,332.323,817.742,2.973,15.485,43.467,0.861,0.979,3
5.14,7.7166,21625.001,201.51400501259832,8464.012,175.252,175.252,701.109,2.089,11.156,24.89,0.493,0.991,2
7.148,10.80324,38979.492,280.4480912303687,9139.045,332.092,332.092,822.724,2.956,15.309,43.555,0.862,0.961,3
3.144,4.6299600000000005,8375.786,145.21896849488186,7048.775,60.316,60.316,591.834,1.392,7.58,12.561,0.249,0.979,1
4.161,6.17328,14725.677,162.05151721306086,7831.55,113.816,113.816,637.218,1.653,8.788,16.964,0.336,0.955,1
1.138,1.54332,1449.925,139.69709580742222,6626.017,6.626,6.626,498.95,1.14,6.173,20.28,0.138,0.978,0
2.088,3.08664,3132.826,141.5422578926306,6803.893,23.607,23.607,520.987,1.206,6.518,17.211,0.159,0.964,0
4.161,6.17328,14726.15,162.05151721306086,7833.182,113.817,113.817,643.809,1.653,8.827,17.263,0.342,0.95,1
3.144,4.6299600000000005,8376.389,145.21928265414724,7068.083,60.32,60.32,580.006,1.391,7.495,12.075,0.239,0.984,1
6.175,9.25992,29760.581,241.56983494464384,8779.002,246.011,246.011,774.801,2.519,13.428,34.473,0.683,0.997,2
7.148,10.80324,39011.332,280.43720037583626,9113.048,332.428,332.428,826.258,2.991,15.798,44.347,0.878,0.991,3
4.161,6.17328,14720.383,162.04921337844823,7749.578,113.758,113.758,633.536,1.661,8.902,16.887,0.334,0.982,1
9.3,13.88988,72765.518,372.8435878095059,9764.862,644.79,644.79,1093.848,4.51,22.772,90.844,1.798,0.965,3
8.206,12.34656,50993.536,323.3192070590511,9302.955,437.989,437.989,909.908,3.591,18.431,59.39,1.176,0.988,3
7.148,10.80324,38989.83,280.4480912303687,9129.746,332.168,332.168,815.07,2.969,15.411,43.22,0.856,0.977,3
5.14,7.7166,21632.512,201.5152616496597,8488.203,175.27,175.27,708.594,2.081,11.077,25.186,0.499,0.969,2
7.148,10.80324,39008.878,280.4390853314284,9114.488,332.412,332.412,826.512,2.989,15.774,44.334,0.878,0.989,3
7.148,10.80324,38998.12,280.44494963771507,9121.207,332.383,332.383,830.596,2.979,15.685,44.471,0.881,0.978,3
9.3,13.88988,72769.311,372.8430642107304,9736.808,644.779,644.779,1044.317,4.539,22.65,86.786,1.718,1.0,3
2.088,3.08664,3739.41,140.94703080453047,6807.206,22.611,22.611,542.611,1.225,6.629,21.48,0.187,0.961,0
8.206,12.34656,50992.014,323.3111436379068,9296.944,437.975,437.975,916.749,3.601,18.631,60.115,1.19,0.992,3
4.161,6.17328,14722.297,162.04973697722383,7771.169,113.776,113.776,644.182,1.659,8.933,17.35,0.343,0.968,1
9.3,13.88988,72769.135,372.8458916441186,9776.215,645.068,645.068,1098.352,4.497,22.617,90.968,1.801,0.958,3
7.148,10.80324,38991.602,280.44683459330724,9126.089,332.276,332.276,832.151,2.973,15.611,44.474,0.881,0.971,3
5.14,7.7166,21633.953,201.5169371657417,8496.311,175.294,175.294,698.612,2.078,10.967,24.613,0.487,0.97,2
1.138,1.54332,931.237,140.81278007846706,6633.933,7.217,7.217,477.086,1.122,6.065,13.28,0.107,0.976,0
2.088,3.08664,4711.263,145.94446695835086,6841.11,31.385,31.385,539.523,1.268,6.767,0.0,0.175,0.974,0
2.088,3.08664,2807.838,142.96330496960442,6770.502,26.032,26.032,505.345,1.198,6.503,9.248,0.134,0.975,0
8.206,12.34656,50993.243,323.3192070590511,9306.536,438.016,438.016,905.07,3.585,18.302,58.892,1.166,0.986,3
6.175,9.25992,29762.229,241.569101906358,8806.65,245.92,245.92,777.12,2.508,13.292,34.457,0.682,0.977,2
4.161,6.17328,14717.192,162.04785202163166,7700.982,113.731,113.731,632.513,1.666,8.98,16.895,0.334,0.998,1
8.206,12.34656,50994.127,323.3225580912149,9309.111,438.016,438.016,918.888,3.583,18.408,59.956,1.187,0.976,3
1.138,12.34656,1555.588,140.49265178706628,6622.629,7.007,7.007,491.821,1.145,6.173,16.556,0.13,0.988,0
4.161,6.17328,14718.03,162.04868977967263,7723.785,113.738,113.738,619.739,1.663,8.857,16.275,0.322,1.0,1
7.148,10.80324,39004.404,280.4424363635922,9117.413,332.413,332.413,825.358,2.985,15.712,44.191,0.875,0.986,3
1.138,1.54332,3430.192,148.51942101698822,6737.554,11.63,11.63,548.626,1.224,6.609,0.0,0.176,0.955,0
9.3,13.88988,72773.373,372.8463105231391,9774.38,645.053,645.053,1088.194,4.497,22.514,90.056,1.783,0.963,3
6.175,12.34656,29791.877,241.63067712236827,8823.109,246.236,246.236,770.556,2.504,13.164,33.989,0.673,0.971,2
3.144,4.6299600000000005,8378.437,145.22043457145355,7102.791,60.345,60.345,592.127,1.389,7.514,12.542,0.248,0.964,1
2.088,3.08664,5238.12,146.02908052048755,6815.789,31.553,31.553,555.004,1.286,6.891,0.0,0.194,0.98,0
6.175,9.25992,29762.263,241.56575087419407,8805.455,245.947,245.947,768.596,2.509,13.235,33.945,0.672,0.983,2
1.138,1.54332,1276.399,143.2848993375769,6644.652,8.481,8.481,469.412,1.138,6.097,2.544,0.095,0.989,0
1.138,12.34656,4293.887,140.27965180515287,6619.776,6.925,6.925,579.061,1.239,6.722,22.514,0.236,0.987,0
2.088,12.34656,6184.656,141.64938620211802,6766.941,23.826,23.826,583.619,1.304,6.998,20.257,0.249,0.995,0
5.14,7.7166,21632.025,201.5133766940676,8482.12,175.248,175.248,722.933,2.083,11.207,25.978,0.514,0.964,2
8.206,12.34656,50992.779,323.316484345418,9302.935,438.093,438.093,896.164,3.59,18.274,58.257,1.153,0.995,3
4.161,6.17328,14718.217,162.0484803401624,7719.285,113.742,113.742,629.955,1.664,8.931,16.756,0.332,0.994,1
5.14,7.7166,21635.193,201.5157852484353,8496.707,175.275,175.275,708.874,2.078,11.034,25.163,0.498,0.963,2
7.148,10.80324,38997.322,280.4462062747765,9123.393,332.246,332.246,816.492,2.977,15.535,43.451,0.86,0.984,3
5.14,12.34656,21626.002,201.51410973235343,8466.773,175.21,175.21,702.632,2.088,11.151,24.96,0.494,0.988,2
8.206,12.34656,50997.097,323.3343914235434,9320.461,438.13,438.13,936.992,3.568,18.39,61.123,1.21,0.954,3
2.088,12.34656,2845.013,142.48609704552413,6805.332,25.219,25.219,506.358,1.198,6.459,11.807,0.138,0.967,0
7.148,10.80324,39002.153,280.44316940187804,9118.261,332.402,332.402,831.731,2.983,15.747,44.613,0.883,0.981,3
6.175,9.25992,29794.827,241.6196815480808,8833.775,246.304,246.304,772.561,2.5,13.122,34.052,0.674,0.963,2
3.144,4.6299600000000005,8375.017,145.21854961586138,7035.273,60.304,60.304,590.408,1.393,7.59,12.512,0.248,0.984,1
3.144,4.6299600000000005,8379.536,145.22106288998427,7119.839,60.356,60.356,602.213,1.389,7.545,12.932,0.256,0.951,1
9.3,13.88988,72777.245,372.8467294021595,9783.105,644.98,644.98,1090.497,4.486,22.375,90.034,1.782,0.958,3
3.144,4.6299600000000005,8377.673,145.2200156924331,7089.178,60.332,60.332,589.411,1.39,7.517,12.441,0.246,0.97,1
2.088,3.08664,3133.944,144.251148518066,6760.595,28.3,28.3,509.106,1.213,6.593,3.184,0.134,0.981,0
9.3,13.88988,72757.177,372.83960845881137,9724.917,644.98,644.98,1057.551,4.554,23.023,88.337,1.749,0.999,3
8.206,12.34656,50993.867,323.3209872948881,9303.71,438.055,438.055,920.118,3.592,18.532,60.207,1.192,0.982,3
7.148,10.80324,38978.156,280.4475676315932,9138.482,332.033,332.033,835.495,2.956,15.419,44.441,0.88,0.954,3
7.148,12.34656,38982.524,280.44777707110336,9132.926,332.152,332.152,843.352,2.963,15.578,45.094,0.893,0.956,3
1.138,1.54332,555.662,140.04727866854236,6640.872,6.729,6.729,453.961,1.106,5.904,13.795,0.087,0.986,0
9.3,13.88988,72767.808,372.8441114082816,9750.286,644.893,644.893,1067.625,4.524,22.699,88.702,1.756,0.983,3
3.144,4.6299600000000005,8375.538,145.21865433561652,7056.888,60.317,60.317,570.141,1.392,7.457,11.68,0.231,0.996,1
9.3,13.88988,72767.842,372.8462058033839,9774.265,644.806,644.806,1098.076,4.499,22.651,90.995,1.801,0.959,3
7.148,10.80324,39013.596,280.4355248597543,9112.196,332.56,332.56,821.618,2.992,15.776,44.044,0.872,0.995,3
3.144,4.6299600000000005,8378.194,145.2203298516984,7101.37,60.348,60.348,587.902,1.389,7.494,12.374,0.245,0.968,1
7.148,10.80324,39001.308,280.4447401982049,9120.498,332.388,332.388,815.918,2.981,15.582,43.472,0.861,0.988,3
8.206,12.34656,50993.461,323.3191023392959,9301.451,438.019,438.019,909.639,3.594,18.459,59.409,1.176,0.99,3
9.3,13.88988,72778.558,372.8463105231391,9769.331,645.094,645.094,1068.112,4.5,22.347,88.258,1.747,0.974,3
9.3,13.88988,72763.552,372.8429594909752,9744.745,645.06,645.06,1070.913,4.532,22.841,89.153,1.765,0.984,3
7.148,10.80324,38994.255,280.44725347232776,9126.377,332.273,332.273,812.157,2.974,15.448,43.088,0.853,0.983,3
6.175,12.34656,29790.306,241.6369603076755,8816.579,246.222,246.222,756.52,2.507,13.096,33.167,0.657,0.984,2
8.206,12.34656,50992.778,323.3148088293361,9300.225,437.965,437.965,920.658,3.597,18.609,60.347,1.195,0.986,3
3.144,4.6299600000000005,8377.1,145.21970153316772,7073.877,60.332,60.332,594.272,1.391,7.561,12.644,0.25,0.97,1
3.144,4.6299600000000005,8374.233,145.21792129733066,7028.223,60.3,60.3,574.653,1.393,7.517,11.88,0.235,1.0,1
7.148,10.80324,39003.729,280.44337884138827,9119.09,332.401,332.401,813.993,2.983,15.592,43.368,0.859,0.991,3
2.088,3.08664,6316.201,141.84165167251774,6777.404,24.166,24.166,585.664,1.308,7.009,19.517,0.251,0.993,0
8.206,12.34656,50988.491,323.29554039439404,9294.075,438.035,438.035,919.732,3.606,18.72,60.434,1.196,0.994,3
5.14,7.7166,21635.532,201.51714660525192,8501.187,175.285,175.285,702.665,2.077,10.969,24.81,0.491,0.964,2
5.14,7.7166,21628.548,201.51662300647635,8480.186,175.241,175.241,688.526,2.084,10.983,24.135,0.478,0.988,2
1.138,1.54332,6316.055,139.21161502268748,6686.116,6.434,6.434,635.996,1.294,6.976,26.566,0.306,0.966,0
3.144,4.6299600000000005,8379.623,145.22116760973938,7126.596,60.355,60.355,592.896,1.388,7.489,12.559,0.249,0.957,1
4.161,6.17328,14724.164,162.0501558562443,7791.67,113.797,113.797,657.348,1.658,8.983,17.924,0.355,0.953,1
7.148,10.80324,38979.263,280.4480912303687,9139.036,332.048,332.048,824.389,2.956,15.322,43.67,0.865,0.96,3
2.088,3.08664,4813.768,146.01368671648498,6794.411,31.51,31.51,546.717,1.273,6.857,0.0,0.182,0.983,0
6.175,9.25992,29760.474,241.5693113458682,8776.991,246.015,246.015,773.806,2.519,13.431,34.424,0.682,0.999,2
8.206,12.34656,50993.384,323.3192070590511,9304.75,438.098,438.098,907.473,3.588,18.366,59.14,1.171,0.987,3
2.088,3.08664,5369.899,146.03902889722391,6787.954,31.566,31.566,560.673,1.291,6.956,0.0,0.2,0.986,0
8.206,12.34656,50996.832,323.33250646795125,9315.124,437.993,437.993,935.338,3.576,18.477,61.137,1.21,0.961,3
8.206,12.34656,50993.151,323.316484345418,9301.876,438.063,438.063,922.63,3.595,18.598,60.463,1.197,0.983,3
2.088,3.08664,5031.012,146.0708637027803,6785.435,31.617,31.617,553.231,1.28,6.907,0.0,0.19,0.985,0
9.3,12.34656,72767.446,372.8448444465674,9768.828,645.056,645.056,1094.356,4.505,22.704,90.788,1.797,0.963,3
1.138,1.54332,7170.966,143.61036833648876,6675.22,8.834,8.834,664.144,1.331,7.277,7.186,0.321,0.964,0
5.14,7.7166,21631.289,201.5158899681905,8486.064,175.299,175.299,700.212,2.082,11.032,24.744,0.49,0.976,2
4.161,12.34656,14725.19,162.05109833404038,7819.326,113.809,113.809,642.349,1.655,8.841,17.212,0.341,0.955,1
9.3,13.88988,72772.738,372.84390196877126,9745.966,645.11,645.11,1048.093,4.528,22.531,86.928,1.721,0.994,3
8.206,12.34656,50997.21,323.3327159074615,9316.098,438.117,438.117,942.158,3.577,18.549,61.68,1.221,0.957,3
1.138,12.34656,1587.745,145.8444595922116,6689.145,9.932,9.932,476.424,1.152,6.154,0.0,0.101,0.98,0
8.206,12.34656,50991.709,323.30915396255955,9298.804,438.04,438.04,922.135,3.599,18.654,60.505,1.198,0.987,3
9.3,13.88988,72772.076,372.8458916441186,9765.366,645.113,645.113,1079.131,4.507,22.567,89.422,1.77,0.971,3
6.175,9.25992,29790.785,241.63465647306285,8818.697,246.211,246.211,760.635,2.506,13.114,33.407,0.661,0.98,2
6.175,9.25992,29789.304,241.64429069053384,8816.228,246.218,246.218,789.588,2.506,13.342,35.178,0.696,0.964,2
2.088,3.08664,4629.46,140.77131105543967,6822.859,22.339,22.339,569.241,1.253,6.778,23.576,0.22,0.956,0
1.138,1.54332,1523.551,141.1981487773074,6622.546,7.334,7.334,481.143,1.145,6.138,12.874,0.118,0.996,0
7.148,10.80324,38979.147,280.44777707110336,9138.001,332.056,332.056,831.422,2.957,15.395,44.173,0.875,0.957,3
2.088,3.08664,2850.548,142.95984921768544,6820.575,26.039,26.039,502.179,1.199,6.438,9.262,0.133,0.966,0
4.161,6.17328,14721.062,162.04973697722383,7765.399,113.76,113.76,626.74,1.659,8.831,16.555,0.328,0.982,1
3.144,4.6299600000000005,8377.745,145.2201204121882,7087.998,60.332,60.332,594.463,1.39,7.545,12.643,0.25,0.966,1
7.148,12.34656,38992.749,280.446520434042,9125.1,332.326,332.326,832.512,2.974,15.631,44.52,0.881,0.972,3
7.148,10.80324,39003.043,280.4441118796741,9119.591,332.435,332.435,812.988,2.983,15.575,43.287,0.857,0.991,3
8.206,12.34656,50993.014,323.3165890651731,9296.292,438.101,438.101,906.554,3.601,18.529,59.297,1.174,0.998,3
6.175,9.25992,29795.832,241.61769187273347,8838.447,246.263,246.263,782.708,2.498,13.172,34.64,0.686,0.954,2
2.088,3.08664,6799.841,142.8082150122722,6799.075,25.862,25.862,595.779,1.324,7.082,15.228,0.261,0.988,0
2.088,12.34656,6337.495,141.75201156213532,6733.941,24.006,24.006,595.099,1.31,7.099,20.289,0.26,0.998,0
2.088,3.08664,5346.534,146.05515573951234,6794.851,31.597,31.597,560.089,1.29,6.945,0.0,0.199,0.984,0
6.175,9.25992,29793.529,241.62481281608163,8829.771,246.227,246.227,780.094,2.501,13.199,34.53,0.684,0.961,2
8.206,12.34656,50994.095,323.32266281097,9308.143,438.104,438.104,919.256,3.585,18.432,60.013,1.188,0.977,3
4.161,6.17328,14725.206,162.05120305379552,7822.762,113.812,113.812,638.0,1.654,8.808,17.01,0.337,0.957,1
4.161,12.34656,14721.793,162.0494228179585,7762.933,113.772,113.772,646.358,1.66,8.961,17.459,0.346,0.969,1
7.148,10.80324,38994.606,280.44777707110336,9126.978,332.326,332.326,804.671,2.973,15.378,42.554,0.843,0.987,3
3.144,4.6299600000000005,8373.648,145.2168740997795,7012.18,60.291,60.291,583.066,1.394,7.581,12.23,0.242,0.997,1
2.088,12.34656,3931.549,140.84754703716678,6811.491,22.454,22.454,548.207,1.231,6.659,22.2,0.195,0.96,0
6.175,9.25992,29791.121,241.63203847918487,8819.71,246.229,246.229,758.026,2.506,13.09,33.243,0.658,0.981,2
8.206,12.34656,50993.94,323.3231864097456,9316.271,437.967,437.967,915.438,3.571,18.219,59.47,1.177,0.969,3
8.206,12.34656,50993.691,323.31941649856134,9304.643,438.073,438.073,925.942,3.591,18.58,60.658,1.201,0.978,3
7.148,10.80324,38983.49,280.44788179085845,9134.045,332.149,332.149,827.688,2.963,15.435,44.0,0.871,0.964,3
2.088,3.08664,6555.693,142.17591713085966,6769.83,24.747,24.747,592.878,1.316,7.071,18.103,0.259,0.994,0
4.161,6.17328,14718.379,162.04879449942777,7728.342,113.745,113.745,621.868,1.663,8.863,16.369,0.324,0.997,1
8.206,12.34656,50997.156,323.3348103025639,9323.977,438.037,438.037,936.687,3.563,18.313,60.996,1.208,0.95,3
7.148,10.80324,38995.108,280.44725347232776,9125.927,332.31,332.31,809.878,2.975,15.438,42.939,0.85,0.985,3
7.148,10.80324,38986.936,280.44840538963405,9132.176,332.265,332.265,816.707,2.966,15.382,43.283,0.857,0.973,3
7.148,12.34656,39003.673,280.4442165994293,9119.69,332.431,332.431,808.083,2.983,15.534,42.943,0.85,0.994,3
9.3,13.88988,72777.034,372.8455774848532,9763.099,645.012,645.012,1063.438,4.508,22.406,87.973,1.741,0.979,3
8.206,12.34656,50983.979,323.2816126669631,9292.592,438.01,438.01,921.237,3.608,18.765,60.592,1.2,0.995,3
2.088,12.34656,6856.325,144.48907180169783,6814.95,28.831,28.831,596.441,1.33,7.121,6.951,0.255,0.983,0
1.138,1.54332,5446.533,144.27387270492693,6645.65,9.157,9.157,607.934,1.284,7.005,4.483,0.254,0.979,0
9.3,13.88988,72776.049,372.8455774848532,9763.369,645.051,645.051,1065.379,4.508,22.426,88.153,1.745,0.978,3
8.206,12.34656,50991.126,323.306850127947,9303.182,438.0,438.0,933.704,3.594,18.698,61.331,1.214,0.976,3
8.206,12.34656,50994.325,323.3236052887661,9311.328,438.005,438.005,921.578,3.58,18.393,60.114,1.19,0.972,3
1.138,1.54332,2719.613,140.3187122738125,6613.0,6.868,6.868,520.881,1.187,6.379,20.093,0.171,1.0,0
8.206,12.34656,50994.72,323.32622328264404,9315.39,438.063,438.063,928.058,3.574,18.384,60.529,1.198,0.964,3
2.088,3.08664,4018.648,140.87938184272315,6851.016,22.518,22.518,545.619,1.233,6.612,21.879,0.193,0.954,0
7.148,10.80324,38995.138,280.4469393130624,9125.374,332.275,332.275,814.142,2.975,15.481,43.247,0.856,0.983,3
2.088,3.08664,4127.765,140.8310013158579,6825.92,22.434,22.434,552.89,1.237,6.673,22.71,0.201,0.957,0
3.144,4.6299600000000005,8379.308,145.22095817022915,7114.932,60.36,60.36,602.571,1.389,7.553,12.949,0.256,0.952,1
7.148,10.80324,39011.461,280.43782869436694,9113.707,332.538,332.538,818.536,2.99,15.725,43.798,0.867,0.995,3
9.3,13.88988,72771.688,372.84421612803663,9747.509,644.822,644.822,1052.983,4.526,22.564,87.361,1.729,0.991,3
7.148,10.80324,38977.006,280.447462911838,9139.992,332.099,332.099,834.16,2.955,15.382,44.319,0.877,0.953,3
1.138,1.54332,1052.615,144.49556442651524,6689.965,9.251,9.251,472.967,1.13,6.08,0.0,0.091,0.964,0
4.161,6.17328,14725.961,162.05151721306086,7832.204,113.808,113.808,639.844,1.653,8.804,17.084,0.338,0.953,1
2.088,12.34656,6734.426,142.56474158161896,6817.589,25.477,25.477,630.384,1.321,7.215,17.924,0.287,0.953,0
7.148,12.34656,38979.206,280.4480912303687,9139.547,332.101,332.101,821.736,2.956,15.293,43.477,0.861,0.961,3
9.3,13.88988,72768.296,372.8434830897508,9735.91,644.988,644.988,1045.17,4.54,22.677,86.889,1.72,1.0,3
5.14,7.7166,21638.763,201.51714660525192,8510.124,175.312,175.312,710.36,2.074,10.974,25.184,0.499,0.953,2
4.161,6.17328,14718.489,162.04889921918286,7732.027,113.746,113.746,618.931,1.662,8.837,16.228,0.321,0.998,1
1.138,12.34656,1110.911,142.10962952586894,6636.379,7.857,7.857,468.628,1.13,6.07,6.819,0.096,0.987,0
1.138,1.54332,5035.685,144.05940664644186,6634.045,8.97,8.97,585.309,1.271,6.886,5.116,0.233,0.992,0
4.161,6.17328,14718.171,162.04837562040728,7717.346,113.739,113.739,630.814,1.664,8.94,16.798,0.333,0.994,1
9.3,13.88988,72771.834,372.8466246824044,9780.845,645.118,645.118,1098.038,4.49,22.523,90.812,1.798,0.956,3
1.138,1.54332,4610.488,144.31261901432123,6628.873,9.107,9.107,572.615,1.258,6.815,5.5,0.217,0.994,0
2.088,12.34656,2908.392,142.24597464703473,6840.274,24.818,24.818,505.48,1.199,6.416,12.974,0.14,0.961,0
9.3,13.88988,72773.156,372.84421612803663,9754.329,644.949,644.949,1061.377,4.519,22.545,88.0,1.742,0.984,3
9.3,13.88988,72763.485,372.8430642107304,9763.2,644.734,644.734,1095.64,4.513,22.827,91.057,1.803,0.965,3
9.3,13.88988,72769.398,372.8462058033839,9783.579,644.79,644.79,1107.436,4.489,22.599,91.627,1.814,0.951,3
9.3,13.88988,72775.734,372.8474624404453,9783.481,644.796,644.796,1092.519,4.486,22.395,90.215,1.786,0.957,3
4.161,6.17328,14725.118,162.050784174775,7810.467,113.791,113.791,652.061,1.656,8.917,17.663,0.35,0.951,1
8.206,12.34656,50993.484,323.31983537758174,9306.795,438.086,438.086,908.425,3.585,18.335,59.161,1.171,0.984,3
2.088,3.08664,3674.701,145.06722956971348,6859.138,29.786,29.786,511.987,1.231,6.54,0.0,0.141,0.967,0
1.138,1.54332,5759.834,143.60418987093672,6645.179,8.802,8.802,622.703,1.292,7.065,7.855,0.272,0.975,0
1.138,1.54332,2133.769,139.1404055892061,6622.978,6.352,6.352,525.969,1.165,6.33,24.242,0.171,0.976,0
3.144,4.6299600000000005,8377.087,145.21970153316772,7077.334,60.334,60.334,589.673,1.391,7.533,12.458,0.247,0.973,1
7.148,10.80324,38985.929,280.44735819208285,9130.49,332.139,332.139,836.504,2.967,15.567,44.679,0.885,0.963,3
8.206,12.34656,50996.14,323.3314592704001,9318.402,438.011,438.011,933.244,3.571,18.383,60.868,1.205,0.958,3
4.161,6.17328,14720.259,162.04952753771357,7756.218,113.764,113.764,623.703,1.66,8.827,16.424,0.325,0.987,1
9.3,12.34656,72780.155,372.8474624404453,9778.789,645.025,645.025,1076.227,4.489,22.269,88.782,1.757,0.966,3
5.14,7.7166,21625.962,201.51505221014952,8469.357,175.263,175.263,695.411,2.087,11.088,24.557,0.486,0.991,2
9.3,12.34656,72765.297,372.8430642107304,9744.047,644.734,644.734,1065.034,4.532,22.78,88.606,1.754,0.987,3
3.144,4.6299600000000005,8379.329,145.22106288998427,7121.699,60.356,60.356,593.247,1.388,7.497,12.576,0.249,0.958,1
4.161,12.34656,14725.179,162.05088889453015,7812.492,113.796,113.796,651.179,1.655,8.908,17.621,0.349,0.951,1
2.088,3.08664,2884.55,142.52746134879638,6847.037,25.305,25.305,502.231,1.198,6.4,11.455,0.135,0.961,0
2.088,3.08664,6283.432,145.623396189154,6774.311,30.831,30.831,585.401,1.319,7.13,0.0,0.233,0.99,0
6.175,9.25992,29793.734,241.62690721118403,8831.41,246.233,246.233,795.373,2.5,13.303,35.441,0.702,0.951,2
7.148,10.80324,38981.616,280.44798651061353,9136.035,332.18,332.18,827.027,2.96,15.395,43.913,0.869,0.962,3
7.148,10.80324,39014.345,280.4355248597543,9112.357,332.498,332.498,814.973,2.992,15.721,43.579,0.863,0.999,3
4.161,6.17328,14722.775,162.0502605759994,7786.852,113.786,113.786,635.942,1.657,8.854,16.955,0.336,0.969,1
7.148,10.80324,38989.023,280.44840538963405,9130.748,332.155,332.155,813.096,2.968,15.378,43.062,0.853,0.977,3
4.161,6.17328,14723.95,162.050784174775,7804.405,113.78,113.78,635.652,1.656,8.823,16.922,0.335,0.964,1
2.088,3.08664,3707.886,145.20765876132893,6771.9,30.016,30.016,522.22,1.235,6.696,0.0,0.149,0.982,0
4.161,6.17328,14722.389,162.04952753771357,7768.053,113.779,113.779,649.966,1.66,8.976,17.617,0.349,0.965,1
5.14,7.7166,21623.527,201.5127483755369,8456.918,175.216,175.216,710.332,2.091,11.258,25.419,0.503,0.99,2
2.088,3.08664,5053.847,140.81361783650803,6781.585,22.417,22.417,587.333,1.267,6.929,24.132,0.24,0.962,0
3.144,4.6299600000000005,8374.696,145.21823545659603,7036.833,60.306,60.306,576.37,1.393,7.515,11.945,0.236,0.996,1
2.088,12.34656,3831.162,145.28504666036235,6841.173,30.173,30.173,518.592,1.237,6.605,0.0,0.148,0.97,0
4.161,6.17328,14725.067,162.05130777355063,7822.14,113.798,113.798,635.384,1.654,8.792,16.891,0.334,0.959,1
8.206,12.34656,50985.241,323.2861156164333,9296.542,438.013,438.013,927.507,3.603,18.757,60.999,1.208,0.987,3
9.3,13.88988,72768.949,372.8448444465674,9760.917,644.772,644.772,1081.491,4.513,22.681,89.764,1.777,0.972,3
6.175,9.25992,29793.319,241.6257552938777,8828.583,246.294,246.294,776.347,2.502,13.177,34.31,0.679,0.964,2
2.088,3.08664,6425.61,142.012554312873,6834.177,24.517,24.517,619.287,1.31,7.117,20.189,0.276,0.951,0
3.144,4.6299600000000005,8378.819,145.22095817022915,7121.293,60.35,60.35,584.016,1.389,7.45,12.207,0.242,0.966,1
8.206,12.34656,50993.302,323.31889289978574,9304.624,437.952,437.952,905.794,3.588,18.35,59.005,1.168,0.988,3
7.148,10.80324,38977.87,280.44777707110336,9137.955,332.127,332.127,841.644,2.957,15.476,44.871,0.888,0.951,3
6.175,9.25992,29762.759,241.57245293852185,8807.758,245.922,245.922,779.253,2.508,13.302,34.581,0.685,0.975,2
8.206,12.34656,50997.095,323.3343914235434,9321.429,438.062,438.062,936.657,3.567,18.365,61.067,1.209,0.953,3
5.14,7.7166,21631.958,201.5157852484353,8488.051,175.284,175.284,704.168,2.081,11.048,24.948,0.494,0.972,2
5.14,7.7166,21623.017,201.5142144521085,8459.399,175.199,175.199,695.684,2.091,11.144,24.616,0.487,0.998,2
1.138,1.54332,2799.44,142.19413836825052,6602.974,7.966,7.966,532.658,1.194,6.501,13.651,0.172,0.991,0
1.138,1.54332,1776.248,146.3633459788295,6679.62,10.3,10.3,495.907,1.161,6.28,0.0,0.117,0.969,0
9.3,12.34656,72766.858,372.8428547712201,9744.946,644.89,644.89,1064.165,4.531,22.753,88.501,1.752,0.987,3
2.088,3.08664,2975.609,143.69309694303328,6839.978,27.326,27.326,499.927,1.204,6.436,5.373,0.128,0.965,0
3.144,4.6299600000000005,8376.237,145.2191779343921,7065.873,60.325,60.325,579.569,1.391,7.495,12.059,0.239,0.985,1
4.161,6.17328,14718.933,162.04889921918286,7733.392,113.742,113.742,626.569,1.662,8.885,16.582,0.328,0.992,1
2.088,3.08664,3019.228,141.84311774908937,6847.28,24.129,24.129,511.021,1.202,6.43,15.056,0.148,0.958,0
9.3,13.88988,72761.868,372.8425406119548,9744.075,645.05,645.05,1073.766,4.533,22.889,89.443,1.771,0.983,3
1.138,1.54332,3322.172,142.91513388224936,6589.002,8.254,8.254,542.534,1.214,6.616,9.203,0.182,0.999,0
9.3,13.88988,72768.206,372.8466246824044,9783.976,644.965,644.965,1109.503,4.489,22.619,91.811,1.817,0.95,3
1.138,1.54332,527.388,141.49879919425595,6653.93,7.516,7.516,447.367,1.106,5.9,5.744,0.072,0.983,0
7.148,10.80324,38997.864,280.4450543574702,9121.742,332.329,332.329,827.877,2.979,15.654,44.273,0.877,0.979,3
5.14,7.7166,21623.521,201.5139002928432,8459.449,175.208,175.208,698.59,2.09,11.163,24.774,0.49,0.996,2
5.14,7.7166,21623.684,201.5147380508841,8462.064,175.246,175.246,692.851,2.09,11.11,24.45,0.484,0.998,2
2.088,3.08664,5637.291,145.9425820027587,6832.061,31.407,31.407,562.96,1.298,6.929,0.0,0.205,0.978,0
2.088,3.08664,6717.891,144.94366025867228,6794.285,29.628,29.628,593.451,1.328,7.137,4.478,0.248,0.988,0
9.3,13.88988,72769.769,372.8432736502406,9744.909,644.982,644.982,1055.548,4.53,22.644,87.673,1.736,0.991,3
7.148,10.80324,39002.519,280.4443213191843,9120.092,332.427,332.427,811.987,2.982,15.558,43.207,0.855,0.991,3
5.14,7.7166,21622.445,201.5131672545573,8455.011,175.219,175.219,703.392,2.092,11.221,25.053,0.496,0.996,2
2.088,3.08664,4389.985,145.77733422917987,6847.067,31.075,31.075,530.854,1.257,6.703,0.0,0.165,0.972,0
2.088,3.08664,5898.758,141.3321900638606,6803.663,23.327,23.327,608.62,1.293,7.056,22.654,0.265,0.957,0
9.3,13.88988,72776.681,372.8456822046084,9768.032,645.08,645.08,1071.761,4.502,22.42,88.644,1.755,0.973,3
3.144,4.6299600000000005,8375.557,145.21886377512678,7051.053,60.316,60.316,583.093,1.392,7.532,12.209,0.242,0.986,1
8.206,12.34656,50998.05,323.3362763791356,9320.404,438.004,438.004,946.906,3.572,18.525,61.954,1.226,0.95,3
2.088,3.08664,6615.663,145.07518827110258,6820.605,29.866,29.866,588.787,1.325,7.086,3.561,0.243,0.982,0
9.3,13.88988,72775.107,372.84599636387367,9763.933,644.853,644.853,1069.285,4.507,22.466,88.514,1.752,0.976,3
6.175,9.25992,29792.179,241.63193375942973,8825.926,246.272,246.272,792.698,2.502,13.312,35.311,0.699,0.956,2
3.144,4.6299600000000005,8375.421,145.21865433561652,7042.176,60.314,60.314,590.49,1.392,7.582,12.511,0.248,0.982,1
5.14,7.7166,21625.837,201.5142144521085,8466.742,175.227,175.227,701.167,2.088,11.141,24.881,0.493,0.989,2
6.175,9.25992,29761.803,241.5636564790917,8802.37,245.998,245.998,770.268,2.51,13.264,34.064,0.674,0.984,2
4.161,6.17328,14723.791,162.0501558562443,7788.414,113.768,113.768,652.793,1.658,8.959,17.722,0.351,0.957,1
4.161,6.17328,14723.205,162.0500511364892,7782.891,113.776,113.776,647.817,1.658,8.937,17.503,0.346,0.962,1
6.175,9.25992,29763.213,241.5617715234996,8800.352,245.954,245.954,747.405,2.512,13.109,32.671,0.647,1.0,2
9.3,13.88988,72776.563,372.8477765997107,9785.356,645.098,645.098,1092.819,4.483,22.362,90.191,1.785,0.956,3
9.3,13.88988,72765.182,372.8428547712201,9735.592,644.803,644.803,1051.76,4.541,22.764,87.532,1.733,0.997,3
9.3,13.88988,72775.865,372.84704356142487,9776.703,644.82,644.82,1085.591,4.493,22.434,89.741,1.776,0.963,3
5.14,7.7166,21634.288,201.51662300647635,8496.42,175.324,175.324,701.522,2.078,10.986,24.77,0.49,0.968,2
2.088,3.08664,2998.585,141.97548351956067,6865.42,24.365,24.365,507.207,1.201,6.396,14.341,0.144,0.956,0
8.206,12.34656,50993.042,323.3176362627243,9303.298,437.95,437.95,901.145,3.59,18.324,58.658,1.161,0.992,3
1.138,1.54332,6237.88,139.24146015289656,6656.031,6.505,6.505,655.544,1.293,7.091,27.878,0.319,0.958,0
9.3,13.88988,72765.778,372.8426453317099,9733.19,644.816,644.816,1047.746,4.543,22.757,87.202,1.726,1.0,3
1.138,1.54332,6025.297,138.95777433627742,6678.335,6.275,6.275,624.983,1.285,6.92,27.637,0.295,0.971,0
3.144,4.6299600000000005,8377.294,145.21980625292284,7082.73,60.333,60.333,586.814,1.39,7.512,12.341,0.244,0.974,1
8.206,12.34656,50994.213,323.32371000852123,9312.708,437.951,437.951,920.191,3.577,18.348,59.961,1.187,0.971,3
2.088,3.08664,3629.443,145.0514168866904,6818.011,29.744,29.744,515.933,1.23,6.601,0.0,0.144,0.973,0
3.144,4.6299600000000005,8376.396,145.2191779343921,7076.337,60.328,60.328,566.383,1.391,7.414,11.516,0.228,0.994,1
8.206,12.34656,50992.126,323.3116672366824,9300.456,438.087,438.087,924.102,3.597,18.643,60.621,1.2,0.984,3
3.144,4.6299600000000005,8380.495,145.22169120851498,7146.251,60.369,60.369,591.503,1.387,7.459,12.493,0.247,0.953,1
9.3,13.88988,72771.474,372.84651996264927,9773.959,644.867,644.867,1091.09,4.498,22.562,90.341,1.788,0.962,3
4.161,6.17328,14719.109,162.0484803401624,7727.015,113.748,113.748,637.806,1.663,8.968,17.109,0.339,0.986,1
4.161,6.17328,14719.609,162.04889921918286,7737.034,113.751,113.751,634.783,1.662,8.931,16.958,0.336,0.985,1
7.148,10.80324,38986.138,280.44725347232776,9129.966,332.25,332.25,839.247,2.967,15.598,44.878,0.889,0.962,3
5.14,7.7166,21628.628,201.5137955730881,8473.415,175.246,175.246,712.153,2.086,11.18,25.442,0.504,0.977,2
2.088,3.08664,4865.38,140.8146650340592,6762.791,22.363,22.363,547.784,1.262,6.745,22.251,0.208,0.998,0
7.148,10.80324,38974.892,280.44735819208285,9142.505,332.105,332.105,834.213,2.951,15.339,44.27,0.877,0.95,3
9.3,13.88988,72763.654,372.8425406119548,9762.028,644.862,644.862,1094.5,4.514,22.833,90.979,1.801,0.966,3
4.161,6.17328,14725.009,162.05109833404038,7818.693,113.809,113.809,639.708,1.655,8.825,17.092,0.338,0.957,1
1.138,1.54332,5418.896,144.09637271999912,6642.804,9.047,9.047,606.007,1.283,6.99,5.304,0.253,0.981,0
8.206,12.34656,50994.701,323.32632800239924,9317.335,438.111,438.111,927.368,3.571,18.335,60.417,1.196,0.962,3
4.161,6.17328,14720.894,162.04952753771357,7759.962,113.763,113.763,631.86,1.66,8.873,16.797,0.333,0.98,1
5.14,7.7166,21625.603,201.5163088472109,8470.979,175.242,175.242,684.97,2.087,11.008,23.981,0.475,0.997,2
9.3,13.88988,72761.572,372.8417028539138,9738.168,645.059,645.059,1066.396,4.539,22.902,88.878,1.759,0.989,3
2.088,3.08664,4847.953,146.0132678374645,6808.043,31.515,31.515,547.726,1.274,6.845,0.0,0.183,0.979,0
2.088,3.08664,2947.799,143.69498189862546,6791.959,27.316,27.316,504.024,1.204,6.506,5.878,0.131,0.973,0
9.3,13.88988,72761.825,372.8425406119548,9747.999,644.758,644.758,1081.02,4.529,22.911,90.042,1.782,0.978,3
2.088,3.08664,5857.05,141.3209850500628,6818.319,23.319,23.319,604.946,1.292,7.018,22.271,0.261,0.955,0
8.206,12.34656,50993.487,323.3196259380715,9305.836,438.061,438.061,908.788,3.587,18.359,59.218,1.172,0.985,3
1.138,1.54332,7222.206,141.5464466828354,6698.342,7.683,7.683,654.679,1.325,7.153,16.847,0.322,0.966,0
6.175,9.25992,29798.524,241.6106756491405,8851.03,246.32,246.32,774.632,2.494,13.045,34.085,0.675,0.951,2
9.3,13.88988,72775.609,372.844530287302,9754.415,645.11,645.11,1054.738,4.518,22.459,87.358,1.729,0.987,3
8.206,12.34656,50993.658,323.321720333174,9313.914,438.067,438.067,911.042,3.574,18.217,59.176,1.172,0.974,3
8.206,12.34656,50996.892,323.33386782476776,9322.141,438.018,438.018,934.635,3.565,18.323,60.877,1.205,0.953,3
9.3,13.88988,72764.944,372.8429594909752,9756.701,644.904,644.904,1085.916,4.519,22.817,90.298,1.787,0.972,3
9.3,13.88988,72772.681,372.8432736502406,9745.112,644.935,644.935,1048.943,4.529,22.557,87.032,1.723,0.994,3
2.088,3.08664,6440.411,142.02292156862987,6783.179,24.481,24.481,587.892,1.312,7.023,18.67,0.254,0.992,0
7.148,10.80324,38994.282,280.4469393130624,9125.825,332.269,332.269,816.438,2.974,15.491,43.396,0.859,0.981,3
1.138,1.54332,4722.538,145.1014729296376,6644.466,9.602,9.602,583.18,1.263,6.872,4.301,0.224,0.983,0
2.088,3.08664,3842.633,140.91037889023858,6814.373,22.553,22.553,544.651,1.228,6.636,21.719,0.19,0.96,0
8.206,12.34656,50996.579,323.330516792604,9312.815,438.028,438.028,937.102,3.58,18.548,61.349,1.215,0.963,3
2.088,3.08664,6715.846,142.48724896283045,6771.351,25.295,25.295,597.424,1.322,7.107,16.962,0.263,0.993,0
5.14,12.34656,21631.802,201.51463333112903,8484.538,175.269,175.269,710.957,2.082,11.113,25.328,0.501,0.97,2
1.138,1.54332,6920.812,142.83366191276627,6658.763,8.271,8.271,632.043,1.322,7.118,10.1,0.297,0.989,0
9.3,13.88988,72775.951,372.84494916632246,9761.473,644.943,644.943,1065.133,4.51,22.459,88.179,1.746,0.979,3
2.088,3.08664,2801.458,142.89324745342935,6765.382,25.908,25.908,505.761,1.198,6.508,9.781,0.135,0.976,0
8.206,12.34656,50996.943,323.33355366550245,9320.208,438.135,438.135,935.297,3.568,18.372,60.988,1.207,0.955,3
7.148,10.80324,39019.09,280.4296605534676,9109.382,332.611,332.611,819.467,2.996,15.81,43.955,0.87,1.0,3
2.088,3.08664,3665.245,145.0880688009823,6820.642,29.811,29.811,516.298,1.232,6.607,0.0,0.144,0.973,0
8.206,12.34656,50992.932,323.31606546639745,9297.341,438.028,438.028,900.081,3.599,18.434,58.734,1.163,1.0,3
1.138,1.54332,4042.466,148.24966292779993,6721.091,11.398,11.398,553.929,1.245,6.679,0.0,0.189,0.971,0
5.14,7.7166,21635.107,201.51620412745584,8497.556,175.297,175.297,706.444,2.078,11.014,25.029,0.495,0.964,2
5.14,12.34656,21622.637,201.51264365578177,8454.188,175.194,175.194,708.802,2.092,11.262,25.349,0.502,0.993,2
9.3,13.88988,72763.622,372.84316893048543,9740.898,645.067,645.067,1063.754,4.535,22.82,88.559,1.753,0.989,3
4.161,6.17328,14718.506,162.0484803401624,7721.694,113.742,113.742,631.691,1.664,8.938,16.833,0.333,0.992,1
3.144,12.34656,8378.091,145.2202251319433,7091.962,60.346,60.346,597.93,1.39,7.557,12.779,0.253,0.962,1
3.144,4.6299600000000005,8379.666,145.22116760973938,7125.537,60.361,60.361,597.992,1.388,7.517,12.762,0.253,0.953,1
2.088,12.34656,6017.431,141.4105204406901,6739.624,23.415,23.415,583.957,1.299,7.015,21.273,0.249,0.999,0
9.3,13.88988,72761.06,372.8417028539138,9730.981,644.879,644.879,1056.12,4.547,22.9,88.06,1.743,0.997,3
7.148,10.80324,39000.187,280.4434835611434,9119.151,332.297,332.297,836.461,2.982,15.769,44.919,0.889,0.977,3
3.144,4.6299600000000005,8378.637,145.22053929120867,7103.95,60.345,60.345,597.673,1.389,7.541,12.762,0.253,0.959,1
6.175,9.25992,29791.97,241.63036296310293,8823.024,246.223,246.223,767.384,2.504,13.141,33.796,0.669,0.973,2
7.148,10.80324,38995.64,280.4451590772253,9122.032,332.363,332.363,840.466,2.978,15.749,45.131,0.894,0.971,3
4.161,6.17328,14720.942,162.04963225746872,7763.413,113.765,113.765,627.582,1.66,8.84,16.596,0.329,0.982,1
4.161,6.17328,14717.324,162.0480614611419,7704.835,113.728,113.728,630.785,1.665,8.962,16.811,0.333,0.998,1
7.148,10.80324,38993.326,280.44767235134816,9127.378,332.228,332.228,810.183,2.973,15.414,42.93,0.85,0.983,3
5.14,7.7166,21634.056,201.5147380508841,8491.248,175.311,175.311,714.644,2.08,11.102,25.496,0.505,0.963,2
3.144,4.6299600000000005,8376.603,145.21928265414724,7078.217,60.33,60.33,567.998,1.391,7.42,11.581,0.229,0.992,1
9.3,12.34656,72766.867,372.84442556754686,9758.083,644.967,644.967,1082.127,4.517,22.742,89.897,1.78,0.973,3
1.138,1.54332,3015.889,141.7122180551898,6604.692,7.704,7.704,540.9,1.2,6.537,16.002,0.184,0.99,0
6.175,9.25992,29761.838,241.5719293397462,8792.163,246.018,246.018,770.037,2.514,13.319,34.108,0.675,0.991,2
7.148,10.80324,38983.563,280.44798651061353,9133.526,332.107,332.107,830.38,2.963,15.466,44.196,0.875,0.963,3
7.148,10.80324,39007.547,280.44097028702055,9116.11,332.372,332.372,818.413,2.987,15.68,43.738,0.866,0.992,3
9.3,13.88988,72767.715,372.8452633255878,9774.644,645.1,645.1,1100.127,4.499,22.671,91.179,1.805,0.958,3
2.088,3.08664,6776.147,144.79757620028033,6781.712,29.361,29.361,597.101,1.33,7.169,4.877,0.253,0.99,0
5.14,7.7166,21635.273,201.5159946879456,8497.615,175.277,175.277,707.92,2.078,11.023,25.108,0.497,0.963,2
7.148,10.80324,38998.641,280.4461015550214,9123.006,332.312,332.312,810.919,2.978,15.498,43.072,0.853,0.988,3
3.144,4.6299600000000005,8379.928,145.2213770492496,7133.817,60.361,60.361,593.004,1.388,7.481,12.56,0.249,0.955,1
1.138,1.54332,3644.433,148.3335434516508,6720.735,11.457,11.457,544.618,1.232,6.614,0.0,0.177,0.969,0
9.3,13.88988,72760.013,372.84149341440354,9747.372,645.057,645.057,1083.921,4.53,22.96,90.336,1.788,0.977,3
8.206,12.34656,50994.708,323.3267468814197,9318.871,437.967,437.967,927.722,3.569,18.307,60.402,1.196,0.96,3
7.148,12.34656,39006.919,280.44191276481666,9117.222,332.354,332.354,811.443,2.986,15.605,43.23,0.856,0.995,3
2.088,3.08664,5712.692,141.16222990130137,6747.638,22.979,22.979,574.722,1.289,6.942,21.995,0.238,0.998,0
3.144,4.6299600000000005,8376.077,145.21907321463698,7068.788,60.322,60.322,568.681,1.391,7.435,11.614,0.23,0.994,1
3.144,4.6299600000000005,8378.559,145.22053929120867,7108.769,60.347,60.347,586.752,1.389,7.479,12.324,0.244,0.967,1
5.14,7.7166,21633.958,201.51568052868024,8492.848,175.317,175.317,706.775,2.079,11.04,25.068,0.496,0.967,2
1.138,1.54332,6517.276,144.6533770974806,6667.974,9.262,9.262,614.297,1.316,7.067,1.656,0.271,0.991,0
4.161,6.17328,14720.891,162.04952753771357,7758.243,113.763,113.763,634.015,1.66,8.89,16.899,0.335,0.979,1
7.148,10.80324,38982.211,280.44840538963405,9136.587,332.082,332.082,819.372,2.96,15.326,43.375,0.859,0.966,3
8.206,12.34656,50995.266,323.3225580912149,9313.617,438.054,438.054,946.714,3.582,18.659,62.127,1.23,0.958,3
2.088,3.08664,5536.062,141.07060011557166,6751.994,22.817,22.817,568.775,1.284,6.894,21.884,0.232,0.998,0
4.161,6.17328,14717.494,162.0480614611419,7706.987,113.732,113.732,631.222,1.665,8.961,16.828,0.333,0.997,1
3.144,12.34656,8375.604,145.21875905537163,7047.552,60.312,60.312,587.621,1.392,7.56,12.393,0.245,0.983,1
4.161,6.17328,14721.233,162.04931809820337,7755.89,113.764,113.764,643.655,1.661,8.956,17.344,0.343,0.973,1
5.14,7.7166,21625.026,201.51400501259832,8464.036,175.232,175.232,702.574,2.089,11.166,24.969,0.494,0.99,2
6.175,9.25992,29790.695,241.63706502743065,8820.299,246.19,246.19,783.49,2.505,13.275,34.788,0.689,0.965,2
8.206,12.34656,50993.071,323.3172173837038,9301.39,438.074,438.074,901.887,3.593,18.372,58.772,1.164,0.994,3
5.14,7.7166,21633.581,201.5152616496597,8491.083,175.287,175.287,710.167,2.08,11.073,25.257,0.5,0.966,2
7.148,10.80324,38985.486,280.44735819208285,9129.915,332.184,332.184,844.414,2.967,15.639,45.231,0.896,0.959,3
1.138,1.54332,6030.998,146.38481352862905,6719.67,10.363,10.363,612.405,1.304,7.018,0.0,0.259,0.967,0
2.088,3.08664,5260.595,140.93519747220196,6828.496,22.641,22.641,586.968,1.272,6.89,23.498,0.241,0.954,0
7.148,12.34656,38976.515,280.447462911838,9140.492,332.15,332.15,834.848,2.954,15.379,44.355,0.878,0.952,3
8.206,12.34656,50993.544,323.32088257513294,9309.391,438.091,438.091,910.057,3.581,18.3,59.223,1.172,0.98,3
5.14,7.7166,21629.276,201.5157852484353,8480.37,175.24,175.24,695.696,2.084,11.031,24.525,0.485,0.983,2
4.161,6.17328,14723.017,162.0502605759994,7787.431,113.778,113.778,638.565,1.657,8.87,17.075,0.338,0.967,1
2.088,3.08664,6128.527,145.66863512336568,6814.154,30.922,30.922,577.195,1.312,7.038,0.0,0.224,0.982,0
4.161,6.17328,14725.176,162.05099361428526,7815.589,113.809,113.809,645.407,1.655,8.867,17.356,0.344,0.954,1
7.148,12.34656,38992.233,280.44735819208285,9127.259,332.242,332.242,818.396,2.972,15.481,43.502,0.861,0.978,3
7.148,10.80324,38977.333,280.44735819208285,9139.487,332.065,332.065,835.17,2.955,15.399,44.398,0.879,0.953,3
2.088,3.08664,2860.691,143.3329657051768,6791.929,26.684,26.684,503.15,1.2,6.484,7.188,0.131,0.972,0
4.161,6.17328,14725.82,162.05141249330575,7830.157,113.809,113.809,640.699,1.654,8.813,17.125,0.339,0.953,1
3.144,4.6299600000000005,8381.37,145.22221480729058,7166.289,60.382,60.382,588.87,1.386,7.422,12.377,0.245,0.95,1
2.088,3.08664,6089.628,141.55796585589857,6844.03,23.732,23.732,608.51,1.298,7.027,21.587,0.266,0.95,0
6.175,9.25992,29791.271,241.63245735820536,8820.89,246.279,246.279,766.36,2.505,13.145,33.745,0.668,0.975,2
1.138,12.34656,1536.145,139.22051620187264,6627.573,6.421,6.421,511.693,1.143,6.226,22.721,0.151,0.969,0
8.206,12.34656,50997.235,323.3336583852576,9316.22,438.035,438.035,939.414,3.576,18.51,61.447,1.216,0.958,3
4.161,6.17328,14719.974,162.04900393893797,7741.704,113.745,113.745,636.984,1.662,8.938,17.054,0.338,0.982,1
3.144,4.6299600000000005,8378.325,145.22043457145355,7103.932,60.343,60.343,587.102,1.389,7.487,12.341,0.244,0.968,1
3.144,4.6299600000000005,8373.968,145.21708353928972,7018.963,60.296,60.296,583.139,1.394,7.573,12.229,0.242,0.995,1
4.161,6.17328,14718.373,162.0484803401624,7721.458,113.739,113.739,630.393,1.664,8.93,16.773,0.332,0.993,1
6.175,9.25992,29763.726,241.5764322892164,8808.817,245.956,245.956,778.151,2.508,13.288,34.509,0.683,0.975,2
7.148,12.34656,38979.714,280.44788179085845,9137.506,332.061,332.061,830.741,2.958,15.399,44.137,0.874,0.958,3
4.161,6.17328,14719.106,162.04879449942777,7732.146,113.751,113.751,631.294,1.663,8.917,16.803,0.333,0.989,1
8.206,12.34656,50993.064,323.3174268232141,9302.344,437.96,437.96,901.514,3.591,18.348,58.715,1.162,0.993,3
4.161,6.17328,14718.556,162.0485850599175,7725.578,113.74,113.74,629.975,1.663,8.92,16.749,0.332,0.992,1
1.138,1.54332,5390.83,138.23782601982975,6675.698,5.902,5.902,610.822,1.265,6.811,30.214,0.279,0.97,0
7.148,10.80324,38984.194,280.44840538963405,9134.619,332.178,332.178,818.363,2.962,15.352,43.347,0.858,0.969,3
6.175,9.25992,29789.908,241.63853110400228,8815.546,246.177,246.177,757.569,2.507,13.109,33.237,0.658,0.984,2
7.148,10.80324,38991.185,280.44683459330724,9126.595,332.289,332.289,831.124,2.972,15.594,44.393,0.879,0.971,3
4.161,6.17328,14724.347,162.05099361428526,7811.365,113.8,113.8,637.018,1.655,8.82,16.977,0.336,0.961,1
6.175,9.25992,29793.404,241.62491753583672,8828.428,246.225,246.225,771.55,2.502,13.143,34.02,0.674,0.967,2
2.088,3.08664,2866.26,142.6107135541165,6859.765,25.446,25.446,500.088,1.197,6.379,10.901,0.133,0.959,0
7.148,10.80324,38981.602,280.4487195488994,9133.91,332.187,332.187,846.458,2.962,15.585,45.285,0.897,0.953,3
9.3,13.88988,72764.583,372.8448444465674,9754.939,644.852,644.852,1080.78,4.52,22.782,89.847,1.779,0.975,3
8.206,12.34656,50996.458,323.3293648752977,9313.287,438.056,438.056,940.516,3.581,18.584,61.621,1.22,0.961,3
9.3,13.88988,72767.628,372.8446350070572,9772.315,644.89,644.89,1097.81,4.502,22.684,91.023,1.802,0.96,3
6.175,9.25992,29796.793,241.6155974776311,8841.547,246.347,246.347,779.456,2.497,13.131,34.427,0.682,0.954,2
9.3,13.88988,72778.825,372.8455774848532,9768.25,645.152,645.152,1067.005,4.501,22.354,88.181,1.746,0.975,3
3.144,4.6299600000000005,8375.515,145.21875905537163,7044.37,60.315,60.315,590.937,1.392,7.581,12.528,0.248,0.981,1
8.206,12.34656,50995.892,323.3312498308898,9320.341,438.123,438.123,932.562,3.567,18.334,60.756,1.203,0.956,3
9.3,13.88988,72773.646,372.8462058033839,9768.415,644.789,644.789,1080.512,4.503,22.527,89.475,1.771,0.969,3
5.14,7.7166,21631.905,201.5163088472109,8488.817,175.302,175.302,698.844,2.081,11.008,24.658,0.488,0.975,2
4.161,6.17328,14717.142,162.04785202163166,7699.06,113.728,113.728,633.38,1.666,8.989,16.938,0.335,0.998,1
6.175,9.25992,29789.762,241.6403113398393,8815.637,246.174,246.174,765.391,2.507,13.166,33.714,0.667,0.979,2
4.161,6.17328,14723.021,162.0500511364892,7782.586,113.772,113.772,646.477,1.658,8.929,17.442,0.345,0.963,1
4.161,6.17328,14720.408,162.0494228179585,7754.986,113.758,113.758,628.388,1.66,8.859,16.642,0.329,0.984,1
1.138,1.54332,1733.572,146.3536070416034,6699.654,10.275,10.275,487.282,1.159,6.215,0.0,0.11,0.971,0
3.144,12.34656,8376.174,145.21907321463698,7071.958,60.325,60.325,565.537,1.391,7.415,11.483,0.227,0.996,1
2.088,12.34656,2838.698,143.19148931601012,6783.794,26.431,26.431,504.062,1.2,6.492,8.075,0.132,0.973,0
8.206,12.34656,50993.623,323.3215108936637,9311.447,438.037,438.037,911.045,3.578,18.269,59.246,1.173,0.977,3
3.144,4.6299600000000005,8377.024,145.21959681341258,7078.56,60.334,60.334,584.679,1.391,7.506,12.258,0.243,0.977,1
4.161,6.17328,14718.789,162.04837562040728,7722.403,113.721,113.721,635.606,1.664,8.962,17.013,0.337,0.989,1
8.206,12.34656,50996.053,323.32873655676696,9311.007,438.007,438.007,935.104,3.583,18.558,61.233,1.212,0.966,3
3.144,4.6299600000000005,8380.926,145.22190064802524,7156.626,60.375,60.375,588.298,1.387,7.43,12.359,0.245,0.953,1
9.3,13.88988,72768.185,372.845368045343,9771.95,644.758,644.758,1095.767,4.502,22.664,90.839,1.798,0.961,3
8.206,12.34656,50986.189,323.2891524893318,9297.656,437.891,437.891,928.817,3.601,18.75,61.076,1.209,0.985,3
7.148,10.80324,39002.403,280.44526379698044,9121.254,332.302,332.302,801.887,2.981,15.457,42.478,0.841,0.996,3
7.148,10.80324,38989.198,280.44851010938913,9130.768,332.293,332.293,811.46,2.968,15.365,42.949,0.85,0.978,3
6.175,9.25992,29762.606,241.5631328803161,8800.261,246.004,246.004,756.667,2.511,13.176,33.245,0.658,0.994,2
4.161,6.17328,14716.796,162.0474331426112,7687.776,113.719,113.719,639.95,1.667,9.052,17.254,0.342,0.997,1
6.175,9.25992,29798.588,241.6097331713444,8853.083,246.321,246.321,772.514,2.493,13.018,33.946,0.672,0.951,2
7.148,10.80324,38981.176,280.44767235134816,9134.438,332.08,332.08,841.97,2.961,15.541,44.968,0.89,0.955,3
4.161,6.17328,14718.396,162.0482709006521,7716.333,113.73,113.73,636.901,1.664,8.981,17.08,0.338,0.99,1
8.206,12.34656,50993.337,323.318264581255,9299.101,438.039,438.039,911.47,3.598,18.528,59.625,1.18,0.992,3
9.3,13.88988,72765.687,372.84442556754686,9762.187,644.854,644.854,1089.538,4.513,22.764,90.505,1.792,0.968,3
1.138,1.54332,3766.73,139.45603093113678,6621.213,6.518,6.518,572.019,1.22,6.635,25.383,0.227,0.98,0
9.3,13.88988,72763.855,372.8432736502406,9755.847,644.756,644.756,1086.811,4.52,22.845,90.406,1.79,0.972,3
6.175,12.34656,29760.929,241.5651225556634,8802.617,245.918,245.918,786.469,2.509,13.383,35.045,0.694,0.974,2
3.144,4.6299600000000005,8374.249,145.2180260170858,7027.873,60.297,60.297,575.865,1.393,7.523,11.93,0.236,0.999,1
4.161,6.17328,14721.454,162.04963225746872,7764.985,113.775,113.775,635.359,1.66,8.887,16.953,0.336,0.976,1
3.144,4.6299600000000005,8376.856,145.21949209365746,7077.263,60.332,60.332,580.533,1.391,7.486,12.091,0.239,0.981,1
9.3,13.88988,72773.384,372.84651996264927,9765.894,644.979,644.979,1076.291,4.506,22.52,89.135,1.764,0.972,3
7.148,10.80324,38983.106,280.4475676315932,9132.964,332.118,332.118,838.196,2.963,15.537,44.742,0.886,0.959,3
6.175,9.25992,29762.178,241.5716151804808,8792.126,246.032,246.032,763.679,2.514,13.272,33.72,0.668,0.995,2
1.138,1.54332,4294.142,142.55542152341334,6609.724,8.164,8.164,574.61,1.245,6.779,13.426,0.223,0.992,0
3.144,4.6299600000000005,8379.601,145.22116760973938,7126.062,60.355,60.355,595.436,1.388,7.503,12.661,0.251,0.955,1
7.148,10.80324,38993.997,280.44725347232776,9126.351,332.273,332.273,813.796,2.974,15.461,43.202,0.855,0.982,3
4.161,6.17328,14721.227,162.04973697722383,7765.916,113.77,113.77,629.313,1.659,8.847,16.673,0.33,0.98,1
4.161,6.17328,14724.074,162.0501558562443,7791.353,113.796,113.796,655.981,1.658,8.975,17.863,0.354,0.954,1
1.138,1.54332,1986.968,146.27087843505888,6670.317,10.166,10.166,488.799,1.169,6.264,0.39,0.115,0.986,0
8.206,12.34656,50991.37,323.3085256440289,9303.755,438.079,438.079,934.375,3.593,18.694,61.37,1.215,0.975,3
3.144,4.6299600000000005,8376.733,145.21949209365746,7066.54,60.324,60.324,595.45,1.391,7.576,12.695,0.251,0.971,1
6.175,9.25992,29791.459,241.6353895113487,8823.97,246.194,246.194,798.284,2.503,13.364,35.657,0.706,0.954,2
8.206,12.34656,50994.477,323.32423360729683,9310.085,437.959,437.959,924.697,3.582,18.454,60.404,1.196,0.972,3
4.161,6.17328,14720.094,162.04868977967263,7734.901,113.744,113.744,645.792,1.663,9.006,17.466,0.346,0.978,1
8.206,12.34656,50994.312,323.3216156134188,9307.879,438.018,438.018,934.515,3.587,18.614,61.27,1.213,0.97,3
3.144,12.34656,8378.507,145.22053929120867,7101.659,60.346,60.346,597.212,1.389,7.542,12.745,0.252,0.96,1
8.206,12.34656,50993.102,323.3165890651731,9296.608,438.091,438.091,903.827,3.601,18.492,59.064,1.169,0.999,3
9.3,13.88988,72769.512,372.8458916441186,9762.877,645.009,645.009,1081.733,4.51,22.647,89.736,1.776,0.971,3
2.088,3.08664,4584.395,145.93053923091995,6802.881,31.349,31.349,540.75,1.265,6.806,0.0,0.175,0.98,0
9.3,13.88988,72776.933,372.8463105231391,9772.725,645.127,645.127,1078.208,4.497,22.414,89.139,1.765,0.968,3
1.138,1.54332,5371.67,140.59517242732844,6632.196,7.172,7.172,622.638,1.272,6.972,22.661,0.28,0.972,0
7.148,10.80324,39003.331,280.44390244016387,9119.624,332.374,332.374,811.349,2.983,15.561,43.173,0.855,0.992,3
9.3,13.88988,72759.366,372.8420170131792,9745.03,645.016,645.016,1081.707,4.532,22.973,90.18,1.785,0.979,3
9.3,13.88988,72778.016,372.8466246824044,9778.236,645.16,645.16,1083.87,4.491,22.381,89.533,1.772,0.963,3
4.161,6.17328,14722.975,162.0501558562443,7785.713,113.782,113.782,640.746,1.658,8.887,17.177,0.34,0.966,1
7.148,10.80324,38996.113,280.446520434042,9124.37,332.266,332.266,816.138,2.976,15.515,43.406,0.859,0.983,3
4.161,6.17328,14716.742,162.04753786236634,7691.373,113.724,113.724,636.869,1.667,9.025,17.108,0.339,0.998,1
9.3,13.88988,72779.747,372.8478813194658,9788.285,644.88,644.88,1089.387,4.478,22.256,89.781,1.777,0.956,3
6.175,9.25992,29792.356,241.6290016062864,8825.393,246.221,246.221,776.389,2.503,13.195,34.33,0.68,0.966,2
5.14,7.7166,21630.388,201.5147380508841,8480.697,175.274,175.274,707.389,2.083,11.109,25.154,0.498,0.975,2
9.3,13.88988,72781.007,372.84704356142487,9783.48,644.996,644.996,1082.756,4.483,22.262,89.28,1.767,0.961,3
9.3,13.88988,72761.803,372.8437972490162,9773.746,644.992,644.992,1111.079,4.503,22.837,92.238,1.826,0.954,3
3.144,4.6299600000000005,8374.717,145.21823545659603,7036.49,60.306,60.306,577.587,1.393,7.521,11.995,0.237,0.995,1
4.161,6.17328,14725.201,162.05130777355063,7824.791,113.806,113.806,637.148,1.654,8.799,16.969,0.336,0.957,1
9.3,13.88988,72758.188,372.8408650958728,9730.61,644.713,644.713,1062.829,4.548,22.99,88.713,1.756,0.994,3
5.14,7.7166,21633.615,201.5153663694149,8491.034,175.282,175.282,708.685,2.08,11.063,25.178,0.498,0.967,2
3.144,4.6299600000000005,8377.234,145.21980625292284,7079.578,60.337,60.337,590.123,1.39,7.533,12.475,0.247,0.972,1
4.161,6.17328,14717.081,162.04764258212143,7695.654,113.726,113.726,637.749,1.666,9.023,17.143,0.339,0.996,1
7.148,10.80324,38980.864,280.4481959501238,9137.556,332.121,332.121,822.368,2.958,15.332,43.562,0.862,0.963,3
7.148,10.80324,38999.289,280.4446354784497,9120.789,332.304,332.304,826.563,2.98,15.661,44.203,0.875,0.981,3
9.3,13.88988,72771.644,372.8461010836288,9775.106,644.774,644.774,1092.242,4.497,22.555,90.42,1.79,0.961,3
2.088,3.08664,5416.939,141.0180307985016,6770.835,22.735,22.735,561.921,1.279,6.838,22.024,0.225,0.996,0
1.138,1.54332,6095.554,139.5010604258382,6642.417,6.518,6.518,627.647,1.29,6.982,25.82,0.297,0.981,0
2.088,3.08664,3447.603,144.73683874231094,6840.003,29.185,29.185,508.449,1.223,6.532,0.698,0.136,0.969,0
7.148,10.80324,39008.019,280.4397136499591,9114.957,332.364,332.364,827.16,2.988,15.77,44.369,0.878,0.988,3
6.175,9.25992,29796.205,241.61685411469253,8839.416,246.283,246.283,780.005,2.498,13.146,34.472,0.683,0.955,2
3.144,4.6299600000000005,8376.22,145.21907321463698,7066.841,60.316,60.316,575.908,1.391,7.475,11.91,0.236,0.988,1
2.088,3.08664,3666.781,140.9402240204477,6724.276,22.552,22.552,523.853,1.225,6.618,20.623,0.173,1.0,0
6.175,9.25992,29761.097,241.56637919272487,8804.729,245.969,245.969,787.504,2.509,13.379,35.096,0.695,0.972,2
7.148,10.80324,39001.529,280.4454732364906,9121.689,332.308,332.308,804.132,2.981,15.467,42.626,0.844,0.994,3
5.14,7.7166,21627.455,201.51672772623144,8477.367,175.251,175.251,685.609,2.085,10.978,23.988,0.475,0.992,2
5.14,7.7166,21625.397,201.51547108917,8468.36,175.259,175.259,690.596,2.088,11.06,24.3,0.481,0.995,2
2.088,3.08664,3643.149,141.0585573437329,6857.091,22.805,22.805,532.561,1.221,6.528,20.628,0.177,0.954,0
3.144,4.6299600000000005,8377.858,145.2201204121882,7091.441,60.345,60.345,589.863,1.39,7.517,12.458,0.247,0.969,1
2.088,3.08664,3057.172,143.92117656968395,6851.259,27.742,27.742,499.805,1.207,6.437,4.656,0.128,0.964,0
5.14,7.7166,21636.131,201.51767020402752,8503.92,175.302,175.302,699.857,2.076,10.936,24.647,0.488,0.964,2
7.148,10.80324,38991.403,280.446625153797,9126.067,332.276,332.276,833.849,2.973,15.624,44.591,0.883,0.97,3
3.144,4.6299600000000005,8379.567,145.22106288998427,7127.397,60.365,60.365,589.113,1.388,7.469,12.408,0.246,0.96,1
6.175,9.25992,29761.539,241.57025382366427,8785.047,246.023,246.023,766.553,2.517,13.333,33.935,0.672,0.998,2
4.161,6.17328,14719.781,162.04900393893797,7741.198,113.758,113.758,634.365,1.662,8.921,16.934,0.335,0.984,1
4.161,6.17328,14720.053,162.04879449942777,7738.297,113.74,113.74,641.366,1.662,8.972,17.26,0.342,0.98,1
6.175,9.25992,29762.178,241.5631328803161,8803.323,245.997,245.997,764.42,2.51,13.216,33.702,0.667,0.987,2
5.14,7.7166,21626.832,201.5149474903944,8471.209,175.219,175.219,696.42,2.087,11.085,24.604,0.487,0.989,2
2.088,3.08664,2853.767,142.2527814311175,6789.434,24.813,24.813,509.529,1.198,6.484,13.114,0.142,0.969,0
3.144,4.6299600000000005,8377.315,145.21980625292284,7090.248,60.339,60.339,575.389,1.39,7.443,11.876,0.235,0.982,1
3.144,4.6299600000000005,8373.924,145.2169788195346,7020.731,60.296,60.296,577.008,1.393,7.538,11.98,0.237,1.0,1
1.138,1.54332,5740.553,142.18240975567707,6636.88,8.012,8.012,624.04,1.287,7.036,15.412,0.279,0.977,0
6.175,9.25992,29761.799,241.569101906358,8796.253,245.976,245.976,772.044,2.512,13.311,34.207,0.677,0.987,2
8.206,12.34656,50993.638,323.3209872948881,9309.939,438.052,438.052,910.724,3.58,18.296,59.262,1.173,0.979,3
5.14,7.7166,21630.849,201.51662300647635,8486.788,175.275,175.275,693.488,2.082,10.982,24.377,0.483,0.98,2
6.175,9.25992,29761.648,241.571719900236,8789.112,245.949,245.949,770.137,2.515,13.337,34.132,0.676,0.993,2
3.144,4.6299600000000005,8378.227,145.2203298516984,7093.383,60.341,60.341,602.255,1.39,7.578,12.949,0.256,0.958,1
6.175,9.25992,29760.522,241.5696255051336,8777.996,246.012,246.012,774.303,2.519,13.429,34.448,0.682,0.998,2
8.206,12.34656,50993.239,323.3179504219896,9299.712,438.08,438.08,906.005,3.596,18.453,59.158,1.171,0.994,3
2.088,3.08664,5972.333,141.38161778827708,6746.53,23.363,23.363,581.672,1.298,6.993,21.394,0.246,0.998,0
3.144,4.6299600000000005,8378.665,145.2206440109638,7115.025,60.347,60.347,580.214,1.389,7.438,12.057,0.239,0.971,1
7.148,10.80324,38984.908,280.447462911838,9131.487,332.114,332.114,836.154,2.965,15.547,44.634,0.884,0.962,3
4.161,6.17328,14725.021,162.050784174775,7810.143,113.801,113.801,650.71,1.656,8.909,17.603,0.348,0.952,1
9.3,13.88988,72765.34,372.844530287302,9774.599,644.989,644.989,1105.134,4.5,22.74,91.654,1.814,0.956,3
4.161,6.17328,14723.271,162.0502605759994,7790.305,113.791,113.791,641.66,1.657,8.885,17.213,0.341,0.964,1
9.3,13.88988,72758.083,372.84065565636257,9733.091,644.684,644.684,1066.915,4.545,22.997,89.047,1.763,0.991,3
4.161,6.17328,14723.759,162.04994641673406,7783.336,113.792,113.792,659.577,1.658,9.011,18.034,0.357,0.954,1
3.144,12.34656,8374.672,145.21813073684092,7038.216,60.294,60.294,571.535,1.393,7.488,11.747,0.233,1.0,1
2.088,3.08664,5263.625,146.0724344991071,6778.629,31.622,31.622,559.626,1.288,6.958,0.0,0.198,0.987,0
8.206,12.34656,50993.323,323.31941649856134,9308.989,437.961,437.961,905.027,3.581,18.25,58.82,1.164,0.983,3
4.161,12.34656,14717.692,162.04816618089703,7711.073,113.718,113.718,630.798,1.665,8.951,16.804,0.333,0.996,1
1.138,1.54332,2806.66,137.34016827894402,6666.2,5.397,5.397,538.087,1.184,6.336,30.525,0.195,0.974,0
7.148,10.80324,38998.912,280.4445307586946,9120.73,332.354,332.354,829.937,2.98,15.689,44.436,0.88,0.979,3
4.161,6.17328,14718.853,162.04868977967263,7728.002,113.727,113.727,631.711,1.663,8.927,16.827,0.333,0.99,1
5.14,7.7166,21635.944,201.51662300647635,8500.349,175.297,175.297,705.075,2.077,10.99,24.944,0.494,0.963,2
7.148,10.80324,39007.646,280.442226924082,9117.365,332.432,332.432,804.925,2.986,15.55,42.771,0.847,0.999,3
6.175,9.25992,29761.055,241.56616975321447,8799.485,245.937,245.937,784.924,2.511,13.389,34.97,0.692,0.977,2
1.138,1.54332,1479.742,139.10270647736303,6628.47,6.368,6.368,511.846,1.141,6.219,23.111,0.151,0.967,0
1.138,1.54332,7193.294,143.81268690337996,6707.599,8.914,8.914,647.028,1.331,7.173,5.026,0.307,0.968,0
3.144,4.6299600000000005,8378.705,145.2206440109638,7118.435,60.356,60.356,575.766,1.389,7.411,11.876,0.235,0.974,1
5.14,7.7166,21622.69,201.51358613357783,8456.78,175.185,175.185,701.462,2.091,11.198,24.941,0.494,0.996,2
1.138,1.54332,3391.344,141.5390115802219,6606.12,7.615,7.615,553.484,1.213,6.609,17.302,0.199,0.989,0
3.144,4.6299600000000005,8377.72,145.2200156924331,7085.15,60.342,60.342,596.553,1.39,7.559,12.728,0.252,0.965,1
4.161,6.17328,14717.471,162.0479567413868,7703.355,113.73,113.73,634.256,1.665,8.987,16.973,0.336,0.996,1
9.3,13.88988,72768.887,372.84316893048543,9740.507,645.104,645.104,1051.293,4.535,22.671,87.37,1.73,0.995,3
2.088,3.08664,6951.244,144.28476355945938,6750.703,28.451,28.451,606.925,1.335,7.241,8.18,0.266,0.995,0
4.161,12.34656,14718.766,162.0484803401624,7724.11,113.746,113.746,633.433,1.663,8.945,16.911,0.335,0.99,1
3.144,4.6299600000000005,8376.968,145.21959681341258,7075.095,60.333,60.333,589.224,1.391,7.534,12.442,0.246,0.974,1
2.088,3.08664,4849.948,140.77235825299087,6786.368,22.338,22.338,579.873,1.261,6.874,23.955,0.232,0.962,0
3.144,4.6299600000000005,8378.136,145.2203298516984,7103.119,60.348,60.348,580.462,1.389,7.454,12.074,0.239,0.974,1
8.206,12.34656,50994.726,323.3261185628889,9314.416,438.066,438.066,928.411,3.576,18.408,60.585,1.199,0.965,3
2.088,3.08664,2897.759,143.50522970234863,6800.221,26.986,26.986,502.55,1.202,6.48,6.232,0.13,0.971,0
7.148,12.34656,38978.116,280.4475676315932,9138.996,332.036,332.036,832.788,2.956,15.389,44.246,0.876,0.955,3
5.14,7.7166,21636.21,201.5175654842724,8503.979,175.335,175.335,701.312,2.076,10.945,24.725,0.489,0.963,2
1.138,1.54332,1964.784,146.63100967291535,6691.574,10.349,10.349,482.698,1.168,6.215,0.0,0.11,0.986,0
8.206,12.34656,50992.863,323.31501826884625,9303.225,437.938,437.938,927.406,3.593,18.625,60.816,1.204,0.979,3
5.14,7.7166,21632.985,201.51620412745584,8491.726,175.295,175.295,701.849,2.08,11.013,24.808,0.491,0.971,2
9.3,13.88988,72771.142,372.8446350070572,9761.195,644.816,644.816,1076.655,4.512,22.613,89.293,1.768,0.974,3
3.144,4.6299600000000005,8381.084,145.22200536778033,7158.979,60.377,60.377,588.755,1.387,7.43,12.376,0.245,0.952,1
1.138,1.54332,6529.889,145.39039473401274,6706.408,9.756,9.756,619.853,1.317,7.066,0.0,0.272,0.975,0
5.14,7.7166,21634.31,201.5149474903944,8492.212,175.288,175.288,715.174,2.079,11.1,25.52,0.505,0.962,2
9.3,13.88988,72774.661,372.8474624404453,9780.459,644.793,644.793,1091.063,4.489,22.435,90.161,1.785,0.959,3
2.088,3.08664,4674.998,140.72125501249246,6728.169,22.208,22.208,551.5,1.257,6.792,23.041,0.209,1.0,0
5.14,7.7166,21629.323,201.51306253480223,8473.582,175.245,175.245,718.167,2.085,11.22,25.763,0.51,0.973,2
9.3,13.88988,72763.898,372.8428547712201,9748.394,645.063,645.063,1076.16,4.528,22.842,89.567,1.773,0.98,3
5.14,7.7166,21627.064,201.51568052868024,8473.882,175.232,175.232,693.599,2.086,11.051,24.439,0.484,0.989,2
3.144,4.6299600000000005,8375.288,145.21854961586138,7040.985,60.313,60.313,586.292,1.392,7.561,12.344,0.244,0.986,1
3.144,4.6299600000000005,8377.518,145.21991097267795,7080.035,60.327,60.327,598.193,1.39,7.574,12.796,0.253,0.965,1
4.161,6.17328,14723.985,162.0505747352648,7801.265,113.798,113.798,641.307,1.656,8.864,17.185,0.34,0.961,1
2.088,3.08664,6932.824,144.13553790841388,6789.814,28.2,28.2,600.189,1.332,7.159,8.786,0.261,0.989,0
6.175,9.25992,29764.919,241.58460043011567,8810.114,246.015,246.015,786.824,2.507,13.346,35.026,0.693,0.969,2
9.3,13.88988,72762.818,372.8435878095059,9753.504,645.009,645.009,1084.564,4.523,22.857,90.247,1.786,0.974,3
4.161,6.17328,14725.221,162.05120305379552,7821.045,113.803,113.803,640.169,1.654,8.824,17.111,0.339,0.956,1
5.14,7.7166,21637.728,201.5148427706393,8501.181,175.288,175.288,724.546,2.076,11.116,25.977,0.514,0.95,2
2.088,3.08664,5178.24,140.85299246443302,6786.603,22.485,22.485,590.026,1.271,6.946,23.778,0.243,0.961,0
5.14,7.7166,21627.336,201.51400501259832,8470.506,175.269,175.269,706.147,2.087,11.155,25.133,0.497,0.983,2
9.3,13.88988,72777.326,372.84494916632246,9765.562,644.941,644.941,1067.589,4.505,22.413,88.308,1.748,0.976,3
2.088,3.08664,2874.375,142.42986253702486,6831.762,25.126,25.126,504.226,1.198,6.422,12.01,0.137,0.963,0
9.3,13.88988,72770.357,372.84390196877126,9740.963,644.915,644.915,1046.615,4.534,22.604,86.907,1.72,0.997,3
9.3,13.88988,72776.035,372.84599636387367,9768.326,645.13,645.13,1073.726,4.502,22.44,88.825,1.758,0.972,3
6.175,12.34656,29762.054,241.5689971866028,8796.209,245.953,245.953,767.255,2.512,13.276,33.915,0.671,0.99,2
3.144,4.6299600000000005,8377.808,145.2200156924331,7100.407,60.345,60.345,572.286,1.39,7.415,11.744,0.232,0.982,1
8.206,12.34656,50997.371,323.33449614329857,9318.774,437.988,437.988,939.379,3.572,18.457,61.371,1.215,0.955,3
8.206,12.34656,50991.904,323.31020116011075,9293.49,438.091,438.091,909.483,3.606,18.618,59.613,1.18,1.0,3
6.175,9.25992,29761.121,241.56480839639804,8801.517,245.966,245.966,782.677,2.51,13.361,34.822,0.689,0.977,2
6.175,9.25992,29762.001,241.5719293397462,8792.143,246.016,246.016,766.848,2.514,13.296,33.914,0.671,0.993,2
9.3,13.88988,72760.395,372.8417028539138,9743.401,644.74,644.74,1076.634,4.534,22.938,89.734,1.776,0.982,3
2.088,3.08664,5823.871,141.28119154311727,6817.84,23.251,23.251,605.48,1.29,7.021,22.633,0.261,0.954,0
4.161,6.17328,14724.094,162.05099361428526,7810.461,113.794,113.794,633.107,1.655,8.797,16.799,0.333,0.964,1
6.175,9.25992,29796.443,241.6173777134681,8840.795,246.268,246.268,787.032,2.497,13.191,34.887,0.691,0.95,2
2.088,3.08664,3591.766,141.1093464249659,6864.802,22.892,22.892,529.875,1.219,6.512,19.727,0.174,0.953,0
8.206,12.34656,50994.634,323.3266421616645,9319.278,438.111,438.111,926.697,3.568,18.287,60.306,1.194,0.96,3
7.148,10.80324,39002.137,280.4454732364906,9121.785,332.418,332.418,799.306,2.981,15.427,42.286,0.837,0.997,3
4.161,6.17328,14725.965,162.05141249330575,7829.095,113.81,113.81,645.537,1.654,8.845,17.346,0.343,0.95,1
1.138,1.54332,5001.723,147.45054647648183,6711.505,10.909,10.909,575.558,1.275,6.825,0.0,0.218,0.978,0
3.144,4.6299600000000005,8375.985,145.21907321463698,7057.327,60.313,60.313,585.656,1.392,7.537,12.309,0.244,0.982,1
8.206,12.34656,50993.351,323.31836930101014,9298.985,438.116,438.116,909.775,3.598,18.511,59.488,1.178,0.993,3
7.148,10.80324,38998.316,280.4467298735521,9124.093,332.257,332.257,804.074,2.977,15.424,42.572,0.843,0.991,3
5.14,7.7166,21633.378,201.5157852484353,8491.832,175.315,175.315,704.78,2.08,11.032,24.965,0.494,0.969,2
8.206,12.34656,50993.64,323.31994009733694,9302.66,437.955,437.955,912.639,3.592,18.468,59.623,1.18,0.987,3
7.148,10.80324,39008.353,280.44044668824495,9115.643,332.406,332.406,817.772,2.988,15.684,43.703,0.865,0.993,3
5.14,7.7166,21635.312,201.51358613357783,8491.78,175.284,175.284,728.315,2.079,11.191,26.219,0.519,0.954,2
5.14,7.7166,21633.1,201.5157852484353,8490.923,175.301,175.301,705.729,2.08,11.043,25.02,0.495,0.969,2
8.206,12.34656,50992.857,323.31554186762185,9298.357,438.1,438.1,915.277,3.599,18.586,59.957,1.187,0.991,3
9.3,13.88988,72761.681,372.8435878095059,9761.176,644.745,644.745,1095.395,4.515,22.86,91.085,1.803,0.966,3
5.14,12.34656,21636.457,201.5164135669661,8501.44,175.307,175.307,708.549,2.077,11.007,25.125,0.497,0.96,2
5.14,7.7166,21633.134,201.51662300647635,8493.533,175.272,175.272,699.966,2.079,10.991,24.698,0.489,0.971,2
7.148,10.80324,38987.441,280.4470440328176,9128.442,332.273,332.273,842.364,2.969,15.649,45.123,0.893,0.962,3
7.148,12.34656,38990.686,280.4475676315932,9128.197,332.29,332.29,821.369,2.971,15.488,43.688,0.865,0.975,3
5.14,7.7166,21625.283,201.5133766940676,8463.23,175.253,175.253,707.966,2.089,11.207,25.263,0.5,0.987,2
2.088,3.08664,4175.745,140.7792697568288,6755.594,22.28,22.28,529.279,1.24,6.631,21.848,0.185,1.0,0
6.175,9.25992,29790.194,241.63758862620625,8816.603,246.265,246.265,759.627,2.507,13.118,33.357,0.66,0.982,2
7.148,10.80324,39006.923,280.44128444628586,9116.613,332.368,332.368,817.395,2.986,15.663,43.657,0.864,0.992,3
1.138,1.54332,3273.775,138.7195368933802,6624.444,6.178,6.178,569.547,1.203,6.581,28.385,0.221,0.969,0
8.206,12.34656,50993.987,323.3224533714598,9311.868,438.097,438.097,916.115,3.578,18.318,59.651,1.181,0.974,3
1.138,12.34656,3416.832,139.98182882159256,6615.851,6.739,6.739,550.799,1.21,6.543,22.867,0.204,0.991,0
6.175,9.25992,29762.409,241.57475677313445,8807.964,245.916,245.916,789.067,2.508,13.373,35.172,0.696,0.969,2
6.175,9.25992,29761.366,241.5704632631745,8784.04,246.008,246.008,767.65,2.517,13.347,34.008,0.673,0.998,2
4.161,12.34656,14724.299,162.050784174775,7805.612,113.796,113.796,640.905,1.656,8.854,17.162,0.34,0.96,1
4.161,12.34656,14719.435,162.04900393893797,7738.259,113.754,113.754,630.024,1.662,8.899,16.737,0.331,0.988,1
9.3,13.88988,72765.729,372.8429594909752,9751.557,645.087,645.087,1077.476,4.524,22.802,89.616,1.774,0.978,3
8.206,12.34656,50994.961,323.32852711725667,9323.084,438.038,438.038,929.859,3.562,18.244,60.454,1.197,0.954,3
4.161,6.17328,14721.015,162.04952753771357,7760.225,113.764,113.764,633.16,1.66,8.881,16.857,0.334,0.979,1
8.206,12.34656,50993.217,323.3178457022345,9302.047,438.026,438.026,904.209,3.592,18.385,58.946,1.167,0.992,3
2.088,3.08664,6614.398,142.31697464100586,6833.445,25.05,25.05,624.338,1.316,7.157,18.896,0.282,0.951,0
2.088,3.08664,5639.643,141.11960896096767,6804.952,22.958,22.958,601.383,1.285,7.004,23.385,0.257,0.957,0
9.3,13.88988,72767.404,372.8446350070572,9767.666,644.904,644.904,1093.21,4.507,22.71,90.71,1.796,0.964,3
6.175,9.25992,29763.757,241.57622284970608,8808.785,245.942,245.942,776.535,2.508,13.277,34.411,0.681,0.976,2
9.3,13.88988,72775.567,372.8472530009351,9778.953,645.109,645.109,1087.888,4.491,22.421,89.901,1.78,0.961,3
9.3,12.34656,72763.626,372.84442556754686,9754.363,644.87,644.87,1083.669,4.521,22.83,90.139,1.784,0.974,3
3.144,4.6299600000000005,8375.394,145.21865433561652,7055.051,60.309,60.309,568.521,1.392,7.451,11.615,0.23,0.998,1
3.144,4.6299600000000005,8377.422,145.21991097267795,7084.372,60.339,60.339,589.766,1.39,7.525,12.458,0.247,0.971,1
7.148,10.80324,39002.267,280.4451590772253,9121.222,332.437,332.437,803.499,2.981,15.47,42.591,0.843,0.995,3
3.144,4.6299600000000005,8378.408,145.22043457145355,7099.089,60.338,60.338,598.031,1.39,7.549,12.779,0.253,0.96,1
7.148,10.80324,38993.353,280.44735819208285,9126.828,332.223,332.223,814.446,2.973,15.458,43.237,0.856,0.981,3
1.138,1.54332,1052.953,144.0675747873412,6675.15,8.927,8.927,460.706,1.129,6.023,0.0,0.083,0.981,0
3.144,4.6299600000000005,8375.071,145.21844489610626,7047.875,60.299,60.299,569.638,1.392,7.466,11.665,0.231,0.999,1
6.175,9.25992,29791.093,241.6343423137975,8821.188,246.236,246.236,777.528,2.504,13.226,34.423,0.682,0.968,2
6.175,9.25992,29794.246,241.620728745632,8831.501,246.275,246.275,768.345,2.501,13.102,33.808,0.669,0.967,2
3.144,4.6299600000000005,8375.598,145.21865433561652,7060.4,60.305,60.305,565.799,1.392,7.43,11.5,0.228,0.999,1
6.175,9.25992,29790.487,241.63779806571645,8819.093,246.265,246.265,778.103,2.505,13.241,34.469,0.682,0.969,2
3.144,4.6299600000000005,8375.15,145.21854961586138,7037.46,60.311,60.311,590.854,1.393,7.589,12.529,0.248,0.983,1
8.206,12.34656,50993.332,323.3178457022345,9298.445,438.089,438.089,909.128,3.598,18.514,59.45,1.177,0.994,3
3.144,4.6299600000000005,8376.506,145.21928265414724,7075.053,60.316,60.316,571.16,1.391,7.44,11.712,0.232,0.99,1
7.148,10.80324,38977.563,280.44798651061353,9141.031,332.157,332.157,823.761,2.954,15.283,43.585,0.863,0.958,3
9.3,13.88988,72777.269,372.8458916441186,9769.133,644.804,644.804,1072.878,4.501,22.413,88.723,1.756,0.972,3
5.14,7.7166,21626.48,201.5137955730881,8467.755,175.263,175.263,706.086,2.088,11.17,25.142,0.498,0.985,2
7.148,10.80324,38991.47,280.4462062747765,9124.962,332.279,332.279,842.787,2.974,15.714,45.226,0.895,0.966,3
1.138,1.54332,3835.001,145.35636081359883,6635.772,9.705,9.705,553.003,1.235,6.698,4.74,0.191,0.99,0
2.088,3.08664,3138.153,141.6273950535429,6853.389,23.758,23.758,514.395,1.205,6.437,16.863,0.153,0.957,0
6.175,9.25992,29767.541,241.582296595503,8810.704,246.045,246.045,752.337,2.508,13.09,32.923,0.652,0.99,2
2.088,3.08664,6740.111,144.9603106997363,6763.601,29.652,29.652,599.777,1.33,7.205,4.428,0.254,0.992,0
6.175,9.25992,29761.091,241.5701491039092,8782.024,246.021,246.021,769.855,2.518,13.374,34.154,0.676,0.998,2
5.14,7.7166,21630.444,201.51463333112903,8480.739,175.29,175.29,708.87,2.083,11.119,25.233,0.499,0.974,2
5.14,7.7166,21638.535,201.51620412745584,8506.538,175.308,175.308,715.68,2.075,11.029,25.483,0.504,0.952,2
1.138,1.54332,6065.701,146.1838563185544,6686.906,10.25,10.25,622.551,1.306,7.098,0.207,0.267,0.969,0
8.206,12.34656,50989.76,323.30161414019096,9300.908,438.055,438.055,931.036,3.597,18.712,61.172,1.211,0.98,3
5.14,7.7166,21638.197,201.5165182867212,8506.398,175.345,175.345,712.689,2.075,11.009,25.324,0.501,0.954,2
4.161,6.17328,14719.408,162.0485850599175,7729.706,113.747,113.747,640.895,1.663,8.984,17.248,0.341,0.983,1
5.14,7.7166,21630.73,201.5157852484353,8484.174,175.276,175.276,699.186,2.082,11.035,24.697,0.489,0.978,2
9.3,13.88988,72776.038,372.8435878095059,9748.54,644.964,644.964,1045.572,4.524,22.452,86.621,1.715,0.994,3
4.161,6.17328,14718.409,162.04868977967263,7724.897,113.745,113.745,626.11,1.663,8.896,16.571,0.328,0.995,1
6.175,9.25992,29766.994,241.5917213734638,8811.22,246.013,246.013,785.71,2.507,13.333,34.955,0.692,0.969,2
8.206,12.34656,50996.889,323.33460086305365,9324.684,437.976,437.976,934.68,3.561,18.271,60.807,1.204,0.95,3
6.175,9.25992,29798.5,241.6106756491405,8851.106,246.339,246.339,776.229,2.494,13.056,34.181,0.677,0.95,2
4.161,6.17328,14721.449,162.04973697722383,7766.703,113.749,113.749,633.199,1.659,8.87,16.852,0.334,0.977,1
8.206,12.34656,50994.165,323.32444304680706,9317.129,437.953,437.953,919.51,3.57,18.248,59.779,1.183,0.966,3
1.138,1.54332,3728.921,144.3350290419168,6612.736,9.107,9.107,548.603,1.23,6.673,6.874,0.189,0.998,0
2.088,3.08664,2808.895,143.06446425305,6768.954,26.207,26.207,504.482,1.199,6.504,8.582,0.133,0.976,0
2.088,3.08664,2920.891,141.9356900126152,6773.016,24.267,24.267,514.982,1.2,6.521,15.075,0.149,0.971,0
1.138,1.54332,4885.929,147.8169608996455,6731.175,11.204,11.204,584.817,1.272,6.843,0.0,0.223,0.962,0
6.175,9.25992,29796.485,241.6155974776311,8840.312,246.315,246.315,775.715,2.498,13.11,34.207,0.677,0.957,2
6.175,9.25992,29792.855,241.6277449692249,8827.765,246.298,246.298,783.908,2.502,13.238,34.772,0.688,0.96,2
7.148,12.34656,38982.453,280.44798651061353,9132.912,332.123,332.123,845.079,2.963,15.592,45.212,0.895,0.955,3
4.161,6.17328,14718.649,162.04900393893797,7734.425,113.736,113.736,620.626,1.662,8.844,16.304,0.323,0.996,1
9.3,13.88988,72775.382,372.84400668852646,9749.846,644.785,644.785,1048.537,4.523,22.465,86.875,1.72,0.992,3
5.14,7.7166,21632.289,201.5131672545573,8482.176,175.252,175.252,724.461,2.083,11.217,26.059,0.516,0.963,2
9.3,13.88988,72767.495,372.8447397268122,9757.809,645.077,645.077,1080.138,4.517,22.721,89.713,1.776,0.974,3
2.088,3.08664,2857.975,143.21976364989243,6730.527,26.455,26.455,493.37,1.202,6.494,7.093,0.124,0.999,0
5.14,7.7166,21624.814,201.5148427706393,8465.71,175.254,175.254,694.848,2.088,11.104,24.543,0.486,0.994,2
4.161,6.17328,14717.31,162.04785202163166,7701.422,113.731,113.731,635.126,1.666,8.996,17.016,0.337,0.996,1
4.161,6.17328,14719.576,162.04868977967263,7731.911,113.747,113.747,641.343,1.663,8.983,17.266,0.342,0.982,1
2.088,3.08664,3578.128,141.00933905882667,6773.82,22.698,22.698,541.007,1.221,6.652,20.935,0.184,0.967,0
4.161,6.17328,14721.697,162.04931809820337,7759.253,113.769,113.769,649.47,1.66,8.988,17.605,0.349,0.968,1
1.138,1.54332,4577.473,139.81783768507518,6625.47,6.734,6.734,598.303,1.247,6.805,24.877,0.255,0.976,0
7.148,12.34656,38999.418,280.44442603893947,9120.224,332.317,332.317,830.971,2.981,15.706,44.518,0.881,0.979,3
5.14,7.7166,21625.576,201.51410973235343,8465.848,175.207,175.207,702.123,2.088,11.153,24.936,0.494,0.989,2
1.138,1.54332,3311.386,142.76559407193847,6596.008,8.284,8.284,540.817,1.213,6.589,12.11,0.184,1.0,0
4.161,12.34656,14721.187,162.0494228179585,7759.039,113.77,113.77,637.944,1.66,8.914,17.079,0.338,0.976,1
9.3,12.34656,72762.0,372.8425406119548,9762.709,644.863,644.863,1098.589,4.514,22.875,91.348,1.808,0.964,3
3.144,4.6299600000000005,8377.716,145.2201204121882,7088.291,60.336,60.336,593.194,1.39,7.538,12.593,0.249,0.967,1
8.206,12.34656,50994.769,323.3264327221543,9317.899,438.03,438.03,928.058,3.57,18.332,60.457,1.197,0.961,3
7.148,10.80324,38989.629,280.4469393130624,9127.544,332.164,332.164,834.16,2.971,15.601,44.581,0.883,0.968,3
6.175,9.25992,29791.513,241.63339983600144,8822.22,246.209,246.209,776.437,2.504,13.212,34.351,0.68,0.968,2
6.175,9.25992,29796.764,241.61402668130432,8841.143,246.324,246.324,769.875,2.497,13.062,33.848,0.67,0.96,2
8.206,12.34656,50994.647,323.32549024435826,9314.266,438.088,438.088,926.689,3.576,18.391,60.449,1.197,0.966,3
5.14,7.7166,21630.504,201.51505221014952,8481.557,175.265,175.265,704.957,2.083,11.088,25.02,0.495,0.976,2
9.3,13.88988,72763.271,372.8423311724445,9744.984,644.936,644.936,1072.884,4.532,22.862,89.337,1.768,0.983,3
6.175,9.25992,29761.913,241.5635517593366,8803.386,245.951,245.951,769.178,2.51,13.251,33.992,0.673,0.984,2
4.161,6.17328,14720.522,162.0491086586931,7746.415,113.761,113.761,639.197,1.661,8.944,17.151,0.34,0.979,1
7.148,10.80324,38990.772,280.4483006698789,9129.832,332.286,332.286,808.533,2.969,15.358,42.765,0.847,0.981,3
2.088,3.08664,2826.374,142.89345689293955,6796.156,25.917,25.917,504.149,1.198,6.47,9.936,0.134,0.97,0
9.3,13.88988,72778.618,372.8461010836288,9772.895,645.015,645.015,1073.415,4.496,22.347,88.673,1.755,0.97,3
3.144,4.6299600000000005,8380.577,145.22169120851498,7148.842,60.364,60.364,590.699,1.387,7.451,12.459,0.247,0.953,1
2.088,3.08664,5435.012,141.05216943867063,6846.385,22.855,22.855,589.509,1.277,6.895,23.17,0.245,0.951,0
6.175,9.25992,29792.314,241.6272213704493,8823.918,246.269,246.269,760.047,2.504,13.082,33.343,0.66,0.977,2
7.148,10.80324,39002.71,280.4443213191843,9120.125,332.416,332.416,810.35,2.982,15.544,43.093,0.853,0.992,3
6.175,9.25992,29796.979,241.6129794837531,8842.167,246.28,246.28,768.818,2.497,13.049,33.779,0.669,0.96,2
4.161,6.17328,14722.223,162.04963225746872,7767.758,113.772,113.772,648.618,1.66,8.968,17.556,0.348,0.966,1
4.161,6.17328,14723.204,162.04994641673406,7781.19,113.783,113.783,650.044,1.658,8.954,17.606,0.349,0.961,1
2.088,3.08664,2934.065,143.62314414661338,6794.014,27.189,27.189,503.115,1.204,6.495,5.682,0.131,0.973,0
5.14,12.34656,21626.811,201.5139002928432,8468.682,175.256,175.256,706.598,2.087,11.168,25.165,0.498,0.984,2
9.3,13.88988,72763.332,372.84400668852646,9759.34,645.033,645.033,1090.19,4.516,22.825,90.64,1.794,0.969,3
8.206,12.34656,50994.902,323.3206731356228,9312.39,438.093,438.093,945.375,3.583,18.666,62.05,1.228,0.96,3
2.088,12.34656,4557.562,140.80461193756773,6855.289,22.403,22.403,561.833,1.25,6.708,23.125,0.213,0.952,0
2.088,12.34656,3735.671,145.21875905537163,6790.892,30.036,30.036,520.733,1.235,6.664,0.0,0.149,0.979,0
1.138,1.54332,317.843,140.52574322968408,6706.134,7.084,7.084,449.421,1.096,5.831,9.381,0.075,0.961,0
3.144,4.6299600000000005,8376.651,145.21949209365746,7075.668,60.331,60.331,577.645,1.391,7.473,11.975,0.237,0.984,1
6.175,9.25992,29762.23,241.5699396643989,8795.165,246.004,246.004,763.588,2.513,13.255,33.697,0.667,0.993,2
2.088,3.08664,6563.058,145.31028412134623,6754.081,30.282,30.282,595.511,1.327,7.2,2.523,0.246,0.994,0
9.3,13.88988,72776.794,372.84494916632246,9758.491,644.805,644.805,1057.138,4.513,22.413,87.485,1.732,0.984,3
8.206,12.34656,50993.674,323.3206731356228,9308.979,438.028,438.028,911.076,3.582,18.32,59.318,1.174,0.98,3
5.14,12.34656,21630.214,201.51452861137392,8479.796,175.261,175.261,708.351,2.084,11.12,25.21,0.499,0.975,2
2.088,3.08664,3662.922,145.15603192205495,6760.253,29.913,29.913,521.102,1.233,6.698,0.0,0.148,0.985,0
4.161,6.17328,14725.438,162.05109833404038,7820.289,113.81,113.81,646.338,1.655,8.865,17.393,0.344,0.952,1
2.088,3.08664,7008.344,143.57769577289145,6730.91,27.218,27.218,618.373,1.335,7.299,12.48,0.279,0.993,0
2.088,3.08664,5232.834,140.8646163572513,6784.165,22.51,22.51,592.385,1.273,6.959,24.039,0.246,0.961,0
9.3,13.88988,72767.018,372.84547276509807,9782.442,644.844,644.844,1111.29,4.492,22.674,92.023,1.822,0.95,3
6.175,9.25992,29761.904,241.5641800778673,8800.305,246.015,246.015,769.26,2.511,13.268,34.015,0.673,0.986,2
2.088,3.08664,3394.907,141.20725939600285,6796.855,23.036,23.036,531.69,1.214,6.578,19.562,0.173,0.964,0
3.144,4.6299600000000005,8376.465,145.21928265414724,7074.408,60.316,60.316,573.569,1.391,7.453,11.81,0.234,0.988,1
5.14,7.7166,21635.398,201.51452861137392,8494.329,175.29,175.29,720.767,2.079,11.127,25.808,0.511,0.957,2
1.138,1.54332,2645.543,143.08823563746216,6605.296,8.422,8.422,519.765,1.19,6.455,8.59,0.156,0.996,0
3.144,4.6299600000000005,8375.035,145.21844489610626,7039.807,60.31,60.31,582.135,1.392,7.541,12.177,0.241,0.99,1
1.138,1.54332,3338.983,148.08085468254706,6704.818,11.203,11.203,521.23,1.221,6.494,0.0,0.156,0.987,0
9.3,12.34656,72769.382,372.8461010836288,9778.534,644.75,644.75,1100.68,4.494,22.604,91.126,1.804,0.956,3
9.3,13.88988,72761.445,372.84212173293423,9750.605,645.059,645.059,1085.247,4.526,22.919,90.385,1.789,0.975,3
1.138,1.54332,1559.744,143.42438605139623,6637.822,8.508,8.508,470.657,1.149,6.128,3.028,0.1,1.0,0
5.14,7.7166,21627.906,201.5148427706393,8474.054,175.257,175.257,700.85,2.086,11.1,24.831,0.492,0.984,2
3.144,12.34656,8380.009,145.2213770492496,7133.301,60.37,60.37,595.546,1.388,7.495,12.661,0.251,0.953,1
4.161,6.17328,14721.271,162.04921337844823,7752.492,113.767,113.767,648.094,1.661,8.991,17.55,0.347,0.971,1
4.161,6.17328,14724.815,162.05099361428526,7814.631,113.799,113.799,641.424,1.655,8.843,17.175,0.34,0.957,1
5.14,7.7166,21628.31,201.5165182867212,8479.288,175.276,175.276,689.449,2.084,10.994,24.19,0.479,0.988,2
1.138,1.54332,1702.238,146.6093326836056,6718.65,10.501,10.501,498.096,1.158,6.251,0.0,0.117,0.954,0
3.144,4.6299600000000005,8380.161,145.22148176900473,7143.132,60.368,60.368,583.094,1.388,7.42,12.158,0.241,0.961,1
4.161,6.17328,14717.921,162.0479567413868,7706.652,113.737,113.737,641.286,1.665,9.027,17.293,0.342,0.99,1
1.138,1.54332,3712.832,148.47386792351114,6734.018,11.582,11.582,552.561,1.234,6.648,0.0,0.183,0.96,0
4.161,12.34656,14721.937,162.04921337844823,7758.138,113.773,113.773,654.429,1.661,9.022,17.832,0.353,0.965,1
7.148,10.80324,38998.208,280.4462062747765,9123.507,332.285,332.285,809.927,2.978,15.481,42.993,0.851,0.988,3
2.088,3.08664,6882.969,143.05357339851753,6779.353,26.289,26.289,599.753,1.328,7.133,14.318,0.265,0.992,0
4.161,12.34656,14726.556,162.05172665257112,7841.379,113.824,113.824,640.381,1.653,8.792,17.098,0.338,0.95,1
5.14,7.7166,21630.174,201.51672772623144,8484.866,175.288,175.288,691.041,2.082,10.976,24.252,0.48,0.983,2
2.088,3.08664,4718.298,140.79550131887234,6830.42,22.388,22.388,570.511,1.255,6.782,23.462,0.222,0.955,0
5.14,7.7166,21634.548,201.5153663694149,8493.975,175.3,175.3,711.748,2.079,11.068,25.329,0.501,0.963,2
8.206,12.34656,50993.784,323.32287225048026,9317.082,438.063,438.063,913.427,3.569,18.179,59.282,1.174,0.969,3
9.3,13.88988,72765.206,372.843692529261,9768.73,644.741,644.741,1099.336,4.506,22.773,91.262,1.807,0.961,3
4.161,12.34656,14722.89,162.04994641673406,7780.009,113.787,113.787,644.682,1.658,8.922,17.363,0.344,0.965,1
8.206,12.34656,50997.922,323.3355433408497,9320.04,437.996,437.996,947.943,3.573,18.547,62.051,1.228,0.95,3
1.138,1.54332,6637.34,140.90692313831963,6647.113,7.217,7.217,628.527,1.309,7.044,19.224,0.299,0.99,0
1.138,1.54332,2367.952,147.30781345025372,6696.635,10.74,10.74,493.493,1.184,6.298,0.0,0.123,0.987,0
1.138,1.54332,5057.144,141.33700717259612,6624.807,7.504,7.504,598.024,1.265,6.874,18.969,0.255,0.987,0
4.161,6.17328,14722.164,162.04952753771357,7765.774,113.772,113.772,649.504,1.66,8.977,17.599,0.348,0.966,1
8.206,12.34656,50996.346,323.3294695950528,9311.605,438.117,438.117,935.773,3.582,18.554,61.272,1.213,0.965,3
3.144,4.6299600000000005,8375.484,145.21865433561652,7058.231,60.313,60.313,565.378,1.392,7.431,11.484,0.227,1.0,1
1.138,1.54332,4593.442,148.15866146060094,6738.901,11.434,11.434,581.62,1.263,6.81,0.0,0.216,0.956,0
1.138,1.54332,3551.32,145.60056728253792,6639.844,9.876,9.876,549.859,1.226,6.669,4.448,0.185,0.984,0
4.161,12.34656,14716.51,162.0474331426112,7687.117,113.723,113.723,635.992,1.667,9.027,17.072,0.338,1.0,1
1.138,1.54332,1407.973,144.85915141629073,6661.76,9.383,9.383,475.793,1.145,6.149,1.115,0.099,0.982,0
2.088,3.08664,2866.312,142.97210142903444,6835.26,26.062,26.062,500.692,1.199,6.417,9.07,0.132,0.964,0
3.144,4.6299600000000005,8378.424,145.22043457145355,7098.524,60.35,60.35,600.601,1.39,7.563,12.881,0.255,0.958,1
7.148,10.80324,39017.4,280.4316502288149,9110.347,332.562,332.562,819.07,2.995,15.79,43.907,0.869,0.999,3
1.138,1.54332,4848.846,141.61660891876556,6620.22,7.596,7.596,582.035,1.259,6.801,17.035,0.24,0.997,0
4.161,6.17328,14719.62,162.0491086586931,7744.143,113.755,113.755,627.474,1.661,8.872,16.612,0.329,0.988,1
9.3,13.88988,72770.279,372.8447397268122,9761.765,644.766,644.766,1080.621,4.512,22.654,89.659,1.775,0.972,3
3.144,4.6299600000000005,8379.138,145.220853450474,7116.545,60.353,60.353,594.869,1.389,7.512,12.643,0.25,0.958,1
8.206,12.34656,50978.703,323.26737078026684,9290.45,437.953,437.953,920.384,3.611,18.795,60.574,1.199,0.998,3
2.088,12.34656,2948.932,141.8953729068941,6770.513,24.19,24.19,515.634,1.201,6.527,15.171,0.15,0.972,0
9.3,13.88988,72773.004,372.845368045343,9766.49,644.787,644.787,1080.254,4.506,22.56,89.501,1.772,0.97,3
3.144,4.6299600000000005,8378.102,145.2203298516984,7095.388,60.347,60.347,593.293,1.39,7.529,12.593,0.249,0.965,1
8.206,12.34656,50994.041,323.3225580912149,9308.559,438.085,438.085,918.218,3.584,18.411,59.917,1.186,0.977,3
3.144,4.6299600000000005,8379.602,145.22116760973938,7126.328,60.359,60.359,594.164,1.388,7.496,12.61,0.25,0.956,1
4.161,6.17328,14718.632,162.0484803401624,7723.871,113.738,113.738,632.13,1.663,8.937,16.851,0.334,0.991,1
5.14,7.7166,21639.469,201.51767020402752,8512.948,175.344,175.344,708.998,2.073,10.951,25.099,0.497,0.952,2
3.144,4.6299600000000005,8377.839,145.2201204121882,7098.906,60.345,60.345,578.355,1.39,7.448,11.991,0.237,0.977,1
2.088,3.08664,3135.518,144.2326131214098,6770.071,28.268,28.268,507.531,1.213,6.575,3.237,0.133,0.98,0
2.088,12.34656,6849.77,142.9655040844619,6783.46,26.131,26.131,598.733,1.326,7.119,14.577,0.264,0.991,0
2.088,3.08664,6996.32,143.84064707799692,6752.922,27.667,27.667,607.709,1.335,7.23,10.758,0.269,0.995,0
6.175,12.34656,29796.511,241.61633051591693,8840.516,246.316,246.316,780.537,2.497,13.144,34.498,0.683,0.954,2
7.148,10.80324,38976.187,280.4475676315932,9141.507,332.011,332.011,831.146,2.953,15.332,44.081,0.873,0.953,3
4.161,12.34656,14722.304,162.04952753771357,7766.351,113.767,113.767,652.207,1.66,8.993,17.721,0.351,0.964,1
4.161,12.34656,14720.674,162.04952753771357,7759.195,113.765,113.765,627.984,1.66,8.85,16.619,0.329,0.983,1
3.144,4.6299600000000005,8377.79,145.2200156924331,7096.064,60.344,60.344,580.367,1.39,7.462,12.074,0.239,0.976,1
3.144,4.6299600000000005,8378.872,145.2207487307189,7112.219,60.356,60.356,592.685,1.389,7.506,12.559,0.249,0.961,1
6.175,9.25992,29767.075,241.58501930913613,8810.757,245.965,245.965,764.801,2.507,13.18,33.687,0.667,0.982,2
8.206,12.34656,50994.67,323.32601384313386,9316.772,438.079,438.079,926.679,3.572,18.339,60.377,1.195,0.963,3
2.088,3.08664,3563.602,141.0675632426732,6805.628,22.815,22.815,536.447,1.22,6.595,20.701,0.179,0.962,0
1.138,1.54332,2393.165,147.53484587935316,6706.589,10.935,10.935,503.476,1.185,6.345,0.0,0.13,0.975,0
9.3,13.88988,72758.468,372.84107453538303,9740.414,644.697,644.697,1077.334,4.537,22.999,89.872,1.779,0.983,3
8.206,12.34656,50993.165,323.3180551417448,9306.281,438.058,438.058,901.732,3.585,18.269,58.624,1.161,0.988,3
5.14,7.7166,21625.35,201.5132719743125,8463.258,175.203,175.203,709.451,2.089,11.217,25.343,0.502,0.986,2
3.144,4.6299600000000005,8378.375,145.22043457145355,7099.372,60.346,60.346,596.752,1.39,7.542,12.728,0.252,0.961,1
9.3,13.88988,72754.379,372.83856126126017,9723.141,644.994,644.994,1061.28,4.556,23.099,88.735,1.757,0.998,3
2.088,3.08664,3863.522,145.35353338021062,6810.72,30.295,30.295,521.867,1.239,6.654,0.0,0.151,0.976,0
6.175,9.25992,29761.968,241.5689971866028,8796.223,245.951,245.951,768.846,2.512,13.288,34.013,0.673,0.989,2
1.138,1.54332,3868.157,147.54165266343594,6678.9,10.849,10.849,533.251,1.239,6.601,0.0,0.172,0.997,0
1.138,1.54332,1261.227,138.46370653162285,6631.861,5.919,5.919,486.604,1.132,6.066,23.371,0.131,0.985,0
9.3,13.88988,72777.042,372.8457869243635,9767.737,645.124,645.124,1069.801,4.502,22.4,88.463,1.751,0.974,3
3.144,4.6299600000000005,8379.229,145.220853450474,7111.811,60.358,60.358,606.002,1.389,7.574,13.086,0.259,0.95,1
4.161,6.17328,14721.336,162.04952753771357,7761.285,113.752,113.752,638.394,1.66,8.913,17.097,0.338,0.975,1
4.161,6.17328,14722.961,162.04973697722383,7775.494,113.783,113.783,654.066,1.659,8.989,17.795,0.352,0.96,1
7.148,10.80324,38989.172,280.4469393130624,9127.503,332.282,332.282,837.572,2.971,15.628,44.816,0.887,0.966,3
6.175,9.25992,29795.036,241.6202051468564,8835.163,246.272,246.272,781.114,2.499,13.177,34.562,0.684,0.957,2
4.161,12.34656,14717.959,162.04816618089703,7711.756,113.719,113.719,634.706,1.665,8.975,16.984,0.336,0.993,1
2.088,3.08664,6930.833,144.09385944587623,6808.215,28.124,28.124,598.628,1.331,7.129,8.922,0.259,0.985,0
5.14,7.7166,21632.511,201.51714660525192,8493.331,175.307,175.307,694.179,2.079,10.953,24.386,0.483,0.975,2
1.138,1.54332,2852.586,148.27573814682475,6737.277,11.495,11.495,533.721,1.203,6.502,0.0,0.158,0.952,0
9.3,13.88988,72759.44,372.8411792551382,9731.357,644.786,644.786,1059.994,4.546,22.941,88.423,1.75,0.995,3
3.144,4.6299600000000005,8374.029,145.21708353928972,7018.615,60.291,60.291,584.376,1.394,7.58,12.28,0.243,0.994,1
6.175,9.25992,29790.069,241.63936886204323,8816.73,246.245,246.245,767.481,2.506,13.175,33.836,0.67,0.977,2
3.144,4.6299600000000005,8377.798,145.2201204121882,7099.502,60.333,60.333,575.916,1.39,7.435,11.892,0.235,0.979,1
5.14,7.7166,21624.033,201.5143191718637,8462.13,175.25,175.25,697.186,2.09,11.139,24.685,0.489,0.995,2
8.206,12.34656,50989.813,323.3011952611705,9295.073,438.053,438.053,919.305,3.604,18.696,60.373,1.195,0.993,3
7.148,10.80324,38986.34,280.44725347232776,9129.983,332.148,332.148,837.534,2.967,15.584,44.76,0.886,0.963,3
9.3,13.88988,72774.887,372.84421612803663,9747.453,644.796,644.796,1044.508,4.526,22.458,86.545,1.713,0.995,3
5.14,7.7166,21631.321,201.51609940770075,8486.962,175.256,175.256,699.269,2.081,11.021,24.689,0.489,0.976,2
3.144,4.6299600000000005,8379.164,145.220853450474,7112.614,60.352,60.352,602.104,1.389,7.553,12.932,0.256,0.953,1
5.14,7.7166,21634.393,201.51547108917,8493.918,175.32,175.32,710.26,2.079,11.058,25.25,0.5,0.964,2
9.3,13.88988,72781.431,372.84840491824144,9787.134,645.021,645.021,1083.358,4.478,22.197,89.234,1.766,0.959,3
7.148,10.80324,38991.129,280.44735819208285,9127.693,332.265,332.265,822.374,2.971,15.505,43.768,0.867,0.975,3
2.088,3.08664,2812.625,143.09294802644254,6764.433,26.251,26.251,504.808,1.199,6.512,8.942,0.133,0.977,0
9.3,13.88988,72781.214,372.8476718799556,9784.226,644.83,644.83,1081.911,4.482,22.236,89.178,1.765,0.961,3
2.088,12.34656,5237.098,146.0707589830252,6787.858,31.617,31.617,558.235,1.287,6.94,0.0,0.196,0.985,0
1.138,1.54332,917.579,144.0068373293718,6735.83,8.973,8.973,460.718,1.123,5.961,0.0,0.081,0.96,0
8.206,12.34656,50994.648,323.31994009733694,9311.778,437.974,437.974,944.707,3.584,18.669,62.011,1.228,0.961,3
9.3,13.88988,72770.532,372.84390196877126,9745.783,644.765,644.765,1054.691,4.529,22.618,87.569,1.733,0.991,3
4.161,6.17328,14720.089,162.0494228179585,7752.269,113.761,113.761,625.381,1.661,8.845,16.506,0.327,0.987,1
9.3,13.88988,72774.566,372.84442556754686,9751.158,644.786,644.786,1051.513,4.522,22.478,87.129,1.725,0.99,3
9.3,12.34656,72770.044,372.84400668852646,9752.023,644.808,644.808,1065.896,4.522,22.646,88.493,1.752,0.983,3
6.175,9.25992,29797.22,241.61455028007987,8843.818,246.333,246.333,782.138,2.496,13.139,34.576,0.685,0.951,2
8.206,12.34656,50993.107,323.3174268232141,9300.015,438.094,438.094,903.293,3.595,18.416,58.926,1.167,0.995,3
3.144,4.6299600000000005,8374.003,145.21708353928972,7022.516,60.288,60.288,578.658,1.393,7.545,12.046,0.238,0.998,1
5.14,7.7166,21636.497,201.5149474903944,8498.107,175.319,175.319,719.886,2.077,11.101,25.744,0.51,0.955,2
8.206,12.34656,50994.213,323.32580440362364,9323.226,437.956,437.956,921.007,3.561,18.138,59.726,1.182,0.958,3
9.3,13.88988,72761.941,372.84149341440354,9731.913,645.008,645.008,1055.243,4.545,22.873,87.954,1.741,0.997,3
3.144,4.6299600000000005,8374.88,145.21834017635112,7037.973,60.306,60.306,580.468,1.393,7.535,12.111,0.24,0.992,1
8.206,12.34656,50993.002,323.31627490590773,9298.829,438.055,438.055,900.333,3.597,18.406,58.715,1.162,0.998,3
4.161,6.17328,14718.15,162.0484803401624,7720.777,113.742,113.742,626.523,1.664,8.906,16.595,0.329,0.996,1
9.3,13.88988,72766.881,372.8448444465674,9760.373,644.886,644.886,1084.368,4.514,22.729,90.054,1.783,0.971,3
1.138,1.54332,1470.587,143.45894357058577,6640.959,8.553,8.553,471.439,1.146,6.124,2.832,0.099,0.995,0
3.144,4.6299600000000005,8375.138,145.21854961586138,7041.646,60.304,60.304,583.809,1.392,7.547,12.243,0.242,0.988,1
9.3,13.88988,72773.007,372.8462058033839,9766.189,645.021,645.021,1078.269,4.506,22.54,89.318,1.768,0.971,3
2.088,3.08664,4196.566,140.83047771708232,6857.958,22.444,22.444,550.843,1.238,6.637,22.527,0.2,0.952,0
7.148,10.80324,38983.305,280.4486148291443,9135.609,332.204,332.204,818.04,2.961,15.332,43.304,0.857,0.968,3
2.088,3.08664,3103.025,144.03783437688722,6854.557,27.938,27.938,500.012,1.209,6.44,3.806,0.128,0.964,0
5.14,7.7166,21622.697,201.5142144521085,8458.509,175.195,175.195,696.633,2.091,11.155,24.671,0.488,0.998,2
9.3,13.88988,72775.191,372.84599636387367,9767.519,645.099,645.099,1074.578,4.503,22.466,88.928,1.76,0.972,3
1.138,1.54332,998.478,138.50077732493523,6645.584,6.035,6.035,492.502,1.122,6.071,23.078,0.131,0.966,0
6.175,9.25992,29792.019,241.6283732877557,8822.863,246.212,246.212,759.541,2.504,13.084,33.318,0.66,0.978,2
4.161,6.17328,14718.598,162.0480614611419,7713.656,113.741,113.741,645.294,1.665,9.04,17.468,0.346,0.985,1
7.148,10.80324,39009.429,280.4398183697142,9115.215,332.504,332.504,815.479,2.988,15.673,43.553,0.862,0.995,3
9.3,13.88988,72779.303,372.8481954787312,9783.82,644.994,644.994,1084.746,4.483,22.282,89.462,1.771,0.96,3
6.175,9.25992,29790.876,241.63339983600144,8818.652,246.269,246.269,755.973,2.506,13.081,33.123,0.656,0.983,2
9.3,13.88988,72774.193,372.844530287302,9761.199,644.956,644.956,1069.892,4.511,22.526,88.644,1.755,0.977,3
2.088,12.34656,3043.175,141.84049975521145,6862.118,24.127,24.127,509.762,1.202,6.41,15.106,0.147,0.956,0
2.088,3.08664,3186.965,144.3392178321216,6727.541,28.44,28.44,503.054,1.216,6.596,1.917,0.13,0.998,0
7.148,10.80324,39003.379,280.442226924082,9117.247,332.449,332.449,833.818,2.984,15.782,44.778,0.887,0.981,3
8.206,12.34656,50994.429,323.32517608509283,9315.497,438.099,438.099,923.593,3.573,18.33,60.161,1.191,0.966,3
3.144,4.6299600000000005,8380.72,145.22179592827013,7155.027,60.367,60.367,584.103,1.387,7.411,12.192,0.241,0.957,1
6.175,9.25992,29761.802,241.5716151804808,8789.097,245.991,245.991,766.946,2.515,13.313,33.937,0.672,0.995,2
8.206,12.34656,50995.504,323.3307262321142,9322.285,437.969,437.969,931.903,3.564,18.285,60.645,1.201,0.954,3
8.206,12.34656,50990.933,323.3065359686816,9301.912,437.944,437.944,930.621,3.595,18.687,61.112,1.21,0.979,3
2.088,3.08664,6874.721,144.50362784765946,6803.515,28.851,28.851,597.237,1.331,7.139,6.719,0.256,0.986,0
9.3,12.34656,72774.404,372.84390196877126,9745.529,645.12,645.12,1044.292,4.528,22.491,86.572,1.714,0.996,3
1.138,1.54332,2651.985,144.22276946442855,6620.442,9.024,9.024,513.294,1.192,6.432,5.597,0.148,0.998,0
1.138,1.54332,410.727,140.5893081210417,6654.757,7.086,7.086,455.12,1.1,5.906,10.675,0.082,0.973,0
7.148,10.80324,39015.451,280.4338493436724,9111.27,332.446,332.446,820.342,2.993,15.783,43.976,0.871,0.997,3
7.148,10.80324,38982.606,280.4475676315932,9133.991,332.112,332.112,834.445,2.962,15.489,44.464,0.88,0.96,3
9.3,13.88988,72754.016,372.83856126126017,9725.615,644.733,644.733,1065.345,4.553,23.106,89.068,1.763,0.995,3
2.088,3.08664,3092.085,144.01406299247506,6847.061,27.895,27.895,500.73,1.209,6.451,4.233,0.129,0.965,0
7.148,12.34656,38993.603,280.44683459330724,9125.75,332.266,332.266,821.409,2.974,15.532,43.742,0.866,0.978,3
9.3,13.88988,72776.617,372.844530287302,9751.525,644.999,644.999,1046.859,4.521,22.412,86.67,1.716,0.992,3
8.206,12.34656,50984.168,323.2818221064734,9290.331,437.982,437.982,916.956,3.611,18.762,60.302,1.194,1.0,3
7.148,10.80324,38979.801,280.44777707110336,9136.991,332.092,332.092,833.441,2.958,15.429,44.332,0.878,0.957,3
8.206,12.34656,50997.075,323.3302026333386,9318.315,437.997,437.997,950.392,3.576,18.614,62.303,1.233,0.951,3
1.138,1.54332,5914.319,146.26867932020133,6703.663,10.214,10.214,596.731,1.301,6.954,0.0,0.246,0.982,0
6.175,9.25992,29792.998,241.62502225559183,8826.012,246.24,246.24,759.507,2.503,13.067,33.299,0.659,0.976,2
8.206,12.34656,50993.453,323.3187881800306,9302.831,437.998,437.998,908.221,3.591,18.414,59.255,1.173,0.989,3
1.138,1.54332,4947.695,147.73705972648924,6726.62,11.14,11.14,584.649,1.274,6.848,0.0,0.223,0.965,0
4.161,6.17328,14724.5,162.0506794550199,7806.533,113.802,113.802,644.884,1.656,8.878,17.342,0.343,0.957,1
4.161,6.17328,14726.291,162.05151721306086,7835.232,113.821,113.821,642.949,1.653,8.819,17.222,0.341,0.95,1
2.088,3.08664,5195.417,140.92451605717977,6835.858,22.626,22.626,583.912,1.27,6.863,23.197,0.238,0.953,0
5.14,7.7166,21621.217,201.51285309529203,8450.535,175.198,175.198,703.817,2.093,11.248,25.097,0.497,0.999,2
6.175,9.25992,29762.494,241.5681594285619,8796.195,245.956,245.956,759.373,2.513,13.218,33.434,0.662,0.995,2
1.138,1.54332,3917.099,145.4050554997295,6638.208,9.737,9.737,555.677,1.238,6.714,4.537,0.194,0.989,0
9.3,13.88988,72777.784,372.8447397268122,9759.313,645.161,645.161,1056.299,4.512,22.386,87.383,1.73,0.984,3
2.088,3.08664,5524.941,146.02531060930326,6780.761,31.541,31.541,566.11,1.296,7.0,0.0,0.206,0.987,0
9.3,13.88988,72777.429,372.84704356142487,9773.512,644.916,644.916,1077.356,4.496,22.387,89.035,1.762,0.968,3
8.206,12.34656,50993.402,323.3187881800306,9304.208,438.092,438.092,906.818,3.589,18.37,59.101,1.17,0.988,3
7.148,12.34656,38997.064,280.4447401982049,9121.068,332.38,332.38,839.126,2.979,15.755,45.06,0.892,0.973,3
9.3,13.88988,72776.872,372.8474624404453,9774.6,644.886,644.886,1078.479,4.495,22.38,89.113,1.764,0.967,3
7.148,10.80324,39004.845,280.44170332530643,9116.874,332.35,332.35,828.074,2.985,15.743,44.391,0.879,0.985,3
5.14,7.7166,21624.398,201.51547108917,8466.52,175.223,175.223,689.599,2.088,11.063,24.253,0.48,0.997,2
2.088,3.08664,2838.128,142.39184926591642,6780.812,25.046,25.046,509.031,1.198,6.494,12.447,0.141,0.971,0
6.175,9.25992,29793.259,241.62638361240843,8828.744,246.273,246.273,781.186,2.502,13.212,34.602,0.685,0.961,2
8.206,12.34656,50994.233,323.3241288875417,9315.198,437.974,437.974,920.179,3.573,18.296,59.89,1.186,0.968,3
7.148,10.80324,39000.18,280.44484491796,9120.909,332.414,332.414,819.877,2.98,15.606,43.738,0.866,0.985,3
5.14,7.7166,21634.071,201.51515692990463,8492.101,175.303,175.303,712.182,2.08,11.081,25.36,0.502,0.964,2
5.14,7.7166,21629.963,201.51306253480223,8475.468,175.255,175.255,719.22,2.085,11.217,25.811,0.511,0.971,2
3.144,12.34656,8377.139,145.21970153316772,7089.259,60.337,60.337,570.133,1.39,7.417,11.662,0.231,0.987,1
9.3,13.88988,72775.348,372.84547276509807,9766.422,644.933,644.933,1073.466,4.505,22.473,88.851,1.759,0.973,3
7.148,12.34656,38987.192,280.4469393130624,9128.423,332.148,332.148,844.091,2.969,15.663,45.241,0.896,0.961,3
2.088,3.08664,6918.229,143.36731378485604,6795.172,26.845,26.845,598.555,1.329,7.121,12.677,0.263,0.989,0
5.14,7.7166,21636.234,201.51348141382272,8493.801,175.293,175.293,730.948,2.079,11.198,26.349,0.522,0.951,2
2.088,3.08664,3179.713,141.421830174243,6783.796,23.391,23.391,525.28,1.208,6.558,17.977,0.164,0.967,0
8.206,12.34656,50989.91,323.30140470068073,9293.343,438.028,438.028,915.659,3.607,18.69,60.121,1.19,0.997,3
8.206,12.34656,50994.557,323.32601384313386,9318.151,438.008,438.008,925.315,3.57,18.294,60.225,1.192,0.962,3
4.161,6.17328,14718.295,162.04879449942777,7728.119,113.742,113.742,620.599,1.663,8.855,16.31,0.323,0.998,1
2.088,3.08664,5457.257,141.02274318748198,6758.801,22.741,22.741,565.7,1.281,6.869,22.095,0.229,0.997,0
7.148,10.80324,39002.847,280.44337884138827,9118.958,332.358,332.358,820.613,2.983,15.647,43.83,0.868,0.987,3
4.161,6.17328,14717.308,162.0480614611419,7706.334,113.73,113.73,627.343,1.665,8.937,16.649,0.33,1.0,1
2.088,3.08664,3220.348,144.38403788731284,6803.825,28.545,28.545,507.772,1.215,6.545,2.257,0.134,0.973,0
1.138,1.54332,948.745,138.34809592197072,6653.555,6.021,6.021,501.041,1.12,6.094,24.423,0.137,0.954,0
9.3,13.88988,72760.855,372.841912293424,9735.898,644.865,644.865,1064.253,4.542,22.915,88.726,1.756,0.991,3
5.14,7.7166,21625.687,201.5144238916188,8466.713,175.249,175.249,699.706,2.088,11.132,24.802,0.491,0.99,2
4.161,6.17328,14722.592,162.0501558562443,7784.29,113.785,113.785,634.186,1.658,8.847,16.877,0.334,0.971,1
2.088,12.34656,7016.066,143.78964855725363,6740.276,27.587,27.587,612.701,1.336,7.267,10.994,0.273,0.995,0
8.206,12.34656,50993.744,323.32182505292906,9312.547,437.959,437.959,912.388,3.577,18.261,59.325,1.174,0.975,3
3.144,4.6299600000000005,8377.654,145.2200156924331,7093.816,60.342,60.342,579.926,1.39,7.463,12.057,0.239,0.977,1
5.14,7.7166,21624.782,201.5131672545573,8461.42,175.24,175.24,708.426,2.09,11.22,25.296,0.501,0.988,2
3.144,4.6299600000000005,8375.529,145.21875905537163,7048.207,60.314,60.314,585.13,1.392,7.546,12.293,0.243,0.985,1
7.148,10.80324,38989.409,280.4467298735521,9126.975,332.295,332.295,840.326,2.971,15.659,45.015,0.891,0.965,3
8.206,12.34656,50992.791,323.315646587377,9298.602,437.961,437.961,897.003,3.597,18.373,58.446,1.157,1.0,3
4.161,6.17328,14722.865,162.04994641673406,7778.302,113.777,113.777,646.895,1.659,8.939,17.466,0.346,0.964,1
8.206,12.34656,50993.855,323.3202542566023,9303.836,438.016,438.016,921.834,3.592,18.549,60.344,1.195,0.981,3
4.161,6.17328,14718.831,162.04816618089703,7715.846,113.72,113.72,645.745,1.664,9.04,17.487,0.346,0.984,1
4.161,6.17328,14720.489,162.04879449942777,7739.87,113.76,113.76,649.389,1.662,9.021,17.624,0.349,0.974,1
8.206,12.34656,50997.04,323.33261118770645,9315.003,438.039,438.039,938.071,3.577,18.516,61.369,1.215,0.96,3
3.144,4.6299600000000005,8375.488,145.21875905537163,7045.028,60.313,60.313,588.427,1.392,7.567,12.427,0.246,0.983,1
6.175,12.34656,29791.329,241.6331903964912,8820.935,246.232,246.232,767.941,2.505,13.156,33.841,0.67,0.974,2
8.206,12.34656,50994.739,323.32444304680706,9309.269,438.091,438.091,933.054,3.585,18.568,61.111,1.21,0.969,3
2.088,3.08664,6574.105,145.31478707081635,6746.38,30.292,30.292,599.676,1.327,7.23,2.459,0.25,0.993,0
5.14,12.34656,21630.974,201.5131672545573,8478.357,175.248,175.248,722.327,2.084,11.223,25.963,0.514,0.967,2
9.3,13.88988,72762.609,372.8422264526893,9742.71,644.829,644.829,1070.711,4.534,22.875,89.183,1.765,0.985,3
3.144,4.6299600000000005,8380.894,145.22190064802524,7153.292,60.37,60.37,592.882,1.387,7.457,12.544,0.248,0.95,1
9.3,12.34656,72775.582,372.84421612803663,9756.842,644.952,644.952,1058.827,4.515,22.466,87.691,1.736,0.984,3
8.206,12.34656,50994.117,323.32234865170466,9306.205,438.104,438.104,920.008,3.588,18.48,60.129,1.19,0.979,3
5.14,7.7166,21626.04,201.5157852484353,8471.06,175.222,175.222,689.232,2.087,11.037,24.213,0.479,0.994,2
9.3,13.88988,72778.835,372.84714828118,9783.468,645.173,645.173,1087.618,4.485,22.328,89.75,1.777,0.959,3
7.148,10.80324,39003.557,280.44264580310244,9117.884,332.364,332.364,826.008,2.984,15.709,44.226,0.876,0.985,3
4.161,6.17328,14724.27,162.0506794550199,7803.895,113.795,113.795,643.092,1.656,8.871,17.263,0.342,0.959,1
6.175,9.25992,29773.398,241.60648685893568,8813.104,246.046,246.046,765.837,2.507,13.178,33.742,0.668,0.98,2
3.144,4.6299600000000005,8378.476,145.22053929120867,7105.636,60.348,60.348,590.059,1.389,7.5,12.458,0.247,0.965,1
8.206,12.34656,50993.857,323.32266281097,9314.202,437.96,437.96,914.412,3.574,18.25,59.445,1.177,0.972,3
9.3,13.88988,72770.243,372.8462058033839,9778.155,645.112,645.112,1098.633,4.494,22.583,90.942,1.8,0.957,3
1.138,1.54332,1049.861,141.9050071243651,6636.735,7.755,7.755,468.755,1.128,6.061,7.625,0.096,0.985,0
1.138,1.54332,5020.852,141.40821660607745,6623.858,7.52,7.52,593.747,1.264,6.853,18.084,0.251,0.99,0
7.148,10.80324,38977.355,280.44777707110336,9138.456,332.161,332.161,842.338,2.956,15.473,44.908,0.889,0.95,3
5.14,7.7166,21624.208,201.5148427706393,8463.883,175.203,175.203,693.847,2.089,11.107,24.496,0.485,0.996,2
7.148,10.80324,38997.17,280.4451590772253,9121.658,332.314,332.314,832.954,2.979,15.696,44.624,0.884,0.976,3
9.3,13.88988,72769.39,372.845368045343,9751.759,644.937,644.937,1063.942,4.522,22.625,88.31,1.748,0.984,3
1.138,1.54332,2595.511,143.7926854301521,6615.273,8.79,8.79,512.95,1.189,6.425,6.107,0.148,0.998,0
5.14,12.34656,21624.5,201.5139002928432,8462.206,175.218,175.218,701.561,2.09,11.169,24.922,0.493,0.992,2
4.161,6.17328,14724.382,162.0502605759994,7794.002,113.786,113.786,657.82,1.657,8.982,17.943,0.355,0.952,1
8.206,12.34656,50993.104,323.3165890651731,9303.103,438.103,438.103,925.676,3.593,18.608,60.678,1.201,0.98,3
8.206,12.34656,50989.193,323.3004622228846,9301.606,437.965,437.965,933.45,3.596,18.725,61.351,1.215,0.978,3
7.148,12.34656,38996.798,280.4454732364906,9122.191,332.376,332.376,830.224,2.978,15.665,44.425,0.88,0.977,3
9.3,13.88988,72765.24,372.8432736502406,9759.03,644.744,644.744,1088.17,4.516,22.804,90.457,1.791,0.97,3
1.138,1.54332,458.884,142.27602921675407,6681.953,8.086,8.086,463.941,1.103,5.972,1.659,0.079,0.953,0
4.161,6.17328,14719.898,162.04889921918286,7739.742,113.757,113.757,637.852,1.662,8.947,17.097,0.338,0.982,1
2.088,3.08664,3304.255,144.49996265623028,6838.304,28.764,28.764,505.79,1.217,6.507,1.641,0.133,0.968,0
1.138,1.54332,3065.527,144.2070615011606,6610.151,9.053,9.053,532.783,1.207,6.559,7.033,0.169,0.995,0
3.144,4.6299600000000005,8374.655,145.21823545659603,7033.643,60.302,60.302,579.599,1.393,7.536,12.078,0.239,0.994,1
2.088,3.08664,3611.292,145.0364419617083,6810.7,29.722,29.722,516.447,1.23,6.611,0.0,0.144,0.974,0
3.144,4.6299600000000005,8378.128,145.2203298516984,7094.81,60.347,60.347,595.834,1.39,7.543,12.694,0.251,0.963,1
3.144,12.34656,8374.835,145.21834017635112,7034.443,60.307,60.307,584.968,1.393,7.563,12.294,0.243,0.989,1
7.148,10.80324,39006.238,280.441389166041,9116.506,332.387,332.387,822.387,2.986,15.705,44.005,0.871,0.989,3
8.206,12.34656,50996.907,323.3295743148079,9317.695,438.111,438.111,949.713,3.577,18.618,62.264,1.233,0.952,3
1.138,12.34656,566.658,142.30409411112615,6669.512,8.022,8.022,455.972,1.108,5.953,1.816,0.075,0.969,0
3.144,4.6299600000000005,8380.424,145.22158648875984,7143.407,60.376,60.376,593.575,1.387,7.473,12.577,0.249,0.952,1
3.144,12.34656,8374.431,145.21813073684092,7029.327,60.298,60.298,578.733,1.393,7.537,12.045,0.238,0.996,1
9.3,13.88988,72757.608,372.840969815628,9736.954,644.969,644.969,1074.079,4.541,23.019,89.643,1.775,0.986,3
6.175,9.25992,29762.659,241.56794998905164,8796.22,246.029,246.029,756.252,2.513,13.196,33.242,0.658,0.997,2
8.206,12.34656,50993.008,323.31386635154,9305.493,438.072,438.072,936.394,3.591,18.684,61.491,1.217,0.972,3
5.14,7.7166,21624.402,201.5149474903944,8464.772,175.253,175.253,692.906,2.089,11.095,24.441,0.484,0.996,2
1.138,1.54332,4326.356,137.56824790559463,6646.272,5.631,5.631,607.985,1.233,6.751,33.034,0.266,0.957,0
1.138,1.54332,4217.243,148.17468358313425,6722.646,11.37,11.37,560.795,1.251,6.717,0.0,0.196,0.969,0
7.148,10.80324,39001.236,280.4436930006537,9119.304,332.293,332.293,827.967,2.982,15.699,44.331,0.878,0.982,3
7.148,10.80324,39002.506,280.4437977204088,9119.494,332.354,332.354,817.937,2.983,15.616,43.633,0.864,0.988,3
3.144,4.6299600000000005,8375.987,145.21907321463698,7053.835,60.321,60.321,590.213,1.392,7.565,12.494,0.247,0.979,1
1.138,1.54332,5189.767,147.5394535485784,6731.878,11.05,11.05,593.906,1.281,6.9,0.0,0.234,0.961,0
3.144,12.34656,8376.484,145.21928265414724,7074.73,60.326,60.326,572.363,1.391,7.447,11.761,0.233,0.989,1
9.3,13.88988,72766.841,372.8451586058328,9775.016,645.096,645.096,1102.179,4.499,22.692,91.363,1.809,0.957,3
6.175,9.25992,29762.292,241.57056798292965,8794.158,246.025,246.025,761.519,2.513,13.245,33.576,0.665,0.995,2
5.14,7.7166,21629.421,201.5132719743125,8474.479,175.228,175.228,717.181,2.085,11.209,25.706,0.509,0.973,2
3.144,4.6299600000000005,8375.025,145.21854961586138,7039.468,60.304,60.304,583.369,1.392,7.548,12.227,0.242,0.989,1
2.088,3.08664,2867.327,143.06854832349967,6852.891,26.24,26.24,498.719,1.199,6.393,8.359,0.129,0.961,0
9.3,13.88988,72773.472,372.8466246824044,9775.522,645.083,645.083,1089.344,4.496,22.508,90.134,1.784,0.962,3
3.144,4.6299600000000005,8377.688,145.2200156924331,7096.959,60.343,60.343,576.697,1.39,7.442,11.925,0.236,0.979,1
6.175,12.34656,29761.064,241.5683688680721,8797.434,245.951,245.951,785.538,2.511,13.404,35.019,0.693,0.978,2
1.138,1.54332,1547.026,145.64507317846378,6684.496,9.787,9.787,471.554,1.151,6.126,0.0,0.097,0.985,0
1.138,1.54332,442.002,140.98651015221057,6655.751,7.279,7.279,451.852,1.102,5.902,8.808,0.077,0.976,0
2.088,3.08664,2949.745,142.1082681690524,6841.676,24.582,24.582,507.724,1.2,6.423,13.719,0.143,0.96,0
6.175,9.25992,29795.502,241.61989098759105,8837.687,246.333,246.333,790.336,2.498,13.232,35.103,0.695,0.95,2
7.148,10.80324,38997.914,280.4455779562458,9122.331,332.375,332.375,821.828,2.978,15.596,43.843,0.868,0.982,3
5.14,7.7166,21637.323,201.51725132500704,8506.061,175.299,175.299,705.289,2.075,10.961,24.93,0.493,0.959,2
5.14,7.7166,21634.864,201.51505221014952,8494.091,175.27,175.27,714.736,2.079,11.088,25.488,0.505,0.961,2
5.14,7.7166,21626.986,201.51609940770075,8474.714,175.258,175.258,689.8,2.086,11.021,24.228,0.48,0.991,2
9.3,13.88988,72771.598,372.84400668852646,9746.655,644.781,644.781,1053.839,4.527,22.591,87.466,1.731,0.991,3
7.148,10.80324,39004.886,280.44316940187804,9118.689,332.361,332.361,810.075,2.984,15.568,43.103,0.853,0.994,3
3.144,4.6299600000000005,8378.013,145.2202251319433,7091.667,60.333,60.333,599.212,1.39,7.564,12.83,0.254,0.961,1
7.148,10.80324,39003.99,280.4445307586946,9120.324,332.45,332.45,800.63,2.983,15.463,42.409,0.84,0.998,3
7.148,10.80324,39007.304,280.4408655672654,9116.074,332.374,332.374,820.075,2.987,15.694,43.854,0.868,0.991,3
4.161,12.34656,14724.541,162.0505747352648,7803.431,113.782,113.782,650.655,1.656,8.92,17.608,0.349,0.954,1
2.088,3.08664,5609.242,141.1469408170539,6849.289,23.017,23.017,594.393,1.283,6.925,22.981,0.25,0.95,0
7.148,10.80324,38991.532,280.44788179085845,9128.285,332.309,332.309,814.755,2.971,15.435,43.228,0.856,0.979,3
4.161,6.17328,14724.17,162.05036529575457,7795.059,113.796,113.796,652.84,1.657,8.948,17.716,0.351,0.955,1
5.14,7.7166,21626.633,201.5129578150472,8466.128,175.21,175.21,715.491,2.088,11.242,25.654,0.508,0.98,2
4.161,6.17328,14721.497,162.04973697722383,7766.968,113.765,113.765,634.501,1.659,8.878,16.911,0.335,0.976,1
1.138,1.54332,5312.391,143.98893025124636,6638.917,8.959,8.959,598.545,1.279,6.952,5.77,0.247,0.986,0
2.088,3.08664,4375.905,140.7449216771495,6793.733,22.281,22.281,564.439,1.246,6.774,23.482,0.213,0.962,0
9.3,13.88988,72777.818,372.8468341219147,9774.291,645.111,645.111,1076.505,4.495,22.361,88.932,1.76,0.968,3
6.175,9.25992,29761.419,241.5681594285619,8797.351,246.02,246.02,779.005,2.512,13.357,34.624,0.685,0.982,2
4.161,6.17328,14723.819,162.0500511364892,7787.026,113.79,113.79,656.406,1.658,8.985,17.887,0.354,0.955,1
2.088,3.08664,2928.596,143.66890667960067,6777.707,27.266,27.266,504.251,1.204,6.519,5.441,0.131,0.976,0
2.088,3.08664,2885.665,142.11517967289026,6781.274,24.572,24.572,512.133,1.199,6.502,14.117,0.146,0.97,0
5.14,7.7166,21623.413,201.51463333112903,8461.174,175.244,175.244,693.793,2.09,11.121,24.505,0.485,0.998,2
6.175,9.25992,29761.539,241.56480839639804,8800.385,245.933,245.933,775.674,2.511,13.315,34.405,0.681,0.982,2
7.148,10.80324,39000.625,280.44484491796,9120.97,332.418,332.418,816.563,2.981,15.579,43.507,0.861,0.987,3
9.3,13.88988,72771.07,372.8464152428941,9783.943,644.779,644.779,1104.488,4.488,22.551,91.337,1.808,0.952,3
6.175,9.25992,29762.154,241.5716151804808,8791.11,246.032,246.032,763.183,2.515,13.274,33.695,0.667,0.996,2
3.144,4.6299600000000005,8377.105,145.21970153316772,7077.949,60.334,60.334,587.169,1.391,7.519,12.358,0.245,0.975,1
4.161,6.17328,14720.969,162.0491086586931,7749.968,113.763,113.763,646.295,1.661,8.983,17.471,0.346,0.973,1
1.138,1.54332,5181.374,140.43777863538358,6629.608,7.074,7.074,614.663,1.266,6.925,23.037,0.272,0.975,0
6.175,9.25992,29792.254,241.6274308099596,8823.939,246.283,246.283,761.607,2.504,13.093,33.438,0.662,0.976,2
4.161,6.17328,14723.377,162.0505747352648,7795.749,113.785,113.785,636.448,1.657,8.842,16.969,0.336,0.966,1
4.161,6.17328,14721.022,162.0494228179585,7757.054,113.765,113.765,638.809,1.66,8.923,17.121,0.339,0.976,1
2.088,3.08664,6925.028,143.547536483417,6809.936,27.158,27.158,598.311,1.329,7.109,11.959,0.261,0.985,0
7.148,10.80324,39014.891,280.4347918214684,9111.814,332.46,332.46,817.65,2.993,15.752,43.777,0.867,0.998,3
3.144,4.6299600000000005,8376.752,145.21949209365746,7078.198,60.325,60.325,576.862,1.391,7.466,11.942,0.236,0.984,1
7.148,10.80324,39001.698,280.4443213191843,9119.965,332.425,332.425,818.583,2.982,15.612,43.668,0.865,0.987,3
3.144,4.6299600000000005,8376.078,145.21896849488186,7064.968,60.324,60.324,574.263,1.391,7.469,11.844,0.234,0.99,1
7.148,10.80324,38986.787,280.44735819208285,9130.018,332.177,332.177,834.124,2.968,15.557,44.526,0.882,0.965,3
5.14,7.7166,21623.875,201.5157852484353,8465.565,175.203,175.203,686.257,2.089,11.046,24.075,0.477,1.0,2
5.14,7.7166,21623.621,201.51306253480223,8457.763,175.196,175.196,706.387,2.091,11.226,25.203,0.499,0.992,2
9.3,13.88988,72781.491,372.8481954787312,9786.405,645.137,645.137,1084.204,4.48,22.223,89.337,1.768,0.959,3
6.175,9.25992,29767.076,241.5943393673418,8811.393,245.971,245.971,792.306,2.506,13.381,35.351,0.7,0.965,2
1.138,1.54332,2022.183,147.18162614533455,6719.083,10.815,10.815,503.909,1.171,6.308,0.0,0.126,0.959,0
7.148,10.80324,38974.631,280.44735819208285,9143.01,332.11,332.11,833.209,2.951,15.323,44.191,0.875,0.95,3
4.161,6.17328,14717.925,162.0480614611419,7710.05,113.738,113.738,636.888,1.665,8.992,17.087,0.338,0.992,1
9.3,13.88988,72772.798,372.84421612803663,9753.489,645.066,645.066,1062.234,4.52,22.572,88.104,1.744,0.984,3
2.088,3.08664,3482.607,144.8132841635483,6825.984,29.323,29.323,511.28,1.225,6.562,0.137,0.138,0.971,0
2.088,3.08664,5723.041,141.23144965943547,6832.587,23.155,23.155,599.12,1.287,6.969,22.538,0.255,0.953,0
5.14,7.7166,21626.603,201.51348141382272,8466.927,175.247,175.247,710.021,2.088,11.201,25.357,0.502,0.983,2
1.138,12.34656,4727.605,138.0229410823242,6637.231,5.778,5.778,601.624,1.247,6.767,31.163,0.266,0.974,0
8.206,12.34656,50993.154,323.3176362627243,9298.215,438.084,438.084,905.753,3.598,18.481,59.178,1.172,0.996,3
5.14,7.7166,21634.613,201.5149474903944,8493.179,175.268,175.268,715.705,2.079,11.099,25.544,0.506,0.961,2
7.148,10.80324,39019.753,280.42829919665104,9108.835,332.591,332.591,822.173,2.997,15.842,44.155,0.874,0.999,3
2.088,3.08664,3226.552,144.41995676331888,6780.635,28.597,28.597,509.24,1.216,6.575,2.03,0.135,0.978,0
8.206,12.34656,50996.612,323.32800351848107,9317.941,438.131,438.131,951.441,3.577,18.636,62.4,1.235,0.951,3
8.206,12.34656,50994.507,323.3266421616645,9321.62,438.096,438.096,925.033,3.564,18.218,60.102,1.19,0.958,3
6.175,9.25992,29762.227,241.5649131161532,8799.229,245.983,245.983,764.0,2.511,13.235,33.699,0.667,0.99,2
4.161,6.17328,14718.985,162.04837562040728,7721.422,113.724,113.724,641.756,1.664,9.004,17.297,0.342,0.985,1
5.14,7.7166,21625.047,201.5149474903944,8466.602,175.207,175.207,693.906,2.088,11.092,24.487,0.485,0.994,2
6.175,9.25992,29797.711,241.6129794837531,8845.808,246.32,246.32,778.37,2.495,13.1,34.338,0.68,0.952,2
1.138,1.54332,4224.282,143.1545232424529,6608.199,8.457,8.457,565.577,1.244,6.752,10.597,0.213,0.998,0
1.138,1.54332,6995.134,140.803983619037,6687.689,7.253,7.253,646.503,1.317,7.098,20.206,0.316,0.971,0
7.148,10.80324,38992.975,280.4464157142868,9125.124,332.233,332.233,830.818,2.974,15.617,44.403,0.879,0.973,3
6.175,9.25992,29790.135,241.63853110400228,8816.633,246.241,246.241,762.752,2.506,13.141,33.548,0.664,0.98,2
9.3,13.88988,72782.367,372.8483001984863,9790.448,645.001,645.001,1086.838,4.475,22.177,89.477,1.771,0.956,3
2.088,3.08664,3893.409,145.41217644307764,6783.047,30.385,30.385,524.639,1.241,6.703,0.0,0.154,0.982,0
4.161,6.17328,14725.555,162.05099361428526,7818.911,113.809,113.809,649.892,1.655,8.889,17.556,0.348,0.95,1
6.175,9.25992,29761.03,241.56480839639804,8802.589,245.934,245.934,784.827,2.51,13.371,34.946,0.692,0.975,2
3.144,4.6299600000000005,8379.734,145.22116760973938,7133.085,60.368,60.368,585.02,1.388,7.441,12.241,0.242,0.962,1
3.144,4.6299600000000005,8378.404,145.22043457145355,7107.355,60.352,60.352,582.58,1.389,7.46,12.157,0.241,0.971,1
6.175,9.25992,29789.603,241.64261517445192,8817.303,246.244,246.244,790.114,2.506,13.34,35.204,0.697,0.963,2
7.148,10.80324,39007.517,280.4414938857961,9116.72,332.379,332.379,812.448,2.987,15.622,43.31,0.858,0.995,3
7.148,10.80324,39000.935,280.4437977204088,9119.272,332.29,332.29,829.655,2.982,15.713,44.448,0.88,0.981,3
3.144,4.6299600000000005,8377.48,145.21991097267795,7079.734,60.333,60.333,599.476,1.39,7.581,12.847,0.254,0.964,1
4.161,6.17328,14720.451,162.0491086586931,7748.119,113.763,113.763,637.013,1.661,8.927,17.048,0.337,0.98,1
3.144,4.6299600000000005,8375.593,145.21875905537163,7047.881,60.316,60.316,586.374,1.392,7.553,12.343,0.244,0.984,1
3.144,4.6299600000000005,8378.394,145.22043457145355,7098.805,60.343,60.343,599.314,1.39,7.556,12.83,0.254,0.959,1
7.148,10.80324,39005.416,280.4424363635922,9117.583,332.456,332.456,817.021,2.985,15.643,43.61,0.863,0.991,3
3.144,4.6299600000000005,8377.266,145.21980625292284,7079.276,60.334,60.334,591.382,1.391,7.539,12.526,0.248,0.971,1
2.088,3.08664,5289.385,146.06740795086134,6783.195,31.618,31.618,559.933,1.289,6.96,0.0,0.198,0.986,0
9.3,13.88988,72773.853,372.8477765997107,9789.231,645.058,645.058,1103.336,4.48,22.43,91.079,1.803,0.95,3
5.14,7.7166,21633.315,201.51557580892512,8490.977,175.283,175.283,707.205,2.08,11.053,25.099,0.497,0.968,2
2.088,3.08664,4858.975,146.00866016823923,6806.126,31.502,31.502,546.455,1.274,6.846,0.0,0.182,0.981,0
4.161,6.17328,14720.699,162.04931809820337,7754.287,113.757,113.757,635.734,1.661,8.908,16.982,0.336,0.979,1
6.175,9.25992,29792.202,241.6287921667761,8824.088,246.256,246.256,767.897,2.504,13.139,33.821,0.67,0.972,2
9.3,13.88988,72772.419,372.8446350070572,9753.225,645.05,645.05,1060.29,4.52,22.552,87.923,1.74,0.985,3
3.144,4.6299600000000005,8373.696,145.2168740997795,7012.899,60.288,60.288,580.604,1.394,7.567,12.131,0.24,0.999,1
9.3,13.88988,72762.349,372.8424358921996,9741.575,644.75,644.75,1069.629,4.535,22.882,89.107,1.764,0.986,3
4.161,6.17328,14724.801,162.05109833404038,7817.765,113.803,113.803,635.775,1.655,8.802,16.913,0.335,0.96,1
9.3,13.88988,72767.386,372.8435878095059,9749.419,644.849,644.849,1068.497,4.526,22.726,88.807,1.758,0.983,3
9.3,13.88988,72767.717,372.84599636387367,9783.213,644.801,644.801,1110.396,4.49,22.647,91.917,1.82,0.95,3
2.088,3.08664,6537.767,145.2861985776687,6774.764,30.235,30.235,592.524,1.325,7.159,2.52,0.244,0.99,0
7.148,10.80324,39001.753,280.4446354784497,9120.562,332.381,332.381,812.627,2.981,15.555,43.242,0.856,0.99,3
3.144,4.6299600000000005,8375.049,145.21844489610626,7048.216,60.306,60.306,568.444,1.392,7.459,11.615,0.23,1.0,1
9.3,13.88988,72778.558,372.8475671602004,9787.957,644.809,644.809,1092.267,4.479,22.303,90.065,1.783,0.955,3
8.206,12.34656,50993.265,323.3176362627243,9300.54,437.956,437.956,917.884,3.596,18.571,60.111,1.19,0.987,3
9.3,13.88988,72777.18,372.8456822046084,9757.965,644.851,644.851,1053.292,4.513,22.373,87.127,1.725,0.986,3
8.206,12.34656,50987.244,323.2910374449239,9291.892,437.963,437.963,917.161,3.609,18.734,60.281,1.193,0.998,3
8.206,12.34656,50994.296,323.32475720607243,9317.281,437.969,437.969,921.211,3.57,18.265,59.915,1.186,0.965,3
2.088,3.08664,3367.338,141.2737564405038,6824.09,23.155,23.155,527.133,1.213,6.53,18.959,0.168,0.96,0
5.14,7.7166,21639.632,201.51777492378267,8513.865,175.361,175.361,708.053,2.073,10.94,25.044,0.496,0.952,2
8.206,12.34656,50994.733,323.3271657604401,9320.408,438.113,438.113,928.085,3.566,18.28,60.387,1.195,0.958,3
4.161,6.17328,14724.321,162.0502605759994,7793.685,113.799,113.799,656.452,1.657,8.974,17.881,0.354,0.953,1
7.148,10.80324,38988.275,280.4480912303687,9130.147,332.154,332.154,822.347,2.968,15.462,43.714,0.866,0.972,3
3.144,4.6299600000000005,8378.106,145.2202251319433,7103.707,60.344,60.344,578.011,1.389,7.441,11.975,0.237,0.976,1
8.206,12.34656,50993.101,323.31868346027545,9306.821,437.947,437.947,902.388,3.584,18.265,58.663,1.161,0.987,3
6.175,9.25992,29792.623,241.62764024946983,8826.469,246.296,246.296,776.91,2.503,13.193,34.356,0.68,0.965,2
4.161,6.17328,14726.217,162.05162193281598,7836.942,113.815,113.815,640.77,1.653,8.802,17.121,0.339,0.951,1
9.3,13.88988,72767.429,372.84400668852646,9743.141,644.75,644.75,1057.266,4.532,22.698,87.881,1.74,0.991,3
2.088,12.34656,6810.268,142.74705867528232,6747.021,25.75,25.75,603.389,1.326,7.175,16.039,0.268,0.997,0
1.138,1.54332,377.601,141.21322842204466,6708.427,7.443,7.443,446.949,1.099,5.839,5.644,0.07,0.963,0
2.088,3.08664,3911.598,145.36002600502806,6853.851,30.319,30.319,518.487,1.24,6.598,0.0,0.149,0.969,0
2.088,3.08664,6148.25,141.57587293402403,6795.225,23.75,23.75,616.857,1.302,7.123,22.022,0.273,0.958,0
2.088,3.08664,2825.433,142.7332356676065,6792.609,25.639,25.639,505.516,1.198,6.475,10.514,0.136,0.97,0
5.14,7.7166,21633.332,201.51348141382272,8485.912,175.254,175.254,723.547,2.081,11.19,25.993,0.515,0.961,2
8.206,12.34656,50997.288,323.33407726427805,9317.193,438.113,438.113,939.055,3.574,18.485,61.389,1.215,0.957,3
6.175,9.25992,29792.586,241.6285827272659,8826.626,246.296,246.296,781.756,2.502,13.228,34.648,0.686,0.962,2
9.3,13.88988,72764.227,372.84316893048543,9766.735,645.079,645.079,1099.082,4.509,22.807,91.291,1.807,0.962,3
5.14,7.7166,21631.744,201.51400501259832,8482.873,175.296,175.296,717.397,2.082,11.165,25.68,0.508,0.967,2
8.206,12.34656,50994.472,323.3241288875417,9309.112,437.989,437.989,925.07,3.584,18.479,60.462,1.197,0.973,3
9.3,13.88988,72776.393,372.84421612803663,9750.45,644.795,644.795,1045.794,4.522,22.419,86.594,1.714,0.993,3
6.175,9.25992,29761.64,241.56669335199007,8798.322,245.998,245.998,774.661,2.511,13.319,34.355,0.68,0.984,2
2.088,3.08664,4296.547,145.7822560576705,6783.105,31.068,31.068,535.381,1.256,6.787,0.0,0.167,0.983,0
4.161,6.17328,14721.611,162.04931809820337,7757.0,113.768,113.768,649.011,1.661,8.989,17.587,0.348,0.969,1
1.138,12.34656,671.875,142.9435129358868,6726.371,8.388,8.388,454.292,1.112,5.908,0.0,0.074,0.96,0
8.206,12.34656,50987.582,323.29218936223026,9292.437,437.959,437.959,917.802,3.608,18.731,60.319,1.194,0.997,3
7.148,10.80324,38997.259,280.4455779562458,9122.246,332.258,332.258,826.851,2.978,15.637,44.191,0.875,0.979,3
4.161,6.17328,14724.258,162.0501558562443,7791.989,113.795,113.795,658.719,1.658,8.991,17.985,0.356,0.952,1
8.206,12.34656,50997.245,323.33166870991033,9318.067,438.135,438.135,948.666,3.576,18.596,62.166,1.231,0.952,3
7.148,12.34656,38974.824,280.4475676315932,9143.519,332.01,332.01,828.841,2.95,15.28,43.882,0.869,0.952,3
2.088,3.08664,6644.294,142.38389056452732,6780.337,25.116,25.116,593.812,1.319,7.074,17.343,0.26,0.992,0
6.175,9.25992,29790.432,241.6387405435125,8819.227,246.225,246.225,782.967,2.505,13.277,34.762,0.688,0.966,2
9.3,13.88988,72773.849,372.84714828118,9786.942,644.896,644.896,1100.976,4.483,22.443,90.92,1.8,0.952,3
4.161,6.17328,14723.47,162.04994641673406,7782.099,113.785,113.785,654.107,1.658,8.978,17.789,0.352,0.958,1
7.148,10.80324,38980.987,280.44767235134816,9134.427,332.137,332.137,843.694,2.961,15.554,45.086,0.893,0.954,3
2.088,3.08664,4689.704,146.01850382522045,6773.125,31.503,31.503,546.219,1.27,6.878,0.0,0.18,0.986,0
6.175,9.25992,29797.301,241.61434084056964,8843.679,246.286,246.286,778.911,2.496,13.116,34.382,0.681,0.953,2
5.14,7.7166,21636.217,201.51547108917,8498.829,175.282,175.282,714.4,2.077,11.06,25.449,0.504,0.958,2
5.14,7.7166,21635.108,201.5148427706393,8494.153,175.319,175.319,716.238,2.079,11.097,25.568,0.506,0.96,2
5.14,7.7166,21631.56,201.5132719743125,8480.215,175.242,175.242,721.868,2.083,11.21,25.93,0.513,0.966,2
6.175,9.25992,29762.954,241.5714057409706,8807.665,245.961,245.961,774.411,2.508,13.267,34.288,0.679,0.978,2
1.138,1.54332,5156.779,143.66555564743686,6632.005,8.744,8.744,588.879,1.274,6.898,7.082,0.239,0.993,0
9.3,13.88988,72762.827,372.8437972490162,9768.261,645.032,645.032,1102.285,4.508,22.821,91.553,1.812,0.96,3
6.175,9.25992,29762.589,241.5678452692965,8806.512,245.965,245.965,769.103,2.509,13.233,33.971,0.673,0.982,2
1.138,1.54332,2314.069,147.45546830497244,6707.585,10.906,10.906,503.592,1.182,6.338,0.0,0.129,0.972,0
6.175,9.25992,29792.762,241.62711665069423,8826.324,246.245,246.245,772.106,2.503,13.158,34.065,0.674,0.968,2
5.14,7.7166,21635.005,201.5152616496597,8495.0,175.292,175.292,713.77,2.079,11.076,25.432,0.503,0.961,2
8.206,12.34656,50994.911,323.327898798726,9321.543,438.123,438.123,929.479,3.565,18.272,60.468,1.197,0.956,3
3.144,4.6299600000000005,8380.746,145.22179592827013,7154.526,60.372,60.372,586.592,1.387,7.424,12.292,0.243,0.955,1
4.161,6.17328,14717.568,162.04774730187654,7700.184,113.733,113.733,639.954,1.666,9.03,17.24,0.341,0.993,1
6.175,9.25992,29795.076,241.62083346538708,8835.229,246.257,246.257,782.735,2.499,13.189,34.66,0.686,0.956,2
5.14,7.7166,21637.73,201.5165182867212,8505.411,175.293,175.293,712.155,2.075,11.011,25.3,0.501,0.955,2
1.138,1.54332,1037.037,144.51190070831393,6748.188,9.276,9.276,465.579,1.128,5.987,0.0,0.086,0.956,0
5.14,7.7166,21623.704,201.5152616496597,8463.812,175.25,175.25,689.541,2.089,11.078,24.262,0.48,0.999,2
4.161,6.17328,14724.802,162.05088889453015,7810.897,113.801,113.801,644.479,1.655,8.868,17.319,0.343,0.956,1
6.175,9.25992,29761.984,241.5633423198264,8802.328,245.932,245.932,767.084,2.51,13.241,33.87,0.671,0.986,2
4.161,6.17328,14717.162,162.0479567413868,7702.687,113.731,113.731,630.35,1.665,8.963,16.793,0.332,0.999,1
6.175,9.25992,29796.7,241.6149691591004,8841.473,246.275,246.275,777.848,2.497,13.119,34.33,0.68,0.955,2
5.14,12.34656,21634.131,201.5159946879456,8494.711,175.299,175.299,706.345,2.079,11.028,25.036,0.496,0.966,2
5.14,7.7166,21636.369,201.5170418854968,8503.134,175.293,175.293,703.712,2.076,10.966,24.858,0.492,0.962,2
2.088,3.08664,3220.666,144.36120898069672,6818.196,28.503,28.503,505.835,1.215,6.521,2.252,0.132,0.971,0
8.206,12.34656,50992.813,323.3167985046833,9303.47,438.027,438.027,896.811,3.589,18.271,58.296,1.154,0.994,3
1.138,1.54332,7224.015,141.25281248947988,6704.572,7.555,7.555,661.588,1.324,7.17,18.56,0.328,0.959,0
5.14,7.7166,21625.234,201.513690853333,8464.091,175.228,175.228,705.517,2.089,11.185,25.127,0.497,0.988,2
5.14,12.34656,21623.478,201.51285309529203,8456.876,175.189,175.189,707.36,2.091,11.238,25.259,0.5,0.992,2
9.3,13.88988,72771.18,372.84599636387367,9764.54,645.087,645.087,1079.995,4.508,22.593,89.526,1.772,0.971,3
7.148,10.80324,38988.445,280.44798651061353,9127.388,332.237,332.237,847.917,2.97,15.712,45.524,0.901,0.96,3
3.144,12.34656,8374.244,145.2180260170858,7027.17,60.3,60.3,578.3,1.393,7.537,12.029,0.238,0.997,1
5.14,7.7166,21630.969,201.5148427706393,8482.589,175.28,175.28,708.428,2.083,11.106,25.202,0.499,0.973,2
3.144,4.6299600000000005,8374.14,145.21718825904483,7023.962,60.298,60.298,581.544,1.393,7.558,12.162,0.241,0.995,1
4.161,6.17328,14724.489,162.05099361428526,7813.396,113.803,113.803,636.167,1.655,8.811,16.936,0.335,0.961,1
7.148,10.80324,38993.666,280.446520434042,9124.642,332.294,332.294,830.153,2.975,15.621,44.368,0.878,0.974,3
8.206,12.34656,50993.891,323.3229769702354,9314.756,437.958,437.958,915.089,3.573,18.247,59.485,1.178,0.971,3
1.138,1.54332,3065.604,138.8399646117678,6623.48,6.224,6.224,560.034,1.196,6.531,27.51,0.21,0.972,0
3.144,4.6299600000000005,8378.373,145.22043457145355,7107.934,60.351,60.351,580.117,1.389,7.446,12.057,0.239,0.973,1
2.088,3.08664,4703.159,145.9290731543483,6848.25,31.362,31.362,538.299,1.267,6.749,0.0,0.174,0.973,0
1.138,1.54332,418.06,141.7887681961823,6727.414,7.788,7.788,450.873,1.101,5.858,2.415,0.07,0.954,0
7.148,10.80324,38976.119,280.44735819208285,9140.483,332.145,332.145,838.254,2.954,15.406,44.587,0.883,0.95,3
6.175,9.25992,29797.077,241.6130842035082,8842.108,246.282,246.282,767.24,2.497,13.038,33.683,0.667,0.961,2
9.3,13.88988,72774.147,372.84735772069024,9788.09,645.135,645.135,1102.156,4.482,22.437,91.0,1.801,0.951,3
8.206,12.34656,50994.329,323.32632800239924,9322.425,437.988,437.988,923.014,3.562,18.178,59.914,1.186,0.958,3
8.206,12.34656,50993.567,323.31554186762185,9308.731,437.967,437.967,941.389,3.588,18.686,61.818,1.224,0.966,3
6.175,12.34656,29793.848,241.62188066293825,8829.193,246.24,246.24,761.034,2.502,13.061,33.375,0.661,0.973,2
1.138,1.54332,6266.954,138.97452949709657,6692.696,6.34,6.34,641.192,1.292,6.989,28.008,0.309,0.959,0
4.161,6.17328,14721.883,162.0494228179585,7761.518,113.757,113.757,649.931,1.66,8.987,17.623,0.349,0.967,1
4.161,6.17328,14718.729,162.0482709006521,7717.292,113.741,113.741,642.189,1.664,9.014,17.322,0.343,0.986,1
3.144,12.34656,8380.171,145.22148176900473,7138.734,60.372,60.372,592.656,1.388,7.473,12.543,0.248,0.954,1
4.161,6.17328,14723.346,162.0501558562443,7787.481,113.778,113.778,648.742,1.658,8.935,17.539,0.347,0.96,1
8.206,12.34656,50994.375,323.3248619258275,9314.938,438.022,438.022,922.91,3.574,18.333,60.121,1.19,0.967,3
5.14,7.7166,21633.421,201.51505221014952,8490.176,175.264,175.264,711.129,2.08,11.084,25.313,0.501,0.966,2
5.14,7.7166,21638.608,201.5165182867212,8507.385,175.305,175.305,713.224,2.075,11.008,25.349,0.502,0.953,2
4.161,12.34656,14722.781,162.05036529575457,7790.023,113.785,113.785,630.346,1.657,8.813,16.694,0.33,0.972,1
2.088,3.08664,2922.45,142.1606280466122,6832.418,24.66,24.66,507.267,1.199,6.43,13.466,0.142,0.962,0
8.206,12.34656,50993.762,323.32077785537786,9304.297,438.058,438.058,914.61,3.59,18.457,59.739,1.183,0.984,3
9.3,13.88988,72769.194,372.8443208477918,9750.905,645.051,645.051,1064.806,4.523,22.652,88.415,1.75,0.984,3
8.206,12.34656,50993.072,323.31815986149985,9303.419,438.019,438.019,902.814,3.59,18.34,58.793,1.164,0.991,3
6.175,9.25992,29762.142,241.5649131161532,8799.245,245.939,245.939,765.581,2.511,13.247,33.796,0.669,0.989,2
7.148,10.80324,39013.665,280.43625789804014,9112.859,332.557,332.557,813.956,2.992,15.703,43.497,0.861,0.999,3
6.175,9.25992,29769.927,241.6007272724041,8812.319,245.981,245.981,782.971,2.507,13.308,34.785,0.689,0.97,2
3.144,4.6299600000000005,8375.98,145.21896849488186,7065.945,60.322,60.322,570.648,1.391,7.449,11.696,0.232,0.993,1
8.206,12.34656,50993.707,323.3163796256629,9307.301,437.945,437.945,938.359,3.589,18.674,61.605,1.22,0.969,3
1.138,1.54332,3337.423,147.86010543875483,6685.735,11.103,11.103,529.495,1.221,6.555,0.0,0.162,0.984,0
3.144,4.6299600000000005,8378.049,145.2202251319433,7100.274,60.347,60.347,582.483,1.39,7.468,12.157,0.241,0.973,1
9.3,13.88988,72759.182,372.840969815628,9732.689,645.049,645.049,1063.003,4.545,22.956,88.681,1.755,0.993,3
6.175,9.25992,29797.502,241.6130842035082,8844.564,246.286,246.286,774.636,2.496,13.079,34.119,0.676,0.955,2
1.138,12.34656,2833.64,143.13556896677625,6600.709,8.468,8.468,528.426,1.197,6.513,9.258,0.165,0.995,0
7.148,10.80324,38980.194,280.4475676315932,9136.486,332.07,332.07,834.455,2.959,15.446,44.412,0.879,0.957,3
5.14,7.7166,21627.337,201.5147380508841,8472.226,175.24,175.24,701.291,2.086,11.113,24.863,0.492,0.985,2
7.148,10.80324,38989.602,280.44735819208285,9128.091,332.287,332.287,829.746,2.97,15.556,44.267,0.876,0.97,3
5.14,7.7166,21638.106,201.51787964353773,8509.781,175.31,175.31,702.998,2.074,10.927,24.791,0.491,0.958,2
1.138,1.54332,1154.34,137.86418593356282,6692.598,5.733,5.733,495.073,1.126,6.037,24.879,0.137,0.957,0
1.138,1.54332,4833.55,137.46017711831115,6695.363,5.583,5.583,612.261,1.247,6.75,32.888,0.275,0.951,0
6.175,9.25992,29761.823,241.57035854341945,8806.839,245.92,245.92,786.897,2.508,13.363,35.047,0.694,0.971,2
5.14,7.7166,21635.303,201.51557580892512,8496.82,175.32,175.32,711.844,2.078,11.054,25.322,0.501,0.961,2
3.144,4.6299600000000005,8378.042,145.2202251319433,7099.979,60.346,60.346,583.72,1.39,7.475,12.207,0.242,0.972,1
5.14,7.7166,21639.721,201.51714660525192,8512.18,175.31,175.31,712.918,2.073,10.981,25.311,0.501,0.95,2
7.148,10.80324,38995.259,280.4462062747765,9123.707,332.226,332.226,827.144,2.976,15.613,44.181,0.875,0.977,3
2.088,3.08664,6396.909,145.46945814912812,6768.809,30.559,30.559,589.354,1.322,7.151,1.359,0.238,0.991,0
7.148,10.80324,38999.652,280.44442603893947,9120.254,332.272,332.272,829.279,2.981,15.692,44.401,0.879,0.98,3
3.144,4.6299600000000005,8376.874,145.21949209365746,7084.828,60.33,60.33,569.276,1.39,7.418,11.63,0.23,0.989,1
6.175,9.25992,29797.587,241.6125606047326,8844.36,246.319,246.319,769.868,2.496,13.045,33.831,0.67,0.958,2
5.14,7.7166,21625.036,201.51662300647635,8470.942,175.213,175.213,683.555,2.087,10.998,23.903,0.473,0.998,2
9.3,13.88988,72761.262,372.8418075736689,9734.561,644.718,644.718,1061.238,4.543,22.901,88.468,1.751,0.993,3
9.3,13.88988,72780.311,372.84714828118,9780.208,645.161,645.161,1079.337,4.487,22.282,89.043,1.763,0.964,3
6.175,9.25992,29761.738,241.5635517593366,8802.391,245.959,245.959,771.867,2.51,13.276,34.162,0.676,0.983,2
4.161,6.17328,14723.508,162.04994641673406,7784.096,113.774,113.774,653.215,1.658,8.969,17.746,0.351,0.958,1
2.088,3.08664,6491.693,142.07622392398576,6839.411,24.629,24.629,620.37,1.311,7.118,19.526,0.278,0.95,0
6.175,9.25992,29761.55,241.5640753581122,8802.437,245.931,245.931,775.078,2.51,13.3,34.357,0.68,0.981,2
6.175,9.25992,29761.424,241.565646154439,8799.394,246.015,246.015,778.4,2.511,13.341,34.576,0.685,0.981,2
7.148,10.80324,38978.949,280.44767235134816,9136.956,332.102,332.102,840.261,2.958,15.483,44.798,0.887,0.953,3
4.161,6.17328,14719.097,162.04900393893797,7737.081,113.749,113.749,623.603,1.662,8.859,16.44,0.325,0.993,1
3.144,4.6299600000000005,8380.492,145.22169120851498,7146.504,60.369,60.369,590.242,1.387,7.452,12.442,0.246,0.954,1
5.14,7.7166,21634.055,201.5165182867212,8495.51,175.289,175.289,702.463,2.079,10.997,24.824,0.491,0.968,2
4.161,6.17328,14723.428,162.05036529575457,7790.899,113.778,113.778,644.315,1.657,8.901,17.334,0.343,0.962,1
7.148,10.80324,38987.747,280.4480912303687,9131.172,332.182,332.182,818.69,2.967,15.415,43.441,0.86,0.973,3
5.14,7.7166,21637.04,201.5144238916188,8498.369,175.297,175.297,725.975,2.077,11.141,26.066,0.516,0.951,2
5.14,7.7166,21628.853,201.51358613357783,8473.457,175.268,175.268,713.65,2.086,11.19,25.522,0.505,0.976,2
8.206,12.34656,50994.499,323.32528080484803,9314.117,437.958,437.958,924.971,3.576,18.374,60.313,1.194,0.967,3
6.175,9.25992,29762.268,241.5628187210508,8801.261,245.937,245.937,761.849,2.511,13.208,33.557,0.664,0.99,2
7.148,10.80324,38977.415,280.447462911838,9138.975,332.162,332.162,837.887,2.956,15.429,44.594,0.883,0.952,3
9.3,13.88988,72771.01,372.8455774848532,9773.177,645.093,645.093,1091.969,4.499,22.589,90.446,1.79,0.962,3
5.14,7.7166,21637.474,201.51672772623144,8505.279,175.302,175.302,709.185,2.075,10.992,25.142,0.498,0.957,2
3.144,4.6299600000000005,8379.734,145.22127232949452,7128.648,60.357,60.357,594.624,1.388,7.496,12.627,0.25,0.955,1
7.148,10.80324,38981.3,280.44798651061353,9136.539,332.193,332.193,826.026,2.959,15.379,43.834,0.868,0.962,3
4.161,6.17328,14717.158,162.04785202163166,7699.276,113.73,113.73,634.687,1.666,8.997,16.998,0.336,0.997,1
2.088,3.08664,3664.072,145.115819536089,6799.604,29.853,29.853,518.087,1.232,6.639,0.0,0.146,0.977,0
6.175,9.25992,29791.666,241.6338187150219,8823.591,246.283,246.283,786.699,2.503,13.281,34.963,0.692,0.961,2
3.144,4.6299600000000005,8374.761,145.21823545659603,7039.679,60.307,60.307,574.374,1.393,7.501,11.862,0.235,0.997,1
2.088,3.08664,2890.643,142.38985959056916,6853.318,25.06,25.06,503.073,1.198,6.394,12.424,0.137,0.959,0
4.161,6.17328,14718.54,162.0485850599175,7723.411,113.744,113.744,629.538,1.663,8.921,16.732,0.331,0.993,1
9.3,13.88988,72768.385,372.8428547712201,9740.721,644.851,644.851,1053.212,4.535,22.691,87.55,1.733,0.994,3
2.088,3.08664,3722.026,145.12629151160095,6856.93,29.898,29.898,514.119,1.233,6.559,0.0,0.143,0.967,0
2.088,3.08664,6950.618,144.09365000636598,6773.189,28.114,28.114,602.814,1.333,7.189,9.04,0.263,0.992,0
7.148,10.80324,38986.986,280.4475676315932,9130.036,332.265,332.265,832.427,2.968,15.543,44.41,0.879,0.966,3
5.14,7.7166,21621.215,201.5133766940676,8452.279,175.21,175.21,700.416,2.093,11.215,24.905,0.493,1.0,2
3.144,4.6299600000000005,8376.144,145.21907321463698,7068.138,60.32,60.32,571.076,1.391,7.448,11.712,0.232,0.992,1
1.138,1.54332,1767.515,144.78647590623763,6650.633,9.269,9.269,475.766,1.159,6.178,1.898,0.105,0.998,0
9.3,13.88988,72763.884,372.84421612803663,9764.027,644.853,644.853,1094.74,4.511,22.799,90.95,1.8,0.965,3
9.3,13.88988,72769.209,372.8456822046084,9775.06,644.949,644.949,1097.194,4.498,22.624,90.89,1.799,0.959,3
9.3,13.88988,72763.064,372.8437972490162,9767.086,644.899,644.899,1101.133,4.509,22.828,91.475,1.811,0.961,3
8.206,12.34656,50994.101,323.321720333174,9306.181,438.089,438.089,926.217,3.588,18.552,60.638,1.2,0.976,3
7.148,10.80324,38980.614,280.44767235134816,9135.463,332.093,332.093,838.198,2.96,15.493,44.689,0.885,0.956,3
6.175,9.25992,29761.983,241.5641800778673,8800.287,245.953,245.953,767.669,2.511,13.257,33.918,0.672,0.987,2
1.138,1.54332,4549.307,137.71778771590553,6665.985,5.599,5.599,584.681,1.24,6.646,31.02,0.251,0.976,0
5.14,12.34656,21631.123,201.51547108917,8485.244,175.265,175.265,704.082,2.082,11.062,24.956,0.494,0.974,2
9.3,13.88988,72759.94,372.8426453317099,9750.894,645.017,645.017,1087.264,4.526,22.94,90.573,1.793,0.974,3
3.144,4.6299600000000005,8374.568,145.21813073684092,7034.674,60.298,60.298,575.939,1.393,7.515,11.929,0.236,0.997,1
8.206,12.34656,50993.966,323.32140617390866,9306.907,437.997,437.997,916.219,3.586,18.422,59.799,1.184,0.98,3
1.138,1.54332,1512.787,144.60520601012553,6655.253,9.217,9.217,475.427,1.149,6.155,1.636,0.101,0.988,0
5.14,7.7166,21621.537,201.51264365578177,8451.466,175.215,175.215,707.277,2.093,11.267,25.279,0.5,0.996,2
9.3,13.88988,72772.012,372.8464152428941,9778.552,644.769,644.769,1095.713,4.493,22.536,90.655,1.795,0.958,3
7.148,10.80324,39004.378,280.44180804506146,9116.806,332.328,332.328,831.46,2.985,15.771,44.625,0.884,0.983,3
5.14,7.7166,21636.889,201.5142144521085,8497.393,175.297,175.297,725.433,2.078,11.142,26.042,0.515,0.952,2
5.14,7.7166,21629.621,201.5142144521085,8477.055,175.254,175.254,709.762,2.084,11.144,25.298,0.501,0.976,2
7.148,10.80324,39004.841,280.442226924082,9117.48,332.464,332.464,822.008,2.985,15.684,43.958,0.87,0.988,3
9.3,13.88988,72759.615,372.8405509366074,9730.23,644.863,644.863,1058.938,4.548,22.948,88.348,1.749,0.996,3
5.14,7.7166,21623.806,201.5133766940676,8459.556,175.209,175.209,705.923,2.09,11.213,25.17,0.498,0.991,2
1.138,1.54332,4054.962,148.00283846498294,6707.039,11.171,11.171,542.158,1.245,6.631,0.0,0.181,0.986,0
2.088,3.08664,3216.409,141.3797328326849,6771.501,23.318,23.318,527.944,1.209,6.583,18.517,0.167,0.969,0
8.206,12.34656,50994.454,323.3259091233787,9319.525,438.094,438.094,923.966,3.567,18.25,60.076,1.189,0.961,3
2.088,3.08664,4596.483,145.91158495524328,6824.281,31.325,31.325,537.999,1.265,6.774,0.0,0.173,0.977,0
8.206,12.34656,50993.711,323.3195212183164,9305.884,437.999,437.999,929.007,3.589,18.59,60.873,1.205,0.975,3
1.138,1.54332,3024.097,143.14792589788036,6596.721,8.544,8.544,534.925,1.204,6.558,10.063,0.173,0.996,0
5.14,7.7166,21632.079,201.5170418854968,8491.432,175.261,175.261,693.159,2.08,10.956,24.339,0.482,0.977,2
5.14,7.7166,21633.283,201.51620412745584,8492.683,175.28,175.28,702.367,2.079,11.011,24.831,0.492,0.97,2
4.161,6.17328,14720.424,162.0494228179585,7753.512,113.758,113.758,631.824,1.661,8.884,16.803,0.333,0.982,1
2.088,3.08664,6845.652,142.71061620050068,6731.29,25.691,25.691,612.157,1.328,7.235,16.449,0.276,0.995,0
5.14,7.7166,21628.6,201.51348141382272,8472.521,175.227,175.227,713.13,2.086,11.192,25.499,0.505,0.977,2
9.3,13.88988,72770.039,372.84599636387367,9774.691,645.072,645.072,1095.154,4.498,22.603,90.707,1.796,0.96,3
4.161,6.17328,14721.87,162.04931809820337,7759.823,113.766,113.766,652.174,1.66,9.004,17.727,0.351,0.966,1
7.148,10.80324,38993.82,280.4467298735521,9125.221,332.236,332.236,824.089,2.974,15.562,43.938,0.87,0.977,3
8.206,12.34656,50993.888,323.3210920146432,9304.425,437.996,437.996,916.312,3.59,18.474,59.876,1.185,0.983,3
4.161,12.34656,14719.315,162.04868977967263,7730.922,113.747,113.747,636.069,1.663,8.95,17.025,0.337,0.986,1
7.148,10.80324,39003.928,280.4441118796741,9119.724,332.322,332.322,806.458,2.983,15.521,42.829,0.848,0.995,3
5.14,7.7166,21628.232,201.5131672545573,8470.726,175.258,175.258,715.088,2.086,11.215,25.612,0.507,0.977,2
7.148,10.80324,38987.907,280.44767235134816,9130.11,332.218,332.218,825.687,2.968,15.489,43.945,0.87,0.97,3
1.138,1.54332,753.021,143.66356597208957,6697.838,8.858,8.858,473.665,1.117,6.047,0.0,0.088,0.95,0
6.175,12.34656,29789.68,241.6423010151866,8817.213,246.174,246.174,786.824,2.506,13.316,35.006,0.693,0.965,2
1.138,1.54332,1580.819,137.6158953941741,6679.033,5.565,5.565,504.38,1.142,6.103,27.24,0.152,0.966,0
5.14,7.7166,21637.135,201.51452861137392,8499.345,175.329,175.329,726.517,2.077,11.139,26.09,0.516,0.95,2
3.144,4.6299600000000005,8374.342,145.2180260170858,7030.721,60.301,60.301,573.871,1.393,7.509,11.847,0.235,1.0,1
6.175,9.25992,29797.662,241.6126653244877,8845.732,246.291,246.291,776.766,2.496,13.089,34.241,0.678,0.953,2
7.148,10.80324,38990.035,280.4480912303687,9129.223,332.248,332.248,817.711,2.97,15.441,43.413,0.86,0.976,3
1.138,1.54332,6970.228,144.1911440983824,6696.057,9.057,9.057,629.928,1.326,7.111,2.382,0.29,0.98,0
6.175,9.25992,29791.094,241.6331903964912,8819.747,246.271,246.271,761.14,2.505,13.113,33.433,0.662,0.979,2
5.14,7.7166,21632.13,201.5164135669661,8489.722,175.285,175.285,697.907,2.081,10.997,24.604,0.487,0.975,2
1.138,1.54332,4418.78,148.15384435186544,6730.81,11.39,11.39,570.994,1.257,6.766,0.0,0.206,0.963,0
7.148,10.80324,38982.99,280.44798651061353,9134.017,332.199,332.199,831.056,2.962,15.462,44.232,0.876,0.962,3
3.144,4.6299600000000005,8378.746,145.22053929120867,7103.12,60.354,60.354,601.531,1.389,7.562,12.915,0.256,0.956,1
5.14,7.7166,21639.049,201.5163088472109,8508.51,175.304,175.304,716.754,2.074,11.026,25.532,0.505,0.95,2
3.144,4.6299600000000005,8379.339,145.22106288998427,7125.627,60.36,60.36,586.159,1.388,7.456,12.291,0.243,0.963,1
2.088,3.08664,4400.717,145.77953334403745,6851.837,31.087,31.087,530.857,1.257,6.69,0.0,0.165,0.971,0
5.14,7.7166,21638.563,201.5157852484353,8505.76,175.334,175.334,719.658,2.075,11.059,25.698,0.509,0.95,2
7.148,10.80324,38993.927,280.44777707110336,9126.902,332.296,332.296,809.537,2.973,15.418,42.895,0.849,0.984,3
9.3,13.88988,72759.516,372.8405509366074,9731.56,644.698,644.698,1061.943,4.546,22.962,88.606,1.754,0.994,3
6.175,12.34656,29790.85,241.63622726938965,8820.121,246.189,246.189,777.009,2.505,13.228,34.397,0.681,0.969,2
6.175,9.25992,29792.075,241.62931576555167,8824.221,246.212,246.212,772.666,2.503,13.174,34.111,0.675,0.969,2
2.088,12.34656,3140.46,141.48068267662026,6769.947,23.491,23.491,524.79,1.207,6.571,17.621,0.163,0.97,0
5.14,7.7166,21630.323,201.5169371657417,8485.765,175.273,175.273,690.117,2.082,10.965,24.198,0.479,0.983,2
2.088,3.08664,4554.772,140.70921224065373,6776.436,22.222,22.222,572.683,1.252,6.837,24.131,0.222,0.964,0
1.138,1.54332,786.491,143.36689490583558,6678.401,8.612,8.612,463.419,1.118,6.01,0.0,0.082,0.967,0
8.206,12.34656,50994.1,323.3238147282763,9316.014,438.087,438.087,918.143,3.572,18.256,59.699,1.182,0.968,3
5.14,7.7166,21625.989,201.513690853333,8465.938,175.238,175.238,706.54,2.088,11.182,25.174,0.498,0.986,2
5.14,7.7166,21626.132,201.51568052868024,8471.087,175.219,175.219,690.661,2.087,11.046,24.291,0.481,0.993,2
2.088,3.08664,4098.941,140.86147476459772,6868.126,22.488,22.488,546.172,1.235,6.6,22.154,0.195,0.951,0
9.3,13.88988,72758.501,372.8407603761177,9741.806,645.027,645.027,1080.416,4.536,23.014,90.134,1.784,0.981,3
6.175,9.25992,29795.729,241.6160163566516,8836.737,246.334,246.334,766.207,2.499,13.059,33.649,0.666,0.965,2
3.144,4.6299600000000005,8375.409,145.21875905537163,7041.845,60.314,60.314,591.75,1.392,7.588,12.562,0.249,0.981,1
9.3,13.88988,72768.094,372.8432736502406,9739.618,644.913,644.913,1052.153,4.536,22.698,87.474,1.732,0.995,3
1.138,1.54332,7166.264,142.32598053994616,6664.589,8.091,8.091,659.435,1.327,7.229,13.325,0.323,0.971,0
1.138,1.54332,6429.617,145.80676048036855,6720.768,10.043,10.043,624.638,1.315,7.079,0.0,0.273,0.965,0
1.138,1.54332,1177.005,137.85811218776587,6686.037,5.707,5.707,493.523,1.127,6.032,25.181,0.137,0.961,0
7.148,12.34656,39004.449,280.44264580310244,9118.018,332.445,332.445,819.322,2.984,15.653,43.761,0.866,0.989,3
2.088,3.08664,2994.902,141.9752740800504,6860.564,24.352,24.352,507.386,1.201,6.401,14.39,0.144,0.957,0
1.138,1.54332,2419.415,147.85570720903976,6729.779,11.236,11.236,519.564,1.186,6.408,0.0,0.142,0.954,0
3.144,4.6299600000000005,8380.862,145.22190064802524,7153.537,60.375,60.375,591.616,1.387,7.451,12.493,0.247,0.951,1
1.138,1.54332,7096.037,142.694279918702,6663.825,8.257,8.257,649.888,1.327,7.196,11.379,0.313,0.977,0
1.138,1.54332,2511.211,147.98461722759208,6728.703,11.299,11.299,520.816,1.19,6.422,0.0,0.144,0.956,0
9.3,12.34656,72772.895,372.8468341219147,9778.933,644.939,644.939,1092.801,4.492,22.488,90.368,1.789,0.959,3
9.3,13.88988,72766.869,372.8429594909752,9737.614,645.048,645.048,1051.955,4.538,22.731,87.503,1.732,0.996,3
4.161,12.34656,14720.129,162.04931809820337,7749.066,113.755,113.755,630.937,1.661,8.886,16.767,0.332,0.984,1
3.144,4.6299600000000005,8379.333,145.22095817022915,7118.047,60.355,60.355,599.167,1.389,7.532,12.813,0.254,0.954,1
4.161,6.17328,14719.457,162.0484803401624,7726.562,113.751,113.751,646.66,1.663,9.027,17.516,0.347,0.98,1
3.144,4.6299600000000005,8377.548,145.2200156924331,7086.924,60.334,60.334,588.961,1.39,7.518,12.425,0.246,0.971,1
8.206,12.34656,50994.318,323.3246524863173,9316.315,437.959,437.959,921.545,3.572,18.289,59.97,1.187,0.966,3
3.144,4.6299600000000005,8379.581,145.22116760973938,7130.506,60.366,60.366,585.814,1.388,7.448,12.274,0.243,0.962,1
5.14,7.7166,21628.685,201.5143191718637,8475.133,175.25,175.25,707.242,2.085,11.138,25.171,0.498,0.979,2
8.206,12.34656,50993.6,323.3197306578267,9302.116,438.037,438.037,911.984,3.593,18.472,59.584,1.18,0.988,3
9.3,13.88988,72768.805,372.8448444465674,9762.367,645.074,645.074,1084.617,4.512,22.695,90.028,1.782,0.97,3
7.148,10.80324,38979.746,280.447462911838,9136.466,332.156,332.156,837.861,2.959,15.473,44.645,0.884,0.955,3
7.148,10.80324,38983.752,280.44840538963405,9134.59,332.096,332.096,821.676,2.962,15.378,43.576,0.863,0.967,3
7.148,10.80324,38979.861,280.4480912303687,9138.029,332.062,332.062,826.378,2.958,15.355,43.827,0.868,0.96,3
9.3,13.88988,72765.364,372.8432736502406,9736.701,645.079,645.079,1052.816,4.54,22.758,87.607,1.734,0.996,3
9.3,12.34656,72764.465,372.84390196877126,9771.443,644.845,644.845,1103.705,4.504,22.781,91.603,1.813,0.958,3
2.088,3.08664,6182.036,145.7001557696567,6763.12,30.965,30.965,584.03,1.316,7.135,0.0,0.23,0.992,0
3.144,4.6299600000000005,8374.371,145.2180260170858,7030.021,60.301,60.301,576.295,1.393,7.523,11.946,0.236,0.998,1
4.161,6.17328,14721.869,162.04994641673406,7775.193,113.774,113.774,632.389,1.659,8.851,16.805,0.333,0.975,1
6.175,9.25992,29763.214,241.57025382366427,8807.553,245.932,245.932,768.021,2.508,13.22,33.899,0.671,0.982,2
9.3,13.88988,72780.397,372.84809075897607,9791.237,645.009,645.009,1090.869,4.475,22.217,89.837,1.778,0.954,3
2.088,3.08664,3644.707,141.05782430544704,6842.209,22.801,22.801,534.755,1.221,6.554,20.658,0.179,0.956,0
4.161,6.17328,14723.464,162.0502605759994,7790.61,113.792,113.792,642.986,1.657,8.893,17.274,0.342,0.963,1
6.175,9.25992,29761.749,241.5649131161532,8804.502,245.966,245.966,774.486,2.509,13.284,34.309,0.679,0.98,2
3.144,4.6299600000000005,8379.137,145.22095817022915,7124.152,60.361,60.361,581.99,1.388,7.437,12.124,0.24,0.967,1
4.161,6.17328,14722.057,162.04963225746872,7767.186,113.772,113.772,645.936,1.66,8.951,17.435,0.345,0.968,1
8.206,12.34656,50995.659,323.3302026333386,9317.818,437.977,437.977,932.546,3.571,18.386,60.827,1.204,0.959,3
4.161,6.17328,14726.047,162.05141249330575,7831.137,113.812,113.812,644.672,1.654,8.836,17.305,0.343,0.95,1
5.14,12.34656,21634.436,201.5137955730881,8489.717,175.289,175.289,724.168,2.08,11.174,26.009,0.515,0.958,2
3.144,4.6299600000000005,8373.845,145.2169788195346,7013.616,60.284,60.284,585.982,1.394,7.595,12.347,0.244,0.994,1
7.148,10.80324,38984.571,280.44788179085845,9132.53,332.139,332.139,830.719,2.964,15.486,44.24,0.876,0.964,3
9.3,13.88988,72774.125,372.84651996264927,9782.373,645.136,645.136,1096.293,4.488,22.469,90.604,1.794,0.956,3
7.148,10.80324,38979.604,280.4480912303687,9138.02,332.096,332.096,828.055,2.957,15.369,43.942,0.87,0.959,3
5.14,7.7166,21638.313,201.51735604476207,8509.068,175.317,175.317,708.348,2.074,10.966,25.081,0.496,0.955,2
2.088,3.08664,2955.504,143.62440078367482,6825.235,27.203,27.203,500.356,1.204,6.451,6.039,0.129,0.968,0
5.14,7.7166,21631.557,201.5149474903944,8484.444,175.277,175.277,707.989,2.082,11.093,25.17,0.498,0.972,2
1.138,1.54332,3885.068,145.40536965899486,6637.866,9.747,9.747,555.84,1.237,6.713,4.605,0.194,0.988,0
7.148,10.80324,39007.901,280.44097028702055,9116.182,332.363,332.363,815.103,2.987,15.653,43.506,0.861,0.994,3
6.175,9.25992,29798.293,241.6106756491405,8849.919,246.388,246.388,774.101,2.494,13.047,34.058,0.674,0.952,2
5.14,7.7166,21625.364,201.51410973235343,8464.932,175.242,175.242,701.616,2.089,11.154,24.913,0.493,0.99,2
2.088,3.08664,2873.875,143.27620759790196,6832.37,26.594,26.594,499.82,1.2,6.425,7.459,0.129,0.965,0
6.175,12.34656,29791.215,241.63622726938965,8822.769,246.192,246.192,794.417,2.504,13.342,35.432,0.701,0.957,2
5.14,7.7166,21636.573,201.51410973235343,8496.476,175.278,175.278,726.421,2.078,11.154,26.098,0.517,0.952,2
5.14,7.7166,21639.548,201.5169371657417,8511.262,175.328,175.328,713.874,2.073,10.992,25.366,0.502,0.95,2
5.14,7.7166,21624.16,201.51358613357783,8460.428,175.236,175.236,703.484,2.09,11.192,25.034,0.496,0.992,2
7.148,10.80324,39004.451,280.44316940187804,9118.621,332.419,332.419,813.353,2.984,15.595,43.333,0.858,0.992,3
4.161,6.17328,14720.256,162.0491086586931,7745.892,113.753,113.753,636.566,1.661,8.928,17.03,0.337,0.981,1
7.148,10.80324,38984.995,280.44767235134816,9130.408,332.184,332.184,845.099,2.966,15.636,45.267,0.896,0.958,3
1.138,12.34656,4159.84,145.68737995953208,6647.08,9.937,9.937,568.593,1.246,6.786,3.967,0.206,0.981,0
3.144,4.6299600000000005,8373.557,145.2168740997795,7010.404,60.289,60.289,581.399,1.394,7.575,12.164,0.241,0.999,1
5.14,7.7166,21624.035,201.5153663694149,8464.704,175.24,175.24,688.61,2.089,11.066,24.207,0.479,0.999,2
9.3,13.88988,72768.301,372.84390196877126,9751.666,644.794,644.794,1070.681,4.523,22.713,88.961,1.761,0.981,3
7.148,10.80324,38977.556,280.44767235134816,9139.494,332.031,332.031,833.473,2.955,15.386,44.282,0.877,0.954,3
1.138,1.54332,3238.022,141.8474112590493,6603.393,7.782,7.782,548.11,1.208,6.587,15.939,0.192,0.99,0
1.138,1.54332,4886.005,147.67988274019388,6718.444,11.076,11.076,577.468,1.272,6.822,0.0,0.218,0.972,0
1.138,1.54332,2348.983,143.5149686395748,6618.277,8.62,8.62,503.037,1.18,6.354,5.6,0.137,0.999,0
4.161,6.17328,14721.701,162.04973697722383,7767.511,113.759,113.759,637.118,1.659,8.894,17.031,0.337,0.974,1
9.3,13.88988,72775.879,372.847986039221,9790.704,645.046,645.046,1101.598,4.478,22.377,90.872,1.799,0.95,3
3.144,12.34656,8375.737,145.21886377512678,7057.411,60.319,60.319,576.607,1.392,7.49,11.943,0.236,0.99,1
1.138,1.54332,1433.32,145.32431656853225,6669.383,9.683,9.683,481.952,1.146,6.183,0.56,0.103,0.974,0
4.161,6.17328,14716.714,162.04764258212143,7693.07,113.726,113.726,634.681,1.666,9.008,17.005,0.337,0.999,1
6.175,9.25992,29789.369,241.6443954102889,8816.186,246.169,246.169,787.942,2.506,13.33,35.079,0.695,0.965,2
6.175,9.25992,29795.444,241.61695883444764,8835.712,246.307,246.307,767.263,2.499,13.072,33.719,0.668,0.965,2
3.144,4.6299600000000005,8377.932,145.2201204121882,7093.994,60.344,60.344,589.058,1.39,7.509,12.424,0.246,0.969,1
4.161,6.17328,14718.21,162.0479567413868,7709.061,113.735,113.735,643.062,1.665,9.034,17.372,0.344,0.988,1
3.144,4.6299600000000005,8379.534,145.22116760973938,7126.857,60.365,60.365,591.631,1.388,7.483,12.509,0.248,0.958,1
8.206,12.34656,50992.989,323.3169032244385,9302.224,437.98,437.98,899.847,3.591,18.331,58.581,1.16,0.994,3
3.144,4.6299600000000005,8379.177,145.22095817022915,7127.825,60.361,60.361,576.304,1.388,7.403,11.892,0.235,0.971,1
5.14,7.7166,21632.488,201.5142144521085,8485.641,175.267,175.267,715.972,2.082,11.141,25.592,0.507,0.966,2
5.14,7.7166,21624.105,201.51400501259832,8461.269,175.233,175.233,699.595,2.09,11.16,24.82,0.491,0.994,2
4.161,6.17328,14723.667,162.0505747352648,7798.353,113.795,113.795,638.214,1.656,8.849,17.047,0.337,0.964,1
2.088,3.08664,3110.494,144.0999331916732,6825.984,28.05,28.05,502.781,1.21,6.486,3.771,0.13,0.969,0
9.3,13.88988,72766.986,372.8435878095059,9750.788,644.739,644.739,1071.55,4.524,22.74,89.066,1.763,0.981,3
8.206,12.34656,50994.939,323.3295743148079,9326.567,438.063,438.063,929.639,3.557,18.168,60.335,1.194,0.95,3
3.144,12.34656,8377.201,145.21980625292284,7083.948,60.337,60.337,581.853,1.39,7.485,12.141,0.24,0.978,1
5.14,7.7166,21636.28,201.5165182867212,8501.377,175.301,175.301,707.072,2.077,10.998,25.046,0.496,0.961,2
5.14,7.7166,21638.09,201.5175654842724,8508.934,175.315,175.315,705.402,2.074,10.947,24.924,0.493,0.957,2
1.138,1.54332,4581.478,144.56059539444456,6632.047,9.212,9.212,565.181,1.258,6.78,4.96,0.211,0.999,0
1.138,1.54332,1209.427,137.8784278202591,6684.25,5.708,5.708,493.093,1.128,6.036,25.052,0.137,0.963,0
1.138,1.54332,1328.832,141.0237903850332,6626.243,7.267,7.267,479.54,1.137,6.112,13.134,0.114,0.99,0
5.14,7.7166,21633.476,201.5143191718637,8488.522,175.303,175.303,717.562,2.081,11.136,25.663,0.508,0.963,2
4.161,6.17328,14721.032,162.04921337844823,7753.378,113.768,113.768,641.872,1.661,8.949,17.265,0.342,0.975,1
6.175,9.25992,29792.331,241.6287921667761,8824.006,246.208,246.208,764.741,2.504,13.116,33.629,0.666,0.974,2
1.138,1.54332,4647.22,139.71207073240433,6626.601,6.692,6.692,602.397,1.248,6.826,25.621,0.259,0.974,0
6.175,9.25992,29790.46,241.63800750522668,8819.136,246.184,246.184,779.72,2.505,13.253,34.567,0.684,0.968,2
7.148,10.80324,38984.752,280.4475676315932,9132.009,332.11,332.11,833.43,2.965,15.516,44.437,0.88,0.963,3
1.138,1.54332,6386.286,139.59625068324198,6674.272,6.58,6.58,628.385,1.297,6.971,24.876,0.3,0.977,0
4.161,6.17328,14717.805,162.0480614611419,7707.667,113.734,113.734,635.135,1.665,8.985,17.009,0.337,0.994,1
9.3,13.88988,72760.662,372.8417028539138,9734.764,645.04,645.04,1063.185,4.543,22.922,88.65,1.755,0.992,3
8.206,12.34656,50995.121,323.3273751999504,9312.203,438.066,438.066,931.915,3.58,18.494,60.935,1.206,0.966,3
3.144,4.6299600000000005,8374.91,145.21834017635112,7038.658,60.296,60.296,578.02,1.393,7.521,12.011,0.238,0.994,1
7.148,10.80324,38990.03,280.44725347232776,9127.585,332.298,332.298,830.768,2.971,15.573,44.348,0.878,0.97,3
6.175,9.25992,29761.436,241.57077742243987,8795.292,245.967,245.967,777.989,2.512,13.361,34.574,0.685,0.984,2
2.088,3.08664,2902.405,142.13214427321967,6793.381,24.611,24.611,511.293,1.199,6.488,13.734,0.145,0.968,0
8.206,12.34656,50993.354,323.3191023392959,9305.166,437.993,437.993,906.45,3.588,18.346,59.044,1.169,0.987,3
1.138,1.54332,3489.328,147.50939897885908,6676.461,10.829,10.829,522.129,1.226,6.532,0.0,0.159,0.998,0
9.3,13.88988,72766.064,372.8451586058328,9780.488,644.737,644.737,1111.004,4.494,22.708,92.049,1.822,0.951,3
4.161,6.17328,14721.702,162.0500511364892,7776.381,113.761,113.761,627.669,1.658,8.819,16.585,0.328,0.978,1
9.3,13.88988,72772.89,372.844530287302,9756.784,644.849,644.849,1065.498,4.516,22.552,88.334,1.749,0.981,3
4.161,6.17328,14724.135,162.05088889453015,7808.74,113.801,113.801,635.256,1.655,8.813,16.899,0.335,0.963,1
7.148,12.34656,39000.377,280.4447401982049,9120.939,332.326,332.326,818.217,2.981,15.592,43.622,0.864,0.986,3
9.3,13.88988,72773.928,372.84390196877126,9744.447,645.111,645.111,1043.236,4.529,22.498,86.496,1.712,0.997,3
2.088,3.08664,6700.668,142.50222388781256,6831.941,25.381,25.381,627.019,1.319,7.18,18.085,0.284,0.951,0
7.148,10.80324,38988.567,280.44683459330724,9127.444,332.154,332.154,842.728,2.97,15.67,45.169,0.894,0.963,3
4.161,6.17328,14720.481,162.04963225746872,7758.447,113.756,113.756,624.141,1.66,8.826,16.442,0.325,0.986,1
4.161,6.17328,14718.848,162.0482709006521,7719.237,113.746,113.746,641.309,1.664,9.005,17.279,0.342,0.986,1
1.138,12.34656,1546.392,146.2839684044488,6718.145,10.331,10.331,495.846,1.151,6.228,0.0,0.114,0.951,0
8.206,12.34656,50994.56,323.3248619258275,9312.173,438.111,438.111,925.685,3.579,18.423,60.426,1.196,0.969,3
7.148,10.80324,39003.082,280.4446354784497,9120.19,332.339,332.339,807.091,2.982,15.517,42.864,0.849,0.994,3
1.138,1.54332,453.691,140.96567092094176,6653.821,7.258,7.258,451.038,1.102,5.9,8.908,0.077,0.978,0
6.175,9.25992,29790.744,241.6358083903692,8820.16,246.232,246.232,778.622,2.505,13.239,34.494,0.683,0.968,2
4.161,6.17328,14723.563,162.05036529575457,7792.62,113.788,113.788,642.119,1.657,8.884,17.232,0.341,0.963,1
1.138,1.54332,739.751,138.68079058398592,6653.333,6.175,6.175,490.559,1.112,6.052,21.88,0.125,0.956,0
5.14,7.7166,21626.826,201.5142144521085,8469.543,175.243,175.243,704.161,2.087,11.147,25.03,0.495,0.985,2
2.088,3.08664,5677.215,145.980490554112,6771.622,31.47,31.47,569.864,1.301,7.034,0.0,0.211,0.99,0
4.161,6.17328,14722.199,162.04984169697894,7772.868,113.756,113.756,641.981,1.659,8.916,17.248,0.341,0.969,1
1.138,1.54332,1233.923,140.5116060627429,6627.669,7.03,7.03,483.97,1.133,6.113,15.386,0.119,0.983,0
7.148,10.80324,38988.433,280.44840538963405,9131.23,332.285,332.285,813.75,2.967,15.375,43.098,0.853,0.976,3
1.138,1.54332,2504.755,142.71847018213464,6606.614,8.191,8.191,511.385,1.184,6.396,9.911,0.149,1.0,0
3.144,4.6299600000000005,8374.358,145.2180260170858,7030.371,60.298,60.298,575.081,1.393,7.516,11.896,0.236,0.999,1
8.206,12.34656,50994.73,323.32758463946067,9323.886,438.0,438.0,927.829,3.561,18.204,60.265,1.193,0.954,3
6.175,9.25992,29790.373,241.6376933459613,8817.788,246.182,246.182,767.991,2.506,13.174,33.861,0.67,0.976,2
9.3,13.88988,72772.889,372.84400668852646,9750.793,644.905,644.905,1056.201,4.523,22.545,87.59,1.734,0.988,3
5.14,7.7166,21624.929,201.51557580892512,8467.42,175.21,175.21,688.671,2.088,11.052,24.199,0.479,0.997,2
8.206,12.34656,50993.741,323.32077785537786,9307.605,438.001,438.001,912.459,3.584,18.365,59.471,1.177,0.981,3
2.088,3.08664,4908.696,146.06604659404482,6771.256,31.594,31.594,552.13,1.277,6.918,0.0,0.187,0.987,0
1.138,1.54332,4533.108,140.64857950243945,6620.299,7.122,7.122,584.283,1.247,6.77,21.381,0.241,0.988,0
4.161,6.17328,14721.951,162.04973697722383,7769.779,113.774,113.774,637.57,1.659,8.893,17.049,0.338,0.973,1
2.088,3.08664,6960.445,144.2860201965208,6755.272,28.454,28.454,606.762,1.335,7.235,8.308,0.266,0.994,0
8.206,12.34656,50992.563,323.31355219227464,9299.129,438.107,438.107,919.35,3.598,18.616,60.269,1.193,0.988,3
7.148,10.80324,38990.084,280.4467298735521,9126.488,332.258,332.258,839.649,2.972,15.663,44.979,0.891,0.966,3
3.144,4.6299600000000005,8375.627,145.21875905537163,7054.893,60.316,60.316,577.392,1.392,7.497,11.977,0.237,0.99,1
3.144,4.6299600000000005,8376.649,145.21938737390235,7075.984,60.322,60.322,576.427,1.391,7.466,11.926,0.236,0.985,1
2.088,3.08664,4726.382,140.76754114425538,6803.265,22.333,22.333,574.707,1.256,6.829,23.799,0.226,0.959,0
3.144,4.6299600000000005,8380.058,145.2213770492496,7140.816,60.369,60.369,582.646,1.388,7.42,12.141,0.24,0.962,1
8.206,12.34656,50995.133,323.3293648752977,9322.683,438.115,438.115,930.879,3.563,18.265,60.55,1.199,0.954,3
5.14,7.7166,21627.81,201.51557580892512,8475.741,175.23,175.23,694.608,2.085,11.048,24.486,0.485,0.987,2
9.3,13.88988,72781.979,372.8596099320392,9794.213,644.878,644.878,1092.381,4.471,22.178,89.896,1.78,0.952,3
7.148,10.80324,38993.548,280.44599683526627,9124.063,332.222,332.222,836.285,2.975,15.679,44.801,0.887,0.971,3
1.138,1.54332,1315.723,144.01134027884197,6652.658,8.901,8.901,472.332,1.14,6.118,1.895,0.097,0.985,0
5.14,7.7166,21633.715,201.5158899681905,8492.792,175.273,175.273,705.301,2.079,11.031,24.989,0.495,0.968,2
3.144,4.6299600000000005,8380.032,145.2213770492496,7140.55,60.37,60.37,583.884,1.388,7.427,12.191,0.241,0.961,1
6.175,9.25992,29794.283,241.6212523444076,8831.557,246.318,246.318,769.929,2.501,13.114,33.904,0.671,0.966,2
9.3,13.88988,72777.347,372.8451586058328,9755.822,645.063,645.063,1051.14,4.516,22.386,86.975,1.722,0.988,3
5.14,7.7166,21620.857,201.51285309529203,8449.635,175.192,175.192,703.314,2.094,11.25,25.074,0.496,1.0,2
3.144,4.6299600000000005,8375.752,145.21896849488186,7052.597,60.317,60.317,586.014,1.392,7.545,12.326,0.244,0.983,1
8.206,12.34656,50996.746,323.33376310501274,9323.461,438.123,438.123,933.309,3.563,18.278,60.728,1.202,0.952,3
4.161,6.17328,14723.669,162.05036529575457,7793.509,113.793,113.793,646.11,1.657,8.908,17.413,0.345,0.96,1
9.3,13.88988,72767.44,372.845368045343,9766.15,645.087,645.087,1090.034,4.508,22.696,90.449,1.79,0.966,3
4.161,6.17328,14718.617,162.04879449942777,7728.8,113.737,113.737,624.418,1.663,8.878,16.488,0.326,0.995,1
9.3,13.88988,72781.406,372.8469388416697,9780.638,645.088,645.088,1076.52,4.486,22.236,88.76,1.757,0.965,3
8.206,12.34656,50997.12,323.3332395062371,9315.611,438.03,438.03,938.741,3.577,18.513,61.408,1.216,0.959,3
3.144,4.6299600000000005,8377.288,145.21980625292284,7086.488,60.337,60.337,581.063,1.39,7.477,12.107,0.24,0.978,1
7.148,10.80324,38988.765,280.4467298735521,9127.463,332.176,332.176,841.004,2.97,15.656,45.051,0.892,0.964,3
8.206,12.34656,50987.449,323.2930271202712,9297.01,437.955,437.955,926.429,3.602,18.736,60.9,1.206,0.987,3
8.206,12.34656,50993.693,323.3205684158676,9308.019,438.024,438.024,911.434,3.584,18.344,59.375,1.175,0.981,3
7.148,10.80324,38979.753,280.4480912303687,9138.542,332.169,332.169,823.714,2.957,15.326,43.634,0.864,0.961,3
9.3,13.88988,72764.217,372.8434830897508,9774.182,645.0,645.0,1108.103,4.501,22.789,91.946,1.82,0.955,3
3.144,4.6299600000000005,8378.771,145.2206440109638,7105.968,60.353,60.353,599.418,1.389,7.548,12.83,0.254,0.957,1
6.175,9.25992,29794.933,241.6191579493052,8833.611,246.244,246.244,767.802,2.5,13.087,33.763,0.668,0.966,2
5.14,7.7166,21628.732,201.51505221014952,8476.817,175.282,175.282,700.921,2.085,11.086,24.823,0.491,0.982,2
8.206,12.34656,50993.825,323.3231864097456,9317.637,437.948,437.948,914.109,3.569,18.175,59.322,1.174,0.968,3
8.206,12.34656,50994.462,323.32371000852123,9308.556,438.091,438.091,924.398,3.585,18.482,60.423,1.196,0.974,3
2.088,3.08664,6148.799,145.71722508974122,6756.197,30.995,30.995,584.141,1.316,7.133,0.0,0.229,0.993,0
3.144,4.6299600000000005,8378.264,145.22043457145355,7096.518,60.343,60.343,598.852,1.39,7.556,12.813,0.254,0.96,1
9.3,13.88988,72763.989,372.844530287302,9757.852,644.995,644.995,1087.037,4.518,22.811,90.377,1.789,0.971,3
4.161,6.17328,14723.969,162.05036529575457,7795.836,113.794,113.794,646.573,1.657,8.907,17.431,0.345,0.959,1
4.161,12.34656,14720.519,162.04952753771357,7756.965,113.764,113.764,627.543,1.66,8.85,16.601,0.329,0.984,1
6.175,9.25992,29790.007,241.6409396583701,8818.288,246.213,246.213,787.348,2.505,13.314,35.032,0.694,0.964,2
2.088,3.08664,6912.748,143.33338458419726,6801.822,26.783,26.783,598.534,1.329,7.113,13.016,0.263,0.987,0
2.088,3.08664,3151.719,141.4850809063353,6798.789,23.502,23.502,522.089,1.207,6.526,17.743,0.161,0.965,0
7.148,10.80324,39005.314,280.4436930006537,9119.361,332.423,332.423,800.982,2.984,15.483,42.454,0.841,0.999,3
6.175,9.25992,29760.56,241.5693113458682,8776.993,246.009,246.009,772.194,2.52,13.419,34.325,0.68,1.0,2
2.088,3.08664,2884.929,142.24890680017808,6813.481,24.807,24.807,507.965,1.199,6.453,13.218,0.142,0.965,0
8.206,12.34656,50994.172,323.3227675307252,9308.696,437.965,437.965,919.925,3.584,18.428,60.053,1.189,0.976,3
3.144,4.6299600000000005,8379.387,145.22106288998427,7124.815,60.356,60.356,589.915,1.388,7.476,12.441,0.246,0.96,1
7.148,10.80324,39001.295,280.4441118796741,9119.902,332.329,332.329,821.909,2.982,15.64,43.9,0.869,0.985,3
3.144,4.6299600000000005,8374.158,145.21718825904483,7023.264,60.294,60.294,584.013,1.393,7.572,12.262,0.243,0.993,1
7.148,10.80324,38992.043,280.44714875257256,9126.686,332.307,332.307,824.394,2.973,15.539,43.928,0.87,0.975,3
5.14,7.7166,21634.578,201.5159946879456,8495.679,175.325,175.325,706.87,2.078,11.026,25.06,0.496,0.965,2
2.088,3.08664,2915.236,141.98145254560248,6768.537,24.343,24.343,514.885,1.2,6.526,14.839,0.149,0.972,0
8.206,12.34656,50994.01,323.3211967343984,9304.134,437.994,437.994,919.067,3.591,18.512,60.11,1.19,0.982,3
2.088,3.08664,5709.996,145.90467345140542,6827.148,31.339,31.339,565.321,1.3,6.95,0.0,0.208,0.979,0
4.161,12.34656,14723.421,162.05036529575457,7792.319,113.783,113.783,640.796,1.657,8.876,17.172,0.34,0.964,1
1.138,1.54332,3407.046,145.47616021345576,6636.874,9.803,9.803,545.363,1.22,6.639,4.678,0.18,0.985,0
7.148,10.80324,38984.92,280.44735819208285,9130.949,332.12,332.12,840.61,2.966,15.591,44.95,0.89,0.96,3
9.3,13.88988,72777.066,372.8467294021595,9777.473,644.947,644.947,1084.73,4.492,22.407,89.637,1.774,0.963,3
3.144,4.6299600000000005,8378.907,145.2207487307189,7122.98,60.351,60.351,576.643,1.389,7.41,11.909,0.236,0.972,1
3.144,4.6299600000000005,8375.929,145.21896849488186,7066.929,60.315,60.315,567.066,1.391,7.429,11.549,0.229,0.996,1
6.175,9.25992,29761.218,241.5647036766429,8801.492,246.009,246.009,781.046,2.51,13.349,34.724,0.687,0.978,2
7.148,10.80324,38985.387,280.447462911838,9130.981,332.21,332.21,837.183,2.966,15.564,44.715,0.885,0.962,3
4.161,12.34656,14718.453,162.0485850599175,7723.181,113.745,113.745,628.246,1.663,8.913,16.672,0.33,0.994,1
7.148,12.34656,39001.375,280.4458921155112,9122.251,332.345,332.345,799.935,2.98,15.424,42.32,0.838,0.996,3
7.148,10.80324,38985.215,280.44767235134816,9132.041,332.228,332.228,830.046,2.965,15.489,44.204,0.875,0.965,3
2.088,3.08664,6466.3,145.35583721482325,6796.467,30.363,30.363,586.672,1.322,7.106,1.93,0.238,0.987,0
1.138,1.54332,3049.977,147.52898157306646,6678.891,10.862,10.862,514.357,1.21,6.463,0.0,0.147,0.992,0
5.14,12.34656,21622.33,201.5142144521085,8457.602,175.188,175.188,696.134,2.091,11.156,24.648,0.488,0.999,2
6.175,9.25992,29762.595,241.56648391248,8797.212,245.957,245.957,758.304,2.512,13.205,33.363,0.661,0.995,2
5.14,7.7166,21622.936,201.51452861137392,8459.364,175.24,175.24,692.799,2.091,11.124,24.459,0.484,1.0,2
7.148,10.80324,38993.442,280.446520434042,9124.618,332.267,332.267,831.846,2.975,15.634,44.485,0.881,0.973,3
6.175,9.25992,29767.041,241.58606650668733,8810.82,245.957,245.957,767.966,2.507,13.203,33.88,0.671,0.98,2
1.138,1.54332,7016.835,142.3859849596297,6658.958,8.054,8.054,642.156,1.324,7.154,12.605,0.308,0.983,0
8.206,12.34656,50994.595,323.32622328264404,9318.714,438.0,438.0,926.006,3.569,18.291,60.266,1.193,0.961,3
9.3,12.34656,72763.867,372.84316893048543,9757.012,644.735,644.735,1087.935,4.519,22.838,90.485,1.791,0.971,3
4.161,6.17328,14721.254,162.04963225746872,7764.709,113.769,113.769,634.053,1.66,8.879,16.893,0.334,0.977,1
5.14,7.7166,21629.021,201.51568052868024,8479.47,175.277,175.277,696.633,2.084,11.042,24.579,0.487,0.983,2
7.148,10.80324,38982.581,280.44851010938913,9132.416,332.112,332.112,851.283,2.963,15.651,45.646,0.904,0.952,3
1.138,12.34656,287.329,139.83878163609913,6710.091,6.756,6.756,456.425,1.094,5.841,12.815,0.084,0.954,0
4.161,6.17328,14720.613,162.04879449942777,7741.835,113.76,113.76,648.499,1.662,9.012,17.582,0.348,0.974,1
5.14,7.7166,21625.767,201.51557580892512,8470.166,175.234,175.234,690.162,2.087,11.048,24.268,0.48,0.994,2
7.148,10.80324,39014.536,280.43562957950945,9112.398,332.556,332.556,813.324,2.992,15.707,43.463,0.861,1.0,3
9.3,13.88988,72774.292,372.84494916632246,9753.571,644.796,644.796,1055.58,4.519,22.485,87.46,1.731,0.987,3
6.175,9.25992,29762.849,241.5620856827649,8804.358,246.007,246.007,753.985,2.51,13.134,33.057,0.654,0.993,2
2.088,3.08664,3079.288,144.10265590530628,6776.119,28.04,28.04,506.403,1.21,6.555,3.871,0.132,0.978,0
4.161,6.17328,14717.276,162.04785202163166,7699.501,113.729,113.729,635.998,1.666,9.005,17.058,0.338,0.996,1
7.148,10.80324,39000.039,280.4445307586946,9120.314,332.406,332.406,825.909,2.981,15.664,44.167,0.874,0.982,3
4.161,6.17328,14719.486,162.04921337844823,7743.665,113.756,113.756,624.909,1.661,8.856,16.494,0.327,0.99,1
4.161,6.17328,14721.587,162.04952753771357,7762.103,113.771,113.771,642.359,1.66,8.937,17.278,0.342,0.972,1
7.148,10.80324,39016.191,280.4329068658763,9110.766,332.537,332.537,821.374,2.994,15.8,44.058,0.872,0.997,3
3.144,4.6299600000000005,8380.211,145.22158648875984,7145.709,60.368,60.368,582.306,1.387,7.412,12.125,0.24,0.961,1
1.138,1.54332,1540.438,143.5603122935416,6640.317,8.594,8.594,471.163,1.149,6.129,2.83,0.1,0.998,0
5.14,7.7166,21635.185,201.5143191718637,8493.417,175.271,175.271,721.747,2.079,11.138,25.864,0.512,0.957,2
7.148,10.80324,38994.193,280.4461015550214,9124.136,332.277,332.277,831.182,2.975,15.638,44.449,0.88,0.974,3
1.138,1.54332,634.449,138.65722863908397,6694.596,6.123,6.123,472.094,1.107,5.921,19.935,0.108,0.959,0
9.3,13.88988,72767.574,372.8441114082816,9756.682,644.87,644.87,1079.03,4.518,22.728,89.636,1.774,0.975,3
6.175,9.25992,29761.447,241.56941606562336,8796.321,246.0,246.0,778.496,2.512,13.359,34.599,0.685,0.983,2
2.088,3.08664,3939.099,140.83519010606267,6787.205,22.421,22.421,551.412,1.232,6.7,22.366,0.197,0.964,0
3.144,4.6299600000000005,8377.866,145.2201204121882,7094.284,60.338,60.338,587.805,1.39,7.503,12.374,0.245,0.97,1
8.206,12.34656,50993.605,323.31994009733694,9305.004,438.084,438.084,910.844,3.588,18.4,59.41,1.176,0.985,3
9.3,13.88988,72775.691,372.84442556754686,9752.005,645.126,645.126,1050.673,4.52,22.452,87.027,1.723,0.99,3
1.138,1.54332,2343.737,147.05041229216965,6679.05,10.632,10.632,502.074,1.184,6.355,0.0,0.129,0.982,0
9.3,13.88988,72781.391,372.8777264496749,9795.778,644.884,644.884,1095.609,4.47,22.192,90.159,1.785,0.95,3
3.144,4.6299600000000005,8377.511,145.21991097267795,7091.573,60.341,60.341,579.486,1.39,7.463,12.041,0.238,0.978,1
9.3,13.88988,72755.278,372.8391895797909,9729.084,644.974,644.974,1068.536,4.55,23.087,89.295,1.768,0.992,3
2.088,3.08664,6833.424,142.80329318378156,6754.465,25.841,25.841,602.513,1.327,7.164,15.534,0.267,0.996,0
1.138,1.54332,855.205,138.3702965100561,6687.01,5.954,5.954,478.02,1.115,5.954,21.942,0.118,0.964,0
5.14,7.7166,21631.403,201.51683244598647,8488.637,175.257,175.257,693.068,2.081,10.97,24.346,0.482,0.979,2
9.3,13.88988,72777.314,372.84599636387367,9770.227,644.816,644.816,1073.993,4.5,22.407,88.801,1.758,0.971,3
3.144,4.6299600000000005,8376.284,145.2191779343921,7061.111,60.325,60.325,589.044,1.391,7.55,12.443,0.246,0.978,1
3.144,4.6299600000000005,8377.502,145.21991097267795,7080.332,60.34,60.34,596.914,1.39,7.567,12.745,0.252,0.966,1
3.144,4.6299600000000005,8376.95,145.21959681341258,7076.022,60.327,60.327,585.477,1.391,7.513,12.291,0.243,0.977,1
5.14,7.7166,21622.244,201.51410973235343,8456.703,175.236,175.236,695.636,2.091,11.158,24.625,0.487,1.0,2
8.206,12.34656,50997.566,323.3328206272166,9319.306,438.134,438.134,950.027,3.574,18.589,62.245,1.232,0.95,3
1.138,1.54332,838.553,143.18206453804936,6667.072,8.431,8.431,454.23,1.12,5.973,0.0,0.076,0.982,0
4.161,6.17328,14717.4,162.0480614611419,7706.552,113.732,113.732,628.632,1.665,8.945,16.709,0.331,0.999,1
6.175,9.25992,29762.944,241.5615620839893,8801.325,245.944,245.944,750.964,2.511,13.129,32.887,0.651,0.997,2
9.3,13.88988,72774.774,372.8446350070572,9748.763,644.931,644.931,1047.471,4.524,22.471,86.799,1.718,0.993,3
6.175,9.25992,29769.604,241.5954912846481,8812.006,245.983,245.983,770.075,2.507,13.214,34.004,0.673,0.978,2
9.3,13.88988,72776.312,372.8443208477918,9751.766,645.128,645.128,1048.764,4.52,22.432,86.848,1.719,0.991,3
6.175,9.25992,29762.056,241.56742639027604,8797.23,246.018,246.018,767.755,2.512,13.274,33.94,0.672,0.989,2
1.138,1.54332,4043.572,143.40951584616926,6605.12,8.596,8.596,559.875,1.239,6.726,9.143,0.205,0.999,0
2.088,3.08664,6086.48,145.7878062046919,6761.207,31.131,31.131,581.881,1.314,7.123,0.0,0.227,0.992,0
5.14,7.7166,21638.201,201.51672772623144,8507.309,175.299,175.299,711.732,2.075,10.998,25.269,0.5,0.954,2
1.138,12.34656,1001.901,144.12517065265703,6665.377,9.059,9.059,477.721,1.128,6.118,1.034,0.095,0.964,0
9.3,13.88988,72776.666,372.8466246824044,9769.912,644.813,644.813,1072.022,4.5,22.387,88.618,1.754,0.972,3
2.088,3.08664,6826.595,142.67961915298525,6733.889,25.625,25.625,609.542,1.327,7.216,16.248,0.273,0.996,0
8.206,12.34656,50993.389,323.31941649856134,9306.666,437.953,437.953,906.745,3.585,18.318,59.027,1.169,0.985,3
3.144,4.6299600000000005,8374.843,145.21844489610626,7033.764,60.3,60.3,587.458,1.393,7.576,12.395,0.245,0.987,1
1.138,1.54332,3131.81,147.2989122710686,6673.118,10.692,10.692,510.408,1.213,6.451,0.088,0.146,1.0,0
3.144,4.6299600000000005,8379.228,145.22095817022915,7119.394,60.355,60.355,592.789,1.389,7.497,12.559,0.249,0.959,1
8.206,12.34656,50994.69,323.32517608509283,9311.345,438.125,438.125,927.773,3.581,18.464,60.62,1.2,0.969,3
2.088,3.08664,3570.614,144.93559683752807,6845.986,29.548,29.548,511.495,1.227,6.545,0.0,0.14,0.968,0
7.148,10.80324,38995.173,280.446625153797,9124.819,332.298,332.298,818.441,2.975,15.525,43.556,0.862,0.981,3
2.088,3.08664,3308.149,144.48498773124817,6855.053,28.742,28.742,504.437,1.217,6.483,1.785,0.132,0.965,0
1.138,1.54332,984.769,144.4802753422678,6699.341,9.293,9.293,477.808,1.127,6.091,0.0,0.094,0.954,0
8.206,12.34656,50994.473,323.3248619258275,9312.586,438.054,438.054,924.646,3.578,18.402,60.329,1.194,0.969,3
1.138,1.54332,6904.308,144.55033285844283,6699.693,9.275,9.275,630.302,1.326,7.117,0.435,0.287,0.977,0
9.3,13.88988,72763.608,372.8434830897508,9775.751,645.005,645.005,1111.352,4.5,22.803,92.211,1.825,0.953,3
9.3,13.88988,72766.259,372.84316893048543,9753.828,644.735,644.735,1079.683,4.522,22.789,89.771,1.777,0.976,3
9.3,13.88988,72758.56,372.8400273378319,9725.702,644.988,644.988,1054.729,4.553,22.974,88.048,1.743,1.0,3
5.14,7.7166,21636.95,201.51787964353773,8506.838,175.293,175.293,701.422,2.075,10.931,24.719,0.489,0.961,2
2.088,12.34656,2907.656,143.3058432886008,6864.245,26.66,26.66,497.38,1.2,6.385,7.516,0.127,0.96,0
3.144,4.6299600000000005,8377.653,145.2200156924331,7085.737,60.341,60.341,594.007,1.39,7.545,12.627,0.25,0.967,1
7.148,10.80324,38993.132,280.44683459330724,9125.701,332.274,332.274,824.747,2.974,15.559,43.973,0.871,0.976,3
8.206,12.34656,50990.605,323.30433685382405,9299.022,437.942,437.942,925.587,3.599,18.688,60.78,1.203,0.985,3
5.14,7.7166,21621.947,201.51264365578177,8452.373,175.184,175.184,707.785,2.093,11.265,25.303,0.501,0.995,2
5.14,7.7166,21632.56,201.51463333112903,8486.497,175.29,175.29,713.5,2.081,11.119,25.456,0.504,0.967,2
3.144,4.6299600000000005,8380.328,145.22158648875984,7148.29,60.375,60.375,581.519,1.387,7.405,12.092,0.239,0.961,1
9.3,13.88988,72771.747,372.8466246824044,9777.401,644.898,644.898,1094.553,4.494,22.542,90.576,1.793,0.959,3
5.14,7.7166,21632.503,201.51662300647635,8491.575,175.312,175.312,697.485,2.08,10.984,24.573,0.486,0.974,2
6.175,9.25992,29792.095,241.6307818421234,8824.368,246.203,246.203,777.477,2.503,13.208,34.402,0.681,0.966,2
2.088,3.08664,6887.987,143.2547400481024,6806.041,26.648,26.648,597.714,1.328,7.1,13.286,0.262,0.986,0
9.3,13.88988,72757.552,372.83960845881137,9729.661,644.714,644.714,1063.72,4.549,23.017,88.82,1.758,0.994,3
6.175,9.25992,29795.14,241.6187390702847,8834.803,246.251,246.251,771.492,2.5,13.108,33.981,0.673,0.963,2
3.144,4.6299600000000005,8377.062,145.21959681341258,7070.721,60.334,60.334,597.639,1.391,7.582,12.78,0.253,0.968,1
9.3,12.34656,72777.803,372.84599636387367,9774.932,644.91,644.91,1080.467,4.495,22.401,89.296,1.768,0.966,3
8.206,12.34656,50989.976,323.3015094204359,9297.367,438.0,438.0,923.624,3.601,18.699,60.664,1.201,0.988,3
7.148,10.80324,38976.057,280.44767235134816,9142.523,332.088,332.088,825.799,2.952,15.273,43.694,0.865,0.955,3
9.3,13.88988,72777.01,372.84547276509807,9760.655,645.065,645.065,1059.313,4.51,22.4,87.639,1.735,0.982,3
3.144,4.6299600000000005,8377.341,145.21980625292284,7081.823,60.335,60.335,590.573,1.39,7.532,12.492,0.247,0.971,1
5.14,7.7166,21636.076,201.51735604476207,8503.069,175.289,175.289,702.249,2.076,10.956,24.78,0.491,0.963,2
4.161,6.17328,14719.381,162.04921337844823,7744.927,113.749,113.749,620.257,1.661,8.824,16.276,0.322,0.993,1
7.148,12.34656,38984.718,280.44735819208285,9131.472,332.119,332.119,837.862,2.965,15.56,44.751,0.886,0.961,3
8.206,12.34656,50996.933,323.33187814942056,9314.877,438.073,438.073,940.814,3.578,18.556,61.602,1.22,0.959,3
2.088,3.08664,6359.433,145.47636965296596,6799.341,30.574,30.574,583.845,1.319,7.089,1.03,0.233,0.986,0
7.148,10.80324,38997.832,280.44599683526627,9122.891,332.385,332.385,817.496,2.978,15.552,43.531,0.862,0.984,3
9.3,13.88988,72779.72,372.84840491824144,9792.759,645.171,645.171,1094.069,4.473,22.23,90.097,1.784,0.952,3
6.175,9.25992,29765.673,241.57664172872657,8809.599,245.948,245.948,756.477,2.508,13.125,33.184,0.657,0.988,2
1.138,1.54332,6578.398,140.01418722592456,6675.08,6.793,6.793,630.576,1.304,7.002,23.36,0.302,0.979,0
4.161,6.17328,14717.873,162.04837562040728,7714.949,113.735,113.735,629.082,1.664,8.933,16.72,0.331,0.996,1
8.206,12.34656,50994.89,323.3266421616645,9312.615,438.005,438.005,930.863,3.579,18.474,60.837,1.204,0.966,3
7.148,10.80324,38978.843,280.44788179085845,9138.506,332.04,332.04,830.416,2.957,15.379,44.094,0.873,0.957,3
6.175,9.25992,29762.049,241.5710915817052,8794.169,245.964,245.964,766.256,2.513,13.28,33.866,0.67,0.992,2
4.161,6.17328,14716.593,162.04753786236634,7689.031,113.723,113.723,635.117,1.667,9.018,17.03,0.337,1.0,1
4.161,6.17328,14725.167,162.05130777355063,7824.481,113.806,113.806,635.841,1.654,8.791,16.909,0.335,0.958,1
5.14,12.34656,21626.57,201.5163088472109,8473.736,175.271,175.271,686.456,2.086,11.003,24.05,0.476,0.994,2
4.161,6.17328,14721.204,162.04963225746872,7762.471,113.771,113.771,633.606,1.66,8.88,16.875,0.334,0.978,1
9.3,13.88988,72764.641,372.8437972490162,9772.622,644.832,644.832,1104.868,4.503,22.774,91.682,1.815,0.957,3
2.088,3.08664,3533.766,141.0467240114044,6769.272,22.761,22.761,539.857,1.22,6.649,20.815,0.182,0.968,0
2.088,3.08664,4364.592,145.84969557996757,6767.555,31.186,31.186,537.606,1.259,6.823,0.0,0.17,0.987,0
1.138,1.54332,4914.983,137.6207125029096,6687.586,5.649,5.649,610.995,1.25,6.756,32.071,0.275,0.956,0
5.14,7.7166,21629.023,201.51672772623144,8482.048,175.275,175.275,689.528,2.083,10.98,24.182,0.479,0.986,2
7.148,10.80324,38999.813,280.4451590772253,9121.442,332.298,332.298,817.208,2.98,15.575,43.542,0.862,0.986,3
1.138,1.54332,777.418,140.92524909546557,6637.854,7.294,7.294,473.871,1.116,6.041,12.094,0.101,0.972,0
4.161,6.17328,14723.915,162.0501558562443,7790.726,113.793,113.793,653.26,1.658,8.958,17.74,0.351,0.956,1
3.144,4.6299600000000005,8375.777,145.21875905537163,7062.244,60.319,60.319,567.409,1.391,7.436,11.565,0.229,0.997,1
8.206,12.34656,50994.422,323.32569968386844,9317.995,438.044,438.044,923.605,3.57,18.278,60.09,1.19,0.963,3
7.148,10.80324,39005.208,280.4434835611434,9118.758,332.429,332.429,806.816,2.984,15.541,42.874,0.849,0.996,3
7.148,10.80324,38994.035,280.4470440328176,9125.799,332.347,332.347,818.09,2.974,15.505,43.511,0.861,0.98,3
6.175,9.25992,29779.977,241.62271842097925,8814.334,246.111,246.111,763.218,2.507,13.154,33.579,0.665,0.981,2
6.175,9.25992,29794.394,241.62250898146897,8833.099,246.249,246.249,783.298,2.5,13.205,34.705,0.687,0.957,2
8.206,12.34656,50993.87,323.32391944803146,9318.748,437.971,437.971,915.477,3.567,18.167,59.402,1.176,0.966,3
2.088,3.08664,6289.427,145.5439138950182,6804.415,30.696,30.696,581.418,1.317,7.072,0.528,0.23,0.985,0
9.3,13.88988,72773.349,372.8469388416697,9781.221,644.859,644.859,1095.124,4.489,22.476,90.525,1.792,0.957,3
1.138,1.54332,6715.232,139.716154802854,6697.195,6.738,6.738,652.605,1.306,7.075,25.227,0.321,0.958,0
8.206,12.34656,50995.473,323.3298884740733,9318.79,438.114,438.114,932.202,3.57,18.362,60.77,1.203,0.958,3
6.175,9.25992,29792.979,241.625964733388,8827.447,246.283,246.283,774.222,2.502,13.168,34.188,0.677,0.966,2
7.148,12.34656,38981.492,280.4481959501238,9136.55,332.193,332.193,824.355,2.96,15.365,43.719,0.866,0.963,3
6.175,9.25992,29794.614,241.61947210857048,8832.476,246.244,246.244,765.707,2.501,13.078,33.642,0.666,0.968,2
3.144,4.6299600000000005,8376.632,145.21938737390235,7076.301,60.331,60.331,575.212,1.391,7.46,11.876,0.235,0.986,1
8.206,12.34656,50994.871,323.3273751999504,9319.03,438.106,438.106,929.442,3.569,18.324,60.538,1.198,0.959,3
5.14,12.34656,21632.938,201.51463333112903,8487.408,175.307,175.307,712.533,2.081,11.108,25.4,0.503,0.967,2
4.161,6.17328,14722.379,162.0501558562443,7781.736,113.783,113.783,632.436,1.658,8.84,16.8,0.333,0.973,1
2.088,3.08664,6543.962,142.0961206774585,6740.97,24.609,24.609,597.857,1.317,7.125,18.922,0.263,0.998,0
1.138,1.54332,5121.13,138.0223127637935,6672.174,5.777,5.777,602.481,1.257,6.758,30.639,0.27,0.972,0
4.161,6.17328,14720.687,162.04973697722383,7762.653,113.755,113.755,623.743,1.66,8.816,16.418,0.325,0.985,1
1.138,1.54332,5819.235,143.22300996230118,6643.142,8.586,8.586,624.261,1.292,7.065,10.29,0.276,0.976,0
7.148,10.80324,38992.824,280.44788179085845,9127.877,332.26,332.26,809.199,2.972,15.398,42.851,0.848,0.983,3
8.206,12.34656,50992.606,323.3134474725195,9297.924,437.959,437.959,916.335,3.6,18.606,60.055,1.189,0.991,3
8.206,12.34656,50996.979,323.33344894574736,9319.241,438.106,438.106,935.635,3.57,18.397,61.044,1.208,0.956,3
8.206,12.34656,50993.287,323.318264581255,9302.168,438.094,438.094,905.886,3.592,18.401,59.081,1.17,0.991,3
2.088,3.08664,3191.886,141.5266546491178,6860.024,23.595,23.595,516.55,1.207,6.444,16.981,0.156,0.955,0
3.144,4.6299600000000005,8376.826,145.21959681341258,7072.55,60.331,60.331,590.03,1.391,7.541,12.475,0.247,0.974,1
5.14,7.7166,21633.258,201.5133766940676,8485.007,175.271,175.271,724.54,2.082,11.202,26.05,0.516,0.961,2
5.14,7.7166,21624.262,201.5157852484353,8466.477,175.211,175.211,686.751,2.088,11.044,24.098,0.477,0.999,2
6.175,9.25992,29760.835,241.5655414346839,8801.597,245.922,245.922,787.598,2.51,13.397,35.119,0.695,0.974,2
7.148,10.80324,39012.272,280.4364673375504,9112.582,332.417,332.417,825.613,2.991,15.801,44.313,0.877,0.992,3
7.148,10.80324,39012.948,280.43583901901974,9112.077,332.531,332.531,826.653,2.992,15.819,44.396,0.879,0.992,3
2.088,3.08664,5362.301,145.98656429990896,6848.73,31.485,31.485,554.897,1.288,6.862,0.0,0.195,0.974,0
4.161,6.17328,14720.369,162.0491086586931,7746.151,113.76,113.76,637.879,1.661,8.936,17.09,0.338,0.98,1
1.138,1.54332,5049.883,138.0404292814292,6670.39,5.779,5.779,598.882,1.255,6.74,30.462,0.267,0.974,0
2.088,3.08664,4105.696,145.55993601755148,6850.237,30.677,30.677,524.046,1.247,6.642,0.0,0.156,0.97,0
1.138,1.54332,813.514,141.57419741794212,6640.58,7.623,7.623,469.396,1.118,6.039,8.616,0.094,0.975,0
1.138,1.54332,2212.106,147.61286209691727,6729.973,11.098,11.098,514.599,1.178,6.367,0.0,0.135,0.952,0
7.148,10.80324,39000.517,280.44442603893947,9120.375,332.302,332.302,822.559,2.981,15.637,43.935,0.87,0.984,3
8.206,12.34656,50995.058,323.3271657604401,9313.179,438.108,438.108,931.546,3.578,18.47,60.877,1.205,0.965,3
1.138,1.54332,395.648,139.44095128639952,6663.587,6.59,6.59,477.697,1.099,5.976,17.188,0.105,0.951,0
8.206,12.34656,50995.997,323.327898798726,9310.629,437.988,437.988,936.15,3.583,18.579,61.331,1.214,0.966,3
1.138,1.54332,5066.358,144.9874331163123,6649.19,9.568,9.568,598.053,1.274,6.954,4.111,0.24,0.977,0
3.144,4.6299600000000005,8376.338,145.21928265414724,7064.278,60.326,60.326,585.743,1.391,7.529,12.308,0.244,0.98,1
5.14,7.7166,21635.366,201.51463333112903,8494.272,175.315,175.315,719.253,2.079,11.117,25.728,0.509,0.958,2
8.206,12.34656,50992.682,323.31407579105024,9303.905,438.091,438.091,929.805,3.592,18.638,60.992,1.207,0.977,3
8.206,12.34656,50990.095,323.3031849365178,9302.753,438.0,438.0,934.788,3.595,18.719,61.431,1.216,0.976,3
8.206,12.34656,50991.455,323.3084209242737,9294.772,438.008,438.008,914.167,3.604,18.645,59.962,1.187,0.996,3
2.088,3.08664,3791.752,140.92430661766952,6821.798,22.577,22.577,542.047,1.226,6.614,21.533,0.187,0.959,0
1.138,1.54332,7164.74,143.66984915739673,6700.741,8.805,8.805,642.381,1.33,7.154,5.969,0.304,0.973,0
6.175,9.25992,29789.453,241.64313877322755,8816.013,246.193,246.193,781.404,2.506,13.282,34.686,0.687,0.969,2
7.148,10.80324,38988.732,280.4480912303687,9130.187,332.15,332.15,819.026,2.968,15.435,43.484,0.861,0.974,3
2.088,3.08664,2805.521,142.68893921119087,6724.014,25.534,25.534,496.864,1.199,6.5,10.091,0.129,0.997,0
6.175,9.25992,29789.614,241.64167269665583,8815.816,246.187,246.187,773.339,2.506,13.224,34.198,0.677,0.974,2
6.175,9.25992,29790.976,241.63664614841016,8821.526,246.244,246.244,788.927,2.504,13.308,35.109,0.695,0.961,2
4.161,6.17328,14721.515,162.04931809820337,7756.719,113.772,113.772,647.666,1.661,8.981,17.526,0.347,0.97,1
7.148,10.80324,38999.165,280.4451590772253,9121.352,332.288,332.288,822.192,2.98,15.616,43.889,0.869,0.983,3
5.14,7.7166,21622.757,201.5148427706393,8460.24,175.191,175.191,691.855,2.09,11.113,24.404,0.483,1.0,2
2.088,3.08664,6859.889,142.8393167795427,6749.7,25.902,25.902,604.847,1.328,7.183,15.675,0.269,0.996,0
1.138,1.54332,4187.742,140.58941284079685,6616.843,7.055,7.055,568.983,1.236,6.684,21.21,0.226,0.994,0
8.206,12.34656,50996.815,323.33261118770645,9316.091,438.025,438.025,934.982,3.575,18.453,61.08,1.209,0.96,3
9.3,12.34656,72778.073,372.8456822046084,9767.453,644.825,644.825,1067.849,4.503,22.38,88.283,1.748,0.975,3
8.206,12.34656,50992.132,323.3114577971722,9303.47,437.98,437.98,930.877,3.593,18.659,61.091,1.209,0.977,3
9.3,13.88988,72772.526,372.84651996264927,9773.601,644.808,644.808,1089.068,4.498,22.541,90.16,1.785,0.963,3
1.138,1.54332,1821.136,137.3133600216334,6687.627,5.458,5.458,519.486,1.15,6.173,29.162,0.168,0.957,0
3.144,12.34656,8375.016,145.21844489610626,7040.145,60.308,60.308,580.904,1.392,7.534,12.127,0.24,0.991,1
7.148,10.80324,38994.501,280.44683459330724,9125.297,332.227,332.227,819.094,2.975,15.522,43.591,0.863,0.98,3
2.088,3.08664,3672.757,145.079062902042,6835.162,29.8,29.8,514.428,1.231,6.578,0.0,0.143,0.971,0
3.144,12.34656,8374.493,145.21813073684092,7027.596,60.296,60.296,584.891,1.393,7.571,12.295,0.243,0.991,1
6.175,9.25992,29792.066,241.6282685680005,8822.844,246.211,246.211,757.987,2.504,13.073,33.223,0.658,0.979,2
7.148,12.34656,38997.853,280.4467298735521,9124.036,332.335,332.335,807.312,2.977,15.451,42.799,0.847,0.989,3
5.14,12.34656,21630.325,201.51348141382272,8477.271,175.246,175.246,717.25,2.084,11.194,25.698,0.509,0.971,2
8.206,12.34656,50993.83,323.32182505292906,9312.137,438.019,438.019,913.403,3.577,18.282,59.421,1.176,0.975,3
1.138,1.54332,3212.488,142.16251300220435,6600.464,7.918,7.918,540.394,1.208,6.56,14.401,0.185,0.997,0
8.206,12.34656,50994.008,323.3221392121944,9307.04,438.062,438.062,917.922,3.586,18.439,59.935,1.187,0.979,3
2.088,3.08664,4722.313,145.9440480793304,6845.829,31.393,31.393,539.471,1.268,6.757,0.0,0.175,0.973,0
9.3,13.88988,72776.464,372.845368045343,9762.006,645.07,645.07,1062.339,4.509,22.413,87.895,1.74,0.98,3
5.14,7.7166,21635.888,201.5144238916188,8495.367,175.278,175.278,722.824,2.078,11.135,25.912,0.513,0.955,2
6.175,9.25992,29761.896,241.5701491039092,8795.215,245.956,245.956,769.941,2.513,13.302,34.085,0.675,0.989,2
7.148,10.80324,38998.335,280.44484491796,9121.236,332.329,332.329,828.905,2.979,15.671,44.354,0.878,0.979,3
1.138,1.54332,5475.691,142.7412990887507,6633.323,8.279,8.279,607.805,1.281,6.97,12.287,0.262,0.985,0
4.161,6.17328,14719.824,162.0484803401624,7729.038,113.752,113.752,648.459,1.663,9.034,17.595,0.348,0.978,1
7.148,10.80324,38975.735,280.447462911838,9140.988,332.111,332.111,837.239,2.953,15.389,44.508,0.881,0.95,3
6.175,9.25992,29797.007,241.61413140105927,8842.436,246.328,246.328,775.174,2.497,13.095,34.163,0.676,0.956,2
7.148,10.80324,39017.526,280.4318596683252,9110.388,332.482,332.482,817.408,2.995,15.776,43.79,0.867,1.0,3
3.144,4.6299600000000005,8374.255,145.2180260170858,7027.522,60.3,60.3,577.081,1.393,7.53,11.979,0.237,0.998,1
9.3,12.34656,72759.308,372.84013205758697,9727.968,644.808,644.808,1056.83,4.55,22.961,88.198,1.746,0.998,3
9.3,13.88988,72766.739,372.842750051465,9736.509,644.94,644.94,1050.9,4.54,22.738,87.428,1.731,0.997,3
1.138,1.54332,1061.381,138.6183776099346,6637.691,6.035,6.035,484.499,1.124,6.043,22.592,0.126,0.978,0
4.161,12.34656,14718.027,162.0484803401624,7718.612,113.738,113.738,626.089,1.664,8.907,16.577,0.328,0.997,1
6.175,9.25992,29762.405,241.56826414831696,8796.187,246.028,246.028,760.938,2.513,13.23,33.53,0.664,0.994,2
2.088,3.08664,6643.926,145.00701571051968,6827.383,29.747,29.747,588.51,1.325,7.076,4.017,0.243,0.981,0
4.161,12.34656,14717.051,162.04774730187654,7697.35,113.73,113.73,635.558,1.666,9.006,17.04,0.337,0.997,1
9.3,13.88988,72774.985,372.8478813194658,9783.869,645.013,645.013,1094.55,4.486,22.416,90.397,1.789,0.956,3
3.144,4.6299600000000005,8377.95,145.2201204121882,7089.394,60.345,60.345,598.752,1.39,7.565,12.813,0.254,0.962,1
5.14,7.7166,21639.98,201.5175654842724,8513.945,175.318,175.318,709.532,2.073,10.949,25.123,0.497,0.951,2
3.144,4.6299600000000005,8378.217,145.2203298516984,7105.669,60.35,60.35,579.675,1.389,7.447,12.041,0.238,0.974,1
8.206,12.34656,50993.407,323.3184740207652,9301.33,438.089,438.089,907.951,3.594,18.442,59.274,1.173,0.991,3
5.14,7.7166,21637.914,201.5170418854968,8507.173,175.299,175.299,708.765,2.075,10.979,25.111,0.497,0.956,2
1.138,12.34656,1832.401,137.92094404083767,6630.468,5.665,5.665,510.8,1.152,6.195,27.651,0.16,0.981,0
9.3,13.88988,72779.737,372.847986039221,9782.719,644.89,644.89,1083.599,4.485,22.288,89.382,1.769,0.961,3
9.3,13.88988,72770.691,372.8443208477918,9743.142,645.094,645.094,1048.728,4.531,22.591,87.058,1.723,0.995,3
8.206,12.34656,50994.04,323.321720333174,9306.87,438.009,438.009,928.616,3.588,18.565,60.814,1.204,0.974,3
6.175,9.25992,29795.49,241.61685411469253,8835.658,246.274,246.274,765.688,2.499,13.061,33.623,0.666,0.966,2
3.144,4.6299600000000005,8377.299,145.21980625292284,7078.975,60.331,60.331,592.645,1.391,7.546,12.576,0.249,0.97,1
6.175,9.25992,29793.467,241.62690721118403,8830.124,246.225,246.225,789.879,2.501,13.269,35.118,0.695,0.955,2
9.3,13.88988,72774.288,372.8467294021595,9776.295,645.016,645.016,1088.473,4.494,22.481,90.03,1.782,0.962,3
6.175,9.25992,29761.687,241.5706727026848,8795.244,245.957,245.957,773.146,2.513,13.325,34.28,0.679,0.987,2
8.206,12.34656,50993.594,323.3191023392959,9300.729,437.995,437.995,913.421,3.595,18.517,59.74,1.183,0.989,3
4.161,6.17328,14724.233,162.0504700155097,7798.77,113.775,113.775,649.721,1.657,8.922,17.571,0.348,0.956,1
4.161,6.17328,14721.175,162.04963225746872,7762.726,113.771,113.771,634.91,1.66,8.888,16.935,0.335,0.977,1
3.144,4.6299600000000005,8376.524,145.21938737390235,7069.66,60.325,60.325,582.908,1.391,7.508,12.191,0.241,0.981,1
3.144,4.6299600000000005,8376.288,145.2191779343921,7065.234,60.325,60.325,582.028,1.391,7.509,12.158,0.241,0.983,1
6.175,9.25992,29761.513,241.565646154439,8799.373,246.017,246.017,776.781,2.511,13.329,34.478,0.683,0.982,2
3.144,4.6299600000000005,8377.365,145.21980625292284,7090.56,60.336,60.336,574.177,1.39,7.437,11.826,0.234,0.983,1
5.14,7.7166,21625.664,201.51515692990463,8468.413,175.261,175.261,693.467,2.088,11.08,24.456,0.484,0.993,2
2.088,3.08664,2805.663,142.63542741632472,6780.048,25.466,25.466,506.568,1.197,6.489,10.846,0.137,0.972,0
5.14,7.7166,21629.377,201.5133766940676,8474.44,175.266,175.266,715.675,2.085,11.199,25.626,0.507,0.974,2
3.144,4.6299600000000005,8375.843,145.21886377512678,7064.751,60.321,60.321,566.643,1.391,7.429,11.533,0.228,0.997,1
5.14,7.7166,21631.144,201.51463333112903,8482.636,175.247,175.247,709.912,2.083,11.116,25.281,0.5,0.972,2
7.148,10.80324,38986.714,280.4481959501238,9128.893,332.258,332.258,846.507,2.968,15.674,45.395,0.899,0.959,3
5.14,7.7166,21637.909,201.51777492378267,8508.866,175.305,175.305,703.934,2.074,10.938,24.845,0.492,0.958,2
1.138,1.54332,2153.341,139.01715043743027,6623.662,6.305,6.305,529.732,1.165,6.342,25.126,0.174,0.973,0
8.206,12.34656,50995.647,323.3317734296654,9325.777,438.073,438.073,931.663,3.558,18.209,60.524,1.198,0.95,3
1.138,1.54332,4937.706,147.45588718399293,6708.169,10.888,10.888,569.513,1.273,6.795,0.0,0.213,0.983,0
2.088,3.08664,2852.06,143.09263386717717,6828.693,26.272,26.272,500.618,1.199,6.426,8.309,0.131,0.965,0
7.148,12.34656,38983.827,280.44788179085845,9133.54,332.14,332.14,828.695,2.963,15.452,44.08,0.873,0.964,3
9.3,13.88988,72759.716,372.8411792551382,9736.317,644.733,644.733,1068.169,4.541,22.957,89.092,1.764,0.989,3
5.14,12.34656,21638.807,201.51767020402752,8510.904,175.322,175.322,706.46,2.074,10.944,24.972,0.494,0.955,2
4.161,6.17328,14719.789,162.0494228179585,7749.806,113.732,113.732,623.666,1.661,8.838,16.429,0.325,0.989,1
2.088,3.08664,6744.603,144.87978120804928,6803.264,29.515,29.515,593.512,1.329,7.128,4.526,0.249,0.986,0
3.144,4.6299600000000005,8377.372,145.21980625292284,7089.945,60.339,60.339,576.605,1.39,7.45,11.925,0.236,0.981,1
7.148,10.80324,38989.401,280.44735819208285,9128.616,332.27,332.27,827.045,2.97,15.526,44.07,0.873,0.971,3
2.088,3.08664,4117.676,145.56066905583734,6852.802,30.679,30.679,523.671,1.247,6.637,0.0,0.156,0.97,0
8.206,12.34656,50994.797,323.32632800239924,9315.953,438.007,438.007,928.745,3.574,18.38,60.569,1.199,0.963,3
7.148,10.80324,39000.116,280.4456826760009,9122.065,332.389,332.389,809.638,2.98,15.504,43.002,0.851,0.99,3
7.148,10.80324,39006.299,280.4407608475103,9115.897,332.371,332.371,828.46,2.987,15.764,44.438,0.88,0.986,3
4.161,6.17328,14717.137,162.0480614611419,7704.397,113.73,113.73,628.197,1.665,8.946,16.691,0.33,1.0,1
4.161,12.34656,14719.259,162.0491086586931,7741.23,113.74,113.74,623.197,1.662,8.849,16.417,0.325,0.992,1
4.161,6.17328,14724.119,162.0504700155097,7799.862,113.797,113.797,644.828,1.656,8.889,17.347,0.343,0.959,1
5.14,7.7166,21627.569,201.5147380508841,8473.153,175.222,175.222,701.801,2.086,11.111,24.886,0.493,0.984,2
7.148,10.80324,38992.45,280.44599683526627,9124.499,332.262,332.262,840.387,2.974,15.704,45.073,0.892,0.968,3
7.148,12.34656,38995.496,280.447462911838,9125.979,332.334,332.334,806.626,2.975,15.411,42.711,0.846,0.987,3
8.206,12.34656,50993.004,323.3159607466424,9295.756,438.03,438.03,905.913,3.602,18.532,59.259,1.173,0.999,3
7.148,10.80324,38981.432,280.44851010938913,9133.432,332.108,332.108,852.658,2.962,15.644,45.717,0.905,0.95,3
7.148,10.80324,38986.552,280.44735819208285,9130.0,332.243,332.243,835.826,2.967,15.57,44.643,0.884,0.964,3
9.3,13.88988,72774.45,372.8481954787312,9786.134,644.966,644.966,1096.883,4.483,22.403,90.554,1.793,0.954,3
4.161,6.17328,14719.015,162.0484803401624,7724.829,113.745,113.745,637.362,1.663,8.969,17.091,0.338,0.987,1
2.088,3.08664,6427.819,141.951293256128,6756.707,24.361,24.361,591.894,1.312,7.068,19.192,0.258,0.996,0
7.148,10.80324,38987.859,280.4469393130624,9127.933,332.241,332.241,843.409,2.97,15.667,45.205,0.895,0.962,3
5.14,7.7166,21627.0,201.513690853333,8468.747,175.248,175.248,709.564,2.087,11.188,25.324,0.501,0.982,2
1.138,1.54332,6884.077,144.39712785670278,6695.059,9.167,9.167,626.616,1.325,7.099,1.335,0.285,0.981,0
1.138,1.54332,5094.711,142.6314480656302,6624.449,8.152,8.152,586.493,1.269,6.86,12.657,0.242,0.997,0
4.161,6.17328,14723.164,162.05036529575457,7791.442,113.78,113.78,636.849,1.657,8.852,16.992,0.336,0.967,1
3.144,4.6299600000000005,8381.574,145.2223195270457,7171.969,60.382,60.382,584.783,1.386,7.394,12.21,0.242,0.952,1
1.138,1.54332,1665.932,144.6581942062161,6651.34,9.206,9.206,474.1,1.155,6.161,1.839,0.102,0.996,0
2.088,3.08664,2891.796,143.5554951848061,6769.832,27.066,27.066,504.554,1.203,6.523,6.108,0.131,0.977,0
4.161,6.17328,14724.099,162.0502605759994,7793.049,113.796,113.796,653.728,1.657,8.957,17.759,0.352,0.955,1
2.088,3.08664,3675.669,141.00766354274475,6827.141,22.721,22.721,537.99,1.223,6.587,20.869,0.182,0.958,0
7.148,10.80324,38981.209,280.4488242686545,9133.925,332.094,332.094,849.892,2.962,15.613,45.518,0.901,0.951,3
8.206,12.34656,50994.142,323.32234865170466,9306.737,437.952,437.952,926.886,3.588,18.548,60.677,1.201,0.975,3
2.088,3.08664,2981.079,141.9432298349838,6828.559,24.288,24.288,510.599,1.201,6.447,14.74,0.147,0.962,0
2.088,3.08664,2875.796,142.40755722918436,6819.479,25.084,25.084,505.662,1.198,6.44,12.135,0.139,0.965,0
1.138,1.54332,7306.094,142.82224745945825,6703.555,8.378,8.378,654.516,1.331,7.186,10.366,0.318,0.966,0
9.3,13.88988,72769.679,372.8447397268122,9763.188,644.786,644.786,1083.734,4.51,22.668,89.921,1.78,0.97,3
5.14,7.7166,21633.158,201.51714660525192,8494.294,175.309,175.309,694.693,2.079,10.951,24.41,0.483,0.974,2
7.148,10.80324,39011.597,280.4383522931426,9114.364,332.406,332.406,810.921,2.99,15.652,43.254,0.856,0.999,3
5.14,7.7166,21633.659,201.51557580892512,8491.938,175.315,175.315,707.728,2.08,11.052,25.123,0.497,0.967,2
4.161,6.17328,14725.62,162.05141249330575,7827.791,113.798,113.798,640.236,1.654,8.814,17.106,0.339,0.954,1
5.14,7.7166,21636.483,201.5170418854968,8503.196,175.319,175.319,705.179,2.076,10.976,24.937,0.494,0.961,2
2.088,3.08664,6925.244,144.04233732635737,6815.083,28.032,28.032,597.394,1.331,7.114,8.977,0.259,0.984,0
6.175,9.25992,29762.196,241.5658555939493,8798.222,245.95,245.95,765.082,2.512,13.249,33.771,0.669,0.99,2
3.144,4.6299600000000005,8377.208,145.21980625292284,7087.712,60.337,60.337,576.169,1.39,7.451,11.909,0.236,0.982,1
8.206,12.34656,50993.084,323.3184740207652,9307.233,438.053,438.053,901.38,3.584,18.245,58.568,1.159,0.987,3
7.148,10.80324,38981.595,280.44767235134816,9135.508,332.126,332.126,831.4,2.961,15.439,44.224,0.876,0.96,3
4.161,6.17328,14717.057,162.0479567413868,7700.759,113.731,113.731,631.212,1.666,8.972,16.835,0.333,0.999,1
3.144,4.6299600000000005,8375.414,145.21865433561652,7042.507,60.31,60.31,589.235,1.392,7.575,12.461,0.247,0.983,1
3.144,4.6299600000000005,8379.411,145.22106288998427,7129.017,60.356,60.356,581.648,1.388,7.429,12.108,0.24,0.966,1
9.3,13.88988,72764.62,372.844530287302,9769.895,644.754,644.754,1100.487,4.505,22.766,91.34,1.808,0.96,3
7.148,12.34656,39002.247,280.44337884138827,9118.862,332.308,332.308,825.63,2.983,15.688,44.179,0.875,0.984,3
2.088,3.08664,3675.563,145.14995817625802,6785.816,29.911,29.911,519.344,1.233,6.657,0.0,0.147,0.98,0
8.206,12.34656,50997.502,323.3354386210947,9322.912,438.025,438.025,939.722,3.566,18.376,61.281,1.213,0.95,3
1.138,1.54332,1210.544,145.1559272022998,6750.075,9.627,9.627,470.191,1.136,6.03,0.0,0.091,0.957,0
6.175,9.25992,29791.398,241.63497063232825,8822.459,246.207,246.207,784.538,2.504,13.271,34.839,0.69,0.963,2
2.088,12.34656,2889.115,142.11078144317526,6788.234,24.564,24.564,512.382,1.199,6.496,14.081,0.146,0.968,0
4.161,6.17328,14716.791,162.0474331426112,7689.682,113.72,113.72,639.067,1.667,9.043,17.211,0.341,0.997,1
3.144,4.6299600000000005,8377.814,145.2201204121882,7086.829,60.337,60.337,599.574,1.39,7.572,12.847,0.254,0.962,1
9.3,12.34656,72776.337,372.8450538860776,9754.991,644.792,644.792,1051.976,4.517,22.412,87.076,1.724,0.988,3
2.088,3.08664,6691.018,142.5159421757332,6790.44,25.346,25.346,593.788,1.32,7.068,16.5,0.26,0.99,0
9.3,13.88988,72760.413,372.8411792551382,9731.17,644.702,644.702,1058.055,4.547,22.921,88.242,1.747,0.996,3
2.088,3.08664,3055.82,141.65231835526137,6773.439,23.784,23.784,520.789,1.204,6.548,16.644,0.157,0.97,0
5.14,7.7166,21632.334,201.51410973235343,8484.736,175.282,175.282,716.949,2.082,11.152,25.648,0.508,0.966,2
3.144,12.34656,8378.675,145.22053929120867,7116.174,60.35,60.35,575.329,1.389,7.412,11.859,0.235,0.975,1
9.3,13.88988,72762.624,372.842750051465,9762.364,645.059,645.059,1096.54,4.514,22.854,91.163,1.805,0.965,3
1.138,12.34656,422.257,141.56204992634824,6666.25,7.638,7.638,455.815,1.101,5.929,5.491,0.076,0.966,0
1.138,1.54332,2036.444,146.6216896147097,6677.161,10.404,10.404,496.391,1.171,6.304,0.0,0.121,0.978,0
3.144,4.6299600000000005,8373.924,145.21708353928972,7016.115,60.291,60.291,585.178,1.394,7.587,12.313,0.244,0.994,1
3.144,4.6299600000000005,8379.057,145.220853450474,7113.97,60.35,60.35,595.683,1.389,7.519,12.677,0.251,0.958,1
7.148,10.80324,39006.685,280.44191276481666,9117.186,332.48,332.48,813.084,2.986,15.619,43.345,0.858,0.994,3
3.144,4.6299600000000005,8375.782,145.21886377512678,7061.246,60.317,60.317,570.994,1.392,7.456,11.713,0.232,0.994,1
4.161,6.17328,14718.54,162.0484803401624,7723.636,113.741,113.741,630.832,1.663,8.929,16.791,0.332,0.992,1
7.148,10.80324,39002.76,280.4425410833473,9117.754,332.405,332.405,832.773,2.984,15.764,44.695,0.885,0.981,3
7.148,10.80324,38997.398,280.44683459330724,9124.535,332.275,332.275,806.328,2.977,15.434,42.72,0.846,0.989,3
1.138,12.34656,3903.332,148.08315851715966,6708.929,11.236,11.236,540.627,1.24,6.613,0.0,0.178,0.983,0
3.144,4.6299600000000005,8377.157,145.21970153316772,7084.561,60.337,60.337,579.395,1.39,7.471,12.041,0.238,0.98,1
7.148,10.80324,38992.095,280.447462911838,9127.785,332.232,332.232,815.749,2.972,15.451,43.308,0.857,0.979,3
9.3,13.88988,72759.92,372.8424358921996,9749.72,644.87,644.87,1086.147,4.527,22.947,90.494,1.791,0.975,3
1.138,1.54332,4201.767,137.72092930855908,6638.571,5.643,5.643,591.549,1.23,6.688,32.229,0.252,0.97,0
1.138,1.54332,268.738,139.9297831032981,6712.894,6.807,6.807,455.614,1.093,5.836,12.542,0.082,0.953,0
9.3,13.88988,72769.11,372.84714828118,9783.167,644.773,644.773,1105.365,4.489,22.578,91.441,1.81,0.952,3
6.175,9.25992,29762.067,241.57077742243987,8788.101,245.949,245.949,760.134,2.516,13.269,33.525,0.664,1.0,2
2.088,3.08664,6248.706,141.7003847228613,6812.952,23.968,23.968,617.065,1.304,7.112,21.388,0.274,0.955,0
8.206,12.34656,50993.487,323.3202542566023,9308.299,437.98,437.98,908.728,3.583,18.307,59.144,1.171,0.982,3
7.148,10.80324,39002.714,280.44390244016387,9119.526,332.319,332.319,816.283,2.983,15.602,43.518,0.862,0.989,3
5.14,7.7166,21632.011,201.51683244598647,8490.532,175.262,175.262,694.087,2.08,10.967,24.393,0.483,0.977,2
8.206,12.34656,50994.515,323.3255949641134,9317.588,438.03,438.03,924.626,3.57,18.298,60.185,1.191,0.963,3
4.161,6.17328,14722.944,162.0501558562443,7783.999,113.786,113.786,642.938,1.658,8.904,17.279,0.342,0.965,1
8.206,12.34656,50997.329,323.3341819840332,9316.83,437.988,437.988,940.087,3.575,18.506,61.486,1.217,0.957,3
8.206,12.34656,50990.337,323.30370853529337,9298.47,438.03,438.03,924.931,3.6,18.692,60.741,1.202,0.986,3
7.148,10.80324,38976.413,280.4475676315932,9141.512,332.08,332.08,829.462,2.953,15.319,43.966,0.87,0.954,3
4.161,6.17328,14723.367,162.0502605759994,7788.603,113.775,113.775,643.856,1.657,8.902,17.316,0.343,0.963,1
7.148,10.80324,38992.667,280.4470440328176,9126.205,332.202,332.202,823.734,2.973,15.542,43.893,0.869,0.976,3
5.14,12.34656,21635.649,201.51735604476207,8502.04,175.3,175.3,700.27,2.077,10.948,24.678,0.488,0.965,2
6.175,9.25992,29792.277,241.6305724026132,8825.651,246.275,246.275,784.484,2.503,13.253,34.818,0.689,0.961,2
3.144,12.34656,8380.127,145.22148176900473,7138.99,60.36,60.36,591.391,1.388,7.467,12.492,0.247,0.955,1
3.144,4.6299600000000005,8380.569,145.22169120851498,7153.2,60.372,60.372,581.181,1.387,7.398,12.076,0.239,0.96,1
9.3,13.88988,72762.395,372.84337836999566,9765.896,644.882,644.882,1099.977,4.51,22.834,91.396,1.809,0.962,3
8.206,12.34656,50992.892,323.31627490590773,9299.249,437.935,437.935,899.308,3.596,18.386,58.618,1.16,0.998,3
1.138,12.34656,497.812,142.27686697479504,6676.226,8.059,8.059,461.178,1.105,5.971,2.102,0.078,0.959,0
3.144,4.6299600000000005,8375.205,145.21844489610626,7050.722,60.313,60.313,567.675,1.392,7.452,11.583,0.229,1.0,1
2.088,3.08664,2903.335,142.15172686742704,6805.554,24.646,24.646,509.954,1.199,6.469,13.611,0.144,0.966,0
4.161,6.17328,14717.311,162.0480614611419,7704.622,113.727,113.727,629.49,1.665,8.954,16.751,0.332,0.999,1
5.14,7.7166,21624.604,201.5133766940676,8461.392,175.229,175.229,706.943,2.09,11.21,25.216,0.499,0.989,2
8.206,12.34656,50993.02,323.3177409824794,9304.25,438.092,438.092,900.781,3.588,18.3,58.602,1.16,0.991,3
1.138,1.54332,3020.158,137.51337475391196,6636.29,5.52,5.52,557.11,1.192,6.467,31.573,0.212,0.971,0
3.144,4.6299600000000005,8376.576,145.21938737390235,7068.716,60.327,60.327,586.632,1.391,7.528,12.342,0.244,0.978,1
8.206,12.34656,50994.417,323.3264327221543,9323.955,438.101,438.101,923.405,3.56,18.15,59.901,1.186,0.956,3
2.088,3.08664,6881.738,143.0762975853785,6788.781,26.33,26.33,598.855,1.328,7.118,14.058,0.264,0.99,0
4.161,6.17328,14716.254,162.04722370310094,7681.388,113.711,113.711,638.629,1.668,9.055,17.201,0.341,1.0,1
8.206,12.34656,50997.29,323.334915022319,9322.654,438.113,438.113,938.022,3.565,18.359,61.146,1.211,0.951,3
4.161,6.17328,14725.672,162.05120305379552,7822.975,113.813,113.813,648.143,1.654,8.872,17.472,0.346,0.95,1
5.14,7.7166,21626.126,201.5139002928432,8466.829,175.249,175.249,705.574,2.088,11.171,25.118,0.497,0.986,2
5.14,12.34656,21638.984,201.5164135669661,8508.44,175.35,175.35,715.255,2.074,11.016,25.452,0.504,0.951,2
4.161,6.17328,14717.321,162.04764258212143,7696.111,113.721,113.721,640.393,1.666,9.04,17.265,0.342,0.994,1
7.148,10.80324,38986.278,280.4483006698789,9132.124,332.177,332.177,821.672,2.966,15.422,43.627,0.864,0.97,3
6.175,9.25992,29761.72,241.57088214219496,8787.068,245.946,245.946,765.953,2.516,13.317,33.887,0.671,0.997,2
9.3,13.88988,72764.464,372.8443208477918,9773.799,644.945,644.945,1106.032,4.501,22.768,91.76,1.816,0.956,3
2.088,3.08664,6811.537,142.7349111836884,6813.786,25.778,25.778,632.395,1.324,7.236,17.105,0.289,0.954,0
9.3,13.88988,72770.692,372.84494916632246,9761.479,645.118,645.118,1078.635,4.512,22.634,89.476,1.771,0.973,3
3.144,4.6299600000000005,8376.647,145.21938737390235,7063.996,60.327,60.327,596.269,1.391,7.584,12.729,0.252,0.971,1
7.148,12.34656,38999.258,280.4455779562458,9121.944,332.401,332.401,816.202,2.979,15.558,43.461,0.861,0.986,3
7.148,10.80324,38984.154,280.447462911838,9131.428,332.227,332.227,843.016,2.965,15.602,45.104,0.893,0.958,3
4.161,6.17328,14722.883,162.04963225746872,7771.517,113.769,113.769,655.858,1.659,9.008,17.88,0.354,0.96,1
6.175,9.25992,29795.463,241.61769187273347,8835.831,246.314,246.314,770.426,2.499,13.095,33.911,0.671,0.963,2
9.3,13.88988,72753.517,372.83751406370897,9721.011,644.684,644.684,1061.13,4.558,23.133,88.768,1.757,0.999,3
1.138,1.54332,2669.622,137.42593375838703,6638.768,5.502,5.502,551.322,1.18,6.42,31.318,0.204,0.966,0
2.088,3.08664,4812.655,140.77738480123662,6808.142,22.352,22.352,576.458,1.259,6.841,23.763,0.228,0.958,0
8.206,12.34656,50992.413,323.3133427527644,9296.186,437.995,437.995,912.689,3.602,18.6,59.803,1.184,0.995,3
6.175,9.25992,29793.672,241.6232420197548,8829.452,246.245,246.245,770.478,2.502,13.129,33.949,0.672,0.967,2
5.14,7.7166,21634.825,201.51452861137392,8492.334,175.317,175.317,718.185,2.079,11.12,25.68,0.508,0.96,2
1.138,1.54332,4142.67,144.4359788858522,6622.104,9.183,9.183,561.663,1.244,6.75,6.122,0.203,0.994,0
2.088,3.08664,3111.545,144.16454528058202,6785.886,28.152,28.152,506.605,1.211,6.547,3.113,0.132,0.976,0
3.144,4.6299600000000005,8379.783,145.22127232949452,7128.124,60.367,60.367,597.175,1.388,7.509,12.728,0.252,0.953,1
4.161,6.17328,14719.551,162.0484803401624,7726.82,113.748,113.748,648.004,1.663,9.035,17.577,0.348,0.979,1
9.3,13.88988,72764.785,372.8426453317099,9745.644,645.018,645.018,1070.034,4.53,22.814,89.048,1.763,0.984,3
9.3,13.88988,72768.67,372.8435878095059,9748.932,645.083,645.083,1064.589,4.526,22.686,88.444,1.751,0.985,3
2.088,3.08664,3294.018,141.22767974825118,6720.327,23.032,23.032,515.528,1.213,6.574,18.553,0.159,0.998,0
8.206,12.34656,50993.527,323.31868346027545,9306.015,437.97,437.97,930.743,3.589,18.607,61.011,1.208,0.974,3
4.161,6.17328,14723.531,162.0500511364892,7785.795,113.791,113.791,650.973,1.658,8.952,17.643,0.349,0.959,1
1.138,1.54332,1363.88,145.6511469242607,6703.643,9.934,9.934,485.198,1.143,6.166,0.0,0.104,0.959,0
5.14,7.7166,21628.837,201.5142144521085,8475.172,175.257,175.257,708.724,2.085,11.147,25.25,0.5,0.978,2
5.14,7.7166,21631.395,201.51358613357783,8481.064,175.242,175.242,719.361,2.083,11.188,25.793,0.511,0.967,2
3.144,4.6299600000000005,8378.418,145.22043457145355,7106.491,60.346,60.346,586.303,1.389,7.48,12.307,0.244,0.968,1
2.088,3.08664,3779.18,140.97425794086158,6861.508,22.667,22.667,536.536,1.225,6.55,21.009,0.183,0.953,0
5.14,7.7166,21631.671,201.51620412745584,8487.87,175.28,175.28,698.331,2.081,11.009,24.635,0.488,0.976,2
6.175,9.25992,29796.81,241.6144455603248,8841.212,246.333,246.333,771.46,2.497,13.074,33.944,0.672,0.959,2
4.161,6.17328,14720.109,162.04868977967263,7736.853,113.759,113.759,644.907,1.662,8.997,17.423,0.345,0.978,1
4.161,6.17328,14721.297,162.0491086586931,7751.072,113.77,113.77,651.683,1.661,9.016,17.715,0.351,0.969,1
2.088,12.34656,4986.075,146.05484158024697,6799.274,31.583,31.583,551.122,1.278,6.883,0.0,0.187,0.982,0
2.088,3.08664,5385.282,146.07096842253543,6771.864,31.616,31.616,562.896,1.292,6.992,0.0,0.202,0.989,0
1.138,1.54332,3869.483,140.4941178636379,6614.539,6.988,6.988,557.394,1.226,6.613,21.11,0.213,0.997,0
9.3,13.88988,72778.419,372.8469388416697,9773.982,644.811,644.811,1074.535,4.495,22.341,88.751,1.757,0.969,3
9.3,13.88988,72771.736,372.8446350070572,9759.806,644.762,644.762,1073.575,4.513,22.6,89.033,1.762,0.976,3
2.088,12.34656,4357.517,140.80911488703788,6865.286,22.408,22.408,554.318,1.243,6.651,22.891,0.205,0.951,0
5.14,7.7166,21634.641,201.51557580892512,8494.829,175.322,175.322,709.303,2.079,11.047,25.194,0.499,0.964,2
7.148,10.80324,39005.438,280.4429599623678,9118.188,332.341,332.341,811.075,2.985,15.585,43.184,0.855,0.994,3
4.161,6.17328,14718.294,162.0480614611419,7712.692,113.722,113.722,639.97,1.665,9.008,17.226,0.341,0.989,1
2.088,12.34656,4412.825,145.89545811295486,6753.99,31.276,31.276,540.036,1.261,6.845,0.0,0.172,0.99,0
3.144,12.34656,8377.695,145.2200156924331,7092.918,60.33,60.33,583.625,1.39,7.483,12.207,0.242,0.974,1
2.088,3.08664,4982.487,140.83278155169492,6832.976,22.46,22.46,578.048,1.263,6.827,23.444,0.231,0.954,0
1.138,1.54332,4407.385,137.4837390632131,6678.755,5.53,5.53,589.498,1.234,6.644,32.057,0.253,0.965,0
3.144,4.6299600000000005,8381.428,145.22221480729058,7169.607,60.388,60.388,584.33,1.386,7.395,12.194,0.241,0.953,1
7.148,12.34656,38992.03,280.447462911838,9127.236,332.305,332.305,820.054,2.972,15.495,43.617,0.864,0.977,3
2.088,3.08664,6007.541,145.80477080502126,6786.811,31.155,31.155,577.086,1.31,7.061,0.0,0.222,0.987,0
3.144,4.6299600000000005,8380.563,145.22169120851498,7149.854,60.366,60.366,585.687,1.387,7.425,12.259,0.243,0.957,1
5.14,7.7166,21626.358,201.5147380508841,8469.419,175.23,175.23,698.311,2.087,11.107,24.714,0.489,0.989,2
3.144,4.6299600000000005,8374.844,145.21834017635112,7042.869,60.306,60.306,571.185,1.392,7.48,11.731,0.232,0.999,1
5.14,7.7166,21636.549,201.5158899681905,8500.652,175.284,175.284,712.475,2.077,11.038,25.338,0.502,0.958,2
5.14,12.34656,21639.326,201.51777492378267,8512.876,175.361,175.361,707.521,2.073,10.941,25.02,0.495,0.953,2
7.148,10.80324,38996.938,280.4461015550214,9123.338,332.261,332.261,819.804,2.977,15.562,43.681,0.865,0.982,3
3.144,4.6299600000000005,8376.305,145.2191779343921,7073.821,60.324,60.324,567.148,1.391,7.421,11.548,0.229,0.994,1
3.144,4.6299600000000005,8375.404,145.21865433561652,7047.017,60.314,60.314,580.984,1.392,7.526,12.126,0.24,0.989,1
6.175,9.25992,29790.283,241.63989246081883,8819.462,246.205,246.205,791.169,2.505,13.336,35.255,0.698,0.961,2
6.175,9.25992,29761.32,241.5685783075824,8805.797,245.913,245.913,788.023,2.508,13.377,35.121,0.695,0.971,2
4.161,6.17328,14719.793,162.0485850599175,7730.98,113.751,113.751,647.567,1.663,9.025,17.552,0.347,0.978,1
3.144,12.34656,8375.599,145.21875905537163,7055.223,60.317,60.317,576.175,1.392,7.491,11.927,0.236,0.991,1
7.148,10.80324,38982.18,280.44851010938913,9132.429,332.077,332.077,854.747,2.963,15.679,45.881,0.908,0.95,3
6.175,9.25992,29762.003,241.56428479762243,8804.429,245.927,245.927,769.683,2.509,13.249,34.017,0.673,0.983,2
5.14,7.7166,21627.881,201.5133766940676,8470.682,175.219,175.219,713.586,2.086,11.205,25.531,0.505,0.978,2
5.14,7.7166,21633.465,201.5147380508841,8489.374,175.28,175.28,715.084,2.08,11.115,25.528,0.505,0.964,2
6.175,9.25992,29762.482,241.56690279150044,8797.205,245.981,245.981,759.866,2.512,13.216,33.458,0.662,0.994,2
7.148,10.80324,38976.554,280.44798651061353,9142.025,332.026,332.026,825.118,2.952,15.276,43.658,0.864,0.956,3
8.206,12.34656,50994.618,323.3274799197055,9324.287,437.961,437.961,926.818,3.56,18.183,60.171,1.191,0.954,3
9.3,13.88988,72773.322,372.8472530009351,9787.348,644.897,644.897,1103.03,4.483,22.464,91.104,1.803,0.951,3
1.138,1.54332,293.264,140.29724472401298,6708.892,6.984,6.984,451.442,1.094,5.83,10.615,0.077,0.958,0
3.144,4.6299600000000005,8378.61,145.22053929120867,7107.637,60.348,60.348,591.773,1.389,7.507,12.525,0.248,0.963,1
4.161,6.17328,14720.783,162.04889921918286,7744.335,113.764,113.764,650.304,1.662,9.019,17.661,0.35,0.972,1
7.148,12.34656,38990.711,280.4480912303687,9129.288,332.308,332.308,812.777,2.97,15.401,43.07,0.853,0.979,3
4.161,6.17328,14724.144,162.050784174775,7806.726,113.799,113.799,636.107,1.656,8.822,16.941,0.335,0.963,1
2.088,3.08664,3466.308,141.17710010652837,6828.336,22.995,22.995,530.118,1.216,6.542,19.602,0.173,0.959,0
8.206,12.34656,50997.474,323.3342867037883,9317.441,438.047,438.047,940.762,3.574,18.503,61.525,1.218,0.956,3
7.148,10.80324,39001.875,280.44494963771507,9121.158,332.413,332.413,806.737,2.981,15.497,42.819,0.848,0.993,3
2.088,3.08664,3100.542,144.01783290365938,6859.232,27.915,27.915,499.744,1.209,6.435,4.21,0.128,0.963,0
7.148,10.80324,38990.736,280.446625153797,9126.001,332.246,332.246,838.974,2.972,15.666,44.944,0.89,0.967,3
4.161,6.17328,14716.997,162.04753786236634,7692.041,113.726,113.726,640.833,1.667,9.05,17.29,0.342,0.995,1
8.206,12.34656,50993.638,323.320044817092,9303.624,438.084,438.084,912.255,3.591,18.444,59.565,1.179,0.986,3
9.3,13.88988,72781.424,372.8466246824044,9780.973,644.846,644.846,1078.497,4.486,22.256,88.941,1.761,0.964,3
4.161,6.17328,14723.301,162.0500511364892,7785.186,113.789,113.789,648.279,1.658,8.936,17.521,0.347,0.961,1
5.14,7.7166,21622.867,201.5127483755369,8455.076,175.197,175.197,707.825,2.092,11.251,25.293,0.501,0.993,2
6.175,9.25992,29797.73,241.6125606047326,8845.663,246.305,246.305,775.166,2.496,13.077,34.145,0.676,0.954,2
2.088,3.08664,3274.166,141.429684155877,6847.123,23.425,23.425,520.672,1.209,6.476,17.868,0.161,0.957,0
1.138,1.54332,5747.252,146.5481763466157,6704.937,10.379,10.379,593.379,1.297,6.938,0.0,0.241,0.981,0
2.088,3.08664,4685.319,146.03148907485533,6757.272,31.53,31.53,546.733,1.27,6.89,0.0,0.181,0.99,0
5.14,7.7166,21627.937,201.51672772623144,8479.247,175.237,175.237,688.023,2.084,10.985,24.112,0.477,0.989,2
5.14,12.34656,21626.265,201.51547108917,8471.141,175.263,175.263,693.531,2.087,11.066,24.447,0.484,0.991,2
9.3,13.88988,72762.508,372.841912293424,9746.608,644.852,644.852,1077.934,4.53,22.897,89.781,1.777,0.98,3
8.206,12.34656,50994.742,323.3253855246031,9311.905,438.087,438.087,928.452,3.58,18.46,60.66,1.201,0.968,3
8.206,12.34656,50993.88,323.3229769702354,9316.677,438.002,438.002,914.431,3.57,18.199,59.376,1.175,0.969,3
5.14,7.7166,21630.83,201.51463333112903,8481.687,175.252,175.252,709.391,2.083,11.117,25.257,0.5,0.973,2
2.088,3.08664,4078.831,145.6115628568255,6738.668,30.739,30.739,524.784,1.249,6.768,0.0,0.157,1.0,0
1.138,1.54332,3989.39,143.31924741725612,6603.459,8.571,8.571,562.278,1.237,6.734,9.674,0.206,0.996,0
3.144,4.6299600000000005,8380.831,145.22190064802524,7157.617,60.374,60.374,583.314,1.387,7.404,12.159,0.241,0.957,1
6.175,9.25992,29796.026,241.61716827395787,8838.131,246.339,246.339,774.659,2.498,13.114,34.155,0.676,0.959,2
7.148,10.80324,39009.209,280.4397136499591,9115.177,332.455,332.455,817.133,2.988,15.687,43.669,0.865,0.994,3
4.161,6.17328,14721.832,162.04931809820337,7759.541,113.758,113.758,650.82,1.66,8.996,17.666,0.35,0.967,1
3.144,4.6299600000000005,8376.817,145.21949209365746,7073.48,60.331,60.331,586.276,1.391,7.52,12.325,0.244,0.977,1
9.3,13.88988,72766.634,372.8428547712201,9734.102,644.85,644.85,1046.885,4.542,22.73,87.098,1.724,1.0,3
7.148,10.80324,39013.181,280.4365720573056,9112.779,332.544,332.544,817.262,2.992,15.731,43.729,0.866,0.997,3
9.3,13.88988,72774.75,372.847986039221,9789.549,645.035,645.035,1100.41,4.479,22.383,90.792,1.797,0.951,3
9.3,13.88988,72781.6,372.8477765997107,9789.731,644.936,644.936,1087.686,4.476,22.203,89.578,1.773,0.956,3
3.144,4.6299600000000005,8374.061,145.21708353928972,7021.815,60.297,60.297,581.11,1.393,7.559,12.146,0.24,0.996,1
7.148,10.80324,39008.563,280.4408655672654,9116.292,332.376,332.376,810.175,2.987,15.611,43.161,0.855,0.997,3
6.175,9.25992,29791.164,241.63182903967467,8819.694,246.216,246.216,756.476,2.506,13.079,33.148,0.656,0.982,2
6.175,9.25992,29761.639,241.57234821876668,8792.186,245.952,245.952,773.244,2.514,13.343,34.304,0.679,0.989,2
7.148,10.80324,39006.12,280.4432741216332,9118.898,332.448,332.448,800.356,2.985,15.487,42.419,0.84,1.0,3
7.148,12.34656,38977.894,280.44798651061353,9140.018,332.163,332.163,827.416,2.955,15.329,43.857,0.868,0.957,3
5.14,7.7166,21636.262,201.51620412745584,8500.527,175.288,175.288,709.502,2.077,11.019,25.18,0.498,0.96,2
4.161,6.17328,14726.301,162.05162193281598,7837.273,113.807,113.807,642.091,1.653,8.81,17.181,0.34,0.95,1
8.206,12.34656,50992.972,323.3176362627243,9305.616,437.941,437.941,899.414,3.586,18.256,58.451,1.157,0.99,3
8.206,12.34656,50994.673,323.3259091233787,9313.854,438.11,438.11,927.728,3.577,18.412,60.546,1.199,0.966,3
6.175,12.34656,29791.246,241.63413287428727,8821.06,246.212,246.212,772.714,2.505,13.191,34.131,0.676,0.971,2
4.161,6.17328,14720.599,162.04889921918286,7743.53,113.763,113.763,646.269,1.662,8.994,17.478,0.346,0.975,1
3.144,4.6299600000000005,8379.315,145.22095817022915,7122.514,60.362,60.362,589.461,1.388,7.477,12.425,0.246,0.961,1
3.144,4.6299600000000005,8377.419,145.21980625292284,7093.092,60.337,60.337,573.401,1.39,7.43,11.793,0.233,0.983,1
8.206,12.34656,50997.624,323.3355433408497,9321.584,438.025,438.025,941.075,3.568,18.422,61.433,1.216,0.951,3
2.088,3.08664,3141.827,141.53178591711864,6794.284,23.586,23.586,521.927,1.207,6.533,17.278,0.16,0.966,0
9.3,13.88988,72782.758,372.85322202697694,9793.792,645.143,645.143,1090.352,4.471,22.158,89.715,1.776,0.953,3
2.088,3.08664,3945.62,140.88021960076412,6831.236,22.505,22.505,545.961,1.231,6.628,22.166,0.193,0.957,0
6.175,9.25992,29761.528,241.5722434990116,8790.152,246.014,246.014,773.849,2.515,13.359,34.352,0.68,0.99,2
8.206,12.34656,50993.407,323.3193117788062,9305.708,438.095,438.095,907.107,3.587,18.342,59.083,1.17,0.986,3
1.138,1.54332,2271.166,140.2825839582962,6615.557,6.861,6.861,510.054,1.171,6.296,19.712,0.156,0.996,0
9.3,13.88988,72766.131,372.84547276509807,9777.738,645.09,645.09,1106.576,4.497,22.7,91.705,1.815,0.954,3
8.206,12.34656,50993.965,323.32077785537786,9307.003,437.963,437.963,930.349,3.588,18.582,60.952,1.207,0.973,3
2.088,3.08664,6936.604,144.32005411693473,6769.643,28.512,28.512,603.535,1.334,7.204,7.648,0.262,0.992,0
1.138,1.54332,7002.147,144.1293594428618,6695.364,9.032,9.032,632.286,1.327,7.121,3.029,0.292,0.979,0
6.175,9.25992,29762.291,241.56847358782724,8796.179,245.982,245.982,762.509,2.513,13.241,33.625,0.666,0.993,2
2.088,3.08664,4647.352,145.922685249286,6838.43,31.351,31.351,538.201,1.266,6.761,0.0,0.174,0.974,0
2.088,3.08664,6967.739,143.5046013838179,6762.903,27.082,27.082,604.921,1.332,7.193,12.164,0.268,0.994,0
9.3,13.88988,72755.06,372.83877070077045,9725.442,645.024,645.024,1063.39,4.554,23.085,88.885,1.76,0.996,3
5.14,7.7166,21627.693,201.5131672545573,8469.785,175.232,175.232,714.565,2.087,11.216,25.588,0.507,0.978,2
2.088,3.08664,4803.151,140.76010604164188,6781.495,22.314,22.314,579.012,1.259,6.881,24.003,0.23,0.963,0
7.148,10.80324,39014.844,280.4338493436724,9111.147,332.485,332.485,825.367,2.993,15.825,44.327,0.878,0.994,3
5.14,7.7166,21628.734,201.5157852484353,8478.503,175.248,175.248,694.683,2.084,11.034,24.478,0.485,0.985,2
8.206,12.34656,50994.213,323.3241288875417,9314.231,438.031,438.031,920.521,3.575,18.32,59.945,1.187,0.969,3
1.138,1.54332,5176.03,138.20148826480323,6645.592,5.927,5.927,623.101,1.26,6.881,31.271,0.286,0.964,0
4.161,6.17328,14719.829,162.04931809820337,7748.082,113.749,113.749,625.784,1.661,8.854,16.529,0.327,0.988,1
1.138,1.54332,2632.888,147.76575293939197,6708.574,11.072,11.072,509.588,1.195,6.389,0.0,0.138,0.976,0
1.138,1.54332,7194.286,143.08561764358416,6695.408,8.474,8.474,642.851,1.329,7.146,9.026,0.307,0.975,0
9.3,13.88988,72763.856,372.84337836999566,9764.381,645.021,645.021,1096.786,4.511,22.82,91.135,1.804,0.964,3
6.175,9.25992,29762.747,241.5641800778673,8805.372,245.937,245.937,759.145,2.509,13.166,33.369,0.661,0.989,2
3.144,4.6299600000000005,8375.63,145.21875905537163,7059.731,60.311,60.311,568.176,1.392,7.443,11.598,0.23,0.997,1
3.144,4.6299600000000005,8375.157,145.21854961586138,7038.13,60.311,60.311,588.345,1.393,7.576,12.428,0.246,0.985,1
2.088,3.08664,2858.521,142.43949675449585,6817.164,25.136,25.136,505.665,1.198,6.443,12.044,0.138,0.965,0
5.14,7.7166,21622.634,201.5131672545573,8455.914,175.192,175.192,703.896,2.092,11.219,25.077,0.496,0.995,2
7.148,10.80324,38977.474,280.44777707110336,9140.005,332.162,332.162,830.778,2.955,15.356,44.087,0.873,0.955,3
8.206,12.34656,50994.652,323.32444304680706,9309.392,438.008,438.008,928.521,3.584,18.513,60.737,1.202,0.971,3
6.175,12.34656,29762.342,241.56239984203032,8803.308,246.004,246.004,761.276,2.51,13.193,33.51,0.663,0.989,2
1.138,12.34656,6432.101,139.61394832185718,6678.533,6.605,6.605,631.678,1.299,6.98,24.629,0.303,0.974,0
6.175,9.25992,29761.926,241.5709868619501,8788.072,246.029,246.029,763.279,2.516,13.292,33.718,0.668,0.998,2
1.138,1.54332,809.506,142.30734042353484,6647.144,8.018,8.018,466.775,1.118,6.038,4.032,0.088,0.974,0
8.206,12.34656,50996.68,323.3314592704001,9313.183,437.987,437.987,936.066,3.58,18.526,61.253,1.213,0.963,3
3.144,4.6299600000000005,8381.319,145.22211008753547,7163.691,60.387,60.387,589.669,1.387,7.429,12.41,0.246,0.95,1
9.3,13.88988,72756.491,372.8408650958728,9728.51,644.922,644.922,1062.656,4.55,23.024,88.744,1.757,0.995,3
1.138,1.54332,2341.702,137.05491166599808,6690.713,5.348,5.348,539.762,1.167,6.293,31.173,0.191,0.953,0
4.161,6.17328,14719.48,162.04931809820337,7747.124,113.757,113.757,620.689,1.661,8.823,16.293,0.323,0.992,1
8.206,12.34656,50993.731,323.3227675307252,9316.528,438.103,438.103,912.746,3.57,18.182,59.242,1.173,0.97,3
5.14,7.7166,21625.216,201.51452861137392,8465.743,175.257,175.257,696.296,2.088,11.114,24.621,0.487,0.993,2
1.138,1.54332,2461.577,137.0801491269819,6684.514,5.346,5.346,541.003,1.172,6.313,31.154,0.193,0.957,0
5.14,7.7166,21622.004,201.5132719743125,8454.102,175.203,175.203,702.887,2.092,11.222,25.03,0.495,0.997,2
2.088,3.08664,3286.843,144.51095823051784,6807.159,28.769,28.769,508.691,1.218,6.552,1.455,0.135,0.973,0
9.3,13.88988,72766.309,372.8425406119548,9740.255,645.034,645.034,1057.933,4.536,22.759,88.016,1.742,0.992,3
7.148,10.80324,38982.558,280.44735819208285,9133.459,332.126,332.126,838.88,2.963,15.533,44.778,0.887,0.958,3
2.088,3.08664,6824.848,144.6986160316923,6769.418,29.194,29.194,600.277,1.332,7.196,5.775,0.257,0.992,0
1.138,1.54332,1219.288,141.90951007383526,6631.905,7.736,7.736,470.497,1.134,6.083,8.381,0.1,0.991,0
9.3,13.88988,72760.783,372.8425406119548,9755.613,644.736,644.736,1091.762,4.521,22.914,90.883,1.799,0.97,3
2.088,3.08664,2850.245,143.18771940482583,6795.771,26.428,26.428,503.207,1.2,6.477,8.397,0.132,0.971,0
7.148,10.80324,38984.595,280.44851010938913,9134.118,332.162,332.162,819.353,2.963,15.368,43.425,0.86,0.969,3
8.206,12.34656,50994.493,323.3269563209299,9325.086,437.969,437.969,924.807,3.558,18.143,59.983,1.187,0.954,3
7.148,10.80324,39001.557,280.4446354784497,9120.53,332.403,332.403,814.27,2.981,15.568,43.357,0.858,0.989,3
3.144,4.6299600000000005,8380.32,145.22158648875984,7144.165,60.374,60.374,589.785,1.387,7.452,12.426,0.246,0.955,1
7.148,10.80324,39008.405,280.4398183697142,9115.03,332.497,332.497,823.798,2.988,15.742,44.134,0.874,0.99,3
9.3,13.88988,72771.494,372.8450538860776,9764.843,644.869,644.869,1081.987,4.508,22.614,89.71,1.776,0.97,3
2.088,3.08664,2952.875,143.77320755569983,6764.363,27.444,27.444,505.43,1.205,6.546,5.411,0.132,0.979,0
4.161,6.17328,14722.165,162.0501558562443,7779.459,113.771,113.771,631.988,1.658,8.841,16.782,0.332,0.974,1
4.161,6.17328,14716.855,162.04774730187654,7696.698,113.722,113.722,631.64,1.666,8.982,16.86,0.334,1.0,1
7.148,10.80324,38983.446,280.4481959501238,9131.906,332.155,332.155,845.431,2.964,15.612,45.257,0.896,0.956,3
2.088,3.08664,2806.472,142.69249968286496,6775.692,25.561,25.561,506.636,1.198,6.495,10.824,0.137,0.973,0
9.3,13.88988,72770.174,372.8441114082816,9750.664,645.046,645.046,1062.862,4.523,22.632,88.235,1.747,0.985,3
2.088,3.08664,2922.775,143.3802990344909,6862.401,26.785,26.785,497.122,1.201,6.389,7.212,0.127,0.961,0
3.144,12.34656,8376.743,145.21949209365746,7075.042,60.319,60.319,580.094,1.391,7.486,12.075,0.239,0.982,1
6.175,9.25992,29762.389,241.5696255051336,8795.177,245.976,245.976,760.444,2.513,13.232,33.505,0.663,0.995,2
4.161,6.17328,14719.68,162.04889921918286,7737.524,113.755,113.755,637.404,1.662,8.947,17.079,0.338,0.983,1
5.14,12.34656,21633.612,201.51609940770075,8493.692,175.282,175.282,704.351,2.079,11.02,24.934,0.494,0.968,2
3.144,4.6299600000000005,8374.632,145.21844489610626,7034.089,60.293,60.293,586.21,1.393,7.569,12.344,0.244,0.988,1
8.206,12.34656,50993.377,323.3187881800306,9302.29,438.048,438.048,907.568,3.592,18.418,59.216,1.172,0.99,3
3.144,4.6299600000000005,8377.652,145.2200156924331,7094.118,60.34,60.34,578.701,1.39,7.456,12.008,0.238,0.978,1
2.088,3.08664,3329.022,144.52101132700935,6860.35,28.801,28.801,503.503,1.218,6.469,1.202,0.131,0.965,0
3.144,4.6299600000000005,8379.858,145.22127232949452,7134.865,60.369,60.369,587.966,1.388,7.454,12.358,0.245,0.959,1
5.14,7.7166,21629.831,201.5159946879456,8482.245,175.293,175.293,696.712,2.083,11.028,24.571,0.486,0.981,2
1.138,1.54332,2284.185,147.32498749009335,6688.068,10.871,10.871,512.881,1.182,6.401,0.0,0.136,0.967,0
1.138,1.54332,660.224,143.00885806308145,6681.371,8.45,8.45,464.574,1.112,6.003,0.0,0.081,0.96,0
7.148,10.80324,38984.813,280.44840538963405,9130.399,332.226,332.226,850.271,2.966,15.678,45.62,0.903,0.955,3
1.138,1.54332,7392.97,142.72810439960566,6713.275,8.36,8.36,663.639,1.333,7.217,11.321,0.326,0.958,0
5.14,7.7166,21640.062,201.51746076451727,8514.017,175.312,175.312,711.015,2.072,10.959,25.202,0.499,0.95,2
5.14,12.34656,21626.7,201.51463333112903,8470.371,175.264,175.264,700.274,2.087,11.116,24.816,0.491,0.987,2
9.3,12.34656,72772.25,372.8458916441186,9763.961,645.112,645.112,1076.036,4.508,22.553,89.161,1.765,0.973,3
7.148,10.80324,38981.06,280.44851010938913,9134.416,332.069,332.069,845.422,2.961,15.568,45.203,0.895,0.953,3
3.144,4.6299600000000005,8379.294,145.22095817022915,7118.584,60.353,60.353,596.604,1.389,7.518,12.711,0.252,0.956,1
2.088,3.08664,3030.845,141.85861627284712,6857.332,24.152,24.152,509.609,1.202,6.413,15.128,0.147,0.957,0
6.175,9.25992,29796.038,241.6152833183657,8837.763,246.348,246.348,765.155,2.499,13.045,33.579,0.665,0.965,2
4.161,6.17328,14719.003,162.04837562040728,7721.664,113.748,113.748,643.085,1.664,9.012,17.358,0.344,0.984,1
1.138,1.54332,269.362,139.78767839560072,6714.034,6.744,6.744,457.68,1.093,5.842,13.171,0.085,0.951,0
4.161,6.17328,14717.851,162.04837562040728,7716.448,113.739,113.739,625.655,1.664,8.908,16.559,0.328,0.998,1
8.206,12.34656,50993.377,323.31836930101014,9299.408,438.097,438.097,908.731,3.597,18.49,59.391,1.176,0.993,3
9.3,13.88988,72779.195,372.84599636387367,9768.74,645.148,645.148,1064.214,4.5,22.308,87.898,1.74,0.976,3
3.144,4.6299600000000005,8376.073,145.2191779343921,7056.044,60.318,60.318,590.66,1.392,7.565,12.51,0.248,0.978,1
8.206,12.34656,50997.126,323.33240174819616,9316.343,438.123,438.123,943.872,3.577,18.567,61.816,1.224,0.956,3
1.138,1.54332,7450.7,142.72810439960566,6721.416,8.398,8.398,671.546,1.334,7.245,11.593,0.333,0.951,0
8.206,12.34656,50993.413,323.3202542566023,9309.668,438.037,438.037,907.364,3.58,18.263,58.993,1.168,0.981,3
8.206,12.34656,50997.111,323.33083095186936,9317.449,438.092,438.092,947.987,3.577,18.599,62.127,1.23,0.953,3
6.175,9.25992,29791.5,241.632980956981,8822.173,246.225,246.225,774.831,2.504,13.201,34.254,0.678,0.969,2
7.148,10.80324,38991.238,280.4461015550214,9124.937,332.243,332.243,844.515,2.974,15.728,45.345,0.898,0.965,3
3.144,4.6299600000000005,8374.536,145.21813073684092,7031.483,60.299,60.299,579.165,1.393,7.536,12.062,0.239,0.995,1
3.144,4.6299600000000005,8374.641,145.21823545659603,7030.108,60.305,60.305,584.09,1.393,7.564,12.261,0.243,0.991,1
2.088,3.08664,5057.464,146.03515426628448,6810.904,31.553,31.553,551.586,1.28,6.877,0.0,0.189,0.98,0
4.161,6.17328,14720.139,162.0491086586931,7745.387,113.75,113.75,633.95,1.661,8.912,16.91,0.335,0.983,1
8.206,12.34656,50994.846,323.32810823823627,9322.514,438.005,438.005,929.158,3.563,18.248,60.414,1.196,0.955,3
4.161,6.17328,14725.858,162.05141249330575,7830.478,113.801,113.801,642.019,1.654,8.82,17.185,0.34,0.952,1
8.206,12.34656,50997.262,323.3341819840332,9318.163,437.987,437.987,938.702,3.573,18.46,61.332,1.214,0.956,3
8.206,12.34656,50993.138,323.3169032244385,9298.131,438.02,438.02,911.872,3.599,18.552,59.684,1.182,0.993,3
7.148,12.34656,38996.363,280.44484491796,9121.549,332.337,332.337,839.795,2.978,15.752,45.096,0.893,0.972,3
1.138,1.54332,2169.032,145.9878209369704,6660.978,9.947,9.947,485.868,1.176,6.262,1.025,0.116,0.998,0
5.14,12.34656,21636.641,201.51683244598647,8503.259,175.323,175.323,706.65,2.076,10.985,25.015,0.495,0.96,2
4.161,6.17328,14718.203,162.04868977967263,7724.226,113.739,113.739,622.277,1.663,8.872,16.393,0.325,0.998,1
5.14,7.7166,21623.431,201.5132719743125,8457.738,175.213,175.213,704.909,2.091,11.216,25.123,0.497,0.993,2
2.088,3.08664,4825.331,145.98090943313252,6853.29,31.47,31.47,541.187,1.271,6.764,0.0,0.178,0.972,0
4.161,6.17328,14723.629,162.0504700155097,7796.633,113.78,113.78,640.39,1.657,8.866,17.148,0.339,0.963,1
3.144,4.6299600000000005,8377.366,145.21991097267795,7085.274,60.337,60.337,586.014,1.39,7.504,12.307,0.244,0.974,1
6.175,9.25992,29767.382,241.583134353544,8810.699,245.974,245.974,755.429,2.508,13.112,33.115,0.656,0.988,2
6.175,9.25992,29761.776,241.5710915817052,8788.082,245.946,245.946,766.449,2.516,13.315,33.912,0.671,0.996,2
6.175,12.34656,29764.731,241.57130102121545,8808.536,246.023,246.023,752.878,2.509,13.104,32.967,0.653,0.991,2
7.148,10.80324,39002.37,280.4434835611434,9118.893,332.312,332.312,823.953,2.983,15.674,44.063,0.872,0.985,3
8.206,12.34656,50983.223,323.27993715088115,9294.321,437.894,437.894,924.901,3.606,18.771,60.844,1.204,0.991,3
5.14,7.7166,21637.374,201.51410973235343,8498.442,175.283,175.283,727.51,2.077,11.151,26.147,0.518,0.95,2
2.088,3.08664,6632.648,142.247964322382,6734.132,24.871,24.871,603.541,1.32,7.167,18.39,0.268,0.997,0
4.161,6.17328,14719.869,162.0485850599175,7732.681,113.75,113.75,645.339,1.663,9.007,17.448,0.345,0.979,1
8.206,12.34656,50991.923,323.31072475888635,9298.145,437.946,437.946,919.762,3.6,18.64,60.329,1.194,0.989,3
7.148,10.80324,39001.94,280.44484491796,9120.593,332.429,332.429,810.989,2.982,15.541,43.127,0.854,0.991,3
6.175,9.25992,29794.513,241.62156650367288,8832.864,246.238,246.238,776.836,2.5,13.158,34.316,0.679,0.961,2
3.144,4.6299600000000005,8375.746,145.21886377512678,7061.908,60.319,60.319,568.6,1.392,7.443,11.614,0.23,0.996,1
3.144,4.6299600000000005,8375.771,145.21886377512678,7060.914,60.32,60.32,572.196,1.392,7.463,11.762,0.233,0.993,1
7.148,10.80324,39008.303,280.4414938857961,9116.866,332.392,332.392,805.918,2.987,15.567,42.851,0.848,0.999,3
1.138,1.54332,3510.184,137.63422135132,6630.564,5.539,5.539,563.178,1.208,6.528,31.239,0.223,0.98,0
1.138,1.54332,3493.467,143.03137281043217,6595.162,8.533,8.533,546.846,1.22,6.638,10.384,0.189,0.999,0
4.161,6.17328,14717.632,162.0482709006521,7712.566,113.731,113.731,627.356,1.664,8.926,16.643,0.329,0.998,1
4.161,6.17328,14721.307,162.04984169697894,7769.883,113.774,113.774,627.624,1.659,8.829,16.591,0.328,0.98,1
9.3,13.88988,72774.179,372.8464152428941,9767.81,644.788,644.788,1076.548,4.503,22.486,89.11,1.764,0.971,3
6.175,9.25992,29765.376,241.57821252505337,8809.643,245.96,245.96,764.29,2.508,13.182,33.661,0.666,0.983,2
4.161,6.17328,14720.694,162.04889921918286,7742.105,113.754,113.754,649.847,1.662,9.02,17.642,0.349,0.973,1
1.138,1.54332,1536.056,140.94378449212175,6622.334,7.216,7.216,485.2,1.145,6.152,14.233,0.123,0.993,0
5.14,7.7166,21626.974,201.51400501259832,8469.606,175.234,175.234,707.111,2.087,11.166,25.189,0.499,0.983,2
8.206,12.34656,50993.163,323.3172173837038,9297.679,437.945,437.945,905.11,3.599,18.484,59.14,1.171,0.997,3
3.144,4.6299600000000005,8378.41,145.22043457145355,7103.649,60.345,60.345,588.353,1.389,7.494,12.391,0.245,0.967,1
6.175,9.25992,29793.503,241.625964733388,8829.944,246.223,246.223,784.965,2.501,13.234,34.823,0.689,0.958,2
9.3,13.88988,72771.779,372.8441114082816,9744.017,644.874,644.874,1047.88,4.53,22.564,86.955,1.721,0.995,3
7.148,10.80324,39001.002,280.4456826760009,9122.188,332.423,332.423,803.15,2.98,15.45,42.547,0.842,0.994,3
5.14,7.7166,21625.168,201.5163088472109,8470.06,175.259,175.259,684.476,2.087,11.009,23.958,0.474,0.998,2
7.148,12.34656,38990.306,280.4481959501238,9129.789,332.19,332.19,811.792,2.969,15.385,42.992,0.851,0.979,3
1.138,1.54332,518.674,142.43405132722964,6735.828,8.155,8.155,454.891,1.105,5.89,0.0,0.073,0.951,0
3.144,4.6299600000000005,8374.073,145.21708353928972,7022.168,60.286,60.286,579.882,1.393,7.552,12.096,0.239,0.997,1
9.3,13.88988,72763.561,372.8423311724445,9732.652,644.77,644.77,1052.445,4.544,22.825,87.667,1.735,0.998,3
5.14,7.7166,21625.963,201.51547108917,8470.195,175.253,175.253,691.594,2.087,11.057,24.346,0.482,0.993,2
5.14,7.7166,21629.356,201.5137955730881,8475.259,175.263,175.263,711.702,2.085,11.167,25.41,0.503,0.976,2
1.138,1.54332,877.004,140.75570781192684,6635.273,7.193,7.193,476.95,1.119,6.058,13.478,0.106,0.974,0
5.14,7.7166,21627.026,201.51505221014952,8472.131,175.231,175.231,696.925,2.086,11.083,24.627,0.487,0.988,2
7.148,10.80324,38986.919,280.44777707110336,9131.1,332.246,332.246,825.346,2.967,15.469,43.901,0.869,0.969,3
5.14,7.7166,21634.418,201.5147380508841,8492.268,175.268,175.268,716.676,2.079,11.11,25.6,0.507,0.961,2
7.148,10.80324,38976.329,280.4475676315932,9139.976,332.101,332.101,839.27,2.954,15.423,44.667,0.884,0.95,3
6.175,9.25992,29789.967,241.641777416411,8818.432,246.185,246.185,792.295,2.505,13.35,35.329,0.699,0.961,2
6.175,9.25992,29780.684,241.6253364148572,8814.461,246.092,246.092,767.957,2.507,13.189,33.869,0.671,0.978,2
1.138,12.34656,685.134,143.11808076767127,6736.268,8.506,8.506,457.031,1.113,5.918,0.0,0.076,0.955,0
3.144,4.6299600000000005,8379.195,145.22095817022915,7123.603,60.361,60.361,584.466,1.388,7.45,12.224,0.242,0.965,1
1.138,1.54332,2272.815,143.19944801739925,6616.518,8.438,8.438,499.984,1.176,6.331,6.106,0.134,1.0,0
9.3,13.88988,72763.333,372.8423311724445,9750.044,644.711,644.711,1081.234,4.526,22.877,90.013,1.782,0.977,3
2.088,3.08664,5713.463,141.17437739289525,6754.808,23.0,23.0,573.54,1.289,6.928,21.898,0.237,0.997,0
8.206,12.34656,50994.539,323.32371000852123,9308.696,438.05,438.05,932.374,3.585,18.572,61.071,1.209,0.97,3
5.14,7.7166,21638.905,201.51746076451727,8510.973,175.356,175.356,707.934,2.074,10.954,25.05,0.496,0.954,2
4.161,6.17328,14720.334,162.0491086586931,7747.859,113.761,113.761,635.702,1.661,8.919,16.988,0.336,0.981,1
6.175,9.25992,29795.666,241.61832019126416,8837.226,246.327,246.327,778.945,2.499,13.15,34.42,0.681,0.957,2
5.14,12.34656,21627.952,201.51683244598647,8479.218,175.277,175.277,686.604,2.084,10.975,24.035,0.476,0.99,2
3.144,4.6299600000000005,8379.16,145.220853450474,7124.71,60.361,60.361,579.529,1.388,7.423,12.025,0.238,0.969,1
9.3,13.88988,72765.214,372.8429594909752,9747.904,644.737,644.737,1072.211,4.528,22.801,89.201,1.766,0.982,3
1.138,1.54332,1133.08,144.95633134904176,6762.426,9.538,9.538,470.25,1.132,6.01,0.0,0.091,0.951,0
5.14,7.7166,21628.652,201.5133766940676,8472.558,175.227,175.227,714.629,2.086,11.202,25.579,0.506,0.976,2
8.206,12.34656,50993.264,323.3192070590511,9308.446,438.013,438.013,904.365,3.582,18.254,58.781,1.164,0.984,3
4.161,6.17328,14723.891,162.04994641673406,7785.342,113.773,113.773,658.675,1.658,9.002,17.991,0.356,0.954,1
8.206,12.34656,50993.153,323.31627490590773,9304.339,437.977,437.977,928.737,3.592,18.618,60.894,1.206,0.977,3
3.144,4.6299600000000005,8378.917,145.2207487307189,7119.581,60.357,60.357,581.101,1.389,7.437,12.091,0.239,0.969,1
6.175,9.25992,29762.107,241.5658555939493,8805.504,245.97,245.97,771.787,2.509,13.259,34.139,0.676,0.981,2
4.161,6.17328,14720.942,162.04921337844823,7751.404,113.764,113.764,642.747,1.661,8.958,17.308,0.343,0.975,1
2.088,12.34656,4756.181,145.95619557092428,6836.432,31.411,31.411,541.071,1.269,6.778,0.0,0.177,0.975,0
1.138,1.54332,792.328,143.64859104710743,6748.86,8.812,8.812,461.52,1.117,5.943,0.0,0.08,0.951,0
9.3,13.88988,72768.756,372.84442556754686,9755.027,645.095,645.095,1073.971,4.519,22.693,89.193,1.766,0.978,3
3.144,4.6299600000000005,8376.618,145.21938737390235,7076.618,60.33,60.33,574.001,1.391,7.453,11.827,0.234,0.987,1
2.088,3.08664,6755.867,144.90575170731896,6791.642,29.558,29.558,595.377,1.33,7.152,4.469,0.251,0.988,0
6.175,9.25992,29790.797,241.63716974718577,8820.257,246.253,246.253,781.863,2.505,13.263,34.69,0.687,0.966,2
4.161,6.17328,14718.542,162.04889921918286,7732.248,113.739,113.739,620.195,1.662,8.845,16.287,0.322,0.997,1
7.148,12.34656,38996.128,280.4456826760009,9122.67,332.274,332.274,830.886,2.977,15.661,44.46,0.88,0.976,3
9.3,12.34656,72755.095,372.8399226180767,9726.399,644.765,644.765,1062.49,4.552,23.058,88.776,1.757,0.996,3
9.3,13.88988,72760.809,372.8424358921996,9748.256,644.91,644.91,1083.018,4.529,22.932,90.227,1.786,0.977,3
6.175,9.25992,29793.177,241.6272213704493,8828.912,246.217,246.217,786.068,2.501,13.247,34.896,0.691,0.958,2
3.144,4.6299600000000005,8381.008,145.22190064802524,7155.892,60.375,60.375,592.076,1.387,7.45,12.51,0.248,0.95,1
5.14,7.7166,21626.602,201.51547108917,8472.064,175.219,175.219,694.033,2.086,11.064,24.47,0.484,0.99,2
7.148,10.80324,38987.696,280.4475676315932,9130.091,332.159,332.159,827.365,2.968,15.502,44.061,0.872,0.969,3
1.138,1.54332,1631.712,137.35231577053793,6689.272,5.489,5.489,516.041,1.143,6.152,28.336,0.162,0.954,0
2.088,3.08664,4951.218,146.0027958619525,6839.189,31.505,31.505,545.541,1.276,6.805,0.0,0.183,0.975,0
4.161,6.17328,14718.214,162.0485850599175,7722.72,113.741,113.741,625.675,1.663,8.897,16.553,0.328,0.996,1
6.175,9.25992,29773.428,241.60219334897573,8812.994,246.039,246.039,753.354,2.507,13.087,32.978,0.653,0.988,2
4.161,6.17328,14721.001,162.04984169697894,7767.124,113.764,113.764,624.621,1.659,8.814,16.454,0.326,0.983,1
1.138,1.54332,338.324,141.33690245284097,6672.016,7.566,7.566,460.434,1.098,5.937,7.049,0.08,0.957,0
5.14,7.7166,21631.445,201.51672772623144,8488.679,175.293,175.293,694.505,2.081,10.979,24.424,0.483,0.978,2
6.175,9.25992,29762.464,241.5627140012957,8801.267,245.939,245.939,758.72,2.511,13.185,33.365,0.661,0.992,2
9.3,12.34656,72768.434,372.8437972490162,9755.294,645.108,645.108,1075.946,4.519,22.714,89.376,1.769,0.977,3
6.175,9.25992,29762.763,241.5676358297863,8796.238,246.031,246.031,754.697,2.513,13.184,33.146,0.656,0.998,2
5.14,7.7166,21637.466,201.51777492378267,8507.882,175.302,175.302,703.407,2.075,10.939,24.821,0.491,0.959,2
5.14,12.34656,21628.351,201.51410973235343,8473.304,175.229,175.229,707.691,2.086,11.151,25.203,0.499,0.98,2
9.3,13.88988,72771.755,372.84421612803663,9745.333,644.944,644.944,1050.854,4.529,22.578,87.21,1.726,0.993,3
8.206,12.34656,50990.439,323.3036038155382,9296.714,437.931,437.931,921.249,3.602,18.685,60.488,1.197,0.99,3
7.148,10.80324,38992.901,280.44714875257256,9126.229,332.307,332.307,822.066,2.973,15.529,43.777,0.867,0.977,3
6.175,9.25992,29793.154,241.6274308099596,8828.969,246.234,246.234,787.705,2.501,13.259,34.994,0.693,0.957,2
2.088,3.08664,5014.234,146.09254069209007,6767.121,31.65,31.65,554.183,1.281,6.939,0.0,0.19,0.989,0
3.144,4.6299600000000005,8377.079,145.21970153316772,7086.107,60.331,60.331,573.312,1.39,7.438,11.794,0.233,0.985,1
7.148,10.80324,38987.879,280.44714875257256,9129.024,332.25,332.25,834.477,2.969,15.577,44.572,0.882,0.966,3
9.3,13.88988,72778.13,372.8458916441186,9767.158,644.835,644.835,1065.897,4.503,22.36,88.103,1.744,0.976,3
1.138,1.54332,646.428,142.84842739823813,6676.527,8.347,8.347,461.515,1.112,5.989,0.0,0.079,0.964,0
6.175,9.25992,29762.165,241.57130102121545,8790.113,245.968,245.968,761.117,2.515,13.265,33.574,0.665,0.998,2
7.148,12.34656,39006.898,280.44097028702055,9116.003,332.443,332.443,823.414,2.987,15.722,44.087,0.873,0.989,3
3.144,4.6299600000000005,8380.271,145.22158648875984,7140.811,60.361,60.361,594.384,1.388,7.48,12.61,0.25,0.952,1
1.138,12.34656,4946.221,142.06501891018797,6621.106,7.837,7.837,582.966,1.263,6.823,15.327,0.24,0.998,0
3.144,4.6299600000000005,8379.862,145.22127232949452,7135.663,60.369,60.369,584.227,1.388,7.434,12.208,0.242,0.962,1
9.3,13.88988,72760.131,372.8411792551382,9730.041,645.039,645.039,1056.999,4.548,22.927,88.166,1.745,0.997,3
3.144,4.6299600000000005,8375.216,145.21854961586138,7044.832,60.311,60.311,580.547,1.392,7.526,12.11,0.24,0.99,1
6.175,9.25992,29761.244,241.5709868619501,8785.058,246.019,246.019,771.347,2.517,13.368,34.228,0.678,0.995,2
4.161,6.17328,14724.507,162.0502605759994,7796.331,113.79,113.79,658.293,1.657,8.981,17.961,0.356,0.951,1
6.175,9.25992,29761.705,241.57234821876668,8792.174,246.001,246.001,771.638,2.514,13.331,34.206,0.677,0.99,2
3.144,4.6299600000000005,8375.678,145.21886377512678,7046.245,60.309,60.309,592.648,1.392,7.588,12.595,0.249,0.979,1
9.3,13.88988,72763.563,372.8415981341586,9736.413,645.066,645.066,1059.483,4.541,22.846,88.256,1.747,0.993,3
4.161,6.17328,14722.857,162.0500511364892,7781.715,113.763,113.763,642.481,1.658,8.905,17.261,0.342,0.966,1
2.088,3.08664,4978.288,146.0196557425268,6834.586,31.531,31.531,546.63,1.277,6.825,0.0,0.184,0.976,0
5.14,7.7166,21625.216,201.51662300647635,8470.925,175.215,175.215,682.149,2.087,10.989,23.826,0.472,0.999,2
4.161,6.17328,14723.741,162.0506794550199,7802.087,113.784,113.784,635.197,1.656,8.824,16.904,0.335,0.965,1
6.175,9.25992,29761.19,241.572662378032,8790.199,245.951,245.951,780.331,2.514,13.406,34.746,0.688,0.986,2
9.3,13.88988,72773.11,372.8467294021595,9781.614,644.893,644.893,1097.165,4.489,22.496,90.708,1.796,0.956,3
8.206,12.34656,50992.826,323.3165890651731,9301.57,438.076,438.076,897.539,3.592,18.318,58.408,1.156,0.996,3
6.175,9.25992,29798.363,241.6105709293853,8849.847,246.306,246.306,772.51,2.494,13.035,33.962,0.672,0.953,2
3.144,12.34656,8374.673,145.21823545659603,7029.766,60.3,60.3,585.331,1.393,7.57,12.312,0.244,0.99,1
4.161,6.17328,14719.888,162.04889921918286,7738.034,113.757,113.757,640.041,1.662,8.964,17.199,0.34,0.981,1
9.3,13.88988,72774.728,372.84599636387367,9770.334,645.142,645.142,1080.776,4.501,22.493,89.449,1.771,0.968,3
4.161,6.17328,14725.988,162.05151721306086,7832.525,113.818,113.818,641.162,1.653,8.812,17.144,0.339,0.952,1
5.14,7.7166,21633.392,201.5148427706393,8489.322,175.306,175.306,713.586,2.08,11.105,25.448,0.504,0.965,2
6.175,9.25992,29793.13,241.62491753583672,8827.206,246.245,246.245,766.28,2.502,13.11,33.705,0.667,0.971,2
3.144,4.6299600000000005,8376.074,145.21896849488186,7069.116,60.32,60.32,567.489,1.391,7.428,11.565,0.229,0.995,1
2.088,3.08664,3087.559,144.07406741215863,6806.593,27.997,27.997,504.391,1.21,6.511,3.84,0.131,0.972,0
2.088,3.08664,5543.062,145.97085633664105,6817.923,31.456,31.456,562.572,1.295,6.945,0.0,0.204,0.98,0
9.3,13.88988,72761.855,372.8429594909752,9766.252,644.891,644.891,1102.033,4.51,22.856,91.582,1.813,0.961,3
3.144,4.6299600000000005,8376.822,145.21949209365746,7070.325,60.332,60.332,589.582,1.391,7.541,12.459,0.247,0.975,1
3.144,4.6299600000000005,8378.042,145.2202251319433,7103.999,60.344,60.344,576.79,1.389,7.434,11.925,0.236,0.977,1
6.175,12.34656,29763.078,241.5710915817052,8807.609,245.975,245.975,771.206,2.508,13.243,34.093,0.675,0.98,2
4.161,6.17328,14724.806,162.05109833404038,7816.043,113.806,113.806,637.935,1.655,8.818,17.014,0.337,0.959,1
3.144,4.6299600000000005,8376.293,145.2191779343921,7069.04,60.326,60.326,576.341,1.391,7.474,11.926,0.236,0.987,1
1.138,1.54332,5577.819,138.32034518686405,6682.358,5.966,5.966,619.351,1.271,6.849,29.756,0.287,0.965,0
4.161,6.17328,14726.138,162.05162193281598,7836.614,113.809,113.809,639.453,1.653,8.794,17.061,0.338,0.952,1
1.138,1.54332,4047.954,137.11805767833525,6692.77,5.398,5.398,590.347,1.222,6.606,33.253,0.25,0.952,0
4.161,6.17328,14720.8,162.0494228179585,7756.012,113.764,113.764,633.57,1.66,8.891,16.881,0.334,0.98,1
7.148,10.80324,39005.88,280.44180804506146,9117.045,332.356,332.356,819.697,2.986,15.674,43.807,0.867,0.99,3
6.175,9.25992,29794.238,241.62209010244848,8831.721,246.283,246.283,774.709,2.501,13.148,34.193,0.677,0.963,2
6.175,9.25992,29761.861,241.56679807174527,8805.584,245.958,245.958,776.608,2.509,13.294,34.432,0.682,0.978,2
5.14,7.7166,21633.958,201.5158899681905,8493.751,175.269,175.269,705.823,2.079,11.029,25.013,0.495,0.967,2
9.3,13.88988,72762.792,372.8446350070572,9770.622,644.862,644.862,1104.602,4.505,22.808,91.709,1.815,0.958,3
4.161,6.17328,14724.717,162.0504700155097,7800.364,113.797,113.797,656.501,1.657,8.963,17.876,0.354,0.951,1
7.148,10.80324,38982.016,280.44851010938913,9132.924,332.139,332.139,851.969,2.963,15.647,45.682,0.904,0.951,3
4.161,6.17328,14716.654,162.0474331426112,7687.551,113.723,113.723,638.627,1.667,9.044,17.194,0.34,0.998,1
3.144,4.6299600000000005,8376.963,145.21959681341258,7071.633,60.327,60.327,593.818,1.391,7.562,12.627,0.25,0.971,1
6.175,9.25992,29789.259,241.6449190090646,8816.321,246.178,246.178,792.895,2.506,13.366,35.376,0.7,0.962,2
7.148,12.34656,38990.803,280.44631099453164,9125.449,332.289,332.289,843.465,2.973,15.711,45.262,0.896,0.965,3
4.161,6.17328,14716.909,162.04764258212143,7694.998,113.725,113.725,633.811,1.666,8.999,16.962,0.336,0.999,1
4.161,6.17328,14721.323,162.04931809820337,7758.134,113.758,113.758,644.109,1.66,8.955,17.362,0.344,0.972,1
9.3,13.88988,72777.405,372.8477765997107,9782.718,645.133,645.133,1088.474,4.486,22.355,89.852,1.779,0.959,3
7.148,10.80324,38987.823,280.44840538963405,9131.712,332.268,332.268,814.405,2.967,15.372,43.133,0.854,0.975,3
6.175,9.25992,29762.099,241.5639706383571,8804.406,245.938,245.938,768.091,2.509,13.237,33.92,0.672,0.984,2
2.088,3.08664,3846.803,145.27551716264648,6850.794,30.157,30.157,517.394,1.237,6.59,0.0,0.147,0.969,0
6.175,9.25992,29782.963,241.63455175330773,8814.82,246.136,246.136,779.18,2.506,13.271,34.549,0.684,0.971,2
6.175,9.25992,29789.759,241.6407302188598,8815.673,246.188,246.188,766.971,2.507,13.177,33.811,0.669,0.978,2
3.144,4.6299600000000005,8374.892,145.21834017635112,7042.185,60.306,60.306,573.593,1.392,7.493,11.829,0.234,0.997,1
1.138,1.54332,3515.738,145.37835196217398,6634.647,9.733,9.733,547.18,1.224,6.654,4.878,0.183,0.987,0
8.206,12.34656,50993.143,323.3161701861526,9305.742,438.099,438.099,933.561,3.59,18.645,61.25,1.213,0.973,3
8.206,12.34656,50996.44,323.3271657604401,9317.32,438.009,438.009,950.762,3.578,18.639,62.361,1.235,0.952,3
9.3,13.88988,72780.497,372.84809075897607,9784.564,644.874,644.874,1083.898,4.482,22.256,89.359,1.769,0.96,3
6.175,9.25992,29762.343,241.56533199517364,8805.431,245.947,245.947,767.008,2.509,13.224,33.849,0.67,0.984,2
8.206,12.34656,50996.808,323.32863183701187,9318.562,437.989,437.989,952.122,3.576,18.632,62.44,1.236,0.95,3
4.161,6.17328,14720.776,162.04921337844823,7750.872,113.749,113.749,640.097,1.661,8.942,17.187,0.34,0.977,1
3.144,4.6299600000000005,8375.414,145.21865433561652,7054.377,60.316,60.316,570.914,1.392,7.464,11.713,0.232,0.996,1
2.088,3.08664,6995.816,143.66450844988563,6754.357,27.353,27.353,607.331,1.334,7.22,11.126,0.269,0.995,0
3.144,4.6299600000000005,8378.227,145.2203298516984,7105.377,60.349,60.349,580.904,1.389,7.454,12.091,0.239,0.973,1
6.175,12.34656,29792.52,241.6291063260415,8826.733,246.294,246.294,785.011,2.502,13.251,34.844,0.69,0.96,2
4.161,12.34656,14721.519,162.04984169697894,7770.412,113.766,113.766,630.201,1.659,8.845,16.709,0.331,0.978,1
3.144,4.6299600000000005,8373.456,145.21676938002437,7007.913,60.29,60.29,582.196,1.394,7.582,12.198,0.241,0.999,1
7.148,10.80324,38980.283,280.44777707110336,9137.011,332.157,332.157,830.061,2.959,15.402,44.101,0.873,0.959,3
6.175,9.25992,29761.79,241.57130102121545,8794.206,245.989,245.989,771.039,2.513,13.315,34.158,0.676,0.989,2
3.144,4.6299600000000005,8380.397,145.22158648875984,7147.007,60.371,60.371,587.731,1.387,7.439,12.342,0.244,0.956,1
2.088,12.34656,3230.57,144.4531529256918,6764.387,28.657,28.657,510.73,1.217,6.607,2.018,0.136,0.981,0
2.088,3.08664,3672.824,145.05665287444643,6861.332,29.764,29.764,512.414,1.231,6.542,0.0,0.142,0.966,0
3.144,4.6299600000000005,8376.438,145.21938737390235,7062.7,60.327,60.327,592.009,1.391,7.563,12.56,0.249,0.975,1
1.138,12.34656,610.055,140.0929364817745,6638.356,6.724,6.724,450.949,1.108,5.896,13.461,0.085,0.992,0
5.14,7.7166,21622.67,201.51400501259832,8457.627,175.198,175.198,697.586,2.091,11.166,24.727,0.489,0.998,2
3.144,4.6299600000000005,8377.498,145.21991097267795,7092.18,60.337,60.337,577.042,1.39,7.45,11.942,0.236,0.98,1
7.148,10.80324,38986.264,280.4475676315932,9131.048,332.181,332.181,830.389,2.966,15.509,44.249,0.876,0.966,3
3.144,4.6299600000000005,8373.397,145.21676938002437,7005.062,60.288,60.288,584.232,1.394,7.596,12.282,0.243,0.998,1
2.088,3.08664,3091.871,144.13019720090278,6774.16,28.079,28.079,506.226,1.211,6.556,3.349,0.132,0.979,0
7.148,10.80324,39000.643,280.4441118796741,9119.809,332.283,332.283,826.936,2.981,15.681,44.249,0.876,0.982,3
8.206,12.34656,50997.661,323.3353339013395,9319.639,438.139,438.139,941.764,3.571,18.471,61.546,1.218,0.953,3
4.161,6.17328,14724.276,162.0505747352648,7800.478,113.797,113.797,647.5,1.656,8.905,17.468,0.346,0.957,1
4.161,6.17328,14721.802,162.04994641673406,7774.662,113.777,113.777,629.801,1.659,8.835,16.686,0.33,0.977,1
6.175,9.25992,29790.975,241.634761192818,8819.91,246.19,246.19,769.015,2.505,13.17,33.912,0.671,0.974,2
3.144,4.6299600000000005,8380.548,145.22169120851498,7152.943,60.371,60.371,582.415,1.387,7.404,12.126,0.24,0.959,1
7.148,10.80324,38988.553,280.44767235134816,9129.625,332.284,332.284,825.022,2.969,15.492,43.91,0.869,0.971,3
7.148,10.80324,39000.665,280.44599683526627,9122.718,332.298,332.298,800.565,2.979,15.42,42.355,0.839,0.995,3
9.3,13.88988,72770.029,372.84547276509807,9777.385,645.049,645.049,1099.519,4.495,22.611,91.048,1.802,0.957,3
8.206,12.34656,50996.968,323.3342867037883,9322.752,438.132,438.132,935.318,3.564,18.32,60.917,1.206,0.952,3
5.14,7.7166,21634.373,201.51714660525192,8498.178,175.324,175.324,698.195,2.078,10.955,24.583,0.487,0.969,2
5.14,7.7166,21629.566,201.51348141382272,8475.378,175.278,175.278,716.198,2.085,11.197,25.65,0.508,0.973,2
4.161,6.17328,14720.113,162.04921337844823,7747.102,113.754,113.754,631.791,1.661,8.895,16.809,0.333,0.984,1
3.144,4.6299600000000005,8377.472,145.21991097267795,7095.932,60.334,60.334,571.422,1.39,7.416,11.711,0.232,0.984,1
4.161,6.17328,14719.51,162.04879449942777,7734.835,113.755,113.755,634.34,1.662,8.932,16.941,0.335,0.986,1
7.148,10.80324,38991.925,280.4461015550214,9124.452,332.304,332.304,843.838,2.974,15.732,45.309,0.897,0.966,3
8.206,12.34656,50997.702,323.3359622198702,9322.199,437.99,437.99,941.759,3.567,18.419,61.472,1.217,0.95,3
2.088,3.08664,5699.711,145.905197050181,6829.662,31.342,31.342,564.288,1.299,6.943,0.0,0.207,0.979,0
6.175,9.25992,29791.94,241.6310960013888,8824.513,246.21,246.21,782.33,2.503,13.243,34.695,0.687,0.963,2
8.206,12.34656,50996.632,323.333134786482,9319.96,438.124,438.124,933.602,3.568,18.355,60.853,1.205,0.956,3
4.161,6.17328,14723.145,162.0502605759994,7788.009,113.79,113.79,641.203,1.657,8.886,17.195,0.34,0.965,1
6.175,9.25992,29794.702,241.62156650367288,8834.193,246.324,246.324,783.828,2.5,13.203,34.731,0.688,0.956,2
7.148,10.80324,39006.094,280.4427505228576,9118.293,332.41,332.41,806.185,2.985,15.544,42.84,0.848,0.997,3
8.206,12.34656,50994.172,323.32402416778655,9314.641,438.067,438.067,919.498,3.574,18.3,59.85,1.185,0.969,3
6.175,9.25992,29761.111,241.56721695076573,8798.448,245.932,245.932,784.41,2.511,13.391,34.945,0.692,0.978,2
3.144,4.6299600000000005,8380.735,145.22179592827013,7155.281,60.375,60.375,582.864,1.387,7.404,12.142,0.24,0.958,1
6.175,9.25992,29761.568,241.56428479762243,8803.479,245.964,245.964,775.587,2.509,13.298,34.382,0.681,0.98,2
7.148,10.80324,38994.613,280.4462062747765,9124.187,332.335,332.335,827.804,2.976,15.61,44.216,0.875,0.976,3
7.148,10.80324,39002.403,280.4429599623678,9118.293,332.403,332.403,830.036,2.983,15.733,44.495,0.881,0.982,3
6.175,9.25992,29795.476,241.61905322955,8837.547,246.294,246.294,787.058,2.498,13.208,34.907,0.691,0.952,2
7.148,10.80324,39013.036,280.4364673375504,9112.739,332.432,332.432,818.922,2.992,15.745,43.845,0.868,0.996,3
3.144,4.6299600000000005,8377.813,145.2201204121882,7087.121,60.341,60.341,598.291,1.39,7.565,12.796,0.253,0.963,1
4.161,6.17328,14725.298,162.05099361428526,7816.227,113.788,113.788,648.081,1.655,8.882,17.477,0.346,0.952,1
1.138,1.54332,1159.522,144.00432405524896,6657.207,8.925,8.925,472.29,1.134,6.105,1.583,0.094,0.978,0
8.206,12.34656,50982.323,323.2769002779827,9290.943,437.845,437.845,919.309,3.61,18.775,60.477,1.197,0.998,3
1.138,1.54332,3856.407,137.76805319836294,6630.296,5.593,5.593,569.738,1.219,6.579,31.06,0.232,0.983,0
2.088,3.08664,4450.313,145.87870295213574,6795.439,31.255,31.255,537.939,1.261,6.796,0.0,0.171,0.981,0
5.14,7.7166,21632.091,201.5169371657417,8491.476,175.289,175.289,694.596,2.08,10.965,24.417,0.483,0.976,2
5.14,7.7166,21625.756,201.5164135669661,8471.869,175.221,175.221,684.051,2.087,10.997,23.927,0.474,0.997,2
5.14,7.7166,21621.586,201.51306253480223,8452.317,175.225,175.225,703.351,2.093,11.235,25.063,0.496,0.998,2
1.138,1.54332,422.279,140.80010898809758,6654.27,7.185,7.185,453.017,1.101,5.903,9.436,0.079,0.975,0
4.161,6.17328,14719.761,162.04900393893797,7740.715,113.758,113.758,631.762,1.662,8.906,16.815,0.333,0.986,1
4.161,6.17328,14723.679,162.0501558562443,7788.104,113.784,113.784,651.439,1.658,8.951,17.661,0.35,0.958,1
1.138,1.54332,5741.38,146.25600822983188,6679.817,10.203,10.203,598.521,1.297,6.982,0.503,0.246,0.984,0
8.206,12.34656,50996.857,323.3333442259922,9318.633,438.083,438.083,934.959,3.571,18.4,61.005,1.208,0.957,3
8.206,12.34656,50994.466,323.32549024435826,9316.058,438.081,438.081,924.278,3.573,18.326,60.201,1.192,0.965,3
1.138,1.54332,3343.798,144.60918536082008,6616.508,9.3,9.3,543.562,1.217,6.629,6.622,0.18,0.991,0
4.161,6.17328,14723.0,162.04963225746872,7773.511,113.777,113.777,654.961,1.659,8.998,17.838,0.353,0.96,1
4.161,6.17328,14721.734,162.0494228179585,7761.229,113.761,113.761,648.583,1.66,8.979,17.562,0.348,0.968,1
6.175,9.25992,29762.634,241.57339541631788,8807.824,245.938,245.938,782.505,2.508,13.326,34.777,0.689,0.973,2
4.161,6.17328,14721.917,162.0500511364892,7776.92,113.769,113.769,630.246,1.658,8.834,16.704,0.331,0.976,1
8.206,12.34656,50991.193,323.30695484770206,9297.158,437.969,437.969,920.179,3.601,18.665,60.39,1.196,0.99,3
7.148,10.80324,39014.135,280.43573429926454,9112.316,332.511,332.511,816.627,2.992,15.734,43.695,0.865,0.998,3
8.206,12.34656,50983.716,323.2816126669631,9294.875,438.007,438.007,925.55,3.605,18.767,60.882,1.205,0.99,3
7.148,10.80324,39004.126,280.4434835611434,9119.157,332.362,332.362,810.712,2.983,15.564,43.138,0.854,0.993,3
1.138,1.54332,4071.485,145.19017056222395,6635.611,9.605,9.605,557.47,1.243,6.729,4.738,0.198,0.992,0
3.144,4.6299600000000005,8378.801,145.2206440109638,7118.156,60.355,60.355,576.984,1.389,7.418,11.925,0.236,0.973,1
2.088,3.08664,6559.737,142.16617819363356,6805.582,24.782,24.782,627.643,1.315,7.196,19.711,0.284,0.955,0
8.206,12.34656,50993.389,323.31994009733694,9308.166,438.078,438.078,907.05,3.583,18.291,59.01,1.168,0.983,3
9.3,13.88988,72756.381,372.8400273378319,9731.195,644.903,644.903,1068.705,4.547,23.052,89.263,1.767,0.991,3
8.206,12.34656,50993.059,323.3170079441935,9298.523,438.106,438.106,903.036,3.598,18.443,58.946,1.167,0.997,3
2.088,3.08664,5999.886,145.8183843731868,6765.978,31.175,31.175,579.056,1.311,7.094,0.0,0.223,0.991,0
6.175,9.25992,29762.428,241.5710915817052,8791.148,245.95,245.95,758.476,2.515,13.24,33.407,0.661,0.999,2
2.088,12.34656,4094.815,140.8492225532487,6850.585,22.464,22.464,549.064,1.235,6.631,22.288,0.197,0.953,0
3.144,4.6299600000000005,8380.329,145.22158648875984,7145.196,60.375,60.375,584.785,1.387,7.426,12.225,0.242,0.959,1
2.088,3.08664,6846.793,142.8079008530068,6744.912,25.846,25.846,604.981,1.327,7.187,15.515,0.27,0.997,0
7.148,10.80324,38985.538,280.44725347232776,9130.457,332.224,332.224,839.927,2.967,15.595,44.914,0.889,0.961,3
2.088,3.08664,4201.062,145.63795223511565,6843.781,30.82,30.82,526.351,1.25,6.669,0.0,0.159,0.972,0
6.175,9.25992,29762.161,241.563028160561,8802.29,245.966,245.966,763.92,2.51,13.218,33.677,0.667,0.988,2
1.138,1.54332,3712.288,140.51757508878475,6613.137,6.983,6.983,550.144,1.221,6.574,20.873,0.206,1.0,0
6.175,9.25992,29795.822,241.6182154715091,8838.583,246.318,246.318,785.96,2.498,13.195,34.835,0.69,0.952,2
7.148,10.80324,38974.378,280.44725347232776,9143.514,332.038,332.038,832.209,2.95,15.306,44.112,0.873,0.95,3
4.161,12.34656,14720.452,162.0494228179585,7755.235,113.762,113.762,629.678,1.66,8.867,16.702,0.331,0.983,1
8.206,12.34656,50995.126,323.32852711725667,9319.192,438.089,438.089,931.167,3.569,18.341,60.674,1.201,0.958,3
6.175,9.25992,29798.156,241.6117228466917,8847.796,246.369,246.369,774.632,2.495,13.062,34.102,0.675,0.953,2
2.088,3.08664,4728.641,140.82241429593807,6850.313,22.444,22.444,568.031,1.255,6.749,23.205,0.22,0.952,0
2.088,3.08664,4494.457,145.91964837638753,6770.07,31.317,31.317,541.519,1.263,6.845,0.0,0.174,0.986,0
3.144,4.6299600000000005,8375.432,145.21865433561652,7050.531,60.315,60.315,576.527,1.392,7.498,11.944,0.236,0.992,1
4.161,6.17328,14723.938,162.05036529575457,7796.133,113.793,113.793,647.912,1.657,8.915,17.492,0.346,0.958,1
1.138,1.54332,530.989,138.68634073100728,6707.512,6.181,6.181,473.949,1.103,5.916,19.388,0.108,0.95,0
4.161,6.17328,14721.667,162.0494228179585,7762.378,113.769,113.769,643.688,1.66,8.945,17.338,0.343,0.971,1
7.148,10.80324,38993.298,280.44599683526627,9124.038,332.248,332.248,837.996,2.975,15.693,44.919,0.889,0.97,3
5.14,7.7166,21627.616,201.5157852484353,8475.706,175.23,175.23,693.167,2.085,11.039,24.407,0.483,0.988,2
1.138,1.54332,427.693,142.0417711245514,6676.262,7.948,7.948,461.714,1.102,5.964,3.236,0.078,0.956,0
2.088,3.08664,3738.986,145.2079729205943,6793.297,30.019,30.019,520.069,1.235,6.657,0.0,0.148,0.979,0
8.206,12.34656,50993.245,323.3174268232141,9297.792,438.037,438.037,906.794,3.599,18.501,59.276,1.173,0.996,3
7.148,10.80324,38991.771,280.4480912303687,9128.854,332.249,332.249,808.864,2.971,15.378,42.808,0.848,0.982,3
6.175,12.34656,29761.17,241.572662378032,8793.285,246.017,246.017,781.854,2.513,13.4,34.82,0.689,0.983,2
9.3,13.88988,72766.483,372.8447397268122,9763.013,644.749,644.749,1088.648,4.512,22.736,90.4,1.79,0.968,3
8.206,12.34656,50991.868,323.3103058798659,9301.124,438.085,438.085,926.489,3.596,18.657,60.797,1.204,0.982,3
2.088,3.08664,3140.085,144.17763524997198,6737.025,28.147,28.147,497.089,1.214,6.554,2.713,0.126,1.0,0
1.138,1.54332,2926.888,148.19049626615734,6722.743,11.386,11.386,527.435,1.206,6.489,0.0,0.155,0.964,0
2.088,3.08664,4615.048,140.7699496986231,6757.844,22.279,22.279,541.724,1.254,6.709,22.346,0.2,0.999,0
8.206,12.34656,50993.313,323.3178457022345,9299.216,437.954,437.954,913.168,3.598,18.545,59.761,1.183,0.991,3
9.3,13.88988,72755.919,372.8403414970972,9726.223,645.016,645.016,1060.542,4.552,23.037,88.594,1.754,0.997,3
2.088,3.08664,6468.905,145.30033574460987,6824.162,30.268,30.268,584.591,1.321,7.063,2.243,0.236,0.981,0
2.088,3.08664,3509.235,141.08285232692066,6793.586,22.827,22.827,536.228,1.218,6.611,20.459,0.179,0.964,0
6.175,9.25992,29762.894,241.5716151804808,8807.695,246.008,246.008,776.02,2.508,13.278,34.385,0.681,0.977,2
4.161,6.17328,14718.102,162.0479567413868,7707.128,113.738,113.738,643.948,1.665,9.043,17.415,0.345,0.988,1
9.3,13.88988,72780.955,372.84861435775167,9787.506,645.178,645.178,1085.359,4.478,22.216,89.417,1.77,0.958,3
2.088,3.08664,6769.333,142.6885203321704,6779.643,25.642,25.642,597.027,1.323,7.104,16.043,0.263,0.992,0
8.206,12.34656,50991.552,323.30863036378395,9300.018,437.919,437.919,925.171,3.598,18.664,60.72,1.202,0.984,3
5.14,7.7166,21631.719,201.5147380508841,8484.491,175.301,175.301,709.471,2.082,11.103,25.249,0.5,0.971,2
9.3,13.88988,72763.76,372.8425406119548,9742.254,645.049,645.049,1066.786,4.534,22.834,88.818,1.758,0.987,3
1.138,1.54332,1037.204,144.61756294122966,6698.386,9.36,9.36,477.981,1.129,6.098,0.0,0.095,0.956,0
7.148,10.80324,38995.277,280.44631099453164,9124.264,332.357,332.357,822.775,2.976,15.569,43.867,0.869,0.979,3
1.138,1.54332,2903.647,137.35891311511045,6642.127,5.491,5.491,562.962,1.188,6.476,32.508,0.216,0.961,0
2.088,3.08664,5662.645,141.13123285378597,6800.182,22.977,22.977,602.383,1.286,7.015,23.343,0.258,0.958,0
6.175,9.25992,29790.624,241.63518007183845,8817.613,246.266,246.266,755.471,2.506,13.083,33.097,0.655,0.984,2
6.175,9.25992,29793.981,241.62240426171385,8830.531,246.249,246.249,770.997,2.501,13.127,33.975,0.673,0.966,2
4.161,6.17328,14724.277,162.050784174775,7807.326,113.796,113.796,638.728,1.656,8.838,17.06,0.338,0.961,1
8.206,12.34656,50994.049,323.3210920146432,9305.625,438.019,438.019,925.549,3.589,18.555,60.599,1.2,0.977,3
6.175,9.25992,29761.154,241.5711963014604,8785.063,246.0,246.0,772.954,2.516,13.38,34.326,0.68,0.994,2
1.138,12.34656,1182.563,145.051940485466,6747.16,9.563,9.563,469.059,1.134,6.024,0.0,0.09,0.958,0
5.14,7.7166,21627.919,201.51515692990463,8474.914,175.266,175.266,698.444,2.085,11.079,24.697,0.489,0.985,2
8.206,12.34656,50988.694,323.29606399316964,9292.35,437.905,437.905,916.089,3.608,18.714,60.182,1.191,0.998,3
9.3,13.88988,72759.26,372.8417028539138,9750.018,644.693,644.693,1088.17,4.527,22.968,90.682,1.795,0.974,3
2.088,12.34656,6530.606,145.28808353326082,6788.923,30.238,30.238,589.875,1.324,7.131,2.228,0.241,0.988,0
7.148,10.80324,38982.058,280.4481959501238,9136.059,332.117,332.117,823.683,2.96,15.369,43.683,0.865,0.964,3
5.14,7.7166,21626.599,201.51410973235343,8468.647,175.238,175.238,705.122,2.087,11.158,25.086,0.497,0.985,2
3.144,4.6299600000000005,8378.842,145.2206440109638,7109.095,60.356,60.356,596.038,1.389,7.527,12.694,0.251,0.959,1
5.14,7.7166,21621.683,201.51264365578177,8451.455,175.189,175.189,705.798,2.093,11.257,25.2,0.499,0.997,2
9.3,13.88988,72772.243,372.8432736502406,9742.937,644.863,644.863,1046.826,4.531,22.571,86.881,1.72,0.996,3
5.14,7.7166,21628.084,201.51568052868024,8476.67,175.261,175.261,695.113,2.085,11.047,24.509,0.485,0.986,2
4.161,6.17328,14724.374,162.0506794550199,7804.205,113.799,113.799,644.421,1.656,8.879,17.324,0.343,0.958,1
9.3,13.88988,72774.046,372.8434830897508,9742.3,644.79,644.79,1041.136,4.532,22.511,86.346,1.709,0.999,3
6.175,9.25992,29794.963,241.6206240258768,8835.287,246.252,246.252,784.36,2.499,13.201,34.757,0.688,0.955,2
8.206,12.34656,50992.723,323.3158560268873,9300.92,438.061,438.061,895.238,3.593,18.305,58.236,1.153,0.998,3
3.144,4.6299600000000005,8379.62,145.22116760973938,7125.798,60.356,60.356,596.712,1.388,7.51,12.711,0.252,0.954,1
1.138,1.54332,4309.417,144.5645747451391,6627.916,9.293,9.293,572.238,1.249,6.806,5.814,0.212,0.987,0
3.144,4.6299600000000005,8377.738,145.2201204121882,7084.268,60.341,60.341,600.399,1.39,7.58,12.881,0.255,0.962,1
5.14,7.7166,21627.032,201.51672772623144,8476.439,175.261,175.261,685.112,2.085,10.98,23.965,0.474,0.993,2
5.14,7.7166,21634.384,201.51348141382272,8488.865,175.262,175.262,726.691,2.08,11.196,26.147,0.518,0.957,2
6.175,9.25992,29760.316,241.5693113458682,8775.984,245.995,245.995,774.926,2.52,13.445,34.498,0.683,0.999,2
9.3,12.34656,72782.999,372.8476718799556,9792.674,645.182,645.182,1089.177,4.472,22.164,89.635,1.774,0.954,3
2.088,3.08664,4665.019,145.93211002724675,6829.099,31.364,31.364,539.554,1.267,6.777,0.0,0.175,0.976,0
7.148,10.80324,38992.512,280.44683459330724,9125.63,332.31,332.31,829.792,2.974,15.6,44.322,0.878,0.973,3
2.088,3.08664,6978.586,143.65497895216976,6761.35,27.337,27.337,605.668,1.333,7.204,11.538,0.268,0.994,0
4.161,6.17328,14725.47,162.05120305379552,7822.002,113.811,113.811,644.139,1.654,8.848,17.291,0.342,0.953,1
9.3,13.88988,72777.053,372.8455774848532,9769.436,644.854,644.854,1074.847,4.501,22.433,88.904,1.76,0.971,3
7.148,10.80324,38994.474,280.4458921155112,9123.605,332.351,332.351,833.912,2.976,15.669,44.648,0.884,0.973,3
2.088,3.08664,6224.29,141.71158973665914,6830.082,23.991,23.991,614.235,1.303,7.079,21.196,0.271,0.952,0
1.138,1.54332,637.556,139.8373155595274,6638.27,6.606,6.606,455.603,1.109,5.911,15.226,0.091,0.989,0
3.144,12.34656,8373.509,145.2168740997795,7010.761,60.291,60.291,580.17,1.394,7.568,12.114,0.24,1.0,1
1.138,1.54332,3668.439,139.30984215298972,6621.602,6.453,6.453,572.613,1.217,6.635,26.116,0.226,0.977,0
5.14,12.34656,21624.125,201.5148427706393,8463.861,175.239,175.239,692.408,2.089,11.097,24.418,0.483,0.997,2
7.148,12.34656,38985.336,280.44767235134816,9131.519,332.13,332.13,832.754,2.966,15.519,44.401,0.879,0.964,3
5.14,7.7166,21623.436,201.51264365578177,8456.012,175.233,175.233,709.823,2.091,11.259,25.396,0.503,0.991,2
9.3,12.34656,72767.085,372.84316893048543,9735.003,644.79,644.79,1046.024,4.541,22.703,86.993,1.722,1.0,3
9.3,13.88988,72779.96,372.8468341219147,9778.029,644.817,644.817,1077.072,4.49,22.295,88.885,1.76,0.966,3
2.088,3.08664,3979.826,145.49961743860257,6799.76,30.556,30.556,526.328,1.244,6.698,0.0,0.156,0.978,0
2.088,3.08664,3418.698,144.76752163056102,6783.125,29.224,29.224,513.214,1.223,6.615,0.533,0.139,0.979,0
3.144,4.6299600000000005,8374.69,145.21823545659603,7032.957,60.305,60.305,582.057,1.393,7.549,12.178,0.241,0.992,1
5.14,7.7166,21633.132,201.5144238916188,8487.51,175.259,175.259,715.528,2.081,11.128,25.56,0.506,0.965,2
3.144,4.6299600000000005,8374.743,145.21823545659603,7032.617,60.306,60.306,583.291,1.393,7.556,12.228,0.242,0.991,1
8.206,12.34656,50994.238,323.3253855246031,9321.701,438.015,438.015,920.618,3.563,18.165,59.739,1.183,0.96,3
6.175,9.25992,29790.56,241.6372744669408,8819.009,246.186,246.186,774.884,2.505,13.218,34.274,0.679,0.971,2
1.138,1.54332,5055.254,137.6546417035684,6692.471,5.674,5.674,615.726,1.254,6.788,32.565,0.28,0.954,0
6.175,12.34656,29761.325,241.56637919272487,8804.64,245.999,245.999,782.586,2.509,13.343,34.799,0.689,0.975,2
8.206,12.34656,50994.217,323.3215108936637,9307.714,438.109,438.109,932.765,3.587,18.596,61.13,1.21,0.971,3
8.206,12.34656,50994.97,323.3277940789709,9319.598,437.999,437.999,930.136,3.568,18.32,60.578,1.199,0.958,3
6.175,9.25992,29762.673,241.563028160561,8800.274,245.971,245.971,755.112,2.511,13.165,33.149,0.656,0.995,2
8.206,12.34656,50993.528,323.320044817092,9307.34,438.091,438.091,909.085,3.584,18.331,59.2,1.172,0.983,3
2.088,3.08664,6981.261,143.92955415009348,6760.522,27.828,27.828,605.782,1.334,7.214,10.213,0.267,0.994,0
5.14,7.7166,21627.676,201.51400501259832,8471.469,175.247,175.247,708.141,2.086,11.163,25.236,0.5,0.981,2
2.088,3.08664,4178.563,140.84471960377857,6872.994,22.462,22.462,548.093,1.237,6.608,22.353,0.197,0.95,0
6.175,9.25992,29794.085,241.62460337657137,8832.253,246.243,246.243,789.301,2.5,13.253,35.072,0.694,0.954,2
4.161,6.17328,14723.635,162.0500511364892,7786.102,113.775,113.775,652.326,1.658,8.96,17.704,0.35,0.958,1
5.14,7.7166,21625.749,201.5153663694149,8469.302,175.219,175.219,692.529,2.087,11.069,24.401,0.483,0.993,2
5.14,7.7166,21631.416,201.5147380508841,8483.541,175.275,175.275,708.949,2.082,11.104,25.225,0.499,0.972,2
2.088,3.08664,4326.002,140.75068126368112,6808.169,22.302,22.302,561.817,1.244,6.742,23.51,0.211,0.959,0
5.14,7.7166,21640.106,201.51819380280315,8515.705,175.326,175.326,706.171,2.072,10.918,24.936,0.494,0.952,2
9.3,13.88988,72778.707,372.8478813194658,9789.084,645.114,645.114,1093.438,4.478,22.296,90.144,1.784,0.954,3
8.206,12.34656,50993.953,323.321720333174,9305.523,438.011,438.011,917.635,3.588,18.467,59.954,1.187,0.981,3
1.138,1.54332,4438.086,144.82962044534696,6634.328,9.388,9.388,566.033,1.254,6.781,4.883,0.209,0.994,0
8.206,12.34656,50993.984,323.3229769702354,9314.348,438.097,438.097,916.103,3.574,18.267,59.579,1.179,0.971,3
1.138,1.54332,1046.234,144.03333142741707,6673.03,8.896,8.896,459.236,1.129,6.018,0.0,0.082,0.983,0
6.175,9.25992,29795.335,241.6191579493052,8836.193,246.268,246.268,780.028,2.499,13.164,34.491,0.683,0.957,2
4.161,6.17328,14717.554,162.04816618089703,7708.917,113.723,113.723,630.361,1.665,8.952,16.786,0.332,0.997,1
7.148,10.80324,38985.956,280.44714875257256,9129.95,332.17,332.17,840.964,2.967,15.612,44.995,0.891,0.961,3
3.144,4.6299600000000005,8375.862,145.21896849488186,7054.798,60.319,60.319,586.458,1.392,7.545,12.342,0.244,0.982,1
9.3,13.88988,72769.019,372.84337836999566,9751.415,644.799,644.799,1068.719,4.523,22.693,88.779,1.757,0.982,3
7.148,12.34656,38981.422,280.44840538963405,9137.065,332.201,332.201,821.698,2.959,15.335,43.526,0.862,0.964,3
3.144,4.6299600000000005,8379.861,145.22127232949452,7130.972,60.356,60.356,595.085,1.388,7.495,12.644,0.25,0.954,1
1.138,1.54332,2064.119,146.21275897096746,6666.988,10.108,10.108,487.516,1.172,6.265,0.6,0.115,0.991,0
1.138,1.54332,3608.611,139.81019314295145,6618.123,6.676,6.676,561.361,1.216,6.596,23.798,0.215,0.986,0
4.161,6.17328,14723.284,162.0500511364892,7783.189,113.786,113.786,649.161,1.658,8.945,17.563,0.348,0.961,1
1.138,1.54332,5133.848,137.86020658286827,6683.375,5.739,5.739,611.218,1.257,6.785,31.715,0.277,0.962,0
1.138,1.54332,314.798,140.80126090540392,6710.047,7.233,7.233,448.229,1.096,5.829,7.558,0.072,0.96,0
3.144,4.6299600000000005,8379.145,145.220853450474,7125.268,60.355,60.355,577.083,1.388,7.41,11.925,0.236,0.971,1
9.3,13.88988,72765.734,372.84494916632246,9771.878,644.88,644.88,1100.75,4.503,22.733,91.312,1.808,0.959,3
7.148,10.80324,38995.689,280.4475676315932,9126.005,332.365,332.365,805.007,2.975,15.398,42.598,0.843,0.988,3
2.088,3.08664,4385.086,145.81953629049312,6813.76,31.151,31.151,534.9,1.258,6.756,0.0,0.168,0.977,0
8.206,12.34656,50993.963,323.32402416778655,9318.344,438.037,438.037,916.481,3.568,18.188,59.496,1.178,0.966,3
7.148,10.80324,38984.999,280.4486148291443,9130.395,332.224,332.224,848.549,2.966,15.664,45.502,0.901,0.956,3
1.138,1.54332,3507.118,137.8821977314434,6626.237,5.597,5.597,551.158,1.208,6.482,29.83,0.213,0.992,0
1.138,1.54332,1764.814,137.38991016262585,6683.765,5.484,5.484,515.73,1.148,6.166,28.332,0.164,0.96,0
6.175,9.25992,29761.695,241.5654367149288,8799.333,245.995,245.995,773.558,2.511,13.305,34.282,0.679,0.984,2
7.148,10.80324,38998.697,280.4469393130624,9124.151,332.278,332.278,800.854,2.978,15.397,42.346,0.838,0.993,3
8.206,12.34656,50991.44,323.30800204525326,9293.052,437.979,437.979,910.543,3.607,18.639,59.711,1.182,1.0,3
8.206,12.34656,50994.731,323.3282129579913,9326.393,438.039,438.039,927.925,3.557,18.152,60.2,1.192,0.951,3
1.138,1.54332,4084.107,141.76583456981106,6609.653,7.719,7.719,568.337,1.236,6.716,16.769,0.219,0.993,0
2.088,3.08664,4111.639,145.6058032702939,6821.926,30.757,30.757,526.963,1.248,6.685,0.0,0.158,0.975,0
3.144,4.6299600000000005,8376.898,145.21949209365746,7085.146,60.334,60.334,568.082,1.39,7.412,11.581,0.229,0.99,1
2.088,12.34656,3384.111,144.62227533021004,6858.439,28.982,28.982,505.642,1.22,6.487,0.83,0.133,0.965,0
1.138,1.54332,1255.769,144.27575766051908,6657.58,9.062,9.062,472.698,1.138,6.118,1.499,0.096,0.981,0
4.161,6.17328,14719.588,162.04900393893797,7738.746,113.732,113.732,632.618,1.662,8.914,16.857,0.334,0.986,1
7.148,10.80324,38989.169,280.4481959501238,9130.227,332.26,332.26,815.725,2.968,15.408,43.255,0.856,0.976,3
5.14,12.34656,21624.451,201.5148427706393,8464.794,175.247,175.247,694.347,2.089,11.105,24.519,0.485,0.995,2
6.175,9.25992,29761.394,241.56669335199007,8798.382,245.932,245.932,779.514,2.511,13.355,34.649,0.686,0.981,2
6.175,9.25992,29790.692,241.6358083903692,8818.809,246.27,246.27,766.919,2.506,13.16,33.79,0.669,0.976,2
5.14,7.7166,21629.883,201.5142144521085,8477.996,175.236,175.236,710.281,2.084,11.143,25.321,0.501,0.975,2
4.161,6.17328,14723.825,162.0504700155097,7795.526,113.795,113.795,645.237,1.657,8.899,17.371,0.344,0.96,1
5.14,7.7166,21636.925,201.5137955730881,8496.61,175.282,175.282,729.497,2.078,11.174,26.26,0.52,0.95,2
6.175,9.25992,29796.783,241.61455028007987,8841.275,246.274,246.274,773.05,2.497,13.085,34.04,0.674,0.958,2
7.148,10.80324,38986.048,280.44840538963405,9129.392,332.255,332.255,848.909,2.967,15.684,45.548,0.902,0.957,3
3.144,4.6299600000000005,8374.478,145.21792129733066,7026.562,60.302,60.302,588.628,1.393,7.592,12.446,0.246,0.988,1
4.161,6.17328,14718.759,162.0482709006521,7718.993,113.727,113.727,639.984,1.664,8.997,17.219,0.341,0.987,1
9.3,13.88988,72779.442,372.847986039221,9789.399,644.966,644.966,1090.551,4.477,22.25,89.86,1.779,0.955,3
6.175,9.25992,29793.428,241.625964733388,8830.0,246.226,246.226,786.598,2.501,13.245,34.921,0.691,0.957,2
2.088,3.08664,3910.549,140.83016355781692,6775.019,22.407,22.407,552.079,1.231,6.712,22.548,0.198,0.966,0
4.161,12.34656,14720.493,162.04963225746872,7760.42,113.751,113.751,623.304,1.66,8.817,16.401,0.325,0.986,1
8.206,12.34656,50994.079,323.32391944803146,9316.977,437.965,437.965,917.813,3.57,18.232,59.645,1.181,0.967,3
6.175,9.25992,29791.127,241.63518007183845,8821.237,246.274,246.274,779.142,2.504,13.238,34.52,0.683,0.967,2
6.175,9.25992,29761.503,241.57182461999108,8794.249,245.987,245.987,775.864,2.513,13.351,34.451,0.682,0.986,2
1.138,1.54332,5638.445,141.7829038898956,6634.641,7.785,7.785,621.018,1.283,7.006,16.854,0.278,0.978,0
5.14,7.7166,21632.519,201.5149474903944,8487.303,175.255,175.255,709.555,2.081,11.088,25.241,0.5,0.969,2
1.138,1.54332,5126.493,147.46353172611666,6695.41,10.998,10.998,599.439,1.28,6.962,0.0,0.237,0.965,0
2.088,3.08664,6106.374,145.66486521218138,6833.184,30.921,30.921,573.82,1.311,6.999,0.0,0.221,0.979,0
5.14,7.7166,21622.42,201.51358613357783,8455.859,175.236,175.236,699.499,2.092,11.189,24.839,0.492,0.998,2
3.144,4.6299600000000005,8374.968,145.21834017635112,7045.029,60.307,60.307,571.611,1.392,7.48,11.747,0.233,0.998,1
6.175,9.25992,29762.077,241.5631328803161,8802.309,245.946,245.946,765.5,2.51,13.229,33.774,0.669,0.987,2
8.206,12.34656,50995.368,323.3302026333386,9324.229,438.048,438.048,931.266,3.561,18.237,60.536,1.198,0.952,3
1.138,1.54332,914.899,140.84765175692192,6634.427,7.232,7.232,475.341,1.121,6.056,13.015,0.105,0.977,0
4.161,6.17328,14719.498,162.0484803401624,7728.013,113.752,113.752,643.103,1.663,9.001,17.351,0.343,0.982,1
6.175,9.25992,29761.817,241.5706727026848,8787.064,245.99,245.99,762.786,2.516,13.294,33.693,0.667,0.999,2
2.088,3.08664,5245.532,146.04070441330583,6813.41,31.579,31.579,556.026,1.286,6.903,0.0,0.194,0.98,0
8.206,12.34656,50993.301,323.31868346027545,9302.708,438.103,438.103,906.538,3.591,18.398,59.119,1.17,0.99,3
3.144,4.6299600000000005,8377.61,145.2200156924331,7097.861,60.338,60.338,573.059,1.39,7.422,11.777,0.233,0.982,1
1.138,12.34656,6205.023,145.05916614856926,6667.463,9.459,9.459,598.967,1.308,6.99,1.478,0.254,0.997,0
7.148,12.34656,38985.538,280.4483006698789,9133.129,332.244,332.244,819.681,2.964,15.388,43.468,0.861,0.97,3
4.161,6.17328,14718.946,162.04900393893797,7735.117,113.747,113.747,624.444,1.662,8.868,16.482,0.326,0.993,1
5.14,7.7166,21632.914,201.5165182867212,8492.579,175.27,175.27,699.45,2.08,10.992,24.675,0.488,0.972,2
3.144,4.6299600000000005,8375.662,145.21886377512678,7046.571,60.317,60.317,591.386,1.392,7.581,12.545,0.248,0.98,1
1.138,1.54332,970.412,144.35649659171634,6692.473,9.199,9.199,474.235,1.126,6.077,0.0,0.091,0.959,0
2.088,3.08664,4099.234,140.870480663538,6865.866,22.504,22.504,545.712,1.235,6.6,22.11,0.195,0.952,0
5.14,7.7166,21635.332,201.51547108917,8496.877,175.307,175.307,713.335,2.078,11.063,25.401,0.503,0.96,2
1.138,1.54332,2830.243,147.6756939499891,6685.213,11.01,11.01,518.086,1.202,6.465,0.0,0.147,0.98,0
4.161,12.34656,14721.778,162.04994641673406,7772.937,113.759,113.759,631.942,1.659,8.852,16.787,0.332,0.976,1
1.138,1.54332,884.735,140.35190843618545,6634.198,6.995,6.995,481.653,1.119,6.073,15.191,0.112,0.971,0
7.148,10.80324,38993.426,280.446625153797,9125.172,332.34,332.34,827.443,2.974,15.59,44.17,0.875,0.975,3
3.144,4.6299600000000005,8378.39,145.22043457145355,7106.777,60.351,60.351,585.058,1.389,7.473,12.257,0.243,0.969,1
7.148,10.80324,38989.223,280.44777707110336,9129.685,332.173,332.173,820.025,2.969,15.451,43.564,0.863,0.974,3
1.138,1.54332,1679.828,139.78034801274234,6623.487,6.655,6.655,503.306,1.149,6.212,20.402,0.144,0.982,0
7.148,10.80324,39007.15,280.44128444628586,9116.649,332.482,332.482,815.741,2.986,15.649,43.541,0.862,0.993,3
9.3,13.88988,72766.5,372.84547276509807,9780.088,644.742,644.742,1108.927,4.494,22.687,91.864,1.818,0.952,3
3.144,12.34656,8375.297,145.21865433561652,7043.831,60.313,60.313,584.249,1.392,7.547,12.26,0.243,0.987,1
5.14,7.7166,21624.522,201.51463333112903,8463.912,175.204,175.204,695.292,2.089,11.117,24.575,0.486,0.995,2
6.175,9.25992,29763.379,241.5795738818699,8809.107,245.932,245.932,791.245,2.507,13.384,35.297,0.699,0.967,2
5.14,7.7166,21624.514,201.51557580892512,8466.504,175.205,175.205,688.174,2.088,11.054,24.175,0.479,0.998,2
7.148,10.80324,38980.455,280.44788179085845,9134.925,332.063,332.063,844.385,2.961,15.551,45.122,0.893,0.953,3
4.161,6.17328,14719.462,162.04931809820337,7745.391,113.756,113.756,622.794,1.661,8.839,16.393,0.325,0.991,1
1.138,1.54332,2722.988,137.3367125270251,6668.262,5.399,5.399,536.105,1.181,6.321,30.446,0.193,0.973,0
3.144,4.6299600000000005,8377.523,145.2200156924331,7090.666,60.335,60.335,583.18,1.39,7.483,12.19,0.241,0.975,1
6.175,9.25992,29764.391,241.57255765827688,8808.529,245.992,245.992,759.085,2.508,13.149,33.349,0.66,0.987,2
4.161,6.17328,14721.78,162.04921337844823,7755.874,113.753,113.753,653.965,1.661,9.023,17.813,0.353,0.966,1
1.138,1.54332,3079.703,148.33019241948696,6729.759,11.498,11.498,535.483,1.211,6.529,0.0,0.162,0.959,0
3.144,4.6299600000000005,8376.315,145.21928265414724,7068.72,60.317,60.317,577.559,1.391,7.481,11.976,0.237,0.986,1
6.175,12.34656,29761.669,241.57035854341945,8785.044,245.989,245.989,763.38,2.517,13.309,33.741,0.668,1.0,2
2.088,3.08664,2850.692,142.348600007052,6797.289,24.984,24.984,508.041,1.198,6.471,12.673,0.141,0.968,0
2.088,3.08664,6162.418,145.65083276499536,6797.891,30.884,30.884,578.785,1.314,7.064,0.0,0.226,0.986,0
5.14,7.7166,21630.77,201.5163088472109,8485.928,175.277,175.277,695.859,2.082,11.003,24.509,0.485,0.979,2
1.138,1.54332,326.339,139.8961680619047,6706.258,6.774,6.774,455.951,1.096,5.845,12.785,0.084,0.957,0
2.088,3.08664,4685.478,146.01578111158736,6761.786,31.498,31.498,546.492,1.27,6.893,0.0,0.18,0.989,0
5.14,7.7166,21622.291,201.5137955730881,8455.84,175.215,175.215,698.041,2.092,11.179,24.76,0.49,0.999,2
1.138,1.54332,1272.954,138.05666084347274,6646.438,5.841,5.841,508.971,1.132,6.147,26.427,0.15,0.96,0
2.088,3.08664,5933.006,145.83995664274147,6794.102,31.218,31.218,573.879,1.308,7.034,0.0,0.218,0.986,0
6.175,9.25992,29791.137,241.6355989508589,8821.285,246.209,246.209,780.761,2.504,13.249,34.618,0.685,0.966,2
5.14,7.7166,21636.432,201.51463333112903,8497.198,175.33,175.33,720.864,2.078,11.113,25.8,0.511,0.955,2
8.206,12.34656,50989.088,323.29920558582324,9299.79,438.069,438.069,929.713,3.598,18.719,61.094,1.209,0.982,3
5.14,7.7166,21631.506,201.5164135669661,8487.824,175.28,175.28,696.882,2.081,11.0,24.556,0.486,0.977,2
4.161,6.17328,14721.037,162.04921337844823,7751.939,113.768,113.768,645.413,1.661,8.974,17.429,0.345,0.973,1
1.138,1.54332,3186.72,144.24978716124943,6608.87,9.073,9.073,534.907,1.211,6.578,7.149,0.172,0.997,0
1.138,1.54332,5311.377,142.20251594866008,6628.423,7.964,7.964,601.909,1.275,6.924,14.917,0.258,0.988,0
6.175,9.25992,29762.302,241.5709868619501,8790.127,245.975,245.975,759.549,2.515,13.253,33.478,0.663,0.999,2
3.144,4.6299600000000005,8377.791,145.2201204121882,7095.168,60.34,60.34,584.069,1.39,7.482,12.224,0.242,0.973,1
3.144,4.6299600000000005,8378.599,145.22053929120867,7112.756,60.352,60.352,579.772,1.389,7.439,12.041,0.238,0.972,1
5.14,7.7166,21631.947,201.51452861137392,8484.587,175.301,175.301,712.449,2.082,11.122,25.408,0.503,0.969,2
6.175,9.25992,29796.735,241.61622579616176,8841.756,246.273,246.273,784.31,2.497,13.166,34.718,0.687,0.951,2
6.175,9.25992,29763.124,241.5641800778673,8798.314,245.98,245.98,749.497,2.513,13.135,32.813,0.65,1.0,2
4.161,6.17328,14725.901,162.05120305379552,7825.024,113.811,113.811,647.273,1.654,8.863,17.43,0.345,0.95,1
4.161,6.17328,14723.507,162.04994641673406,7782.402,113.791,113.791,655.468,1.658,8.986,17.85,0.353,0.957,1
2.088,3.08664,5542.569,140.99844820429422,6715.844,22.706,22.706,584.236,1.285,7.012,23.36,0.244,0.995,0
1.138,1.54332,520.687,140.24331405012634,6645.753,6.854,6.854,454.531,1.104,5.907,12.632,0.086,0.982,0
5.14,7.7166,21628.365,201.5157852484353,8477.569,175.231,175.231,694.177,2.085,11.036,24.454,0.484,0.986,2
4.161,6.17328,14719.545,162.04868977967263,7731.664,113.748,113.748,640.019,1.663,8.975,17.206,0.341,0.983,1
1.138,1.54332,4528.892,137.5254175257507,6678.82,5.557,5.557,593.929,1.238,6.667,31.883,0.258,0.964,0
5.14,7.7166,21636.479,201.51767020402752,8504.893,175.303,175.303,700.378,2.076,10.934,24.671,0.488,0.963,2
9.3,13.88988,72761.998,372.8424358921996,9755.3,645.057,645.057,1089.733,4.521,22.893,90.7,1.795,0.971,3
8.206,12.34656,50993.306,323.3176362627243,9299.876,438.058,438.058,915.522,3.597,18.558,59.936,1.187,0.989,3
3.144,4.6299600000000005,8377.624,145.2200156924331,7093.513,60.342,60.342,581.155,1.39,7.469,12.107,0.24,0.976,1
1.138,12.34656,4568.637,144.66437267176815,6633.716,9.289,9.289,568.695,1.258,6.797,4.937,0.213,0.995,0
4.161,12.34656,14718.436,162.04837562040728,7718.042,113.74,113.74,634.721,1.664,8.964,16.977,0.336,0.991,1
3.144,4.6299600000000005,8376.332,145.2191779343921,7069.365,60.322,60.322,575.127,1.391,7.468,11.877,0.235,0.988,1
3.144,4.6299600000000005,8379.31,145.22095817022915,7126.448,60.362,60.362,582.436,1.388,7.436,12.141,0.24,0.966,1
5.14,7.7166,21622.93,201.51306253480223,8455.941,175.187,175.187,705.371,2.092,11.229,25.156,0.498,0.994,2
8.206,12.34656,50993.849,323.32077785537786,9303.878,438.063,438.063,915.653,3.591,18.478,59.837,1.185,0.984,3
7.148,10.80324,38979.213,280.4488242686545,9136.433,332.045,332.045,846.457,2.958,15.541,45.231,0.896,0.95,3
6.175,9.25992,29761.46,241.5641800778673,8802.46,245.958,245.958,776.691,2.51,13.311,34.455,0.682,0.98,2
7.148,10.80324,38981.275,280.44767235134816,9135.496,332.178,332.178,833.091,2.96,15.452,44.34,0.878,0.959,3
8.206,12.34656,50985.411,323.2861156164333,9294.245,438.038,438.038,923.175,3.606,18.754,60.707,1.202,0.992,3
7.148,10.80324,39007.891,280.44191276481666,9117.402,332.371,332.371,803.308,2.986,15.537,42.657,0.845,1.0,3
8.206,12.34656,50990.867,323.3054887711304,9296.064,438.037,438.037,918.881,3.603,18.672,60.313,1.194,0.992,3
9.3,13.88988,72776.621,372.84442556754686,9760.114,644.824,644.824,1062.097,4.511,22.446,87.922,1.74,0.981,3
8.206,12.34656,50993.208,323.3169032244385,9299.993,438.049,438.049,917.23,3.597,18.575,60.073,1.189,0.988,3
3.144,4.6299600000000005,8380.057,145.2213770492496,7140.027,60.37,60.37,586.372,1.388,7.44,12.291,0.243,0.959,1
6.175,9.25992,29765.382,241.57800308554312,8809.622,245.97,245.97,762.717,2.508,13.17,33.565,0.665,0.984,2
1.138,1.54332,6845.966,144.9894227916596,6713.911,9.582,9.582,637.127,1.325,7.143,0.0,0.29,0.966,0
4.161,6.17328,14717.755,162.0479567413868,7704.488,113.735,113.735,640.841,1.665,9.028,17.275,0.342,0.991,1
5.14,7.7166,21629.846,201.51557580892512,8481.387,175.288,175.288,699.104,2.083,11.049,24.705,0.489,0.98,2
7.148,10.80324,38998.348,280.446520434042,9123.536,332.273,332.273,808.298,2.978,15.467,42.878,0.849,0.989,3
5.14,7.7166,21621.844,201.5133766940676,8454.083,175.196,175.196,701.419,2.092,11.212,24.951,0.494,0.998,2
5.14,7.7166,21633.894,201.5152616496597,8492.045,175.303,175.303,710.693,2.08,11.071,25.281,0.5,0.965,2
5.14,7.7166,21626.908,201.5165182867212,8475.547,175.225,175.225,686.031,2.085,10.991,24.019,0.475,0.993,2
9.3,13.88988,72775.806,372.8457869243635,9764.744,645.135,645.135,1068.433,4.506,22.44,88.41,1.75,0.976,3
4.161,6.17328,14720.212,162.0494228179585,7752.518,113.753,113.753,626.663,1.661,8.852,16.565,0.328,0.986,1
6.175,9.25992,29797.492,241.6139219615492,8844.851,246.361,246.361,781.057,2.496,13.125,34.505,0.683,0.951,2
6.175,9.25992,29793.866,241.62292786048948,8830.689,246.272,246.272,775.788,2.501,13.162,34.265,0.678,0.963,2
8.206,12.34656,50997.234,323.3309356716245,9318.935,438.098,438.098,951.073,3.575,18.611,62.342,1.234,0.95,3
7.148,10.80324,38982.734,280.44851010938913,9136.097,332.084,332.084,818.705,2.961,15.329,43.34,0.858,0.967,3
9.3,13.88988,72770.09,372.8456822046084,9773.539,644.805,644.805,1094.001,4.499,22.609,90.629,1.794,0.961,3
9.3,13.88988,72766.028,372.84442556754686,9754.684,645.083,645.083,1078.798,4.52,22.761,89.664,1.775,0.976,3
2.088,3.08664,3420.652,144.6772532016479,6860.986,29.09,29.09,507.104,1.221,6.497,0.953,0.135,0.964,0
6.175,9.25992,29765.291,241.5793644423597,8809.702,245.981,245.981,767.453,2.508,13.205,33.854,0.67,0.981,2
7.148,10.80324,38987.072,280.44788179085845,9131.117,332.211,332.211,823.674,2.967,15.455,43.786,0.867,0.97,3
9.3,13.88988,72773.113,372.84714828118,9786.198,645.119,645.119,1101.85,4.484,22.47,91.024,1.802,0.952,3
1.138,1.54332,1920.231,145.24221628051842,6654.019,9.52,9.52,478.865,1.165,6.207,1.591,0.109,0.999,0
8.206,12.34656,50993.008,323.31606546639745,9300.109,438.096,438.096,918.942,3.597,18.592,60.21,1.192,0.987,3
5.14,12.34656,21632.632,201.51683244598647,8492.479,175.262,175.262,696.551,2.08,10.973,24.518,0.485,0.974,2
6.175,9.25992,29761.09,241.5731859768076,8791.242,246.017,246.017,782.471,2.514,13.416,34.869,0.69,0.984,2
2.088,3.08664,2866.28,143.37380640967345,6778.037,26.753,26.753,504.002,1.201,6.506,7.378,0.132,0.975,0
7.148,10.80324,38987.873,280.4480912303687,9127.891,332.278,332.278,846.872,2.97,15.694,45.441,0.9,0.96,3
7.148,10.80324,38988.986,280.4481959501238,9130.207,332.275,332.275,817.374,2.968,15.421,43.37,0.859,0.975,3
2.088,12.34656,3018.197,143.88735208878026,6814.919,27.671,27.671,502.365,1.207,6.484,4.764,0.129,0.97,0
7.148,10.80324,39014.066,280.4348965412236,9111.651,332.435,332.435,824.328,2.993,15.808,44.244,0.876,0.994,3
3.144,4.6299600000000005,8378.534,145.22053929120867,7109.339,60.348,60.348,584.264,1.389,7.466,12.224,0.242,0.969,1
8.206,12.34656,50993.081,323.3187881800306,9307.773,437.999,437.999,902.038,3.583,18.241,58.608,1.16,0.986,3
2.088,3.08664,5302.58,140.9855676744145,6856.03,22.737,22.737,583.962,1.273,6.848,22.888,0.239,0.95,0
7.148,10.80324,39013.943,280.43562957950945,9112.276,332.438,332.438,818.286,2.992,15.748,43.811,0.867,0.997,3
7.148,10.80324,39017.138,280.4319643880802,9110.304,332.467,332.467,820.737,2.995,15.804,44.024,0.872,0.998,3
2.088,3.08664,4640.567,140.77476680735862,6755.324,22.287,22.287,543.064,1.255,6.719,22.389,0.202,0.999,0
1.138,1.54332,5586.766,146.610589320667,6683.315,10.422,10.422,596.786,1.293,6.97,0.184,0.242,0.981,0
1.138,1.54332,1470.184,142.23225635911407,6627.886,7.866,7.866,471.141,1.144,6.111,7.423,0.103,1.0,0
3.144,4.6299600000000005,8376.276,145.21928265414724,7060.792,60.312,60.312,590.299,1.391,7.557,12.493,0.247,0.977,1
3.144,4.6299600000000005,8376.841,145.21949209365746,7081.989,60.334,60.334,571.246,1.391,7.432,11.712,0.232,0.988,1
8.206,12.34656,50994.11,323.3232911295008,9311.598,437.951,437.951,918.84,3.579,18.356,59.882,1.185,0.973,3
5.14,7.7166,21631.464,201.51568052868024,8486.11,175.26,175.26,701.671,2.082,11.041,24.823,0.491,0.975,2
2.088,12.34656,4131.889,145.6808873347147,6772.923,30.878,30.878,532.614,1.25,6.774,0.0,0.163,0.984,0
7.148,10.80324,38995.416,280.44683459330724,9124.846,332.351,332.351,816.788,2.975,15.511,43.441,0.86,0.982,3
8.206,12.34656,50988.822,323.29868198704764,9301.034,437.904,437.904,932.783,3.597,18.729,61.311,1.214,0.979,3
1.138,1.54332,5434.351,143.5928801373838,6637.97,8.758,8.758,606.416,1.282,6.983,8.118,0.256,0.983,0
5.14,7.7166,21633.064,201.5157852484353,8490.874,175.312,175.312,704.26,2.08,11.034,24.941,0.494,0.97,2
8.206,12.34656,50994.56,323.3264327221543,9320.652,437.969,437.969,925.352,3.566,18.242,60.156,1.191,0.959,3
6.175,9.25992,29792.595,241.62554585436743,8824.949,246.215,246.215,758.999,2.504,13.069,33.274,0.659,0.977,2
6.175,9.25992,29769.523,241.5925591315048,8811.853,246.06,246.06,762.17,2.507,13.156,33.522,0.664,0.983,2
9.3,13.88988,72762.87,372.8428547712201,9758.499,644.852,644.852,1091.09,4.518,22.853,90.747,1.796,0.969,3
9.3,13.88988,72780.095,372.8463105231391,9778.359,645.137,645.137,1079.051,4.49,22.315,89.067,1.763,0.965,3
3.144,4.6299600000000005,8376.699,145.21938737390235,7068.096,60.326,60.326,589.133,1.391,7.542,12.442,0.246,0.976,1
2.088,3.08664,4063.632,140.83351458998078,6835.861,22.44,22.44,549.185,1.235,6.644,22.4,0.197,0.956,0
2.088,3.08664,3239.79,141.4576443304939,6842.464,23.469,23.469,519.829,1.208,6.476,17.638,0.16,0.958,0
3.144,4.6299600000000005,8379.594,145.22106288998427,7122.953,60.359,60.359,598.811,1.388,7.524,12.796,0.253,0.953,1
6.175,12.34656,29765.049,241.58219187574792,8809.928,245.983,245.983,778.669,2.507,13.287,34.535,0.684,0.974,2
5.14,7.7166,21628.923,201.5152616496597,8477.682,175.284,175.284,698.518,2.084,11.065,24.689,0.489,0.983,2
1.138,1.54332,4823.118,147.37891816397996,6685.83,10.849,10.849,573.51,1.27,6.828,0.0,0.214,0.983,0
9.3,13.88988,72762.561,372.8429594909752,9763.541,645.06,645.06,1097.683,4.513,22.848,91.241,1.806,0.964,3
9.3,13.88988,72767.008,372.8441114082816,9761.863,644.806,644.806,1087.518,4.513,22.743,90.322,1.788,0.969,3
3.144,4.6299600000000005,8374.13,145.21718825904483,7024.312,60.298,60.298,580.315,1.393,7.551,12.112,0.24,0.996,1
4.161,6.17328,14718.105,162.0480614611419,7710.29,113.74,113.74,638.205,1.665,9.0,17.147,0.339,0.991,1
8.206,12.34656,50994.712,323.3205684158676,9310.331,438.048,438.048,941.66,3.585,18.658,61.798,1.223,0.964,3
3.144,4.6299600000000005,8375.907,145.21896849488186,7059.277,60.316,60.316,578.261,1.392,7.496,12.009,0.238,0.988,1
9.3,13.88988,72782.166,372.8481954787312,9791.554,645.057,645.057,1088.003,4.473,22.171,89.556,1.773,0.955,3
6.175,9.25992,29797.833,241.6115134071814,8846.614,246.368,246.368,772.51,2.495,13.052,33.979,0.673,0.955,2
8.206,12.34656,50993.952,323.3219297726842,9307.457,438.044,438.044,916.884,3.585,18.419,59.838,1.185,0.979,3
2.088,3.08664,2996.245,143.84829162012065,6788.241,27.587,27.587,505.07,1.207,6.524,5.075,0.132,0.974,0
1.138,1.54332,6650.939,139.9005662916197,6660.021,6.863,6.863,666.354,1.306,7.173,25.331,0.33,0.957,0
7.148,10.80324,39003.652,280.44484491796,9120.855,332.439,332.439,798.053,2.982,15.434,42.217,0.836,0.999,3
5.14,7.7166,21629.45,201.5149474903944,8478.729,175.237,175.237,703.41,2.084,11.092,24.949,0.494,0.979,2
6.175,9.25992,29763.464,241.569101906358,8807.472,245.934,245.934,761.708,2.508,13.174,33.514,0.664,0.986,2
8.206,12.34656,50994.122,323.32234865170466,9306.049,438.001,438.001,924.493,3.588,18.535,60.501,1.198,0.977,3
3.144,4.6299600000000005,8376.608,145.21938737390235,7076.936,60.329,60.329,572.793,1.391,7.446,11.777,0.233,0.988,1
1.138,1.54332,1209.475,138.017495655058,6649.688,5.844,5.844,511.287,1.129,6.157,26.192,0.151,0.955,0
4.161,6.17328,14721.223,162.04921337844823,7753.92,113.768,113.768,644.533,1.661,8.965,17.386,0.344,0.973,1
3.144,4.6299600000000005,8378.409,145.22053929120867,7109.905,60.345,60.345,581.789,1.389,7.453,12.124,0.24,0.971,1
9.3,13.88988,72776.858,372.8450538860776,9757.149,644.937,644.937,1054.131,4.514,22.399,87.23,1.727,0.986,3
1.138,1.54332,1415.265,139.47781264020165,6627.514,6.539,6.539,503.901,1.139,6.187,21.415,0.142,0.972,0
6.175,9.25992,29798.536,241.61046620963023,8850.954,246.343,246.343,773.04,2.494,13.033,33.989,0.673,0.952,2
4.161,6.17328,14717.305,162.04774730187654,7697.804,113.722,113.722,638.19,1.666,9.022,17.161,0.34,0.995,1
1.138,1.54332,7155.179,143.39328428412574,6695.347,8.637,8.637,639.284,1.329,7.137,7.301,0.303,0.977,0
9.3,13.88988,72753.514,372.83866598101537,9720.84,644.822,644.822,1059.179,4.558,23.112,88.585,1.754,1.0,3
9.3,13.88988,72774.648,372.84547276509807,9762.022,644.997,644.997,1069.036,4.51,22.499,88.54,1.753,0.977,3
9.3,13.88988,72770.754,372.8443208477918,9755.356,645.005,645.005,1069.172,4.518,22.626,88.724,1.756,0.98,3
3.144,12.34656,8376.425,145.21928265414724,7075.692,60.328,60.328,568.764,1.391,7.427,11.614,0.23,0.992,1
5.14,7.7166,21628.613,201.5137955730881,8473.379,175.276,175.276,710.662,2.086,11.17,25.363,0.502,0.978,2
8.206,12.34656,50993.297,323.31815986149985,9300.251,438.078,438.078,906.653,3.595,18.449,59.197,1.172,0.993,3
3.144,4.6299600000000005,8378.548,145.22053929120867,7109.053,60.353,60.353,585.506,1.389,7.473,12.274,0.243,0.968,1
4.161,6.17328,14723.174,162.04973697722383,7776.104,113.777,113.777,656.794,1.659,9.006,17.917,0.355,0.958,1
9.3,13.88988,72754.419,372.83866598101537,9726.77,644.844,644.844,1066.406,4.552,23.1,89.144,1.765,0.994,3
2.088,3.08664,3052.521,141.74656613486908,6834.507,23.954,23.954,513.704,1.203,6.453,15.842,0.151,0.96,0
8.206,12.34656,50994.389,323.3236052887661,9307.582,438.079,438.079,924.777,3.586,18.507,60.481,1.197,0.975,3
4.161,6.17328,14724.585,162.05109833404038,7815.127,113.78,113.78,634.016,1.655,8.795,16.836,0.333,0.962,1
9.3,13.88988,72774.092,372.845368045343,9764.501,644.936,644.936,1073.208,4.507,22.506,88.876,1.759,0.974,3
9.3,13.88988,72774.657,372.8476718799556,9786.544,644.867,644.867,1098.93,4.483,22.423,90.737,1.796,0.953,3
5.14,7.7166,21626.155,201.51400501259832,8466.803,175.234,175.234,704.101,2.088,11.161,25.039,0.496,0.987,2
3.144,4.6299600000000005,8375.188,145.21854961586138,7037.797,60.311,60.311,589.598,1.393,7.582,12.478,0.247,0.984,1
5.14,7.7166,21623.471,201.5133766940676,8458.622,175.242,175.242,703.941,2.091,11.205,25.067,0.496,0.993,2
6.175,9.25992,29761.656,241.5640753581122,8803.455,245.923,245.923,773.977,2.509,13.286,34.284,0.679,0.981,2
1.138,1.54332,2326.638,140.3922255419065,6614.63,6.909,6.909,509.853,1.174,6.302,19.279,0.156,0.998,0
3.144,4.6299600000000005,8374.579,145.21823545659603,7030.448,60.304,60.304,582.853,1.393,7.557,12.211,0.242,0.992,1
1.138,1.54332,4665.918,147.52919101257666,6688.15,10.953,10.953,571.84,1.265,6.814,0.0,0.21,0.98,0
4.161,6.17328,14723.837,162.0505747352648,7798.95,113.797,113.797,640.848,1.656,8.865,17.167,0.34,0.962,1
1.138,1.54332,1001.203,138.08451629833456,6689.448,5.826,5.826,487.098,1.121,5.995,23.788,0.128,0.96,0
4.161,6.17328,14721.803,162.04984169697894,7771.482,113.757,113.757,635.399,1.659,8.876,16.948,0.335,0.974,1
5.14,7.7166,21637.158,201.51568052868024,8501.821,175.308,175.308,717.503,2.076,11.066,25.601,0.507,0.954,2
8.206,12.34656,50990.712,323.3054887711304,9301.353,437.942,437.942,929.958,3.596,18.691,61.073,1.209,0.98,3
8.206,12.34656,50997.12,323.3333442259922,9316.945,438.127,438.127,937.353,3.574,18.467,61.254,1.213,0.958,3
2.088,3.08664,2853.845,142.60401148978883,6849.771,25.434,25.434,501.371,1.197,6.394,10.932,0.134,0.96,0
6.175,9.25992,29761.038,241.57255765827688,8789.184,246.016,246.016,781.455,2.515,13.42,34.819,0.689,0.986,2
4.161,6.17328,14720.983,162.04889921918286,7744.619,113.764,113.764,651.658,1.662,9.027,17.722,0.351,0.971,1
2.088,3.08664,6936.348,143.5349701128026,6793.714,27.13,27.13,599.422,1.33,7.132,11.59,0.263,0.989,0
7.148,10.80324,38995.84,280.4455779562458,9122.643,332.242,332.242,832.581,2.977,15.675,44.577,0.883,0.975,3
7.148,10.80324,39000.684,280.4445307586946,9120.405,332.42,332.42,820.892,2.981,15.623,43.819,0.868,0.985,3
3.144,4.6299600000000005,8377.513,145.21991097267795,7083.478,60.339,60.339,593.552,1.39,7.545,12.61,0.25,0.968,1
7.148,10.80324,39002.935,280.44442603893947,9120.158,332.31,332.31,808.719,2.982,15.531,42.978,0.851,0.993,3
5.14,7.7166,21629.507,201.51358613357783,8475.338,175.272,175.272,714.695,2.085,11.187,25.57,0.506,0.974,2
5.14,7.7166,21628.265,201.51306253480223,8470.761,175.235,175.235,716.593,2.086,11.225,25.692,0.509,0.976,2
4.161,6.17328,14720.723,162.0491086586931,7747.459,113.759,113.759,644.503,1.661,8.976,17.393,0.344,0.975,1
3.144,4.6299600000000005,8376.76,145.21949209365746,7074.729,60.331,60.331,581.323,1.391,7.493,12.124,0.24,0.981,1
9.3,13.88988,72777.351,372.8467294021595,9778.601,645.164,645.164,1085.879,4.491,22.401,89.718,1.776,0.962,3
4.161,6.17328,14717.379,162.04774730187654,7699.727,113.728,113.728,637.313,1.666,9.013,17.118,0.339,0.995,1
8.206,12.34656,50992.57,323.3136569120297,9295.54,437.976,437.976,910.347,3.603,18.587,59.629,1.18,0.997,3
8.206,12.34656,50993.851,323.3216156134188,9309.251,437.947,437.947,914.457,3.582,18.354,59.588,1.18,0.978,3
4.161,6.17328,14720.029,162.04900393893797,7743.419,113.756,113.756,634.81,1.662,8.921,16.952,0.336,0.983,1
3.144,4.6299600000000005,8375.724,145.21886377512678,7053.251,60.315,60.315,583.533,1.392,7.531,12.226,0.242,0.985,1
5.14,12.34656,21625.759,201.51547108917,8469.279,175.257,175.257,691.095,2.087,11.059,24.323,0.481,0.994,2
7.148,10.80324,38985.576,280.44735819208285,9130.997,332.245,332.245,835.477,2.966,15.55,44.598,0.883,0.963,3
1.138,1.54332,2440.012,147.11596685887451,6678.175,10.656,10.656,502.445,1.187,6.364,0.0,0.13,0.985,0
4.161,6.17328,14717.518,162.0482709006521,7712.132,113.734,113.734,624.789,1.664,8.91,16.524,0.327,1.0,1
9.3,13.88988,72778.425,372.8477765997107,9785.709,645.091,645.091,1089.936,4.482,22.316,89.907,1.78,0.957,3
5.14,7.7166,21632.186,201.5159946879456,8488.912,175.265,175.265,701.758,2.081,11.027,24.815,0.491,0.973,2
2.088,3.08664,6152.626,145.66915872214128,6790.922,30.915,30.915,579.682,1.314,7.071,0.0,0.226,0.987,0
3.144,4.6299600000000005,8380.011,145.2213770492496,7133.042,60.359,60.359,596.823,1.388,7.502,12.712,0.252,0.952,1
4.161,6.17328,14719.131,162.0491086586931,7738.812,113.753,113.753,621.492,1.662,8.842,16.34,0.323,0.994,1
3.144,4.6299600000000005,8374.913,145.21844489610626,7033.43,60.306,60.306,588.708,1.393,7.583,12.445,0.246,0.986,1
9.3,13.88988,72764.159,372.84390196877126,9755.53,644.751,644.751,1084.791,4.52,22.824,90.218,1.786,0.973,3
1.138,1.54332,431.233,139.61855599108245,6690.078,6.576,6.576,454.465,1.1,5.848,14.454,0.086,0.968,0
3.144,4.6299600000000005,8376.749,145.21949209365746,7078.83,60.322,60.322,574.433,1.391,7.452,11.843,0.234,0.986,1
3.144,4.6299600000000005,8378.918,145.2207487307189,7108.271,60.351,60.351,599.882,1.389,7.547,12.847,0.254,0.956,1
3.144,4.6299600000000005,8375.113,145.21854961586138,7038.463,60.306,60.306,587.096,1.393,7.569,12.377,0.245,0.986,1
6.175,9.25992,29794.071,241.6221948222036,8830.43,246.243,246.243,767.827,2.501,13.104,33.782,0.669,0.968,2
6.175,12.34656,29762.416,241.5710915817052,8792.154,245.998,245.998,758.967,2.514,13.238,33.432,0.662,0.998,2
7.148,10.80324,38983.865,280.4475676315932,9131.411,332.139,332.139,844.743,2.965,15.616,45.221,0.895,0.957,3
6.175,9.25992,29761.403,241.5701491039092,8783.031,245.951,245.951,765.564,2.518,13.337,33.886,0.671,1.0,2
5.14,7.7166,21625.957,201.5158899681905,8471.034,175.218,175.218,687.808,2.087,11.027,24.136,0.478,0.995,2
5.14,7.7166,21630.429,201.5149474903944,8481.595,175.252,175.252,706.429,2.083,11.098,25.099,0.497,0.975,2
4.161,6.17328,14724.192,162.0506794550199,7803.59,113.776,113.776,641.767,1.656,8.863,17.203,0.341,0.96,1
1.138,1.54332,969.514,139.0380943884542,6632.045,6.179,6.179,469.554,1.121,5.984,19.65,0.111,0.991,0
8.206,12.34656,50997.52,323.3353339013395,9321.941,438.139,438.139,940.055,3.567,18.401,61.337,1.214,0.951,3
6.175,9.25992,29791.927,241.6322479186952,8824.672,246.204,246.204,787.227,2.503,13.279,34.989,0.693,0.96,2
5.14,7.7166,21625.66,201.5148427706393,8467.551,175.23,175.23,695.853,2.088,11.101,24.589,0.487,0.992,2
5.14,7.7166,21631.953,201.5158899681905,8487.963,175.27,175.27,701.242,2.081,11.029,24.791,0.491,0.974,2
5.14,7.7166,21632.863,201.5153663694149,8489.114,175.292,175.292,707.638,2.081,11.066,25.13,0.497,0.969,2
9.3,13.88988,72780.082,372.84714828118,9779.118,644.835,644.835,1078.203,4.489,22.288,88.964,1.761,0.965,3
5.14,7.7166,21636.862,201.51735604476207,8505.02,175.295,175.295,703.297,2.075,10.953,24.828,0.491,0.961,2
5.14,7.7166,21625.802,201.51463333112903,8467.579,175.26,175.26,697.302,2.088,11.111,24.668,0.488,0.991,2
5.14,7.7166,21636.553,201.5148427706393,8498.169,175.318,175.318,721.401,2.077,11.111,25.824,0.511,0.954,2
7.148,12.34656,38989.59,280.4475676315932,9128.637,332.296,332.296,825.368,2.97,15.512,43.954,0.87,0.972,3
9.3,13.88988,72779.763,372.8458916441186,9773.682,645.176,645.176,1072.574,4.495,22.321,88.571,1.753,0.97,3
3.144,4.6299600000000005,8376.634,145.21938737390235,7071.878,60.33,60.33,583.35,1.391,7.507,12.208,0.242,0.98,1
7.148,12.34656,38988.252,280.4486148291443,9131.75,332.15,332.15,811.132,2.967,15.345,42.906,0.85,0.977,3
6.175,9.25992,29789.411,241.6436623720032,8816.098,246.216,246.216,784.663,2.506,13.306,34.882,0.691,0.967,2
5.14,7.7166,21639.262,201.5165182867212,8509.428,175.306,175.306,715.792,2.074,11.014,25.476,0.504,0.95,2
7.148,10.80324,38980.834,280.4487195488994,9134.425,332.198,332.198,848.858,2.961,15.596,45.437,0.9,0.951,3
8.206,12.34656,50989.495,323.29951974508856,9292.259,437.924,437.924,914.378,3.608,18.697,60.045,1.189,0.999,3
6.175,9.25992,29762.102,241.563028160561,8803.343,245.937,245.937,766.001,2.51,13.227,33.799,0.669,0.986,2
6.175,9.25992,29762.759,241.5622951222752,8804.348,245.941,245.941,755.535,2.51,13.145,33.153,0.656,0.992,2
4.161,12.34656,14718.958,162.04868977967263,7729.727,113.75,113.75,629.56,1.663,8.91,16.725,0.331,0.991,1
3.144,4.6299600000000005,8378.195,145.2203298516984,7109.385,60.347,60.347,574.02,1.389,7.413,11.81,0.234,0.978,1
7.148,12.34656,38982.977,280.4486148291443,9136.111,332.094,332.094,817.056,2.961,15.316,43.225,0.856,0.968,3
4.161,6.17328,14721.038,162.04973697722383,7763.671,113.757,113.757,628.869,1.66,8.848,16.655,0.33,0.981,1
3.144,4.6299600000000005,8379.108,145.220853450474,7109.493,60.352,60.352,605.531,1.389,7.575,13.069,0.259,0.951,1
4.161,6.17328,14718.441,162.04889921918286,7730.076,113.744,113.744,619.764,1.663,8.846,16.269,0.322,0.998,1
5.14,12.34656,21628.656,201.5147380508841,8475.99,175.239,175.239,704.806,2.085,11.116,25.036,0.496,0.98,2
3.144,4.6299600000000005,8375.471,145.21875905537163,7053.04,60.312,60.312,575.743,1.392,7.491,11.911,0.236,0.992,1
6.175,9.25992,29789.989,241.6412538176354,8818.336,246.178,246.178,788.992,2.505,13.326,35.131,0.696,0.963,2
3.144,4.6299600000000005,8380.847,145.22190064802524,7153.784,60.373,60.373,590.355,1.387,7.444,12.443,0.246,0.952,1
1.138,1.54332,5756.189,143.27254240647278,6641.975,8.596,8.596,619.186,1.291,7.042,9.418,0.271,0.979,0
1.138,1.54332,6774.428,139.90129932990556,6696.42,6.825,6.825,651.616,1.308,7.076,24.042,0.32,0.96,0
2.088,3.08664,3672.279,140.9754098581679,6809.954,22.655,22.655,539.708,1.223,6.608,21.335,0.184,0.961,0
6.175,9.25992,29761.508,241.57151046072573,8788.101,245.943,245.943,771.239,2.515,13.351,34.204,0.677,0.993,2
2.088,3.08664,6985.948,143.8375054853433,6767.06,27.659,27.659,604.904,1.334,7.2,10.473,0.267,0.993,0
4.161,6.17328,14719.412,162.04921337844823,7743.199,113.754,113.754,622.36,1.661,8.84,16.376,0.324,0.992,1
9.3,13.88988,72757.632,372.8402367773421,9730.804,644.687,644.687,1064.782,4.547,23.01,88.896,1.76,0.993,3
9.3,12.34656,72780.587,372.8474624404453,9778.467,645.144,645.144,1074.258,4.489,22.249,88.602,1.754,0.967,3
3.144,4.6299600000000005,8375.185,145.21854961586138,7045.166,60.312,60.312,579.321,1.392,7.52,12.06,0.239,0.991,1
5.14,7.7166,21633.784,201.51547108917,8491.991,175.296,175.296,709.208,2.08,11.061,25.202,0.499,0.966,2
2.088,3.08664,5692.155,146.00258642244228,6769.258,31.5,31.5,571.039,1.302,7.044,0.0,0.212,0.99,0
1.138,1.54332,5742.565,146.81625891972206,6693.383,10.644,10.644,620.416,1.298,7.079,0.0,0.26,0.962,0
4.161,6.17328,14717.626,162.04785202163166,7702.331,113.733,113.733,640.397,1.666,9.029,17.257,0.342,0.992,1
2.088,3.08664,4463.882,145.91933421712213,6733.286,31.309,31.309,537.569,1.263,6.862,0.0,0.171,1.0,0
8.206,12.34656,50993.065,323.3172173837038,9300.435,438.098,438.098,902.265,3.594,18.395,58.83,1.165,0.995,3
2.088,3.08664,5907.273,145.82655251408613,6817.296,31.206,31.206,571.464,1.306,6.995,0.0,0.216,0.981,0
5.14,7.7166,21626.348,201.51609940770075,8472.867,175.219,175.219,688.801,2.086,11.024,24.182,0.479,0.993,2
3.144,4.6299600000000005,8374.23,145.21750241831018,7025.769,60.3,60.3,583.213,1.393,7.564,12.228,0.242,0.993,1
6.175,9.25992,29762.884,241.5613526444791,8802.335,245.957,245.957,751.455,2.511,13.127,32.912,0.652,0.996,2
8.206,12.34656,50997.091,323.33355366550245,9317.914,438.035,438.035,937.001,3.572,18.442,61.197,1.212,0.957,3
9.3,13.88988,72770.282,372.8455774848532,9755.084,644.957,644.957,1067.211,4.518,22.606,88.541,1.753,0.981,3
8.206,12.34656,50995.443,323.3248619258275,9309.048,438.062,438.062,935.872,3.586,18.607,61.351,1.215,0.968,3
7.148,10.80324,39015.596,280.4339540634275,9111.311,332.576,332.576,818.676,2.993,15.769,43.859,0.868,0.998,3
1.138,12.34656,6912.779,145.00848178709137,6722.264,9.622,9.622,643.631,1.326,7.165,0.0,0.295,0.96,0
7.148,10.80324,39004.958,280.4441118796741,9119.894,332.436,332.436,798.401,2.983,15.453,42.262,0.837,1.0,3
6.175,9.25992,29795.167,241.61800603199885,8834.688,246.293,246.293,768.322,2.5,13.085,33.789,0.669,0.965,2
5.14,7.7166,21625.542,201.51557580892512,8469.25,175.253,175.253,689.664,2.087,11.049,24.245,0.48,0.995,2
5.14,7.7166,21637.296,201.51662300647635,8504.365,175.339,175.339,710.137,2.076,11.003,25.197,0.499,0.957,2
6.175,9.25992,29791.743,241.6338187150219,8825.062,246.24,246.24,798.82,2.503,13.362,35.682,0.706,0.953,2
7.148,12.34656,39012.466,280.43772397461186,9113.902,332.549,332.549,810.291,2.991,15.655,43.219,0.856,1.0,3
6.175,9.25992,29762.568,241.5736048558281,8807.857,245.942,245.942,784.138,2.508,13.337,34.876,0.69,0.972,2
1.138,1.54332,5794.307,138.8927433683481,6643.176,6.238,6.238,629.338,1.28,6.962,28.723,0.296,0.973,0
1.138,1.54332,4053.735,148.480779427349,6746.47,11.648,11.648,570.474,1.245,6.73,0.0,0.2,0.95,0
5.14,7.7166,21628.207,201.5148427706393,8474.985,175.236,175.236,701.36,2.085,11.098,24.855,0.492,0.983,2
8.206,12.34656,50994.017,323.3232911295008,9313.939,438.003,438.003,917.12,3.575,18.287,59.675,1.181,0.971,3
6.175,9.25992,29791.725,241.6302582433478,8821.832,246.272,246.272,760.592,2.505,13.097,33.388,0.661,0.978,2
5.14,7.7166,21623.988,201.5129578150472,8458.698,175.199,175.199,708.378,2.091,11.235,25.306,0.501,0.99,2
1.138,1.54332,329.669,141.25563992286808,6721.41,7.508,7.508,450.243,1.097,5.844,5.479,0.071,0.954,0
9.3,13.88988,72767.881,372.8456822046084,9778.139,645.099,645.099,1103.622,4.495,22.652,91.415,1.81,0.955,3
6.175,12.34656,29760.716,241.5709868619501,8783.053,246.017,246.017,778.425,2.517,13.432,34.67,0.686,0.992,2
1.138,1.54332,7250.743,142.10805872954214,6669.793,8.034,8.034,674.378,1.329,7.288,15.179,0.335,0.96,0
6.175,9.25992,29761.275,241.56449423713272,8802.509,245.94,245.94,779.931,2.51,13.335,34.651,0.686,0.978,2
4.161,6.17328,14721.943,162.0500511364892,7778.389,113.754,113.754,626.83,1.658,8.81,16.544,0.328,0.978,1
5.14,7.7166,21626.686,201.51568052868024,8472.928,175.25,175.25,691.661,2.086,11.043,24.338,0.482,0.991,2
3.144,4.6299600000000005,8378.675,145.22053929120867,7111.616,60.355,60.355,584.711,1.389,7.466,12.24,0.242,0.968,1
3.144,4.6299600000000005,8380.627,145.22169120851498,7149.35,60.371,60.371,588.186,1.387,7.438,12.359,0.245,0.955,1
3.144,4.6299600000000005,8375.563,145.21865433561652,7060.734,60.318,60.318,564.615,1.392,7.424,11.452,0.227,1.0,1
7.148,10.80324,39010.529,280.4386664524079,9114.171,332.446,332.446,819.175,2.99,15.721,43.832,0.868,0.994,3
7.148,10.80324,39004.518,280.4441118796741,9119.825,332.375,332.375,801.609,2.983,15.48,42.488,0.841,0.998,3
2.088,12.34656,6943.447,143.9828565054494,6805.362,27.926,27.926,598.816,1.332,7.13,9.537,0.26,0.986,0
2.088,3.08664,4048.208,145.55501418906087,6802.559,30.656,30.656,527.786,1.246,6.707,0.0,0.158,0.978,0
3.144,4.6299600000000005,8380.56,145.22169120851498,7149.093,60.373,60.373,589.44,1.387,7.445,12.409,0.246,0.954,1
8.206,12.34656,50989.737,323.3006716623949,9296.817,438.042,438.042,922.972,3.602,18.702,60.626,1.2,0.989,3
4.161,6.17328,14719.973,162.04921337844823,7748.33,113.759,113.759,627.068,1.661,8.862,16.589,0.328,0.987,1
1.138,1.54332,1266.253,142.9772326970353,6640.973,8.307,8.307,468.185,1.137,6.087,2.843,0.095,0.991,0
2.088,3.08664,4009.952,145.5333371997511,6788.422,30.608,30.608,527.477,1.245,6.722,0.0,0.157,0.981,0
9.3,12.34656,72769.573,372.844530287302,9753.124,644.888,644.888,1066.982,4.521,22.639,88.569,1.753,0.982,3
7.148,10.80324,38982.583,280.4487195488994,9132.904,332.203,332.203,846.806,2.963,15.606,45.33,0.897,0.954,3
9.3,13.88988,72764.55,372.84421612803663,9767.549,644.774,644.774,1098.181,4.508,22.779,91.184,1.805,0.962,3
7.148,10.80324,38996.496,280.4470440328176,9124.98,332.238,332.238,808.592,2.976,15.444,42.869,0.849,0.987,3
1.138,1.54332,1129.755,137.77548830097646,6698.299,5.708,5.708,498.008,1.125,6.043,25.168,0.139,0.952,0
8.206,12.34656,50997.466,323.3348103025639,9318.414,438.092,438.092,940.407,3.573,18.478,61.468,1.217,0.955,3
3.144,4.6299600000000005,8379.145,145.22095817022915,7120.485,60.347,60.347,587.755,1.389,7.47,12.357,0.245,0.963,1
6.175,9.25992,29792.449,241.6317243199196,8827.199,246.207,246.207,798.222,2.502,13.346,35.635,0.706,0.952,2
3.144,4.6299600000000005,8376.223,145.2191779343921,7070.329,60.323,60.323,571.504,1.391,7.448,11.728,0.232,0.991,1
7.148,10.80324,39007.982,280.4403419684898,9115.57,332.495,332.495,821.098,2.988,15.711,43.936,0.87,0.991,3
8.206,12.34656,50994.039,323.3248619258275,9320.981,438.101,438.101,918.231,3.564,18.153,59.564,1.179,0.962,3
7.148,10.80324,38990.678,280.44714875257256,9127.101,332.201,332.201,830.1,2.972,15.577,44.312,0.877,0.971,3
5.14,7.7166,21624.958,201.51452861137392,8464.829,175.206,175.206,695.794,2.089,11.115,24.598,0.487,0.994,2
8.206,12.34656,50993.509,323.3206731356228,9310.76,438.085,438.085,908.696,3.579,18.256,59.072,1.169,0.979,3
7.148,10.80324,38980.217,280.4483006698789,9138.561,332.099,332.099,820.392,2.957,15.299,43.405,0.859,0.963,3
1.138,12.34656,6488.608,145.40118086879008,6700.598,9.739,9.739,614.857,1.316,7.053,0.0,0.268,0.98,0
3.144,4.6299600000000005,8379.326,145.22095817022915,7126.174,60.356,60.356,583.673,1.388,7.443,12.191,0.241,0.965,1
6.175,9.25992,29767.004,241.5869042647283,8810.885,245.956,245.956,771.15,2.507,13.227,34.074,0.675,0.978,2
4.161,6.17328,14719.819,162.0485850599175,7730.73,113.746,113.746,646.226,1.663,9.016,17.491,0.346,0.979,1
9.3,12.34656,72767.604,372.8430642107304,9736.105,644.748,644.748,1047.074,4.54,22.697,87.069,1.724,0.999,3
3.144,4.6299600000000005,8380.273,145.22148176900473,7141.58,60.374,60.374,590.588,1.388,7.46,12.459,0.247,0.955,1
4.161,6.17328,14723.893,162.0506794550199,7802.68,113.796,113.796,637.814,1.656,8.84,17.023,0.337,0.963,1
2.088,12.34656,4905.544,140.8209482193664,6838.053,22.444,22.444,574.381,1.261,6.8,23.373,0.228,0.954,0
1.138,1.54332,2882.723,148.0800169245061,6716.375,11.288,11.288,521.515,1.204,6.459,0.0,0.15,0.97,0
8.206,12.34656,50984.991,323.28444010035133,9293.693,437.909,437.909,922.528,3.606,18.758,60.669,1.201,0.993,3
2.088,12.34656,3903.048,145.3910230525435,6820.324,30.368,30.368,522.503,1.24,6.653,0.0,0.152,0.974,0
7.148,10.80324,39006.458,280.4424363635922,9117.758,332.354,332.354,808.807,2.986,15.574,43.034,0.852,0.996,3
9.3,13.88988,72776.029,372.8458916441186,9770.829,644.938,644.938,1077.937,4.5,22.447,89.163,1.765,0.969,3
2.088,3.08664,3871.911,140.86681547210884,6794.664,22.474,22.474,548.26,1.23,6.674,22.038,0.194,0.963,0
4.161,6.17328,14716.693,162.04753786236634,7689.461,113.725,113.725,637.746,1.667,9.034,17.151,0.34,0.998,1
3.144,4.6299600000000005,8376.556,145.21938737390235,7069.03,60.327,60.327,585.387,1.391,7.521,12.291,0.243,0.979,1
5.14,7.7166,21637.248,201.5159946879456,8502.67,175.313,175.313,715.035,2.076,11.045,25.466,0.504,0.955,2
5.14,7.7166,21627.251,201.5131672545573,8467.895,175.219,175.219,712.031,2.087,11.209,25.461,0.504,0.981,2
3.144,4.6299600000000005,8378.242,145.22043457145355,7108.801,60.343,60.343,576.447,1.389,7.426,11.909,0.236,0.976,1
6.175,9.25992,29789.577,241.6418821361661,8815.854,246.248,246.248,774.942,2.506,13.235,34.295,0.679,0.973,2
9.3,13.88988,72773.246,372.8456822046084,9765.083,644.872,644.872,1077.154,4.507,22.546,89.24,1.767,0.972,3
7.148,10.80324,39012.066,280.4363626177953,9112.543,332.519,332.519,827.298,2.991,15.815,44.43,0.88,0.991,3
8.206,12.34656,50994.903,323.32800351848107,9320.571,437.974,437.974,929.805,3.566,18.296,60.523,1.198,0.957,3
2.088,3.08664,6231.843,145.6605717022215,6767.513,30.903,30.903,584.995,1.317,7.132,0.041,0.232,0.991,0
2.088,3.08664,2824.391,143.11504389477278,6788.079,26.301,26.301,503.647,1.199,6.482,8.353,0.132,0.972,0
2.088,3.08664,4163.596,145.69921329186064,6770.889,30.908,30.908,533.034,1.251,6.779,0.0,0.164,0.985,0
8.206,12.34656,50994.381,323.32423360729683,9311.471,438.037,438.037,923.29,3.58,18.41,60.25,1.193,0.971,3
7.148,10.80324,38993.381,280.44683459330724,9125.725,332.253,332.253,823.076,2.974,15.545,43.857,0.868,0.977,3
6.175,9.25992,29773.312,241.60271694775136,8812.994,246.041,246.041,756.451,2.507,13.11,33.169,0.657,0.986,2
6.175,9.25992,29763.346,241.5699396643989,8807.502,245.929,245.929,764.853,2.508,13.197,33.706,0.667,0.984,2
2.088,3.08664,5329.711,140.92137446452617,6791.855,22.612,22.612,593.725,1.276,6.959,23.598,0.248,0.96,0
6.175,9.25992,29762.866,241.5634470395815,8799.282,245.972,245.972,753.07,2.512,13.155,33.029,0.654,0.997,2
1.138,1.54332,5961.92,146.55288873559613,6722.528,10.467,10.467,612.085,1.303,7.014,0.0,0.257,0.965,0
6.175,9.25992,29761.296,241.56690279150044,8798.403,246.016,246.016,781.141,2.511,13.367,34.748,0.688,0.98,2
9.3,13.88988,72772.059,372.8469388416697,9781.997,645.053,645.053,1099.207,4.489,22.516,90.891,1.799,0.955,3
1.138,1.54332,4831.131,141.64362661558644,6620.044,7.618,7.618,582.792,1.259,6.806,17.191,0.24,0.996,0
9.3,13.88988,72781.047,372.8468341219147,9777.392,644.826,644.826,1073.135,4.49,22.256,88.524,1.752,0.968,3
5.14,12.34656,21634.052,201.5137955730881,8488.747,175.259,175.259,723.63,2.08,11.176,25.985,0.514,0.959,2
2.088,3.08664,2882.541,143.53622674986406,6760.396,27.029,27.029,504.932,1.203,6.534,6.232,0.132,0.979,0
7.148,10.80324,39007.047,280.44264580310244,9117.865,332.441,332.441,803.935,2.986,15.534,42.692,0.845,0.999,3
2.088,3.08664,6665.545,145.10754667543455,6762.397,29.914,29.914,596.911,1.329,7.195,3.445,0.25,0.993,0
7.148,10.80324,39004.494,280.4436930006537,9119.224,332.325,332.325,807.449,2.984,15.537,42.909,0.85,0.995,3
1.138,1.54332,3950.413,147.9468133959939,6689.953,11.186,11.186,551.636,1.242,6.692,0.0,0.186,0.979,0
1.138,1.54332,1346.417,143.08666484113533,6640.11,8.359,8.359,469.242,1.141,6.102,2.909,0.097,0.993,0
6.175,9.25992,29762.269,241.5635517593366,8804.362,246.013,246.013,764.922,2.509,13.214,33.727,0.668,0.986,2
6.175,9.25992,29765.243,241.5798880411353,8809.732,245.969,245.969,769.041,2.508,13.217,33.951,0.672,0.98,2
1.138,1.54332,654.175,143.1400719162464,6687.946,8.555,8.555,468.431,1.112,6.018,0.0,0.083,0.954,0
1.138,1.54332,3790.346,148.25814522796463,6714.79,11.383,11.383,544.095,1.237,6.624,0.0,0.178,0.975,0
5.14,7.7166,21633.74,201.51672772623144,8495.402,175.32,175.32,699.547,2.079,10.978,24.668,0.488,0.97,2
6.175,9.25992,29797.33,241.6151785986106,8843.898,246.366,246.366,783.758,2.496,13.15,34.673,0.687,0.95,2
2.088,3.08664,2828.403,142.30964425814747,6716.333,24.881,24.881,501.701,1.199,6.521,12.247,0.136,0.996,0
6.175,9.25992,29761.062,241.5722434990116,8788.146,246.02,246.02,779.318,2.515,13.41,34.696,0.687,0.988,2
7.148,10.80324,38993.326,280.44735819208285,9126.277,332.257,332.257,818.743,2.973,15.501,43.546,0.862,0.979,3
9.3,13.88988,72777.931,372.8461010836288,9766.862,645.033,645.033,1063.948,4.503,22.341,87.922,1.74,0.977,3
6.175,9.25992,29782.435,241.63256207796044,8814.762,246.175,246.175,777.56,2.506,13.26,34.452,0.682,0.972,2
4.161,6.17328,14723.463,162.0506794550199,7799.201,113.781,113.781,632.144,1.656,8.809,16.767,0.332,0.968,1
4.161,6.17328,14718.734,162.04868977967263,7727.536,113.745,113.745,629.121,1.663,8.911,16.708,0.331,0.992,1
2.088,3.08664,4975.167,140.86890986721122,6855.469,22.523,22.523,574.277,1.263,6.788,23.125,0.228,0.951,0
5.14,7.7166,21625.692,201.51306253480223,8463.294,175.206,175.206,710.942,2.089,11.227,25.423,0.503,0.985,2
8.206,12.34656,50992.407,323.31302859349904,9298.581,438.063,438.063,918.698,3.599,18.62,60.231,1.192,0.989,3
8.206,12.34656,50993.334,323.318264581255,9300.79,437.988,437.988,907.301,3.595,18.446,59.235,1.173,0.992,3
9.3,13.88988,72775.124,372.8447397268122,9749.603,644.804,644.804,1046.629,4.523,22.445,86.696,1.716,0.993,3
1.138,1.54332,2469.852,142.30524602843246,6607.442,8.026,8.026,522.12,1.182,6.433,12.489,0.159,0.989,0
9.3,13.88988,72760.758,372.84149341440354,9740.885,644.711,644.711,1072.483,4.536,22.93,89.397,1.77,0.985,3
8.206,12.34656,50994.183,323.32391944803146,9315.606,437.993,437.993,919.16,3.573,18.276,59.794,1.184,0.968,3
6.175,9.25992,29789.607,241.64271989420703,8815.896,246.175,246.175,776.551,2.506,13.247,34.392,0.681,0.972,2
3.144,4.6299600000000005,8379.307,145.22095817022915,7114.396,60.353,60.353,605.169,1.389,7.567,13.052,0.258,0.95,1
9.3,13.88988,72767.561,372.84442556754686,9761.534,644.964,644.964,1085.499,4.513,22.722,90.135,1.784,0.97,3
8.206,12.34656,50995.885,323.3248619258275,9315.465,437.963,437.963,948.732,3.58,18.649,62.244,1.232,0.955,3
2.088,3.08664,3770.247,140.90294378762508,6797.045,22.531,22.531,545.538,1.226,6.655,21.747,0.19,0.962,0
1.138,1.54332,1352.378,145.24870890533583,6686.605,9.613,9.613,471.869,1.142,6.109,0.0,0.095,0.977,0
1.138,1.54332,1150.103,144.59117356293947,6681.842,9.248,9.248,466.924,1.134,6.062,0.0,0.089,0.976,0
3.144,4.6299600000000005,8375.464,145.21865433561652,7049.531,60.308,60.308,580.192,1.392,7.519,12.093,0.239,0.989,1
2.088,3.08664,2869.256,143.01849228055246,6845.178,26.154,26.154,499.985,1.199,6.405,8.688,0.131,0.962,0
1.138,1.54332,4431.485,144.44435646626178,6627.914,9.21,9.21,573.465,1.253,6.816,5.762,0.215,0.989,0
8.206,12.34656,50994.046,323.3216156134188,9304.812,438.068,438.068,921.443,3.59,18.525,60.285,1.193,0.98,3
9.3,13.88988,72778.01,372.84547276509807,9764.704,644.833,644.833,1061.751,4.505,22.354,87.768,1.737,0.979,3
5.14,7.7166,21625.18,201.51515692990463,8467.514,175.233,175.233,694.406,2.088,11.091,24.51,0.485,0.993,2
9.3,13.88988,72758.736,372.840969815628,9736.523,644.882,644.882,1070.132,4.541,22.977,89.275,1.767,0.988,3
1.138,1.54332,713.51,143.34553207579114,6687.413,8.655,8.655,468.951,1.115,6.029,0.0,0.084,0.956,0
1.138,1.54332,2259.25,140.4006031223161,6614.926,6.912,6.912,506.696,1.171,6.286,18.789,0.153,0.999,0
5.14,7.7166,21633.633,201.5144238916188,8489.481,175.261,175.261,718.093,2.08,11.135,25.687,0.508,0.962,2
1.138,1.54332,1664.303,145.90058938095575,6684.811,9.924,9.924,472.574,1.156,6.141,0.0,0.099,0.988,0
1.138,1.54332,3810.637,141.4607859231475,6608.427,7.53,7.53,557.775,1.226,6.646,17.663,0.209,0.996,0
3.144,4.6299600000000005,8375.972,145.21896849488186,7066.273,60.322,60.322,569.451,1.391,7.442,11.647,0.231,0.994,1
6.175,9.25992,29791.116,241.6326667977156,8819.728,246.225,246.225,759.581,2.506,13.101,33.338,0.66,0.98,2
1.138,1.54332,408.327,139.71605008309888,6694.846,6.641,6.641,454.832,1.099,5.847,14.114,0.086,0.965,0
1.138,1.54332,362.011,139.69133622089063,6698.542,6.648,6.648,456.091,1.097,5.849,13.818,0.086,0.961,0
7.148,10.80324,38997.82,280.4470440328176,9124.592,332.272,332.272,803.096,2.977,15.407,42.493,0.841,0.991,3
5.14,7.7166,21640.332,201.51798436329287,8515.782,175.334,175.334,707.644,2.072,10.927,25.014,0.495,0.951,2
5.14,7.7166,21626.602,201.5148427706393,8470.341,175.247,175.247,698.817,2.087,11.106,24.738,0.49,0.988,2
9.3,13.88988,72777.949,372.8450538860776,9760.12,644.955,644.955,1055.458,4.51,22.36,87.281,1.728,0.984,3
9.3,13.88988,72779.64,372.8475671602004,9788.689,645.046,645.046,1091.412,4.478,22.276,89.963,1.781,0.955,3
5.14,12.34656,21635.343,201.5170418854968,8500.222,175.323,175.323,702.144,2.077,10.971,24.787,0.491,0.965,2
4.161,12.34656,14716.736,162.04764258212143,7692.861,113.725,113.725,633.375,1.666,9.0,16.945,0.335,1.0,1
3.144,4.6299600000000005,8381.039,145.22200536778033,7162.302,60.38,60.38,584.215,1.387,7.403,12.193,0.241,0.955,1
7.148,10.80324,38999.734,280.4453685167356,9122.004,332.318,332.318,812.911,2.98,15.531,43.231,0.856,0.988,3
2.088,3.08664,5963.523,141.40926380362865,6821.173,23.465,23.465,608.071,1.295,7.041,22.339,0.265,0.954,0
4.161,12.34656,14719.232,162.0484803401624,7725.805,113.751,113.751,642.652,1.663,9.002,17.333,0.343,0.983,1
8.206,12.34656,50995.89,323.3267468814197,9310.859,437.968,437.968,937.854,3.584,18.597,61.466,1.217,0.965,3
2.088,3.08664,2890.411,143.34207632387222,6823.237,26.705,26.705,500.611,1.201,6.443,7.581,0.13,0.967,0
2.088,12.34656,6449.102,145.49532392864265,6744.669,30.61,30.61,597.843,1.324,7.224,1.385,0.245,0.992,0
3.144,4.6299600000000005,8378.658,145.2206440109638,7103.392,60.34,60.34,600.241,1.389,7.555,12.864,0.255,0.957,1
6.175,9.25992,29793.277,241.625964733388,8828.635,246.242,246.242,777.955,2.502,13.189,34.407,0.681,0.963,2
9.3,13.88988,72772.326,372.84421612803663,9748.607,644.763,644.763,1054.055,4.525,22.558,87.438,1.731,0.99,3
8.206,12.34656,50992.807,323.3161701861526,9301.036,437.972,437.972,896.894,3.593,18.322,58.37,1.156,0.997,3
3.144,4.6299600000000005,8379.168,145.220853450474,7112.344,60.346,60.346,603.399,1.389,7.56,12.983,0.257,0.952,1
9.3,13.88988,72777.392,372.8477765997107,9778.989,645.145,645.145,1083.01,4.49,22.354,89.428,1.77,0.963,3
4.161,6.17328,14722.556,162.04973697722383,7773.734,113.774,113.774,645.975,1.659,8.94,17.429,0.345,0.966,1
5.14,7.7166,21622.569,201.5129578150472,8455.049,175.231,175.231,706.342,2.092,11.241,25.213,0.499,0.994,2
7.148,12.34656,38993.265,280.4462062747765,9124.594,332.243,332.243,833.544,2.975,15.648,44.602,0.883,0.972,3
1.138,1.54332,2957.418,147.68721312305223,6683.993,11.002,11.002,519.282,1.207,6.48,0.0,0.15,0.983,0
8.206,12.34656,50994.338,323.32371000852123,9307.717,437.967,437.967,926.501,3.586,18.524,60.618,1.2,0.974,3
2.088,3.08664,3376.119,144.66824730270758,6734.927,29.03,29.03,505.599,1.223,6.618,0.454,0.133,0.999,0
7.148,10.80324,38995.322,280.4470440328176,9125.4,332.302,332.302,812.501,2.975,15.468,43.132,0.854,0.984,3
2.088,3.08664,6907.968,143.176514391028,6816.056,26.548,26.548,635.175,1.328,7.264,14.995,0.29,0.953,0
3.144,4.6299600000000005,8378.803,145.2206440109638,7117.586,60.351,60.351,579.429,1.389,7.431,12.024,0.238,0.971,1
6.175,9.25992,29761.674,241.57130102121545,8788.087,245.991,245.991,768.041,2.516,13.327,34.009,0.673,0.995,2
7.148,10.80324,38990.058,280.44631099453164,9125.936,332.212,332.212,844.144,2.972,15.708,45.298,0.897,0.964,3
8.206,12.34656,50993.539,323.3202542566023,9305.965,438.102,438.102,910.473,3.587,18.376,59.353,1.175,0.984,3
7.148,12.34656,39000.705,280.44526379698044,9121.564,332.419,332.419,810.632,2.98,15.521,43.082,0.853,0.99,3
9.3,13.88988,72755.025,372.8388754205256,9722.971,644.71,644.71,1059.333,4.556,23.078,88.552,1.753,0.999,3
8.206,12.34656,50992.809,323.3166937849282,9302.52,438.083,438.083,897.173,3.591,18.294,58.352,1.155,0.995,3
5.14,7.7166,21634.12,201.51735604476207,8498.121,175.322,175.322,696.747,2.078,10.945,24.505,0.485,0.97,2
4.161,6.17328,14723.455,162.0506794550199,7801.208,113.786,113.786,631.299,1.656,8.8,16.726,0.331,0.968,1
6.175,12.34656,29793.053,241.62805912849035,8829.145,246.219,246.219,792.644,2.501,13.295,35.29,0.699,0.954,2
8.206,12.34656,50992.835,323.31606546639745,9297.762,437.941,437.941,899.051,3.598,18.414,58.638,1.161,1.0,3
3.144,12.34656,8373.967,145.21708353928972,7019.316,60.296,60.296,581.905,1.394,7.566,12.179,0.241,0.996,1
2.088,3.08664,6789.917,144.67055113732022,6820.686,29.155,29.155,593.755,1.329,7.104,5.9,0.251,0.982,0
3.144,4.6299600000000005,8377.982,145.2202251319433,7101.158,60.346,60.346,578.794,1.39,7.448,12.008,0.238,0.976,1
6.175,12.34656,29760.955,241.56648391248,8799.51,245.976,245.976,786.566,2.511,13.401,35.069,0.694,0.976,2
1.138,1.54332,4500.256,137.8679558447471,6637.902,5.709,5.709,597.649,1.239,6.729,31.499,0.26,0.972,0
2.088,12.34656,6282.731,141.76143634009608,6810.768,24.075,24.075,618.728,1.306,7.126,21.343,0.275,0.955,0
9.3,13.88988,72766.393,372.8429594909752,9741.368,644.739,644.739,1059.0,4.535,22.752,88.091,1.744,0.991,3
2.088,3.08664,6417.825,141.83735816255782,6726.335,24.167,24.167,602.057,1.313,7.146,20.147,0.266,0.996,0
5.14,7.7166,21626.758,201.5132719743125,8466.961,175.24,175.24,711.512,2.088,11.211,25.437,0.504,0.982,2
9.3,13.88988,72760.096,372.8423311724445,9745.938,644.786,644.786,1080.81,4.531,22.945,90.072,1.783,0.979,3
9.3,13.88988,72763.279,372.8423311724445,9739.997,644.71,644.71,1064.634,4.537,22.847,88.665,1.755,0.989,3
5.14,7.7166,21627.713,201.51505221014952,8474.017,175.271,175.271,699.391,2.086,11.09,24.752,0.49,0.985,2
8.206,12.34656,50993.212,323.3180551417448,9303.959,438.095,438.095,903.466,3.589,18.337,58.832,1.165,0.99,3
3.144,4.6299600000000005,8377.311,145.21980625292284,7087.103,60.333,60.333,578.609,1.39,7.464,12.008,0.238,0.98,1
7.148,10.80324,38993.089,280.44599683526627,9124.014,332.203,332.203,839.713,2.975,15.707,45.037,0.892,0.969,3
1.138,1.54332,354.491,141.49136409164245,6725.151,7.637,7.637,450.507,1.098,5.849,3.963,0.07,0.953,0
8.206,12.34656,50997.014,323.3332395062371,9317.305,438.118,438.118,936.327,3.573,18.446,61.158,1.211,0.958,3
7.148,12.34656,38990.442,280.447462911838,9128.175,332.252,332.252,823.034,2.971,15.502,43.803,0.867,0.974,3
3.144,4.6299600000000005,8378.207,145.2203298516984,7109.092,60.34,60.34,575.232,1.389,7.42,11.859,0.235,0.977,1
4.161,6.17328,14722.062,162.0501558562443,7778.921,113.774,113.774,629.402,1.658,8.825,16.663,0.33,0.976,1
9.3,13.88988,72767.535,372.84400668852646,9750.539,644.837,644.837,1069.586,4.524,22.72,88.884,1.759,0.982,3
3.144,4.6299600000000005,8377.019,145.21959681341258,7087.042,60.335,60.335,569.704,1.39,7.418,11.646,0.231,0.988,1
1.138,12.34656,581.802,138.9287669641093,6692.253,6.248,6.248,466.412,1.105,5.893,18.458,0.102,0.963,0
1.138,1.54332,5737.668,143.10980790701677,6640.652,8.514,8.514,620.573,1.29,7.044,10.855,0.273,0.978,0
6.175,9.25992,29762.312,241.5686830273375,8806.621,245.943,245.943,775.507,2.508,13.28,34.36,0.68,0.978,2
8.206,12.34656,50993.953,323.32130145415346,9304.261,438.056,438.056,920.78,3.591,18.529,60.246,1.193,0.981,3
2.088,3.08664,6224.095,141.66226673199773,6759.949,23.848,23.848,585.76,1.305,7.018,20.183,0.251,0.996,0
5.14,7.7166,21624.439,201.5132719743125,8460.479,175.207,175.207,706.434,2.09,11.212,25.193,0.499,0.99,2
4.161,12.34656,14721.25,162.04994641673406,7769.625,113.771,113.771,626.341,1.659,8.821,16.531,0.327,0.981,1
4.161,6.17328,14718.827,162.04900393893797,7736.39,113.73,113.73,619.793,1.662,8.835,16.263,0.322,0.996,1
6.175,9.25992,29761.304,241.5711963014604,8786.073,246.024,246.024,771.846,2.516,13.366,34.253,0.678,0.994,2
7.148,10.80324,38981.909,280.44777707110336,9133.422,332.102,332.102,844.041,2.962,15.575,45.131,0.894,0.955,3
4.161,6.17328,14724.586,162.05088889453015,7811.984,113.803,113.803,639.645,1.655,8.836,17.097,0.338,0.959,1
5.14,12.34656,21636.022,201.5163088472109,8500.463,175.333,175.333,708.021,2.077,11.009,25.101,0.497,0.961,2
8.206,12.34656,50991.221,323.30695484770206,9298.914,438.075,438.075,923.859,3.599,18.671,60.643,1.201,0.986,3
5.14,7.7166,21632.876,201.51557580892512,8490.015,175.285,175.285,706.682,2.08,11.055,25.075,0.496,0.969,2
3.144,4.6299600000000005,8375.534,145.21875905537163,7052.045,60.314,60.314,579.402,1.392,7.511,12.06,0.239,0.989,1
6.175,9.25992,29793.185,241.6283732877557,8829.091,246.232,246.232,790.993,2.501,13.283,35.191,0.697,0.955,2
3.144,4.6299600000000005,8375.234,145.21865433561652,7044.497,60.312,60.312,581.777,1.392,7.533,12.16,0.241,0.989,1
6.175,9.25992,29790.806,241.6352847915936,8818.716,246.231,246.231,762.197,2.506,13.126,33.503,0.663,0.979,2
4.161,6.17328,14720.971,162.04900393893797,7748.271,113.766,113.766,648.524,1.661,9.001,17.575,0.348,0.972,1
1.138,1.54332,1520.408,137.95571099953742,6641.089,5.75,5.75,510.967,1.141,6.179,26.702,0.155,0.968,0
6.175,9.25992,29795.577,241.61894850979493,8837.417,246.255,246.255,783.799,2.498,13.185,34.711,0.687,0.954,2
8.206,12.34656,50993.871,323.3221392121944,9310.764,437.971,437.971,914.77,3.58,18.326,59.572,1.179,0.976,3
3.144,12.34656,8379.651,145.22116760973938,7122.428,60.362,60.362,601.387,1.388,7.538,12.898,0.255,0.951,1
2.088,3.08664,6470.044,145.3741631719692,6779.872,30.39,30.39,590.024,1.323,7.143,1.709,0.24,0.989,0
5.14,7.7166,21626.435,201.5152616496597,8471.171,175.221,175.221,694.973,2.087,11.075,24.525,0.485,0.99,2
6.175,9.25992,29792.517,241.63130544089907,8827.08,246.244,246.244,794.89,2.502,13.322,35.436,0.702,0.954,2
3.144,4.6299600000000005,8379.606,145.22116760973938,7134.156,60.358,60.358,580.075,1.388,7.415,12.042,0.238,0.966,1
5.14,7.7166,21635.077,201.51452861137392,8493.357,175.308,175.308,720.23,2.079,11.128,25.784,0.51,0.958,2
6.175,9.25992,29760.935,241.5710915817052,8784.058,245.999,245.999,775.682,2.517,13.406,34.498,0.683,0.993,2
6.175,9.25992,29794.674,241.6217759431832,8834.255,246.318,246.318,785.457,2.5,13.214,34.829,0.69,0.955,2
8.206,12.34656,50996.852,323.33397254452296,9323.107,437.98,437.98,934.312,3.563,18.299,60.822,1.204,0.952,3
7.148,10.80324,39004.88,280.4436930006537,9119.292,332.346,332.346,804.206,2.984,15.51,42.681,0.845,0.997,3
6.175,12.34656,29794.14,241.6238703382856,8832.069,246.232,246.232,784.394,2.5,13.218,34.777,0.689,0.957,2
5.14,7.7166,21639.019,201.51787964353773,8511.821,175.322,175.322,705.519,2.073,10.933,24.918,0.493,0.955,2
8.206,12.34656,50996.892,323.33292534697176,9316.698,438.101,438.101,935.653,3.574,18.449,61.119,1.21,0.959,3
7.148,12.34656,39000.358,280.4455779562458,9122.095,332.416,332.416,808.009,2.98,15.491,42.888,0.849,0.991,3
2.088,12.34656,5333.079,146.1066778590312,6753.4,31.678,31.678,564.173,1.291,7.017,0.0,0.202,0.992,0
5.14,7.7166,21632.622,201.51410973235343,8485.693,175.303,175.303,717.478,2.082,11.151,25.672,0.508,0.965,2
6.175,9.25992,29761.101,241.56480839639804,8802.562,245.923,245.923,783.19,2.51,13.359,34.847,0.69,0.976,2
9.3,13.88988,72771.257,372.84400668852646,9739.462,644.847,644.847,1041.768,4.535,22.57,86.476,1.712,1.0,3
5.14,7.7166,21632.176,201.51662300647635,8490.623,175.26,175.26,696.971,2.08,10.986,24.549,0.486,0.975,2
2.088,3.08664,2912.798,142.1978035596797,6825.287,24.732,24.732,507.761,1.199,6.44,13.408,0.142,0.963,0
7.148,10.80324,38983.238,280.44788179085845,9134.031,332.097,332.097,829.369,2.963,15.449,44.116,0.873,0.963,3
5.14,7.7166,21626.323,201.51505221014952,8470.28,175.233,175.233,695.915,2.087,11.086,24.58,0.487,0.99,2
7.148,10.80324,38998.839,280.4441118796741,9120.137,332.36,332.36,836.078,2.98,15.748,44.871,0.888,0.976,3
1.138,1.54332,4597.116,145.37395373245897,6647.494,9.767,9.767,582.229,1.26,6.865,4.07,0.221,0.98,0
9.3,12.34656,72771.59,372.8468341219147,9784.697,645.124,645.124,1103.606,4.487,22.524,91.233,1.806,0.952,3
6.175,9.25992,29763.866,241.57528037191,8808.721,245.961,245.961,773.319,2.508,13.253,34.216,0.677,0.978,2
6.175,12.34656,29762.016,241.56637919272487,8805.53,245.947,245.947,773.389,2.509,13.27,34.237,0.678,0.98,2
9.3,13.88988,72773.194,372.844530287302,9746.822,644.787,644.787,1047.247,4.527,22.504,86.825,1.719,0.994,3
4.161,6.17328,14721.862,162.04994641673406,7774.929,113.774,113.774,631.093,1.659,8.843,16.745,0.331,0.976,1
5.14,7.7166,21625.753,201.51463333112903,8467.602,175.261,175.261,698.754,2.088,11.12,24.746,0.49,0.99,2
3.144,4.6299600000000005,8375.747,145.21886377512678,7061.576,60.315,60.315,569.795,1.392,7.45,11.663,0.231,0.995,1
3.144,4.6299600000000005,8376.63,145.21949209365746,7067.778,60.324,60.324,590.389,1.391,7.549,12.493,0.247,0.975,1
1.138,1.54332,2050.495,137.7246992197434,6634.802,5.607,5.607,524.133,1.159,6.267,28.916,0.174,0.974,0
9.3,13.88988,72764.89,372.8450538860776,9779.7,645.036,645.036,1111.9,4.495,22.735,92.155,1.824,0.951,3
9.3,13.88988,72776.226,372.8476718799556,9789.154,645.111,645.111,1098.37,4.479,22.363,90.61,1.794,0.952,3
4.161,6.17328,14722.537,162.04963225746872,7770.617,113.769,113.769,651.779,1.659,8.983,17.697,0.35,0.963,1
2.088,3.08664,3032.547,143.84106595701738,6848.222,27.589,27.589,500.116,1.206,6.438,5.107,0.128,0.964,0
5.14,7.7166,21630.053,201.5148427706393,8479.715,175.267,175.267,705.396,2.084,11.101,25.051,0.496,0.977,2
4.161,6.17328,14717.718,162.04816618089703,7710.859,113.736,113.736,629.503,1.665,8.943,16.744,0.331,0.997,1
7.148,10.80324,39000.206,280.444007159919,9119.748,332.415,332.415,830.313,2.981,15.709,44.483,0.881,0.98,3
5.14,7.7166,21623.452,201.5149474903944,8462.04,175.199,175.199,691.413,2.09,11.1,24.372,0.482,0.999,2
9.3,13.88988,72774.31,372.84599636387367,9765.607,644.92,644.92,1074.321,4.506,22.5,88.954,1.761,0.973,3
1.138,1.54332,4024.446,148.28086941482562,6725.403,11.432,11.432,555.729,1.244,6.678,0.0,0.19,0.968,0
7.148,10.80324,39009.022,280.4403419684898,9115.754,332.394,332.394,812.82,2.988,15.642,43.357,0.858,0.996,3
8.206,12.34656,50995.052,323.32182505292906,9313.003,438.02,438.02,946.044,3.583,18.662,62.089,1.229,0.959,3
3.144,12.34656,8375.231,145.21865433561652,7040.647,60.311,60.311,587.539,1.392,7.568,12.394,0.245,0.985,1
4.161,12.34656,14723.818,162.0506794550199,7800.664,113.793,113.793,638.67,1.656,8.848,17.065,0.338,0.963,1
8.206,12.34656,50995.551,323.3282129579913,9311.402,437.971,437.971,934.036,3.582,18.537,61.133,1.21,0.966,3
6.175,9.25992,29762.163,241.5640753581122,8804.384,245.946,245.946,766.504,2.509,13.225,33.824,0.67,0.985,2
6.175,9.25992,29762.545,241.5625045617854,8801.272,246.026,246.026,757.161,2.511,13.174,33.27,0.659,0.993,2
2.088,3.08664,3006.113,141.91055727138647,6842.854,24.243,24.243,510.637,1.201,6.434,14.806,0.147,0.959,0
1.138,1.54332,4663.853,147.9357131019512,6723.915,11.234,11.234,573.089,1.265,6.785,0.0,0.211,0.969,0
5.14,7.7166,21636.777,201.51358613357783,8495.697,175.314,175.314,730.495,2.078,11.185,26.316,0.521,0.95,2
8.206,12.34656,50979.361,323.2696746148795,9291.002,437.863,437.863,921.026,3.61,18.792,60.612,1.2,0.997,3
5.14,7.7166,21636.788,201.51568052868024,8500.779,175.317,175.317,715.466,2.077,11.057,25.497,0.505,0.956,2
8.206,12.34656,50995.977,323.3261185628889,9313.149,438.124,438.124,943.274,3.582,18.623,61.855,1.225,0.96,3
5.14,7.7166,21634.132,201.51672772623144,8496.365,175.275,175.275,700.065,2.078,10.977,24.691,0.489,0.969,2
6.175,9.25992,29797.016,241.615492757876,8842.79,246.276,246.276,783.222,2.496,13.152,34.647,0.686,0.951,2
4.161,12.34656,14718.062,162.04837562040728,7715.626,113.74,113.74,632.974,1.664,8.957,16.899,0.335,0.993,1
7.148,10.80324,38991.538,280.44767235134816,9127.738,332.182,332.182,819.052,2.971,15.478,43.537,0.862,0.977,3
4.161,12.34656,14724.636,162.0504700155097,7800.043,113.788,113.788,655.138,1.657,8.954,17.815,0.353,0.952,1
6.175,9.25992,29760.87,241.57182461999108,8786.11,245.966,245.966,779.937,2.516,13.426,34.745,0.688,0.989,2
2.088,3.08664,4566.656,145.91996253565287,6805.01,31.328,31.328,540.576,1.264,6.809,0.0,0.174,0.979,0
1.138,12.34656,910.801,143.94840370601506,6684.115,8.947,8.947,468.422,1.123,6.047,0.0,0.087,0.965,0
3.144,12.34656,8377.247,145.21970153316772,7088.024,60.331,60.331,574.955,1.39,7.444,11.859,0.235,0.983,1
7.148,10.80324,38982.678,280.44777707110336,9134.522,332.128,332.128,830.045,2.962,15.445,44.152,0.874,0.962,3
8.206,12.34656,50997.874,323.3358575001151,9319.533,437.993,437.993,944.507,3.572,18.511,61.778,1.223,0.952,3
7.148,10.80324,38982.314,280.4483006698789,9136.072,332.096,332.096,822.019,2.96,15.355,43.568,0.863,0.965,3
8.206,12.34656,50994.371,323.32266281097,9308.287,438.097,438.097,933.443,3.586,18.593,61.17,1.211,0.97,3
3.144,4.6299600000000005,8375.412,145.21865433561652,7049.861,60.314,60.314,578.966,1.392,7.512,12.043,0.238,0.99,1
9.3,13.88988,72781.369,372.8481954787312,9790.841,645.175,645.175,1088.851,4.475,22.197,89.657,1.775,0.955,3
9.3,13.88988,72770.223,372.8435878095059,9744.683,644.927,644.927,1053.623,4.53,22.624,87.493,1.732,0.992,3
4.161,6.17328,14718.035,162.0479567413868,7708.357,113.713,113.713,639.082,1.665,9.01,17.19,0.34,0.991,1
7.148,12.34656,38997.3,280.4447401982049,9121.095,332.381,332.381,837.41,2.979,15.741,44.942,0.89,0.974,3
7.148,10.80324,39004.058,280.44316940187804,9118.554,332.456,332.456,816.651,2.984,15.622,43.564,0.863,0.99,3
3.144,12.34656,8375.895,145.21896849488186,7050.981,60.32,60.32,592.284,1.392,7.58,12.578,0.249,0.978,1
6.175,9.25992,29762.47,241.57412845460368,8807.927,245.968,245.968,787.419,2.508,13.361,35.073,0.694,0.97,2
3.144,4.6299600000000005,8379.157,145.220853450474,7116.273,60.352,60.352,596.143,1.389,7.518,12.694,0.251,0.957,1
3.144,4.6299600000000005,8375.163,145.21844489610626,7050.378,60.313,60.313,568.867,1.392,7.459,11.632,0.23,0.999,1
2.088,3.08664,6628.204,142.29487877267562,6813.687,25.005,25.005,627.851,1.317,7.196,19.277,0.285,0.954,0
7.148,12.34656,38994.046,280.44683459330724,9125.246,332.211,332.211,822.419,2.975,15.549,43.822,0.868,0.978,3
7.148,10.80324,38982.719,280.4481959501238,9135.052,332.22,332.22,825.68,2.961,15.402,43.841,0.868,0.964,3
4.161,6.17328,14719.759,162.0494228179585,7749.57,113.754,113.754,622.393,1.661,8.83,16.37,0.324,0.99,1
1.138,1.54332,3306.158,137.72637473582532,6627.927,5.55,5.55,551.531,1.202,6.47,30.556,0.212,0.986,0
2.088,3.08664,2887.045,142.44986401025272,6855.99,25.17,25.17,503.159,1.198,6.394,11.743,0.137,0.958,0
2.088,3.08664,5723.507,141.1681989273432,6745.568,22.988,22.988,574.51,1.29,6.941,21.749,0.238,0.999,0
6.175,9.25992,29797.827,241.6139219615492,8845.964,246.326,246.326,781.591,2.495,13.123,34.532,0.684,0.95,2
4.161,6.17328,14721.553,162.0500511364892,7774.125,113.772,113.772,627.226,1.659,8.819,16.567,0.328,0.979,1
5.14,7.7166,21628.079,201.5163088472109,8478.391,175.26,175.26,690.375,2.084,11.005,24.244,0.48,0.988,2
2.088,3.08664,5644.773,141.15280512334058,6841.866,23.022,23.022,596.417,1.284,6.941,22.742,0.253,0.951,0
4.161,6.17328,14722.303,162.0502605759994,7785.182,113.783,113.783,628.163,1.658,8.807,16.599,0.329,0.975,1
9.3,13.88988,72773.405,372.8448444465674,9761.474,645.075,645.075,1071.853,4.511,22.546,88.825,1.758,0.976,3
1.138,1.54332,4872.95,144.57180040824235,6638.154,9.28,9.28,583.513,1.267,6.88,4.805,0.228,0.988,0
8.206,12.34656,50992.731,323.315646587377,9299.021,437.95,437.95,895.984,3.596,18.353,58.35,1.155,1.0,3
5.14,7.7166,21634.734,201.51515692990463,8494.033,175.3,175.3,713.24,2.079,11.078,25.408,0.503,0.962,2
8.206,12.34656,50993.112,323.3165890651731,9300.657,437.99,437.99,919.597,3.596,18.588,60.248,1.193,0.986,3
1.138,1.54332,4539.204,137.59673167898717,6673.177,5.565,5.565,590.271,1.239,6.666,31.893,0.255,0.969,0
5.14,7.7166,21639.35,201.51746076451727,8512.032,175.358,175.358,709.945,2.073,10.962,25.153,0.498,0.952,2
2.088,3.08664,3402.968,144.76417059839716,6775.985,29.212,29.212,513.692,1.223,6.618,0.281,0.139,0.98,0
3.144,4.6299600000000005,8379.071,145.220853450474,7121.032,60.354,60.354,585.26,1.389,7.457,12.257,0.243,0.965,1
6.175,9.25992,29761.259,241.572662378032,8793.268,246.009,246.009,780.223,2.513,13.388,34.721,0.687,0.984,2
1.138,1.54332,4535.968,148.24872045000387,6743.035,11.509,11.509,584.463,1.261,6.818,0.0,0.217,0.951,0
3.144,4.6299600000000005,8377.998,145.2202251319433,7096.841,60.346,60.346,587.004,1.39,7.495,12.341,0.244,0.97,1
8.206,12.34656,50995.53,323.323500569011,9312.771,438.103,438.103,944.323,3.583,18.644,61.952,1.226,0.96,3
2.088,3.08664,5313.967,140.92608685350652,6806.577,22.623,22.623,590.792,1.275,6.931,23.542,0.245,0.958,0
3.144,4.6299600000000005,8375.019,145.21844489610626,7044.691,60.31,60.31,572.815,1.392,7.486,11.796,0.234,0.997,1
8.206,12.34656,50994.601,323.32580440362364,9316.21,438.107,438.107,925.992,3.573,18.343,60.337,1.194,0.964,3
5.14,7.7166,21625.192,201.51348141382272,8463.203,175.21,175.21,706.485,2.089,11.197,25.184,0.499,0.988,2
3.144,4.6299600000000005,8378.764,145.2207487307189,7113.331,60.349,60.349,587.652,1.389,7.479,12.357,0.245,0.965,1
7.148,10.80324,38980.828,280.44767235134816,9134.946,332.161,332.161,840.939,2.961,15.524,44.887,0.889,0.955,3
4.161,6.17328,14724.794,162.05088889453015,7812.915,113.803,113.803,643.612,1.655,8.859,17.277,0.342,0.956,1
7.148,10.80324,38993.552,280.44725347232776,9126.302,332.336,332.336,817.09,2.974,15.488,43.431,0.86,0.98,3
6.175,9.25992,29792.101,241.63036296310293,8824.319,246.285,246.285,775.869,2.503,13.197,34.305,0.679,0.967,2
2.088,12.34656,5854.161,145.86802153711352,6805.737,31.272,31.272,571.484,1.305,7.007,0.0,0.215,0.983,0
9.3,13.88988,72780.038,372.8464152428941,9774.455,645.172,645.172,1071.73,4.494,22.295,88.469,1.751,0.97,3
5.14,7.7166,21627.149,201.51348141382272,8468.782,175.241,175.241,711.053,2.087,11.198,25.404,0.503,0.981,2
2.088,3.08664,6609.546,142.28754838981726,6825.839,25.0,25.0,625.619,1.316,7.171,19.159,0.283,0.952,0
4.161,6.17328,14725.665,162.05141249330575,7828.11,113.809,113.809,641.555,1.654,8.821,17.166,0.34,0.953,1
7.148,10.80324,38996.885,280.446520434042,9124.453,332.375,332.375,811.213,2.976,15.474,43.062,0.853,0.986,3
4.161,12.34656,14724.616,162.0502605759994,7796.657,113.801,113.801,659.666,1.657,8.989,18.023,0.357,0.95,1
9.3,13.88988,72779.356,372.8478813194658,9790.928,644.834,644.834,1093.752,4.476,22.263,90.12,1.784,0.953,3
1.138,1.54332,873.883,144.01511019002626,6753.494,9.022,9.022,464.27,1.121,5.962,0.0,0.083,0.95,0
9.3,13.88988,72783.338,372.87982084477727,9795.386,645.249,645.249,1093.588,4.47,22.172,89.979,1.781,0.951,3
1.138,1.54332,2657.073,148.04943875601114,6725.424,11.318,11.318,522.234,1.196,6.441,0.0,0.147,0.96,0
1.138,1.54332,3482.812,145.50506286586878,6637.446,9.806,9.806,546.445,1.223,6.65,4.604,0.181,0.986,0
3.144,4.6299600000000005,8376.371,145.21928265414724,7072.206,60.327,60.327,573.138,1.391,7.454,11.794,0.233,0.989,1
6.175,9.25992,29792.348,241.6297346445722,8825.495,246.229,246.229,779.613,2.503,13.218,34.525,0.684,0.964,2
6.175,9.25992,29761.8,241.5722434990116,8791.143,246.007,246.007,769.537,2.514,13.321,34.083,0.675,0.992,2
6.175,9.25992,29793.625,241.62366089877528,8829.503,246.271,246.271,772.069,2.502,13.141,34.045,0.674,0.966,2
2.088,3.08664,3009.581,141.71138029714885,6762.177,23.884,23.884,519.247,1.203,6.55,16.567,0.155,0.973,0
7.148,10.80324,39008.681,280.4390853314284,9114.452,332.43,332.43,828.199,2.989,15.788,44.451,0.88,0.988,3
4.161,6.17328,14724.896,162.0506794550199,7806.1,113.794,113.794,652.475,1.656,8.927,17.687,0.35,0.952,1
2.088,3.08664,5403.867,146.07578553127092,6760.233,31.624,31.624,564.958,1.293,7.014,0.0,0.203,0.991,0
4.161,6.17328,14723.224,162.0500511364892,7784.597,113.79,113.79,645.602,1.658,8.92,17.4,0.344,0.963,1
6.175,9.25992,29767.03,241.58669482521807,8810.853,245.955,245.955,769.556,2.507,13.215,33.977,0.673,0.979,2
5.14,7.7166,21637.216,201.5170418854968,8505.21,175.322,175.322,707.706,2.075,10.982,25.063,0.496,0.958,2
9.3,13.88988,72765.397,372.8451586058328,9773.043,645.058,645.058,1101.907,4.502,22.726,91.39,1.809,0.958,3
5.14,7.7166,21639.007,201.51672772623144,8509.286,175.303,175.303,712.802,2.074,10.995,25.318,0.501,0.952,2
8.206,12.34656,50993.498,323.3215108936637,9313.771,437.979,437.979,909.362,3.574,18.201,59.042,1.169,0.975,3
4.161,6.17328,14719.225,162.0485850599175,7728.969,113.748,113.748,636.937,1.663,8.959,17.067,0.338,0.986,1
8.206,12.34656,50990.68,323.3046510130894,9293.788,437.973,437.973,914.591,3.606,18.669,60.023,1.188,0.997,3
3.144,4.6299600000000005,8374.038,145.21729297879995,7025.363,60.297,60.297,576.649,1.393,7.531,11.963,0.237,0.999,1
7.148,10.80324,38995.763,280.44714875257256,9125.453,332.234,332.234,809.234,2.975,15.441,42.904,0.849,0.986,3
2.088,3.08664,6689.176,142.45080648804878,6773.588,25.231,25.231,595.981,1.321,7.095,16.942,0.262,0.993,0
7.148,12.34656,38977.811,280.44777707110336,9137.95,332.138,332.138,843.367,2.957,15.49,44.989,0.891,0.95,3
9.3,13.88988,72781.19,372.8481954787312,9783.882,645.182,645.182,1079.926,4.482,22.216,88.996,1.762,0.962,3
9.3,13.88988,72767.815,372.8451586058328,9775.808,645.008,645.008,1101.289,4.498,22.665,91.258,1.806,0.957,3
9.3,13.88988,72770.382,372.8464152428941,9785.504,644.892,644.892,1107.732,4.487,22.565,91.601,1.813,0.95,3
4.161,6.17328,14721.627,162.0500511364892,7776.117,113.762,113.762,626.386,1.658,8.811,16.526,0.327,0.979,1
7.148,10.80324,38983.971,280.44767235134816,9133.021,332.208,332.208,831.394,2.964,15.482,44.276,0.877,0.963,3
9.3,13.88988,72780.874,372.8478813194658,9792.359,645.119,645.119,1092.044,4.473,22.21,89.917,1.78,0.953,3
4.161,6.17328,14719.964,162.04900393893797,7741.457,113.743,113.743,635.673,1.662,8.93,16.994,0.336,0.983,1
1.138,1.54332,3329.024,148.1627455310506,6712.296,11.304,11.304,528.024,1.22,6.521,0.0,0.161,0.978,0
6.175,9.25992,29792.828,241.6282685680005,8827.877,246.222,246.222,787.174,2.502,13.261,34.968,0.692,0.958,2
6.175,9.25992,29761.305,241.56501783590824,8803.557,245.921,245.921,780.443,2.509,13.333,34.676,0.687,0.977,2
2.088,12.34656,6960.18,144.1117665240017,6828.469,28.204,28.204,635.401,1.331,7.282,10.655,0.287,0.95,0
5.14,12.34656,21626.866,201.51410973235343,8469.573,175.218,175.218,705.633,2.087,11.157,25.109,0.497,0.984,2
9.3,13.88988,72777.09,372.845368045343,9766.648,644.921,644.921,1068.693,4.504,22.407,88.386,1.75,0.975,3
2.088,3.08664,4087.141,145.64214102532043,6752.14,30.807,30.807,531.948,1.249,6.786,0.0,0.162,0.989,0
1.138,1.54332,6479.808,140.8023081029551,6643.567,7.126,7.126,618.663,1.304,6.996,19.842,0.29,0.996,0
3.144,4.6299600000000005,8379.552,145.22106288998427,7127.666,60.366,60.366,587.86,1.388,7.462,12.358,0.245,0.961,1
9.3,13.88988,72768.236,372.8435878095059,9746.708,644.766,644.766,1062.428,4.528,22.699,88.291,1.748,0.987,3
7.148,10.80324,39021.024,280.427356718855,9108.373,332.626,332.626,821.538,2.997,15.845,44.121,0.874,1.0,3
4.161,6.17328,14722.891,162.04984169697894,7778.591,113.785,113.785,648.236,1.659,8.947,17.527,0.347,0.963,1
1.138,1.54332,3026.63,144.54436383240102,6618.158,9.218,9.218,525.935,1.206,6.523,6.036,0.163,0.998,0
4.161,6.17328,14719.134,162.04900393893797,7737.538,113.753,113.753,626.16,1.662,8.875,16.559,0.328,0.991,1
1.138,1.54332,1778.268,146.39340054854887,6681.328,10.332,10.332,498.517,1.161,6.295,0.0,0.119,0.966,0
7.148,10.80324,38974.113,280.44725347232776,9144.018,331.994,331.994,831.211,2.949,15.289,44.033,0.872,0.95,3
5.14,7.7166,21636.998,201.5148427706393,8499.152,175.287,175.287,721.941,2.077,11.109,25.849,0.512,0.953,2
5.14,12.34656,21636.089,201.51746076451727,8503.013,175.317,175.317,700.791,2.076,10.947,24.702,0.489,0.964,2
4.161,6.17328,14717.467,162.04816618089703,7708.696,113.725,113.725,629.067,1.665,8.944,16.727,0.331,0.998,1
1.138,1.54332,2054.985,137.23754291892678,6685.21,5.416,5.416,526.787,1.158,6.228,29.691,0.177,0.958,0
2.088,3.08664,4617.134,145.98268966896956,6763.681,31.431,31.431,544.893,1.267,6.876,0.0,0.178,0.988,0
3.144,4.6299600000000005,8376.851,145.21949209365746,7069.705,60.33,60.33,592.1,1.391,7.555,12.56,0.249,0.973,1
8.206,12.34656,50993.864,323.3205684158676,9305.755,437.982,437.982,927.276,3.589,18.573,60.736,1.202,0.976,3
4.161,6.17328,14719.043,162.04900393893797,7735.579,113.747,113.747,627.006,1.662,8.884,16.6,0.329,0.991,1
6.175,9.25992,29764.229,241.57255765827688,8808.537,245.951,245.951,762.211,2.508,13.172,33.539,0.664,0.985,2
5.14,12.34656,21624.184,201.5142144521085,8462.155,175.248,175.248,698.64,2.09,11.149,24.764,0.49,0.994,2
6.175,9.25992,29761.446,241.5722434990116,8793.238,245.992,245.992,776.976,2.513,13.365,34.525,0.684,0.986,2
1.138,1.54332,4592.285,137.6126490817654,6675.257,5.588,5.588,593.465,1.24,6.681,31.956,0.258,0.967,0
9.3,13.88988,72764.012,372.8437972490162,9762.858,644.721,644.721,1093.6,4.513,22.805,90.872,1.799,0.966,3
1.138,1.54332,6972.66,143.00079464193723,6661.275,8.379,8.379,636.172,1.324,7.141,9.53,0.3,0.986,0
8.206,12.34656,50997.285,323.3350197420741,9321.684,438.089,438.089,938.354,3.567,18.383,61.202,1.212,0.952,3
9.3,12.34656,72764.447,372.8426453317099,9732.266,645.068,645.068,1048.607,4.545,22.784,87.307,1.728,1.0,3
9.3,13.88988,72774.127,372.8429594909752,9741.225,644.927,644.927,1040.089,4.533,22.517,86.272,1.708,1.0,3
9.3,13.88988,72772.94,372.8466246824044,9787.758,645.069,645.069,1105.089,4.483,22.484,91.287,1.807,0.95,3
3.144,4.6299600000000005,8376.801,145.21949209365746,7073.791,60.324,60.324,585.033,1.391,7.514,12.274,0.243,0.978,1
3.144,4.6299600000000005,8373.618,145.2168740997795,7009.332,60.281,60.281,585.106,1.394,7.595,12.314,0.244,0.996,1
1.138,1.54332,1800.406,140.951847913266,6618.043,7.189,7.189,488.685,1.155,6.186,14.963,0.13,1.0,0
7.148,10.80324,39005.891,280.4434835611434,9118.863,332.454,332.454,801.964,2.985,15.5,42.533,0.842,0.999,3
7.148,10.80324,39005.074,280.44316940187804,9118.724,332.358,332.358,808.443,2.984,15.554,42.989,0.851,0.995,3
1.138,1.54332,5162.965,144.10820605232766,6637.548,9.025,9.025,593.417,1.275,6.927,5.116,0.24,0.987,0
9.3,13.88988,72773.174,372.8461010836288,9780.468,644.919,644.919,1096.001,4.491,22.502,90.63,1.794,0.957,3
4.161,6.17328,14723.185,162.04963225746872,7774.118,113.769,113.769,657.695,1.659,9.015,17.96,0.356,0.958,1
3.144,4.6299600000000005,8379.625,145.22116760973938,7133.346,60.354,60.354,583.778,1.388,7.435,12.191,0.241,0.963,1
5.14,7.7166,21637.133,201.5144238916188,8498.309,175.281,175.281,724.447,2.077,11.131,25.985,0.514,0.952,2
4.161,6.17328,14718.999,162.04816618089703,7718.034,113.747,113.747,646.195,1.664,9.039,17.505,0.347,0.983,1
4.161,6.17328,14723.708,162.0504700155097,7794.927,113.785,113.785,642.578,1.657,8.883,17.25,0.341,0.962,1
1.138,1.54332,803.46,142.79240232924911,6653.44,8.303,8.303,469.259,1.118,6.051,2.028,0.088,0.969,0
4.161,6.17328,14720.659,162.04900393893797,7745.755,113.758,113.758,646.723,1.662,8.993,17.496,0.346,0.974,1
2.088,3.08664,6864.798,143.05901882578377,6802.666,26.305,26.305,597.189,1.326,7.094,13.956,0.262,0.987,0
3.144,4.6299600000000005,8378.58,145.22053929120867,7113.621,60.352,60.352,576.107,1.389,7.419,11.892,0.235,0.975,1
6.175,9.25992,29792.077,241.63214319894,8826.039,246.288,246.288,796.017,2.502,13.336,35.509,0.703,0.954,2
7.148,10.80324,38999.018,280.4442165994293,9120.166,332.359,332.359,834.371,2.981,15.734,44.753,0.886,0.977,3
7.148,10.80324,38985.553,280.44767235134816,9131.535,332.239,332.239,831.061,2.966,15.506,44.284,0.877,0.965,3
7.148,10.80324,38979.513,280.44767235134816,9136.457,332.154,332.154,839.572,2.959,15.486,44.762,0.886,0.954,3
8.206,12.34656,50993.7,323.320044817092,9302.24,438.102,438.102,913.682,3.593,18.489,59.72,1.182,0.987,3
9.3,13.88988,72761.453,372.8417028539138,9739.526,644.784,644.784,1069.435,4.538,22.916,89.137,1.765,0.987,3
6.175,9.25992,29791.965,241.6307818421234,8824.463,246.223,246.223,780.708,2.503,13.232,34.597,0.685,0.964,2
5.14,7.7166,21634.828,201.51609940770075,8496.59,175.274,175.274,705.92,2.078,11.015,25.005,0.495,0.965,2
8.206,12.34656,50994.072,323.3229769702354,9311.044,438.044,438.044,918.166,3.58,18.359,59.842,1.185,0.974,3
7.148,10.80324,39016.015,280.4329068658763,9110.725,332.559,332.559,823.047,2.994,15.814,44.175,0.875,0.996,3
4.161,6.17328,14719.914,162.0485850599175,7732.938,113.734,113.734,646.678,1.663,9.015,17.509,0.347,0.978,1
5.14,7.7166,21629.909,201.51348141382272,8476.323,175.247,175.247,716.724,2.085,11.196,25.674,0.508,0.972,2
6.175,9.25992,29797.456,241.6125606047326,8844.491,246.329,246.329,773.042,2.496,13.068,34.023,0.674,0.956,2
2.088,3.08664,2891.095,142.18879766073945,6810.62,24.705,24.705,509.091,1.199,6.46,13.45,0.143,0.965,0
6.175,9.25992,29762.757,241.5688924668477,8795.236,246.033,246.033,754.206,2.513,13.186,33.121,0.656,0.999,2
3.144,4.6299600000000005,8376.714,145.21949209365746,7071.255,60.324,60.324,585.832,1.391,7.521,12.308,0.244,0.978,1
7.148,10.80324,39003.867,280.44494963771507,9120.889,332.389,332.389,796.457,2.982,15.42,42.104,0.834,1.0,3
3.144,4.6299600000000005,8376.103,145.21896849488186,7065.625,60.322,60.322,571.851,1.391,7.455,11.745,0.233,0.992,1
9.3,13.88988,72769.513,372.8469388416697,9782.013,644.917,644.917,1104.192,4.49,22.585,91.362,1.809,0.953,3
3.144,4.6299600000000005,8375.575,145.21875905537163,7051.716,60.31,60.31,580.629,1.392,7.518,12.109,0.24,0.988,1
6.175,9.25992,29788.782,241.6465945251465,8815.245,246.201,246.201,792.364,2.506,13.368,35.347,0.7,0.963,2
4.161,6.17328,14719.464,162.04921337844823,7745.162,113.752,113.752,621.524,1.661,8.832,16.334,0.323,0.992,1
1.138,1.54332,4644.755,148.08766146662984,6736.526,11.379,11.379,581.335,1.264,6.813,0.0,0.217,0.958,0
8.206,12.34656,50995.381,323.32842239750164,9312.776,437.965,437.965,932.6,3.579,18.491,60.975,1.207,0.965,3
7.148,10.80324,38975.066,280.4475676315932,9143.522,332.123,332.123,827.164,2.95,15.266,43.767,0.867,0.953,3
9.3,13.88988,72774.069,372.8447397268122,9757.628,645.109,645.109,1064.646,4.515,22.526,88.231,1.747,0.981,3
2.088,3.08664,2805.802,142.50808819409926,6767.389,25.24,25.24,508.34,1.197,6.507,11.9,0.139,0.974,0
9.3,13.88988,72764.486,372.845368045343,9773.415,644.882,644.882,1103.965,4.501,22.747,91.575,1.813,0.957,3
4.161,6.17328,14723.465,162.0505747352648,7797.477,113.778,113.778,634.291,1.656,8.826,16.868,0.334,0.967,1
3.144,4.6299600000000005,8377.326,145.21980625292284,7086.184,60.338,60.338,582.295,1.39,7.484,12.157,0.241,0.977,1
4.161,6.17328,14722.82,162.0501558562443,7783.423,113.775,113.775,640.29,1.658,8.888,17.159,0.34,0.967,1
8.206,12.34656,50997.574,323.3342867037883,9317.938,438.141,438.141,944.185,3.575,18.539,61.797,1.223,0.954,3
8.206,12.34656,50996.733,323.3321923086859,9314.519,437.978,437.978,934.669,3.577,18.481,61.098,1.21,0.962,3
8.206,12.34656,50995.443,323.32391944803146,9309.878,438.083,438.083,938.237,3.585,18.622,61.525,1.218,0.966,3
7.148,10.80324,38995.702,280.4455779562458,9122.617,332.355,332.355,834.283,2.977,15.689,44.695,0.885,0.974,3
7.148,10.80324,38987.629,280.44714875257256,9128.46,332.148,332.148,840.642,2.969,15.635,45.005,0.891,0.963,3
6.175,12.34656,29792.649,241.62868744702104,8826.576,246.268,246.268,780.136,2.502,13.216,34.551,0.684,0.963,2
6.175,9.25992,29796.726,241.6144455603248,8841.338,246.285,246.285,774.645,2.497,13.096,34.137,0.676,0.957,2
9.3,13.88988,72753.587,372.83856126126017,9721.984,644.796,644.796,1060.226,4.557,23.105,88.659,1.755,0.999,3
1.138,1.54332,1164.762,137.73328623966324,6693.492,5.684,5.684,498.513,1.126,6.049,25.693,0.141,0.954,0
1.138,1.54332,3908.209,137.4988187079503,6641.881,5.565,5.565,591.428,1.22,6.665,32.936,0.249,0.962,0
7.148,10.80324,38997.681,280.446520434042,9124.007,332.373,332.373,808.938,2.977,15.464,42.913,0.85,0.988,3
4.161,6.17328,14722.699,162.04973697722383,7774.313,113.764,113.764,648.657,1.659,8.957,17.551,0.347,0.964,1
3.144,4.6299600000000005,8379.616,145.22116760973938,7122.162,60.358,60.358,602.68,1.388,7.544,12.949,0.256,0.95,1
7.148,10.80324,38988.581,280.4486148291443,9131.249,332.149,332.149,812.112,2.967,15.362,42.984,0.851,0.977,3
5.14,12.34656,21624.452,201.5152616496597,8465.638,175.207,175.207,690.534,2.089,11.075,24.308,0.481,0.997,2
5.14,7.7166,21625.404,201.51358613357783,8464.121,175.229,175.229,706.995,2.089,11.195,25.207,0.499,0.987,2
9.3,13.88988,72768.216,372.8451586058328,9768.476,644.847,644.847,1092.322,4.505,22.683,90.605,1.794,0.964,3
7.148,10.80324,39008.657,280.439608930204,9115.067,332.434,332.434,822.125,2.988,15.729,44.018,0.872,0.991,3
2.088,3.08664,4703.573,145.99619851737998,6791.84,31.468,31.468,544.379,1.269,6.844,0.0,0.179,0.983,0
9.3,13.88988,72775.565,372.84442556754686,9753.333,645.093,645.093,1053.662,4.519,22.465,87.282,1.728,0.988,3
4.161,6.17328,14718.925,162.0482709006521,7719.481,113.744,113.744,642.637,1.664,9.013,17.34,0.343,0.985,1
1.138,1.54332,3035.677,143.5263830928828,6599.494,8.735,8.735,532.929,1.205,6.556,8.066,0.17,0.997,0
8.206,12.34656,50996.889,323.33292534697176,9315.729,437.98,437.98,936.008,3.576,18.474,61.176,1.211,0.96,3
4.161,6.17328,14722.083,162.04984169697894,7772.311,113.779,113.779,639.337,1.659,8.9,17.128,0.339,0.971,1
1.138,1.54332,6381.476,139.41403830933376,6679.132,6.511,6.511,632.639,1.297,6.977,25.498,0.303,0.972,0
9.3,13.88988,72761.658,372.8422264526893,9739.302,645.058,645.058,1067.471,4.538,22.895,88.954,1.761,0.988,3
6.175,12.34656,29791.181,241.63413287428727,8821.101,246.197,246.197,774.314,2.505,13.203,34.228,0.678,0.97,2
8.206,12.34656,50991.855,323.31020116011075,9299.354,437.995,437.995,922.789,3.598,18.65,60.544,1.199,0.986,3
3.144,4.6299600000000005,8381.489,145.22221480729058,7169.371,60.382,60.382,585.574,1.386,7.401,12.244,0.242,0.952,1
3.144,4.6299600000000005,8378.009,145.2203298516984,7099.39,60.344,60.344,586.204,1.39,7.488,12.307,0.244,0.97,1
4.161,12.34656,14720.945,162.04963225746872,7761.688,113.757,113.757,629.716,1.66,8.856,16.697,0.331,0.981,1
5.14,7.7166,21633.485,201.5133766940676,8485.967,175.278,175.278,725.076,2.081,11.2,26.074,0.516,0.96,2
9.3,13.88988,72762.053,372.8424358921996,9749.146,645.063,645.063,1082.122,4.527,22.905,90.12,1.784,0.977,3
7.148,10.80324,38988.062,280.4475676315932,9129.586,332.214,332.214,828.378,2.968,15.519,44.141,0.874,0.969,3
6.175,9.25992,29761.285,241.57287181754228,8792.24,245.996,245.996,779.716,2.514,13.39,34.697,0.687,0.985,2
8.206,12.34656,50994.506,323.3261185628889,9319.12,437.964,437.964,924.984,3.568,18.27,60.171,1.191,0.961,3
6.175,9.25992,29763.642,241.5686830273375,8807.465,245.984,245.984,758.584,2.509,13.151,33.323,0.66,0.988,2
1.138,1.54332,1505.291,144.99549653745652,6661.043,9.453,9.453,477.251,1.149,6.164,1.177,0.102,0.984,0
2.088,3.08664,6880.258,143.13588312604162,6798.469,26.431,26.431,597.819,1.327,7.105,13.779,0.262,0.988,0
6.175,9.25992,29795.006,241.6212523444076,8835.355,246.292,246.292,785.989,2.499,13.212,34.855,0.69,0.954,2
4.161,6.17328,14719.151,162.0482709006521,7720.225,113.747,113.747,646.646,1.664,9.038,17.523,0.347,0.982,1
6.175,12.34656,29794.279,241.6226137012241,8833.217,246.308,246.308,786.557,2.5,13.228,34.901,0.691,0.955,2
2.088,3.08664,5630.103,141.06232725491722,6721.935,22.809,22.809,582.197,1.287,6.999,22.765,0.244,0.997,0
4.161,6.17328,14719.793,162.04868977967263,7732.424,113.748,113.748,644.004,1.663,8.999,17.387,0.344,0.98,1
8.206,12.34656,50997.835,323.334915022319,9319.421,438.133,438.133,947.261,3.573,18.55,62.011,1.228,0.951,3
9.3,13.88988,72775.082,372.8464152428941,9768.618,644.863,644.863,1075.694,4.502,22.46,89.006,1.762,0.971,3
8.206,12.34656,50992.993,323.3171126639487,9303.176,437.96,437.96,899.481,3.59,18.307,58.525,1.159,0.993,3
6.175,9.25992,29761.787,241.57203405950128,8793.184,245.977,245.977,770.537,2.514,13.317,34.133,0.676,0.99,2
7.148,10.80324,38986.136,280.44714875257256,9129.424,332.145,332.145,843.73,2.968,15.643,45.195,0.895,0.96,3
5.14,7.7166,21637.686,201.51557580892512,8502.872,175.298,175.298,719.55,2.076,11.074,25.705,0.509,0.952,2
5.14,7.7166,21635.187,201.5137955730881,8491.661,175.29,175.29,725.247,2.079,11.171,26.057,0.516,0.956,2
8.206,12.34656,50992.686,323.3142852305604,9298.47,437.956,437.956,916.985,3.599,18.603,60.094,1.19,0.99,3
7.148,10.80324,38986.398,280.4483006698789,9132.661,332.229,332.229,817.367,2.965,15.378,43.318,0.858,0.972,3
1.138,1.54332,2415.225,147.3685509082231,6685.536,10.864,10.864,511.816,1.187,6.408,0.0,0.137,0.973,0
9.3,13.88988,72768.156,372.8455774848532,9779.308,645.066,645.066,1104.794,4.494,22.645,91.494,1.811,0.954,3
8.206,12.34656,50994.726,323.32549024435826,9310.929,437.993,437.993,928.822,3.581,18.485,60.718,1.202,0.969,3
6.175,9.25992,29763.214,241.563028160561,8805.406,246.016,246.016,751.39,2.51,13.11,32.891,0.651,0.994,2
4.161,6.17328,14724.864,162.05109833404038,7816.352,113.796,113.796,639.248,1.655,8.826,17.074,0.338,0.958,1
3.144,4.6299600000000005,8380.991,145.22200536778033,7159.465,60.37,60.37,586.252,1.387,7.416,12.276,0.243,0.954,1
1.138,1.54332,4570.977,144.30225175856438,6628.123,9.11,9.11,573.989,1.257,6.822,5.65,0.218,0.992,0
7.148,10.80324,38986.676,280.44840538963405,9132.158,332.131,332.131,818.357,2.966,15.395,43.397,0.859,0.972,3
8.206,12.34656,50993.255,323.3179504219896,9298.559,438.07,438.07,910.822,3.598,18.531,59.586,1.18,0.993,3
7.148,10.80324,38980.444,280.44892898840965,9134.925,332.128,332.128,847.826,2.96,15.579,45.356,0.898,0.951,3
2.088,3.08664,6966.391,143.90306005204823,6776.685,27.779,27.779,603.377,1.333,7.183,10.171,0.265,0.991,0
8.206,12.34656,50993.326,323.318264581255,9299.83,438.105,438.105,907.69,3.596,18.47,59.294,1.174,0.993,3
6.175,9.25992,29762.011,241.5636564790917,8801.297,245.972,245.972,766.582,2.511,13.243,33.846,0.67,0.987,2
1.138,1.54332,998.606,144.3887502762932,6693.043,9.217,9.217,474.034,1.127,6.082,0.0,0.091,0.96,0
3.144,4.6299600000000005,8377.336,145.21980625292284,7078.072,60.337,60.337,596.456,1.391,7.567,12.728,0.252,0.967,1
6.175,9.25992,29763.084,241.5610384852137,8803.375,245.952,245.952,748.87,2.511,13.103,32.746,0.648,0.997,2
7.148,10.80324,38981.303,280.44840538963405,9137.578,332.107,332.107,819.053,2.959,15.306,43.333,0.858,0.965,3
5.14,7.7166,21621.06,201.51264365578177,8450.559,175.173,175.173,706.77,2.093,11.268,25.256,0.5,0.997,2
2.088,3.08664,2964.863,142.02197909083378,6831.259,24.427,24.427,510.259,1.2,6.444,14.285,0.146,0.961,0
7.148,12.34656,39001.931,280.4454732364906,9121.753,332.305,332.305,800.91,2.981,15.44,42.399,0.839,0.996,3
3.144,4.6299600000000005,8376.461,145.21938737390235,7061.759,60.321,60.321,595.813,1.391,7.584,12.712,0.252,0.972,1
1.138,1.54332,3171.407,148.19363785881094,6697.782,11.414,11.414,544.385,1.215,6.609,0.0,0.17,0.962,0
9.3,13.88988,72767.359,372.84421612803663,9745.588,644.951,644.951,1061.347,4.53,22.705,88.214,1.746,0.988,3
8.206,12.34656,50997.633,323.3354386210947,9320.612,438.071,438.071,941.417,3.57,18.447,61.489,1.217,0.952,3
5.14,7.7166,21624.181,201.51452861137392,8463.018,175.248,175.248,696.237,2.089,11.128,24.63,0.488,0.995,2
8.206,12.34656,50994.547,323.3248619258275,9311.2,438.108,438.108,926.049,3.581,18.447,60.484,1.197,0.97,3
4.161,6.17328,14723.958,162.0504700155097,7797.543,113.788,113.788,644.367,1.657,8.89,17.329,0.343,0.96,1
4.161,6.17328,14723.99,162.05088889453015,7808.145,113.801,113.801,632.654,1.655,8.798,16.781,0.332,0.965,1
3.144,4.6299600000000005,8377.871,145.2201204121882,7091.146,60.34,60.34,591.121,1.39,7.523,12.509,0.248,0.968,1
9.3,13.88988,72762.364,372.8422264526893,9736.613,645.045,645.045,1061.423,4.54,22.867,88.437,1.751,0.992,3
4.161,6.17328,14722.827,162.04973697722383,7773.204,113.783,113.783,653.6,1.659,8.99,17.776,0.352,0.961,1
3.144,4.6299600000000005,8380.594,145.22169120851498,7145.753,60.377,60.377,594.037,1.387,7.472,12.594,0.249,0.951,1
4.161,12.34656,14720.881,162.0494228179585,7756.272,113.762,113.762,634.874,1.66,8.899,16.941,0.335,0.979,1
4.161,6.17328,14723.953,162.0501558562443,7790.427,113.795,113.795,651.906,1.658,8.95,17.68,0.35,0.957,1
7.148,10.80324,38986.044,280.4475676315932,9129.404,332.137,332.137,845.459,2.968,15.657,45.313,0.897,0.959,3
9.3,13.88988,72779.122,372.84735772069024,9779.772,645.064,645.064,1082.166,4.488,22.328,89.327,1.768,0.963,3
8.206,12.34656,50996.632,323.32978375431816,9313.897,438.028,438.028,941.184,3.58,18.58,61.66,1.221,0.96,3
7.148,10.80324,38999.883,280.44442603893947,9120.284,332.28,332.28,827.592,2.981,15.678,44.284,0.877,0.981,3
1.138,1.54332,1028.539,144.34591989644926,6685.175,9.15,9.15,469.54,1.129,6.064,0.0,0.089,0.968,0
1.138,1.54332,1687.89,140.46102642102014,6620.936,6.983,6.983,494.916,1.15,6.195,17.043,0.135,0.99,0
8.206,12.34656,50996.501,323.3328206272166,9320.929,438.122,438.122,933.265,3.567,18.33,60.797,1.204,0.955,3
3.144,4.6299600000000005,8373.496,145.21676938002437,7007.554,60.29,60.29,583.431,1.394,7.589,12.248,0.242,0.998,1
7.148,10.80324,38983.505,280.44840538963405,9134.576,332.185,332.185,823.34,2.962,15.392,43.69,0.865,0.966,3
1.138,1.54332,6770.117,144.62929155380306,6675.168,9.332,9.332,636.907,1.323,7.169,1.335,0.29,0.976,0
8.206,12.34656,50994.672,323.3273751999504,9322.349,438.064,438.064,927.442,3.563,18.231,60.278,1.193,0.956,3
5.14,7.7166,21625.372,201.51609940770075,8470.087,175.256,175.256,685.891,2.087,11.019,24.035,0.476,0.997,2
3.144,4.6299600000000005,8378.728,145.2206440109638,7106.522,60.354,60.354,596.855,1.389,7.534,12.728,0.252,0.959,1
3.144,12.34656,8378.58,145.22053929120867,7104.228,60.348,60.348,596.394,1.389,7.534,12.711,0.252,0.96,1
3.144,4.6299600000000005,8380.049,145.2213770492496,7132.786,60.363,60.363,598.103,1.388,7.508,12.762,0.253,0.951,1
4.161,6.17328,14719.189,162.04889921918286,7735.821,113.751,113.751,628.294,1.662,8.891,16.66,0.33,0.99,1
5.14,7.7166,21631.005,201.5144238916188,8481.734,175.277,175.277,710.878,2.083,11.127,25.337,0.502,0.972,2
2.088,3.08664,3641.412,145.05790951150783,6829.982,29.756,29.756,515.084,1.23,6.587,0.0,0.143,0.971,0
5.14,7.7166,21632.269,201.51400501259832,8483.787,175.253,175.253,716.421,2.082,11.154,25.624,0.507,0.967,2
6.175,9.25992,29761.982,241.5673216705209,8797.245,245.943,245.943,769.348,2.512,13.286,34.038,0.674,0.988,2
6.175,9.25992,29796.311,241.6151785986106,8838.969,246.277,246.277,768.827,2.498,13.066,33.796,0.669,0.962,2
4.161,6.17328,14718.145,162.0482709006521,7713.926,113.739,113.739,635.147,1.664,8.974,17.002,0.337,0.992,1
3.144,4.6299600000000005,8375.32,145.21865433561652,7043.166,60.313,60.313,586.734,1.392,7.561,12.36,0.245,0.985,1
7.148,10.80324,38996.208,280.44725347232776,9125.507,332.366,332.366,805.986,2.975,15.414,42.676,0.845,0.988,3
4.161,12.34656,14722.107,162.04984169697894,7774.027,113.778,113.778,637.16,1.659,8.883,17.026,0.337,0.972,1
4.161,6.17328,14723.75,162.05088889453015,7805.824,113.794,113.794,632.201,1.656,8.799,16.762,0.332,0.966,1
7.148,10.80324,38985.593,280.4486148291443,9133.663,332.115,332.115,815.393,2.964,15.345,43.161,0.855,0.972,3
3.144,4.6299600000000005,8378.832,145.2207487307189,7116.456,60.35,60.35,584.363,1.389,7.458,12.224,0.242,0.967,1
3.144,4.6299600000000005,8379.169,145.220853450474,7112.886,60.359,60.359,600.812,1.389,7.546,12.881,0.255,0.954,1
2.088,3.08664,3405.279,144.7555835784774,6773.722,29.197,29.197,513.406,1.223,6.618,0.313,0.139,0.981,0
5.14,7.7166,21624.635,201.51358613357783,8462.278,175.223,175.223,705.973,2.089,11.198,25.16,0.498,0.989,2
1.138,1.54332,284.459,140.81058096360957,6670.308,7.296,7.296,463.601,1.095,5.935,10.029,0.084,0.954,0
8.206,12.34656,50985.848,323.28747697324985,9294.797,437.982,437.982,923.823,3.605,18.751,60.746,1.203,0.991,3
6.175,9.25992,29762.374,241.5628187210508,8801.264,245.955,245.955,760.282,2.511,13.197,33.461,0.662,0.991,2
8.206,12.34656,50993.256,323.31815986149985,9303.543,437.997,437.997,904.486,3.59,18.357,58.927,1.167,0.99,3
6.175,12.34656,29761.987,241.5711963014604,8789.085,246.027,246.027,763.774,2.515,13.29,33.743,0.668,0.997,2
4.161,6.17328,14721.787,162.04963225746872,7766.342,113.77,113.77,641.941,1.66,8.927,17.254,0.342,0.971,1
1.138,1.54332,3932.12,140.652558853134,6613.891,7.06,7.06,557.125,1.228,6.619,20.574,0.213,0.999,0
9.3,13.88988,72760.711,372.84149341440354,9737.246,644.874,644.874,1067.282,4.54,22.929,88.985,1.762,0.989,3
3.144,12.34656,8375.228,145.21865433561652,7039.647,60.3,60.3,591.301,1.392,7.589,12.545,0.248,0.982,1
3.144,4.6299600000000005,8378.346,145.22043457145355,7095.671,60.349,60.349,602.72,1.39,7.577,12.966,0.257,0.957,1
4.161,6.17328,14724.647,162.0506794550199,7807.158,113.803,113.803,647.555,1.656,8.894,17.463,0.346,0.955,1
4.161,6.17328,14725.504,162.05141249330575,7827.468,113.81,113.81,638.92,1.654,8.806,17.047,0.337,0.955,1
8.206,12.34656,50997.176,323.333134786482,9315.855,438.079,438.079,940.448,3.577,18.531,61.544,1.218,0.958,3
5.14,7.7166,21634.779,201.51725132500704,8499.092,175.279,175.279,697.265,2.078,10.944,24.529,0.486,0.969,2
8.206,12.34656,50993.231,323.3180551417448,9300.671,438.089,438.089,905.618,3.594,18.429,59.1,1.17,0.993,3
2.088,3.08664,3966.444,140.9082844951362,6856.012,22.566,22.566,543.636,1.231,6.593,21.965,0.191,0.953,0
7.148,10.80324,39001.572,280.4434835611434,9118.767,332.413,332.413,830.692,2.983,15.73,44.53,0.882,0.981,3
8.206,12.34656,50993.998,323.32339584925586,9314.902,438.071,438.071,916.782,3.573,18.263,59.619,1.18,0.97,3
5.14,7.7166,21629.269,201.51609940770075,8481.264,175.243,175.243,694.759,2.083,11.02,24.47,0.484,0.983,2
5.14,7.7166,21625.052,201.5127483755369,8461.502,175.199,175.199,712.901,2.09,11.25,25.536,0.505,0.985,2
4.161,6.17328,14716.358,162.0474331426112,7685.2,113.721,113.721,636.868,1.667,9.036,17.115,0.339,1.0,1
6.175,9.25992,29760.594,241.5704632631745,8781.024,246.012,246.012,777.421,2.518,13.436,34.621,0.685,0.994,2
6.175,12.34656,29762.244,241.5625045617854,8803.308,245.935,245.935,762.845,2.51,13.204,33.606,0.665,0.988,2
1.138,12.34656,6413.836,145.87985486944206,6724.745,10.109,10.109,629.114,1.314,7.101,0.0,0.276,0.96,0
8.206,12.34656,50993.692,323.32046369611254,9307.057,438.02,438.02,911.796,3.585,18.368,59.431,1.177,0.982,3
9.3,13.88988,72758.718,372.8404462168524,9731.753,644.698,644.698,1063.893,4.546,22.983,88.789,1.758,0.993,3
6.175,9.25992,29762.934,241.5637611988469,8805.378,245.945,245.945,756.032,2.51,13.144,33.178,0.657,0.991,2
6.175,9.25992,29791.569,241.6344470335526,8823.748,246.275,246.275,791.635,2.503,13.316,35.259,0.698,0.958,2
1.138,1.54332,5741.48,138.36202364940166,6686.624,6.013,6.013,627.173,1.276,6.893,30.062,0.295,0.961,0
7.148,10.80324,38983.212,280.44851010938913,9131.91,332.188,332.188,850.597,2.964,15.654,45.61,0.903,0.953,3
6.175,9.25992,29790.42,241.63622726938965,8817.663,246.236,246.236,761.691,2.506,13.128,33.477,0.663,0.98,2
2.088,3.08664,4483.553,145.90865280209994,6777.15,31.299,31.299,540.215,1.262,6.831,0.0,0.173,0.985,0
6.175,9.25992,29795.944,241.61727299371304,8838.255,246.324,246.324,777.865,2.498,13.137,34.349,0.68,0.957,2
3.144,12.34656,8378.403,145.22043457145355,7103.361,60.351,60.351,589.607,1.389,7.501,12.441,0.246,0.966,1
4.161,6.17328,14720.668,162.0491086586931,7748.899,113.763,113.763,640.968,1.661,8.951,17.229,0.341,0.977,1
1.138,1.54332,1949.674,137.5147361107285,6647.288,5.599,5.599,538.953,1.155,6.315,30.096,0.184,0.954,0
7.148,10.80324,38980.599,280.44788179085845,9136.506,332.084,332.084,831.069,2.959,15.419,44.18,0.875,0.959,3
6.175,12.34656,29795.958,241.6186343505296,8838.523,246.282,246.282,784.331,2.498,13.183,34.738,0.688,0.953,2
3.144,4.6299600000000005,8375.579,145.21886377512678,7046.893,60.316,60.316,590.127,1.392,7.574,12.494,0.247,0.981,1
4.161,6.17328,14724.943,162.05162193281598,7829.455,113.79,113.79,638.064,1.654,8.797,17.005,0.337,0.955,1
1.138,1.54332,3055.275,137.40258125299533,6638.753,5.497,5.497,564.211,1.193,6.499,32.175,0.218,0.965,0
5.14,7.7166,21627.876,201.5158899681905,8476.603,175.281,175.281,692.235,2.085,11.028,24.353,0.482,0.988,2
3.144,4.6299600000000005,8376.887,145.21959681341258,7072.244,60.331,60.331,591.289,1.391,7.548,12.526,0.248,0.973,1
7.148,10.80324,38998.614,280.4453685167356,9121.856,332.374,332.374,821.176,2.979,15.599,43.808,0.867,0.983,3
3.144,4.6299600000000005,8377.07,145.21970153316772,7077.639,60.331,60.331,588.419,1.391,7.526,12.408,0.246,0.974,1
4.161,6.17328,14720.416,162.04931809820337,7751.298,113.741,113.741,631.381,1.661,8.885,16.785,0.332,0.983,1
6.175,9.25992,29797.941,241.6114086874263,8846.479,246.353,246.353,769.34,2.495,13.03,33.788,0.669,0.957,2
4.161,6.17328,14718.667,162.04816618089703,7715.593,113.743,113.743,644.406,1.664,9.031,17.426,0.345,0.985,1
8.206,12.34656,50993.295,323.31983537758174,9310.488,437.942,437.942,905.347,3.579,18.223,58.804,1.164,0.981,3
8.206,12.34656,50991.677,323.30904924280446,9297.051,437.951,437.951,918.462,3.601,18.648,60.252,1.193,0.991,3
6.175,12.34656,29795.234,241.61999570734608,8836.449,246.264,246.264,786.523,2.499,13.21,34.881,0.691,0.953,2
9.3,13.88988,72772.08,372.84547276509807,9765.667,645.057,645.057,1081.119,4.507,22.587,89.605,1.774,0.97,3
7.148,12.34656,38999.386,280.446520434042,9123.683,332.353,332.353,800.222,2.978,15.401,42.311,0.838,0.994,3
5.14,7.7166,21622.251,201.51264365578177,8453.278,175.186,175.186,708.293,2.092,11.264,25.326,0.501,0.994,2
6.175,9.25992,29762.49,241.56941606562336,8795.187,246.033,246.033,758.88,2.513,13.22,33.409,0.661,0.996,2
9.3,13.88988,72770.086,372.8435878095059,9737.7,644.982,644.982,1043.466,4.538,22.623,86.682,1.716,1.0,3
3.144,12.34656,8374.734,145.21834017635112,7031.931,60.302,60.302,585.77,1.393,7.57,12.328,0.244,0.989,1
6.175,9.25992,29761.257,241.5709868619501,8795.328,245.965,245.965,781.241,2.512,13.385,34.771,0.688,0.982,2
2.088,3.08664,5178.455,146.067093791596,6792.471,31.614,31.614,556.234,1.285,6.921,0.0,0.194,0.984,0
4.161,6.17328,14721.689,162.04931809820337,7758.977,113.751,113.751,648.125,1.66,8.98,17.544,0.347,0.969,1
5.14,12.34656,21634.063,201.5142144521085,8489.545,175.302,175.302,719.607,2.08,11.144,25.768,0.51,0.961,2
4.161,6.17328,14717.718,162.04816618089703,7709.366,113.725,113.725,632.961,1.665,8.968,16.906,0.335,0.995,1
5.14,7.7166,21624.154,201.5127483755369,8458.747,175.199,175.199,711.357,2.09,11.255,25.466,0.504,0.988,2
2.088,3.08664,6923.246,144.13962197886354,6803.787,28.202,28.202,598.724,1.331,7.136,8.659,0.259,0.986,0
3.144,4.6299600000000005,8376.35,145.21928265414724,7067.76,60.316,60.316,581.235,1.391,7.501,12.125,0.24,0.983,1
6.175,9.25992,29793.366,241.62428921730603,8828.375,246.223,246.223,769.96,2.502,13.131,33.923,0.672,0.968,2
2.088,12.34656,5612.283,141.15029184921772,6851.841,23.027,23.027,593.577,1.283,6.918,22.796,0.25,0.95,0
6.175,9.25992,29789.704,241.6408349386149,8815.707,246.178,246.178,768.556,2.507,13.189,33.907,0.671,0.977,2
9.3,13.88988,72776.194,372.8468341219147,9782.354,644.851,644.851,1091.359,4.487,22.402,90.137,1.784,0.958,3
2.088,3.08664,4276.552,140.69381843665116,6725.419,22.143,22.143,541.315,1.244,6.725,22.775,0.196,1.0,0
5.14,7.7166,21639.191,201.51819380280315,8513.716,175.316,175.316,705.108,2.073,10.921,24.887,0.493,0.954,2
8.206,12.34656,50994.651,323.32706104068507,9320.813,438.04,438.04,927.065,3.566,18.259,60.292,1.194,0.958,3
8.206,12.34656,50994.31,323.3189976195408,9309.116,437.977,437.977,940.336,3.587,18.664,61.721,1.222,0.966,3
8.206,12.34656,50993.891,323.32339584925586,9317.232,438.101,438.101,915.113,3.569,18.195,59.416,1.176,0.968,3
2.088,3.08664,2853.029,142.71648050678738,6831.217,25.618,25.618,502.017,1.198,6.419,10.46,0.134,0.964,0
1.138,1.54332,3291.735,145.319708899307,6633.409,9.717,9.717,542.959,1.216,6.622,5.011,0.177,0.985,0
9.3,13.88988,72769.137,372.8435878095059,9741.609,645.057,645.057,1052.354,4.534,22.664,87.446,1.731,0.994,3
5.14,7.7166,21627.704,201.51358613357783,8470.611,175.218,175.218,710.597,2.087,11.185,25.372,0.502,0.98,2
6.175,9.25992,29792.433,241.62868744702104,8825.298,246.286,246.286,773.184,2.503,13.172,34.136,0.676,0.968,2
5.14,7.7166,21625.225,201.5143191718637,8465.814,175.22,175.22,700.658,2.088,11.143,24.857,0.492,0.99,2
8.206,12.34656,50995.994,323.33135455064496,9319.372,438.125,438.125,932.9,3.569,18.358,60.812,1.204,0.957,3
2.088,12.34656,4112.216,140.76031548115213,6774.386,22.303,22.303,559.408,1.238,6.758,23.177,0.206,0.965,0
2.088,3.08664,6804.329,142.750304987691,6828.3,25.813,25.813,630.888,1.323,7.214,17.081,0.287,0.951,0
4.161,12.34656,14718.525,162.0480614611419,7713.412,113.741,113.741,643.957,1.665,9.032,17.408,0.345,0.986,1
8.206,12.34656,50994.855,323.3273751999504,9320.003,438.095,438.095,929.109,3.567,18.3,60.482,1.197,0.958,3
6.175,9.25992,29762.054,241.56480839639804,8799.26,246.002,246.002,767.167,2.511,13.259,33.893,0.671,0.988,2
4.161,6.17328,14716.938,162.04774730187654,7696.915,113.713,113.713,632.943,1.666,8.99,16.92,0.335,0.999,1
4.161,6.17328,14722.42,162.04963225746872,7769.755,113.771,113.771,647.736,1.659,8.959,17.514,0.347,0.966,1
7.148,10.80324,39001.628,280.44494963771507,9121.126,332.391,332.391,808.362,2.981,15.511,42.933,0.85,0.992,3
9.3,13.88988,72771.774,372.8469388416697,9768.7,645.115,645.115,1082.492,4.503,22.547,89.656,1.775,0.968,3
6.175,9.25992,29794.631,241.62250898146897,8834.448,246.312,246.312,790.371,2.499,13.249,35.123,0.695,0.952,2
2.088,3.08664,2957.739,143.57298338391104,6851.425,27.126,27.126,498.589,1.203,6.413,5.919,0.128,0.963,0
3.144,4.6299600000000005,8374.963,145.21844489610626,7036.619,60.309,60.309,585.409,1.393,7.562,12.311,0.244,0.988,1
7.148,12.34656,39002.671,280.44337884138827,9118.926,332.413,332.413,822.281,2.983,15.66,43.946,0.87,0.986,3
9.3,13.88988,72774.384,372.84400668852646,9751.403,645.019,645.019,1053.431,4.521,22.498,87.308,1.728,0.989,3
7.148,10.80324,39010.434,280.4398183697142,9115.404,332.413,332.413,807.282,2.989,15.604,42.977,0.851,1.0,3
5.14,7.7166,21627.706,201.51410973235343,8471.438,175.252,175.252,706.661,2.086,11.154,25.156,0.498,0.982,2
3.144,4.6299600000000005,8381.287,145.22221480729058,7167.007,60.374,60.374,585.12,1.386,7.402,12.227,0.242,0.953,1
1.138,1.54332,5127.844,142.99618697271197,6626.433,8.357,8.357,587.435,1.271,6.874,10.861,0.241,0.996,0
8.206,12.34656,50994.096,323.3216156134188,9305.495,438.087,438.087,923.826,3.589,18.538,60.461,1.197,0.978,3
9.3,13.88988,72776.229,372.84547276509807,9759.837,645.137,645.137,1060.156,4.511,22.426,87.741,1.737,0.982,3
5.14,7.7166,21625.743,201.51348141382272,8465.07,175.207,175.207,708.991,2.088,11.204,25.31,0.501,0.985,2
8.206,12.34656,50994.125,323.3219297726842,9305.235,437.969,437.969,920.392,3.589,18.504,60.188,1.192,0.98,3
4.161,6.17328,14721.989,162.04952753771357,7765.202,113.776,113.776,646.816,1.66,8.96,17.478,0.346,0.968,1
5.14,12.34656,21635.754,201.51662300647635,8500.399,175.294,175.294,706.545,2.077,10.999,25.022,0.495,0.962,2
5.14,7.7166,21638.765,201.51620412745584,8507.59,175.35,175.35,717.719,2.074,11.037,25.587,0.506,0.95,2
7.148,10.80324,39004.61,280.44170332530643,9116.84,332.36,332.36,829.764,2.985,15.757,44.508,0.881,0.984,3
4.161,6.17328,14723.389,162.0501558562443,7787.19,113.789,113.789,647.4,1.658,8.927,17.479,0.346,0.961,1
2.088,3.08664,4824.722,146.00813656946363,6805.8,31.496,31.496,546.753,1.273,6.848,0.0,0.182,0.98,0
2.088,3.08664,2862.498,143.04823269100643,6843.093,26.199,26.199,499.226,1.199,6.404,8.582,0.13,0.963,0
6.175,9.25992,29760.967,241.571719900236,8786.101,246.015,246.015,778.309,2.516,13.414,34.646,0.686,0.99,2
8.206,12.34656,50993.443,323.3201495368472,9308.711,438.073,438.073,907.712,3.582,18.287,59.049,1.169,0.982,3
2.088,3.08664,2835.061,142.2490115199332,6767.98,24.801,24.801,510.816,1.198,6.512,13.025,0.143,0.973,0
3.144,4.6299600000000005,8380.617,145.22169120851498,7148.593,60.377,60.377,591.962,1.387,7.458,12.51,0.248,0.952,1
9.3,12.34656,72764.346,372.8413886946484,9731.353,645.003,645.003,1049.477,4.546,22.811,87.413,1.73,1.0,3
9.3,13.88988,72766.532,372.8457869243635,9776.181,644.779,644.779,1103.343,4.498,22.686,91.441,1.81,0.956,3
7.148,10.80324,38991.703,280.44631099453164,9125.538,332.296,332.296,836.588,2.973,15.655,44.79,0.887,0.969,3
1.138,12.34656,1987.954,146.90589903010448,6686.351,10.644,10.644,507.431,1.17,6.352,0.0,0.128,0.963,0
1.138,1.54332,2543.906,142.45279616339607,6606.05,8.11,8.11,524.698,1.185,6.456,11.821,0.161,0.989,0
8.206,12.34656,50997.001,323.333134786482,9315.367,438.026,438.026,937.038,3.576,18.495,61.272,1.213,0.96,3
1.138,1.54332,5741.707,146.74902883693522,6717.936,10.545,10.545,600.882,1.297,6.961,0.0,0.246,0.971,0
1.138,1.54332,4632.926,147.87434732545108,6697.413,11.237,11.237,586.439,1.265,6.875,0.0,0.22,0.964,0
6.175,9.25992,29790.77,241.63549423110385,8818.736,246.22,246.22,763.765,2.506,13.137,33.598,0.665,0.978,2
7.148,10.80324,38981.371,280.44767235134816,9134.449,332.103,332.103,840.251,2.961,15.527,44.851,0.888,0.956,3
1.138,1.54332,1219.193,142.91303948714696,6641.918,8.287,8.287,469.067,1.135,6.09,2.824,0.095,0.988,0
1.138,1.54332,6943.081,144.98114993100515,6726.022,9.624,9.624,648.326,1.327,7.184,0.0,0.299,0.956,0
9.3,13.88988,72763.165,372.84316893048543,9734.871,645.062,645.062,1054.549,4.542,22.812,87.817,1.738,0.996,3
3.144,4.6299600000000005,8377.194,145.21980625292284,7075.818,60.327,60.327,595.999,1.391,7.568,12.712,0.252,0.968,1
1.138,1.54332,3113.677,148.05697857837976,6707.791,11.213,11.213,518.724,1.213,6.47,0.0,0.151,0.982,0
1.138,1.54332,5643.836,146.30815866788146,6678.686,10.215,10.215,592.729,1.294,6.951,0.518,0.24,0.987,0
3.144,4.6299600000000005,8379.518,145.22106288998427,7132.133,60.364,60.364,578.406,1.388,7.409,11.975,0.237,0.968,1
4.161,6.17328,14725.718,162.05120305379552,7824.688,113.8,113.8,645.936,1.654,8.855,17.37,0.344,0.951,1
5.14,7.7166,21621.64,201.513690853333,8454.048,175.228,175.228,698.497,2.092,11.192,24.792,0.491,1.0,2
6.175,9.25992,29762.45,241.56826414831696,8806.565,245.967,245.967,772.296,2.508,13.257,34.165,0.676,0.98,2
1.138,1.54332,933.728,143.09619433885123,6652.626,8.44,8.44,468.429,1.124,6.061,2.007,0.089,0.975,0
7.148,12.34656,38997.251,280.4464157142868,9123.951,332.249,332.249,812.205,2.977,15.491,43.142,0.854,0.986,3
1.138,1.54332,2341.727,147.5484594475187,6710.071,10.976,10.976,505.869,1.183,6.35,0.0,0.131,0.97,0
7.148,10.80324,39010.485,280.4390853314284,9114.788,332.45,332.45,813.195,2.989,15.663,43.403,0.859,0.997,3
4.161,6.17328,14718.909,162.0484803401624,7723.355,113.742,113.742,640.876,1.664,8.995,17.255,0.342,0.985,1
8.206,12.34656,50993.562,323.3189976195408,9302.184,437.97,437.97,919.853,3.594,18.56,60.228,1.192,0.984,3
7.148,10.80324,39004.763,280.444007159919,9119.86,332.443,332.443,800.003,2.983,15.467,42.375,0.839,0.999,3
7.148,10.80324,38992.208,280.4461015550214,9124.476,332.299,332.299,842.11,2.974,15.718,45.191,0.895,0.967,3
3.144,4.6299600000000005,8375.181,145.21844489610626,7050.038,60.312,60.312,570.063,1.392,7.465,11.681,0.231,0.998,1
4.161,6.17328,14720.205,162.04889921918286,7740.768,113.751,113.751,643.145,1.662,8.979,17.338,0.343,0.978,1
1.138,1.54332,5577.945,146.9390951924774,6716.808,10.652,10.652,595.837,1.292,6.938,0.0,0.241,0.972,0
8.206,12.34656,50988.209,323.2938648783121,9291.265,437.955,437.955,914.811,3.61,18.721,60.106,1.19,1.0,3
1.138,1.54332,1532.193,145.35897880747686,6666.849,9.674,9.674,480.305,1.15,6.185,0.702,0.103,0.98,0
1.138,1.54332,2185.544,147.41902583019083,6718.516,10.947,10.947,508.535,1.177,6.347,0.0,0.131,0.96,0
7.148,10.80324,38986.221,280.44851010938913,9133.179,332.17,332.17,814.734,2.965,15.348,43.126,0.854,0.973,3
5.14,7.7166,21636.356,201.5153663694149,8498.892,175.304,175.304,715.899,2.077,11.07,25.529,0.505,0.957,2
2.088,3.08664,5695.505,141.19678742049084,6771.658,23.043,23.043,569.887,1.288,6.894,21.705,0.234,0.995,0
4.161,6.17328,14717.608,162.04816618089703,7710.422,113.724,113.724,626.923,1.665,8.927,16.625,0.329,0.999,1
6.175,9.25992,29795.892,241.61894850979493,8838.657,246.298,246.298,787.593,2.498,13.207,34.933,0.692,0.951,2
2.088,3.08664,6932.383,143.82483439497383,6809.092,27.655,27.655,598.549,1.331,7.12,10.224,0.261,0.985,0
1.138,1.54332,1520.012,137.46614614435296,6692.641,5.539,5.539,510.075,1.139,6.112,27.918,0.156,0.955,0
4.161,6.17328,14717.947,162.0484803401624,7718.39,113.734,113.734,624.807,1.664,8.899,16.517,0.327,0.998,1
9.3,13.88988,72759.269,372.8411792551382,9740.19,644.987,644.987,1075.351,4.537,22.978,89.688,1.775,0.984,3
5.14,7.7166,21634.191,201.51547108917,8492.956,175.298,175.298,709.734,2.079,11.06,25.226,0.499,0.965,2
6.175,12.34656,29795.487,241.61947210857048,8837.617,246.269,246.269,788.695,2.498,13.22,35.005,0.693,0.951,2
2.088,3.08664,3112.177,141.43272102877546,6713.089,23.387,23.387,514.575,1.207,6.573,17.595,0.155,0.995,0
8.206,12.34656,50994.316,323.3255949641134,9319.368,438.046,438.046,922.26,3.567,18.233,59.94,1.187,0.962,3
4.161,6.17328,14721.144,162.04973697722383,7764.186,113.765,113.765,631.454,1.66,8.863,16.774,0.332,0.979,1
5.14,7.7166,21633.058,201.51515692990463,8489.215,175.289,175.289,710.603,2.08,11.085,25.289,0.501,0.967,2
1.138,1.54332,2999.26,142.385356641099,6599.885,8.068,8.068,538.707,1.201,6.548,13.429,0.179,0.992,0
1.138,1.54332,738.007,143.25861467904184,6730.662,8.565,8.565,456.399,1.115,5.925,0.0,0.076,0.959,0
8.206,12.34656,50994.171,323.3225580912149,9306.757,438.108,438.108,920.674,3.587,18.477,60.168,1.191,0.978,3
8.206,12.34656,50993.451,323.32046369611254,9311.17,437.987,437.987,907.687,3.578,18.236,58.978,1.168,0.979,3
4.161,6.17328,14723.637,162.0506794550199,7801.507,113.781,113.781,632.595,1.656,8.808,16.785,0.332,0.967,1
4.161,6.17328,14722.31,162.04952753771357,7766.068,113.779,113.779,650.854,1.66,8.985,17.66,0.35,0.965,1
3.144,4.6299600000000005,8374.788,145.21834017635112,7035.122,60.307,60.307,582.494,1.393,7.549,12.194,0.241,0.991,1
3.144,12.34656,8376.895,145.21949209365746,7081.047,60.333,60.333,574.866,1.391,7.452,11.86,0.235,0.985,1
1.138,12.34656,353.516,140.50438039963967,6697.654,7.045,7.045,447.407,1.097,5.829,9.214,0.074,0.967,0
3.144,4.6299600000000005,8374.73,145.21823545659603,7037.181,60.294,60.294,575.156,1.393,7.508,11.896,0.235,0.997,1
8.206,12.34656,50993.223,323.3176362627243,9297.906,438.091,438.091,908.483,3.599,18.518,59.412,1.176,0.995,3
3.144,4.6299600000000005,8377.158,145.21970153316772,7080.796,60.336,60.336,585.123,1.39,7.505,12.274,0.243,0.976,1
2.088,3.08664,6359.206,141.84343190835477,6799.086,24.215,24.215,622.245,1.308,7.16,21.005,0.279,0.957,0
5.14,12.34656,21623.779,201.5127483755369,8457.831,175.211,175.211,710.844,2.091,11.256,25.442,0.504,0.989,2
7.148,10.80324,38979.934,280.4487195488994,9135.434,332.058,332.058,848.513,2.96,15.575,45.392,0.899,0.95,3
8.206,12.34656,50997.545,323.334915022319,9318.053,438.117,438.117,941.438,3.574,18.499,61.564,1.219,0.955,3
1.138,1.54332,1938.178,146.7696586286938,6700.952,10.499,10.499,490.903,1.167,6.248,0.0,0.115,0.974,0
7.148,10.80324,38985.078,280.4486148291443,9134.149,332.245,332.245,816.053,2.963,15.342,43.197,0.855,0.971,3
4.161,6.17328,14722.801,162.04952753771357,7769.528,113.78,113.78,656.758,1.66,9.017,17.923,0.355,0.96,1
6.175,9.25992,29790.178,241.64020662008423,8819.56,246.264,246.264,794.484,2.505,13.36,35.454,0.702,0.959,2
4.161,6.17328,14724.56,162.0506794550199,7804.83,113.789,113.789,647.091,1.656,8.895,17.444,0.345,0.956,1
4.161,6.17328,14720.251,162.04921337844823,7747.604,113.742,113.742,634.395,1.661,8.911,16.928,0.335,0.982,1
1.138,1.54332,1746.991,137.22853701998648,6697.848,5.445,5.445,521.736,1.147,6.173,29.309,0.168,0.95,0
5.14,7.7166,21635.855,201.513690853333,8493.729,175.28,175.28,729.402,2.079,11.188,26.268,0.52,0.952,2
3.144,4.6299600000000005,8376.432,145.21928265414724,7063.015,60.325,60.325,590.749,1.391,7.557,12.51,0.248,0.976,1
7.148,10.80324,38993.576,280.44735819208285,9126.853,332.229,332.229,812.805,2.973,15.444,43.123,0.854,0.982,3
1.138,1.54332,955.733,142.14104545240482,6641.16,7.904,7.904,468.218,1.124,6.056,5.801,0.093,0.98,0
8.206,12.34656,50996.76,323.33292534697176,9318.991,438.123,438.123,933.942,3.57,18.379,60.91,1.206,0.957,3
6.175,9.25992,29761.544,241.57255765827688,8792.199,246.025,246.025,774.855,2.514,13.355,34.402,0.681,0.988,2
3.144,4.6299600000000005,8377.831,145.2201204121882,7102.941,60.345,60.345,571.513,1.389,7.408,11.711,0.232,0.982,1
6.175,9.25992,29762.412,241.56428479762243,8799.228,246.028,246.028,760.856,2.512,13.212,33.507,0.663,0.992,2
8.206,12.34656,50990.91,323.30538405137526,9294.331,437.947,437.947,915.233,3.605,18.666,60.061,1.189,0.996,3
1.138,1.54332,6802.927,140.52605738894945,6673.991,7.053,7.053,634.032,1.312,7.041,21.001,0.306,0.981,0
3.144,4.6299600000000005,8377.437,145.21991097267795,7088.424,60.335,60.335,582.737,1.39,7.484,12.174,0.241,0.976,1
3.144,12.34656,8378.705,145.2206440109638,7114.742,60.354,60.354,581.445,1.389,7.445,12.107,0.24,0.97,1
3.144,4.6299600000000005,8379.406,145.22106288998427,7125.087,60.357,60.357,588.66,1.388,7.47,12.391,0.245,0.961,1
8.206,12.34656,50993.539,323.3209872948881,9311.308,438.082,438.082,909.364,3.578,18.252,59.112,1.17,0.978,3
2.088,3.08664,3152.696,144.17658805242078,6838.529,28.186,28.186,502.504,1.211,6.475,3.073,0.13,0.967,0
2.088,3.08664,3754.544,140.97268714453477,6844.061,22.668,22.668,538.715,1.225,6.574,21.283,0.184,0.955,0
3.144,4.6299600000000005,8376.062,145.21896849488186,7069.774,60.324,60.324,565.116,1.391,7.415,11.467,0.227,0.997,1
9.3,13.88988,72773.838,372.8447397268122,9754.908,644.842,644.842,1058.587,4.518,22.499,87.716,1.736,0.985,3
5.14,7.7166,21627.824,201.5163088472109,8477.463,175.269,175.269,689.873,2.085,11.007,24.221,0.479,0.989,2
7.148,10.80324,39003.2,280.44494963771507,9120.789,332.391,332.391,801.258,2.982,15.46,42.443,0.84,0.997,3
9.3,13.88988,72764.481,372.84212173293423,9732.465,644.899,644.899,1050.526,4.544,22.805,87.487,1.732,0.999,3
9.3,13.88988,72773.064,372.8430642107304,9746.202,644.993,644.993,1050.006,4.528,22.551,87.107,1.724,0.993,3
4.161,6.17328,14717.87,162.0482709006521,7713.017,113.738,113.738,629.939,1.664,8.942,16.762,0.332,0.996,1
8.206,12.34656,50994.845,323.3261185628889,9313.028,437.968,437.968,929.814,3.578,18.453,60.74,1.202,0.966,3
7.148,10.80324,38997.523,280.44631099453164,9123.421,332.261,332.261,814.844,2.977,15.521,43.336,0.858,0.985,3
3.144,4.6299600000000005,8378.724,145.2206440109638,7113.892,60.349,60.349,585.158,1.389,7.465,12.257,0.243,0.967,1
3.144,4.6299600000000005,8375.503,145.21865433561652,7054.047,60.311,60.311,572.117,1.392,7.471,11.762,0.233,0.995,1
1.138,1.54332,890.883,143.745352100838,6679.363,8.808,8.808,464.128,1.122,6.026,0.0,0.083,0.97,0
5.14,12.34656,21633.658,201.5142144521085,8488.578,175.308,175.308,719.073,2.081,11.146,25.744,0.51,0.962,2
1.138,1.54332,1030.41,144.55734908203584,6748.17,9.298,9.298,466.293,1.128,5.993,0.0,0.087,0.955,0
2.088,3.08664,3525.409,144.91507176552463,6802.756,29.495,29.495,514.938,1.227,6.604,0.0,0.142,0.975,0
8.206,12.34656,50995.507,323.3238147282763,9311.32,438.112,438.112,941.274,3.584,18.633,61.739,1.222,0.963,3
8.206,12.34656,50987.826,323.29365543880186,9292.982,437.904,437.904,918.444,3.607,18.727,60.357,1.195,0.996,3
3.144,4.6299600000000005,8378.742,145.2206440109638,7110.77,60.355,60.355,588.453,1.389,7.486,12.391,0.245,0.965,1
5.14,7.7166,21624.934,201.51662300647635,8470.013,175.239,175.239,681.658,2.087,10.99,23.803,0.471,1.0,2
4.161,6.17328,14718.235,162.0484803401624,7721.002,113.742,113.742,627.81,1.664,8.914,16.654,0.33,0.995,1
5.14,7.7166,21636.533,201.5175654842724,8504.953,175.332,175.332,701.834,2.076,10.944,24.749,0.49,0.962,2
9.3,13.88988,72775.569,372.8476718799556,9777.827,644.996,644.996,1086.738,4.492,22.428,89.822,1.778,0.962,3
1.138,1.54332,4511.263,144.8665865189042,6636.311,9.423,9.423,569.642,1.256,6.8,4.767,0.212,0.992,0
7.148,12.34656,38994.341,280.44788179085845,9126.952,332.339,332.339,806.288,2.973,15.391,42.668,0.845,0.986,3
8.206,12.34656,50993.226,323.3172173837038,9304.896,438.004,438.004,929.404,3.591,18.614,60.933,1.206,0.976,3
9.3,13.88988,72769.846,372.84390196877126,9748.453,645.109,645.109,1060.701,4.526,22.645,88.082,1.744,0.987,3
7.148,10.80324,38990.95,280.446625153797,9126.022,332.202,332.202,837.26,2.973,15.652,44.826,0.888,0.968,3
7.148,10.80324,38976.215,280.44735819208285,9140.997,332.101,332.101,833.84,2.953,15.362,44.276,0.877,0.952,3
1.138,1.54332,2975.8,144.16360280278596,6611.146,9.003,9.003,525.503,1.203,6.517,6.725,0.162,0.999,0
5.14,7.7166,21637.793,201.51725132500704,8507.044,175.318,175.318,705.817,2.075,10.96,24.954,0.494,0.958,2
9.3,13.88988,72772.093,372.8466246824044,9785.857,644.768,644.768,1104.787,4.485,22.518,91.312,1.808,0.951,3
5.14,7.7166,21627.322,201.51410973235343,8470.475,175.239,175.239,704.673,2.087,11.145,25.053,0.496,0.984,2
3.144,4.6299600000000005,8380.935,145.22190064802524,7159.957,60.382,60.382,583.764,1.387,7.403,12.176,0.241,0.956,1
5.14,12.34656,21629.177,201.5148427706393,8477.791,175.235,175.235,702.896,2.084,11.094,24.925,0.493,0.98,2
1.138,1.54332,5690.816,146.75939609269207,6713.915,10.536,10.536,597.218,1.295,6.945,0.0,0.243,0.974,0
3.144,12.34656,8377.383,145.21980625292284,7089.64,60.339,60.339,577.824,1.39,7.457,11.975,0.237,0.98,1
5.14,7.7166,21623.98,201.5147380508841,8462.974,175.2,175.2,693.349,2.089,11.108,24.473,0.484,0.997,2
7.148,10.80324,39004.199,280.442226924082,9117.379,332.364,332.364,827.039,2.985,15.726,44.308,0.877,0.985,3
4.161,6.17328,14721.43,162.0494228179585,7759.848,113.766,113.766,641.905,1.66,8.938,17.259,0.342,0.973,1
4.161,6.17328,14719.353,162.04921337844823,7742.967,113.747,113.747,621.09,1.661,8.833,16.317,0.323,0.993,1
9.3,13.88988,72761.185,372.8412839748933,9733.433,644.705,644.705,1060.175,4.544,22.907,88.393,1.75,0.994,3
6.175,9.25992,29760.979,241.57035854341945,8782.025,246.02,246.02,771.459,2.518,13.386,34.252,0.678,0.997,2
3.144,4.6299600000000005,8380.079,145.2213770492496,7132.53,60.363,60.363,599.387,1.388,7.515,12.813,0.254,0.95,1
9.3,13.88988,72762.938,372.8418075736689,9730.419,644.724,644.724,1050.344,4.547,22.838,87.517,1.732,1.0,3
9.3,13.88988,72774.32,372.8441114082816,9747.915,644.88,644.88,1048.314,4.525,22.498,86.901,1.72,0.993,3
3.144,12.34656,8377.173,145.21970153316772,7088.95,60.338,60.338,571.333,1.39,7.424,11.711,0.232,0.986,1
3.144,4.6299600000000005,8373.556,145.2168740997795,7009.685,60.29,60.29,583.866,1.394,7.589,12.264,0.243,0.997,1
9.3,13.88988,72777.703,372.8475671602004,9783.847,645.106,645.106,1089.634,4.484,22.349,89.931,1.78,0.958,3
4.161,6.17328,14724.602,162.05099361428526,7813.704,113.793,113.793,637.476,1.655,8.819,16.996,0.336,0.96,1
6.175,9.25992,29795.675,241.61926266906028,8837.358,246.28,246.28,782.176,2.498,13.173,34.614,0.685,0.955,2
1.138,1.54332,4026.562,139.3119365480921,6623.735,6.466,6.466,584.557,1.228,6.7,26.161,0.24,0.975,0
7.148,10.80324,38996.68,280.4462062747765,9123.31,332.288,332.288,821.467,2.977,15.576,43.797,0.867,0.981,3
9.3,13.88988,72772.874,372.8477765997107,9783.5,645.119,645.119,1097.453,4.487,22.463,90.682,1.795,0.955,3
5.14,7.7166,21625.034,201.5127483755369,8460.59,175.237,175.237,712.387,2.09,11.252,25.513,0.505,0.986,2
5.14,7.7166,21623.169,201.5137955730881,8458.557,175.233,175.233,699.544,2.091,11.175,24.829,0.491,0.996,2
8.206,12.34656,50995.82,323.3253855246031,9312.538,438.018,438.018,942.606,3.582,18.626,61.816,1.224,0.961,3
9.3,13.88988,72781.308,372.8488237972619,9786.051,644.888,644.888,1082.212,4.48,22.203,89.155,1.765,0.96,3
1.138,1.54332,6896.397,144.92020303352547,6717.624,9.553,9.553,641.022,1.326,7.157,0.0,0.293,0.963,0
6.175,9.25992,29795.987,241.61622579616176,8838.002,246.281,246.281,771.473,2.498,13.091,33.962,0.672,0.961,2
8.206,12.34656,50994.341,323.32402416778655,9312.853,438.075,438.075,921.898,3.577,18.365,60.097,1.19,0.97,3
3.144,4.6299600000000005,8377.149,145.21970153316772,7073.271,60.335,60.335,596.819,1.391,7.575,12.746,0.252,0.968,1
6.175,9.25992,29761.042,241.56983494464384,8781.017,245.998,245.998,769.359,2.518,13.376,34.129,0.676,0.999,2
1.138,1.54332,7112.353,144.216172119856,6682.368,9.201,9.201,666.141,1.331,7.295,3.634,0.318,0.959,0
7.148,10.80324,38983.886,280.4475676315932,9132.485,332.098,332.098,835.808,2.964,15.526,44.589,0.883,0.961,3
2.088,3.08664,3270.39,141.4276944805297,6861.978,23.423,23.423,518.566,1.209,6.452,17.552,0.159,0.955,0
2.088,3.08664,6975.295,143.45423118160537,6758.011,26.986,26.986,605.689,1.333,7.202,12.625,0.269,0.995,0
8.206,12.34656,50990.377,323.3029754970075,9292.706,438.0,438.0,913.31,3.607,18.676,59.946,1.187,0.999,3
1.138,1.54332,2180.62,139.431735947949,6621.434,6.491,6.491,523.36,1.167,6.33,23.05,0.168,0.98,0
2.088,3.08664,4707.806,140.77832727903268,6827.776,22.356,22.356,571.066,1.255,6.786,23.571,0.223,0.955,0
4.161,6.17328,14724.779,162.0506794550199,7807.791,113.804,113.804,650.242,1.656,8.91,17.584,0.348,0.953,1
8.206,12.34656,50995.253,323.3294695950528,9320.737,437.975,437.975,931.53,3.566,18.313,60.659,1.201,0.956,3
7.148,10.80324,39012.017,280.4380381338772,9113.823,332.518,332.518,813.574,2.99,15.683,43.45,0.86,0.998,3
4.161,6.17328,14722.285,162.04984169697894,7774.861,113.76,113.76,641.112,1.659,8.907,17.206,0.341,0.969,1
1.138,1.54332,2643.646,143.71634472866987,6612.77,8.744,8.744,514.251,1.191,6.435,6.361,0.15,0.999,0
9.3,13.88988,72775.002,372.8462058033839,9768.923,644.813,644.813,1077.671,4.502,22.48,89.188,1.766,0.97,3
4.161,6.17328,14722.633,162.04984169697894,7776.009,113.766,113.766,646.434,1.659,8.94,17.448,0.345,0.965,1
6.175,9.25992,29791.664,241.6312007211439,8821.916,246.236,246.236,765.293,2.504,13.131,33.674,0.667,0.975,2
4.161,6.17328,14720.216,162.04889921918286,7740.516,113.759,113.759,641.816,1.662,8.971,17.278,0.342,0.979,1
6.175,9.25992,29761.346,241.57151046072573,8787.09,246.02,246.02,772.345,2.516,13.364,34.278,0.679,0.993,2
3.144,4.6299600000000005,8375.197,145.21854961586138,7041.314,60.306,60.306,585.048,1.392,7.554,12.294,0.243,0.987,1
2.088,3.08664,3398.137,144.64730335168363,6848.98,29.027,29.027,506.647,1.221,6.51,1.138,0.134,0.967,0
4.161,6.17328,14724.795,162.05088889453015,7811.205,113.796,113.796,645.811,1.655,8.876,17.379,0.344,0.955,1
8.206,12.34656,50993.118,323.3185787405204,9305.867,437.993,437.993,902.742,3.586,18.289,58.719,1.162,0.988,3
6.175,9.25992,29794.557,241.620728745632,8832.693,246.246,246.246,772.039,2.5,13.123,34.026,0.674,0.964,2
6.175,9.25992,29794.531,241.6201004271012,8832.635,246.251,246.251,770.449,2.5,13.112,33.93,0.672,0.965,2
4.161,12.34656,14721.68,162.04931809820337,7757.28,113.76,113.76,650.36,1.661,8.997,17.648,0.349,0.968,1
3.144,4.6299600000000005,8379.092,145.220853450474,7116.815,60.359,60.359,593.599,1.389,7.505,12.593,0.249,0.959,1
3.144,4.6299600000000005,8375.355,145.21865433561652,7046.68,60.311,60.311,582.215,1.392,7.533,12.176,0.241,0.988,1
7.148,10.80324,38983.715,280.44840538963405,9135.108,332.099,332.099,819.028,2.962,15.349,43.382,0.859,0.968,3
4.161,6.17328,14720.679,162.0491086586931,7747.196,113.764,113.764,643.171,1.661,8.968,17.332,0.343,0.976,1
8.206,12.34656,50996.054,323.32569968386844,9316.082,438.04,438.04,949.407,3.579,18.646,62.283,1.233,0.954,3
4.161,6.17328,14725.046,162.05088889453015,7811.849,113.794,113.794,648.488,1.655,8.892,17.5,0.346,0.953,1
2.088,12.34656,2944.047,143.64492585567825,6803.582,27.241,27.241,502.741,1.204,6.484,5.611,0.13,0.971,0
7.148,10.80324,38997.608,280.4451590772253,9121.713,332.251,332.251,829.564,2.979,15.668,44.39,0.879,0.978,3
5.14,7.7166,21628.369,201.51568052868024,8477.601,175.281,175.281,695.619,2.085,11.045,24.532,0.486,0.985,2
4.161,6.17328,14720.489,162.04868977967263,7737.916,113.757,113.757,650.283,1.662,9.03,17.667,0.35,0.974,1
3.144,4.6299600000000005,8378.005,145.2202251319433,7096.548,60.346,60.346,588.254,1.39,7.502,12.391,0.245,0.969,1
1.138,12.34656,350.834,139.74107810457247,6701.07,6.68,6.68,455.773,1.096,5.846,13.568,0.085,0.96,0
9.3,13.88988,72768.656,372.843692529261,9745.13,644.868,644.868,1057.474,4.53,22.665,87.853,1.739,0.99,3
6.175,9.25992,29764.988,241.5828201942786,8809.999,246.012,246.012,781.917,2.507,13.31,34.731,0.688,0.972,2
2.088,3.08664,6528.084,142.080831593211,6743.351,24.575,24.575,596.602,1.316,7.113,18.758,0.262,0.998,0
4.161,6.17328,14718.899,162.04900393893797,7736.617,113.748,113.748,621.059,1.662,8.843,16.322,0.323,0.995,1
4.161,6.17328,14722.335,162.0494228179585,7764.661,113.764,113.764,654.46,1.66,9.01,17.825,0.353,0.963,1
4.161,6.17328,14723.351,162.0504700155097,7794.028,113.782,113.782,638.616,1.657,8.859,17.07,0.338,0.965,1
1.138,1.54332,5183.11,141.1560514357493,6627.205,7.424,7.424,605.512,1.268,6.905,19.711,0.263,0.983,0
1.138,1.54332,4510.173,147.83800957042456,6711.803,11.115,11.115,560.295,1.26,6.731,0.0,0.2,0.98,0
9.3,13.88988,72773.852,372.845368045343,9760.913,645.005,645.005,1067.931,4.511,22.506,88.462,1.751,0.978,3
7.148,10.80324,38989.701,280.446520434042,9126.446,332.261,332.261,843.095,2.972,15.691,45.216,0.895,0.964,3
8.206,12.34656,50995.699,323.3255949641134,9311.09,437.976,437.976,939.562,3.584,18.615,61.602,1.22,0.964,3
4.161,6.17328,14721.312,162.04984169697894,7767.902,113.747,113.747,628.468,1.659,8.838,16.632,0.329,0.98,1
6.175,9.25992,29761.88,241.5651225556634,8799.295,246.003,246.003,770.353,2.511,13.282,34.087,0.675,0.986,2
6.175,9.25992,29769.705,241.59769039950564,8812.118,246.052,246.052,774.875,2.507,13.249,34.295,0.679,0.975,2
5.14,7.7166,21637.769,201.51609940770075,8504.63,175.307,175.307,716.105,2.075,11.041,25.514,0.505,0.953,2
7.148,10.80324,38982.428,280.4480912303687,9135.556,332.104,332.104,824.681,2.961,15.385,43.762,0.866,0.964,3
6.175,9.25992,29762.332,241.5714057409706,8792.142,246.03,246.03,760.532,2.514,13.249,33.527,0.664,0.997,2
3.144,12.34656,8377.059,145.21959681341258,7082.644,60.335,60.335,577.734,1.39,7.465,11.975,0.237,0.982,1
1.138,1.54332,2951.927,148.4065331209692,6740.109,11.583,11.583,538.322,1.207,6.528,0.0,0.162,0.95,0
5.14,12.34656,21635.246,201.5164135669661,8498.464,175.328,175.328,705.496,2.078,11.002,24.974,0.494,0.964,2
6.175,9.25992,29792.624,241.6262788926533,8824.976,246.216,246.216,760.555,2.504,13.08,33.369,0.661,0.976,2
5.14,7.7166,21623.049,201.51306253480223,8456.845,175.194,175.194,705.877,2.091,11.228,25.179,0.498,0.993,2
6.175,9.25992,29793.448,241.62638361240843,8830.061,246.239,246.239,788.236,2.501,13.257,35.02,0.693,0.956,2
5.14,7.7166,21633.627,201.5165182867212,8494.497,175.272,175.272,700.485,2.079,10.989,24.722,0.489,0.97,2
2.088,3.08664,4762.688,146.01693302889367,6787.363,31.507,31.507,546.398,1.271,6.86,0.0,0.181,0.984,0
6.175,9.25992,29790.392,241.63957830155348,8819.32,246.205,246.205,786.233,2.505,13.3,34.959,0.692,0.964,2
5.14,7.7166,21631.421,201.5159946879456,8487.007,175.303,175.303,700.725,2.081,11.03,24.768,0.49,0.975,2
4.161,6.17328,14721.034,162.04900393893797,7746.583,113.761,113.761,650.764,1.662,9.018,17.679,0.35,0.971,1
4.161,6.17328,14718.034,162.0479567413868,7706.89,113.739,113.739,642.615,1.665,9.035,17.354,0.344,0.989,1
2.088,3.08664,4424.854,145.8208976473097,6835.407,31.159,31.159,533.186,1.258,6.727,0.0,0.167,0.974,0
4.161,6.17328,14717.587,162.0479567413868,7705.725,113.721,113.721,636.005,1.665,8.994,17.051,0.338,0.994,1
5.14,7.7166,21621.069,201.5129578150472,8450.518,175.216,175.216,702.346,2.093,11.238,25.017,0.495,1.0,2
8.206,12.34656,50994.174,323.32339584925586,9313.119,437.998,437.998,919.164,3.577,18.328,59.865,1.185,0.971,3
4.161,6.17328,14720.653,162.0491086586931,7748.642,113.765,113.765,639.647,1.661,8.943,17.169,0.34,0.978,1
1.138,1.54332,1643.977,137.96743961211078,6637.954,5.732,5.732,510.765,1.145,6.187,26.851,0.157,0.973,0
4.161,6.17328,14724.497,162.0504700155097,7799.718,113.788,113.788,653.777,1.657,8.946,17.754,0.351,0.953,1
5.14,7.7166,21637.633,201.5170418854968,8506.131,175.341,175.341,706.761,2.075,10.971,25.009,0.495,0.958,2
4.161,12.34656,14717.391,162.0480614611419,7706.764,113.728,113.728,629.925,1.665,8.953,16.768,0.332,0.998,1
4.161,6.17328,14719.783,162.04868977967263,7734.123,113.755,113.755,641.793,1.663,8.982,17.284,0.342,0.981,1
9.3,13.88988,72761.128,372.841912293424,9740.656,644.945,644.945,1070.512,4.536,22.909,89.213,1.766,0.986,3
3.144,4.6299600000000005,8374.885,145.21823545659603,7043.217,60.308,60.308,569.986,1.392,7.473,11.681,0.231,1.0,1
7.148,10.80324,38990.275,280.4470440328176,9127.058,332.256,332.256,833.489,2.971,15.604,44.545,0.882,0.969,3
4.161,6.17328,14719.126,162.04921337844823,7742.723,113.753,113.753,619.823,1.661,8.825,16.258,0.322,0.994,1
9.3,13.88988,72773.273,372.8474624404453,9777.418,645.102,645.102,1089.618,4.493,22.475,90.107,1.784,0.961,3
1.138,1.54332,441.341,141.80301008287856,6720.971,7.783,7.783,449.543,1.102,5.858,2.37,0.069,0.958,0
5.14,7.7166,21624.576,201.51306253480223,8460.529,175.226,175.226,709.401,2.09,11.231,25.353,0.502,0.988,2
7.148,10.80324,38984.266,280.44851010938913,9130.904,332.106,332.106,850.955,2.965,15.675,45.656,0.904,0.954,3
4.161,6.17328,14719.717,162.04889921918286,7737.284,113.755,113.755,636.092,1.662,8.939,17.019,0.337,0.984,1
8.206,12.34656,50994.908,323.3271657604401,9318.057,438.106,438.106,929.78,3.57,18.348,60.593,1.2,0.96,3
6.175,9.25992,29762.56,241.56533199517364,8798.222,245.951,245.951,758.798,2.512,13.203,33.387,0.661,0.994,2
2.088,3.08664,5358.502,146.08039320049616,6769.481,31.633,31.633,562.99,1.291,6.992,0.0,0.201,0.989,0
5.14,7.7166,21636.381,201.51568052868024,8499.8,175.304,175.304,714.931,2.077,11.059,25.473,0.504,0.957,2
4.161,6.17328,14718.922,162.04879449942777,7731.443,113.724,113.724,627.418,1.663,8.893,16.624,0.329,0.992,1
4.161,6.17328,14723.329,162.0505747352648,7797.184,113.793,113.793,632.99,1.656,8.818,16.808,0.333,0.968,1
9.3,13.88988,72772.82,372.8448444465674,9759.26,645.122,645.122,1069.646,4.513,22.559,88.67,1.755,0.978,3
8.206,12.34656,50992.786,323.3149135490912,9297.813,438.091,438.091,914.628,3.6,18.589,59.919,1.186,0.992,3
8.206,12.34656,50993.392,323.3174268232141,9306.315,438.11,438.11,934.236,3.589,18.642,61.29,1.213,0.972,3
2.088,3.08664,5741.116,145.93514690014524,6789.763,31.39,31.39,570.188,1.302,7.023,0.0,0.212,0.986,0
3.144,4.6299600000000005,8379.543,145.22116760973938,7131.316,60.365,60.365,582.094,1.388,7.428,12.124,0.24,0.965,1
5.14,7.7166,21631.096,201.51358613357783,8480.113,175.281,175.281,718.832,2.083,11.19,25.769,0.51,0.968,2
5.14,7.7166,21639.867,201.51798436329287,8514.785,175.364,175.364,707.111,2.072,10.929,24.99,0.495,0.952,2
4.161,6.17328,14723.513,162.0504700155097,7794.329,113.787,113.787,639.933,1.657,8.867,17.13,0.339,0.964,1
4.161,6.17328,14721.121,162.0491086586931,7750.515,113.759,113.759,648.981,1.661,9.0,17.593,0.348,0.971,1
4.161,6.17328,14723.996,162.0501558562443,7789.346,113.795,113.795,656.877,1.658,8.984,17.906,0.354,0.954,1
4.161,6.17328,14717.261,162.0479567413868,7702.908,113.731,113.731,631.648,1.665,8.971,16.853,0.334,0.998,1
1.138,1.54332,5194.629,142.8967032053483,6627.571,8.314,8.314,591.31,1.273,6.892,11.431,0.245,0.994,0
5.14,7.7166,21635.617,201.51568052868024,8497.735,175.28,175.28,710.885,2.078,11.043,25.266,0.5,0.961,2
6.175,9.25992,29783.48,241.6361225496345,8814.875,246.157,246.157,780.805,2.506,13.283,34.647,0.686,0.97,2
6.175,9.25992,29762.558,241.57025382366427,8794.195,245.957,245.957,756.826,2.514,13.211,33.289,0.659,0.998,2
3.144,12.34656,8375.899,145.21896849488186,7050.658,60.319,60.319,593.549,1.392,7.587,12.629,0.25,0.977,1
9.3,13.88988,72771.209,372.8447397268122,9760.083,645.071,645.071,1075.547,4.513,22.62,89.215,1.766,0.975,3
9.3,13.88988,72765.809,372.84421612803663,9765.676,644.849,644.849,1092.952,4.509,22.744,90.738,1.796,0.965,3
8.206,12.34656,50994.252,323.323500569011,9311.741,438.087,438.087,920.545,3.579,18.372,60.018,1.188,0.972,3
2.088,3.08664,3964.496,140.8741458549672,6823.836,22.496,22.496,547.743,1.232,6.646,21.936,0.194,0.958,0
9.3,13.88988,72764.623,372.8446350070572,9774.98,644.958,644.958,1107.201,4.5,22.761,91.839,1.818,0.955,3
4.161,6.17328,14721.41,162.04931809820337,7756.44,113.752,113.752,646.325,1.661,8.972,17.465,0.346,0.971,1
4.161,12.34656,14717.606,162.0482709006521,7712.351,113.717,113.717,626.071,1.664,8.918,16.583,0.328,0.999,1
7.148,10.80324,38988.882,280.44840538963405,9131.269,332.273,332.273,810.48,2.967,15.348,42.87,0.849,0.978,3
1.138,1.54332,1351.624,145.46935342937297,6696.751,9.796,9.796,480.641,1.143,6.147,0.0,0.101,0.965,0
2.088,3.08664,4937.741,146.01316311770935,6827.356,31.515,31.515,546.595,1.276,6.83,0.0,0.183,0.977,0
6.175,12.34656,29765.542,241.5773747670124,8809.609,245.947,245.947,759.588,2.508,13.148,33.374,0.661,0.986,2
9.3,13.88988,72772.186,372.8441114082816,9740.34,644.841,644.841,1040.925,4.534,22.544,86.373,1.71,1.0,3
7.148,10.80324,38998.901,280.44526379698044,9121.885,332.315,332.315,819.513,2.979,15.586,43.692,0.865,0.984,3
1.138,1.54332,5018.937,147.09879281903488,6682.833,10.671,10.671,576.042,1.276,6.853,0.019,0.219,0.986,0
9.3,13.88988,72758.672,372.8404462168524,9739.267,645.021,645.021,1076.249,4.539,23.006,89.796,1.778,0.984,3
9.3,13.88988,72764.115,372.8420170131792,9733.771,644.717,644.717,1053.499,4.543,22.818,87.743,1.737,0.997,3
6.175,9.25992,29797.907,241.6115134071814,8846.547,246.365,246.365,770.923,2.495,13.041,33.883,0.671,0.956,2
6.175,9.25992,29794.356,241.6238703382856,8833.415,246.263,246.263,791.482,2.5,13.263,35.196,0.697,0.952,2
1.138,1.54332,1324.75,140.76534202939786,6625.977,7.151,7.151,483.049,1.137,6.122,14.622,0.119,0.987,0
6.175,9.25992,29761.167,241.5730812570525,8792.255,246.001,246.001,781.346,2.514,13.402,34.795,0.689,0.984,2
1.138,1.54332,2084.422,138.82917847699048,6625.591,6.229,6.229,532.624,1.162,6.346,25.692,0.176,0.968,0
4.161,6.17328,14721.18,162.04952753771357,7760.752,113.764,113.764,635.769,1.66,8.897,16.977,0.336,0.977,1
7.148,10.80324,38980.782,280.4483006698789,9138.069,332.133,332.133,819.722,2.958,15.302,43.369,0.859,0.964,3
6.175,9.25992,29773.33,241.6037641453026,8813.006,246.02,246.02,758.003,2.507,13.121,33.264,0.659,0.985,2
3.144,4.6299600000000005,8376.13,145.21907321463698,7067.485,60.324,60.324,573.485,1.391,7.461,11.811,0.234,0.99,1
3.144,4.6299600000000005,8376.571,145.21938737390235,7069.347,60.322,60.322,584.146,1.391,7.514,12.241,0.242,0.98,1
9.3,13.88988,72773.374,372.8464152428941,9776.659,644.79,644.79,1090.494,4.494,22.501,90.212,1.786,0.961,3
1.138,1.54332,1339.685,145.32107025612353,6690.13,9.68,9.68,476.209,1.142,6.13,0.0,0.097,0.971,0
8.206,12.34656,50993.705,323.3215108936637,9311.036,437.957,437.957,912.06,3.579,18.289,59.341,1.175,0.977,3
1.138,1.54332,1185.015,138.03896320485754,6676.849,5.765,5.765,488.055,1.128,6.022,24.113,0.132,0.969,0
8.206,12.34656,50995.599,323.32549024435826,9309.651,438.002,438.002,936.531,3.585,18.604,61.389,1.215,0.967,3
1.138,1.54332,981.79,144.3448726988981,6742.221,9.177,9.177,464.192,1.126,5.979,0.0,0.084,0.957,0
5.14,7.7166,21621.176,201.5127483755369,8450.548,175.222,175.222,705.292,2.093,11.258,25.176,0.498,0.998,2
2.088,3.08664,3994.212,140.82147181814202,6799.195,22.399,22.399,551.594,1.233,6.69,22.502,0.198,0.962,0
7.148,10.80324,38980.021,280.4481959501238,9138.551,332.158,332.158,822.051,2.957,15.312,43.519,0.862,0.962,3
2.088,3.08664,5059.838,146.09515868596807,6762.577,31.648,31.648,555.783,1.282,6.953,0.0,0.192,0.99,0
8.206,12.34656,50995.463,323.32339584925586,9314.232,438.089,438.089,947.385,3.581,18.656,62.166,1.231,0.957,3
7.148,12.34656,38984.236,280.44777707110336,9133.036,332.236,332.236,829.706,2.964,15.469,44.16,0.874,0.964,3
3.144,4.6299600000000005,8379.717,145.22127232949452,7136.188,60.368,60.368,581.752,1.388,7.421,12.108,0.24,0.964,1
4.161,6.17328,14718.001,162.0485850599175,7720.331,113.737,113.737,623.962,1.664,8.89,16.476,0.326,0.998,1
2.088,3.08664,3498.323,141.1613921432604,6837.901,22.971,22.971,530.493,1.217,6.536,19.677,0.173,0.957,0
9.3,13.88988,72764.921,372.84400668852646,9763.688,644.847,644.847,1092.704,4.511,22.778,90.766,1.797,0.966,3
3.144,4.6299600000000005,8378.495,145.22053929120867,7105.353,60.345,60.345,591.319,1.389,7.507,12.508,0.248,0.964,1
6.175,9.25992,29789.783,241.639997180574,8815.603,246.177,246.177,763.815,2.507,13.154,33.618,0.666,0.98,2
4.161,6.17328,14716.713,162.04753786236634,7691.159,113.723,113.723,635.555,1.667,9.017,17.047,0.337,0.999,1
7.148,10.80324,38986.123,280.4483006698789,9132.643,332.173,332.173,819.018,2.965,15.392,43.433,0.86,0.971,3
4.161,6.17328,14721.789,162.04994641673406,7773.2,113.769,113.769,633.241,1.659,8.86,16.846,0.333,0.975,1
3.144,4.6299600000000005,8376.213,145.2191779343921,7066.517,60.323,60.323,577.124,1.391,7.482,11.959,0.237,0.987,1
7.148,10.80324,39011.194,280.43845701289763,9114.286,332.535,332.535,814.208,2.99,15.68,43.484,0.861,0.997,3
1.138,1.54332,4893.243,137.47096325308848,6695.191,5.598,5.598,615.36,1.249,6.769,33.173,0.278,0.95,0
2.088,3.08664,3737.293,145.20912483790062,6809.536,30.032,30.032,519.526,1.235,6.64,0.0,0.148,0.975,0
7.148,10.80324,38985.792,280.44777707110336,9131.552,332.136,332.136,829.373,2.966,15.492,44.168,0.875,0.966,3
6.175,9.25992,29761.683,241.5711963014604,8806.909,245.917,245.917,790.195,2.508,13.387,35.246,0.698,0.969,2
2.088,3.08664,4859.403,146.0176660671795,6808.335,31.52,31.52,546.943,1.274,6.842,0.0,0.183,0.98,0
4.161,12.34656,14722.049,162.0494228179585,7762.093,113.763,113.763,652.636,1.66,9.003,17.746,0.351,0.965,1
9.3,13.88988,72772.545,372.8475671602004,9785.044,644.791,644.791,1100.672,4.485,22.477,90.944,1.8,0.953,3
4.161,6.17328,14717.517,162.04764258212143,7698.486,113.729,113.729,642.164,1.666,9.047,17.343,0.343,0.992,1
6.175,9.25992,29761.603,241.5655414346839,8799.352,246.017,246.017,775.167,2.511,13.317,34.38,0.681,0.983,2
4.161,6.17328,14724.205,162.0502605759994,7793.366,113.797,113.797,655.088,1.657,8.965,17.82,0.353,0.954,1
8.206,12.34656,50992.694,323.3149135490912,9301.443,437.965,437.965,923.693,3.595,18.619,60.561,1.199,0.983,3
4.161,6.17328,14717.892,162.04816618089703,7711.528,113.731,113.731,633.4,1.665,8.967,16.924,0.335,0.994,1
3.144,4.6299600000000005,8375.633,145.21875905537163,7060.066,60.315,60.315,566.986,1.392,7.437,11.549,0.229,0.998,1
5.14,7.7166,21635.285,201.51505221014952,8495.063,175.32,175.32,715.269,2.079,11.086,25.512,0.505,0.96,2
5.14,7.7166,21627.378,201.51505221014952,8473.088,175.241,175.241,698.883,2.086,11.092,24.729,0.49,0.986,2
3.144,4.6299600000000005,8373.842,145.2169788195346,7013.971,60.294,60.294,584.741,1.394,7.588,12.297,0.243,0.995,1
4.161,6.17328,14725.284,162.05088889453015,7814.521,113.807,113.807,650.3,1.655,8.899,17.579,0.348,0.951,1
5.14,7.7166,21637.566,201.51568052868024,8502.804,175.318,175.318,718.041,2.076,11.064,25.625,0.507,0.953,2
2.088,3.08664,3475.506,144.8426056949818,6797.594,29.361,29.361,513.88,1.225,6.605,0.0,0.14,0.976,0
6.175,9.25992,29761.487,241.57077742243987,8786.063,246.005,246.005,768.642,2.516,13.343,34.057,0.674,0.996,2
2.088,3.08664,4142.387,145.61082981853963,6829.156,30.764,30.764,526.832,1.249,6.685,0.0,0.158,0.974,0
2.088,12.34656,5642.387,141.11898064243695,6792.763,22.956,22.956,603.088,1.286,7.025,23.414,0.258,0.959,0
1.138,1.54332,6813.029,142.0103551980155,6652.297,7.799,7.799,628.339,1.317,7.08,14.267,0.297,0.992,0
2.088,3.08664,5863.959,141.33376086018737,6830.668,23.334,23.334,603.536,1.291,7.003,22.506,0.26,0.953,0
4.161,6.17328,14717.71,162.0484803401624,7716.012,113.736,113.736,623.098,1.664,8.892,16.44,0.325,1.0,1
5.14,7.7166,21629.261,201.5148427706393,8477.829,175.254,175.254,704.364,2.084,11.104,25.004,0.495,0.979,2
2.088,3.08664,3619.304,141.0462004126288,6812.869,22.774,22.774,537.12,1.221,6.594,20.747,0.181,0.961,0
5.14,7.7166,21638.294,201.5153663694149,8503.93,175.328,175.328,721.606,2.076,11.082,25.809,0.511,0.95,2
5.14,12.34656,21630.838,201.5131672545573,8478.309,175.241,175.241,720.806,2.084,11.213,25.882,0.512,0.968,2
4.161,6.17328,14721.842,162.04921337844823,7757.849,113.775,113.775,653.068,1.661,9.013,17.77,0.352,0.966,1
3.144,4.6299600000000005,8378.65,145.2206440109638,7107.358,60.346,60.346,593.038,1.389,7.513,12.576,0.249,0.962,1
5.14,7.7166,21633.599,201.5137955730881,8487.777,175.272,175.272,723.093,2.081,11.177,25.961,0.514,0.96,2
6.175,9.25992,29762.892,241.56239984203032,8800.303,245.949,245.949,752.015,2.512,13.142,32.958,0.653,0.997,2
7.148,10.80324,38981.882,280.4480912303687,9136.048,332.098,332.098,825.353,2.96,15.382,43.798,0.867,0.963,3
7.148,10.80324,38996.626,280.44631099453164,9123.868,332.332,332.332,817.141,2.977,15.531,43.486,0.861,0.983,3
6.175,9.25992,29761.203,241.5645989568878,8802.535,245.98,245.98,781.558,2.51,13.347,34.749,0.688,0.977,2
2.088,3.08664,5354.452,140.96546148143156,6760.978,22.637,22.637,562.346,1.277,6.846,22.211,0.225,0.997,0
1.138,1.54332,1613.969,139.89449254582277,6623.819,6.721,6.721,501.833,1.147,6.207,19.508,0.142,0.981,0
8.206,12.34656,50993.916,323.3222439319496,9311.316,438.101,438.101,915.442,3.579,18.322,59.611,1.18,0.975,3
3.144,4.6299600000000005,8380.951,145.22190064802524,7160.207,60.379,60.379,582.526,1.387,7.397,12.126,0.24,0.957,1
5.14,7.7166,21633.595,201.5159946879456,8492.74,175.27,175.27,703.833,2.079,11.021,24.91,0.493,0.969,2
6.175,9.25992,29763.973,241.56742639027604,8807.48,245.966,245.966,752.38,2.509,13.106,32.941,0.652,0.992,2
9.3,13.88988,72767.004,372.845368045343,9771.146,645.053,645.053,1096.653,4.503,22.691,90.944,1.8,0.961,3
3.144,4.6299600000000005,8379.626,145.22116760973938,7129.703,60.358,60.358,589.567,1.388,7.469,12.425,0.246,0.959,1
1.138,12.34656,2336.252,137.35210633102767,6670.087,5.411,5.411,524.943,1.168,6.248,29.575,0.179,0.972,0
6.175,9.25992,29797.421,241.6118275664468,8844.283,246.291,246.291,768.289,2.496,13.034,33.735,0.668,0.959,2
6.175,9.25992,29791.708,241.63339983600144,8825.001,246.277,246.277,797.149,2.503,13.35,35.583,0.704,0.954,2
5.14,7.7166,21638.39,201.51725132500704,8509.136,175.35,175.35,709.827,2.074,10.976,25.16,0.498,0.954,2
8.206,12.34656,50986.003,323.28747697324985,9292.517,437.887,437.887,919.518,3.608,18.748,60.455,1.197,0.996,3
9.3,13.88988,72770.123,372.8456822046084,9775.844,645.111,645.111,1096.311,4.497,22.596,90.785,1.797,0.959,3
6.175,9.25992,29798.172,241.6122464454673,8847.946,246.298,246.298,777.831,2.495,13.085,34.294,0.679,0.951,2
5.14,12.34656,21639.525,201.51798436329287,8513.794,175.324,175.324,706.579,2.073,10.93,24.966,0.494,0.953,2
6.175,12.34656,29761.868,241.57130102121545,8794.193,246.028,246.028,769.44,2.513,13.304,34.06,0.674,0.99,2
3.144,4.6299600000000005,8374.791,145.21834017635112,7031.253,60.306,60.306,588.265,1.393,7.584,12.429,0.246,0.987,1
4.161,6.17328,14718.821,162.04879449942777,7731.208,113.749,113.749,626.133,1.663,8.885,16.565,0.328,0.993,1
9.3,13.88988,72761.484,372.8428547712201,9752.949,644.806,644.806,1087.484,4.524,22.906,90.543,1.792,0.973,3
2.088,3.08664,4500.915,145.858806198663,6833.088,31.223,31.223,535.772,1.261,6.75,0.0,0.17,0.974,0
1.138,1.54332,482.489,141.64509269215813,6661.787,7.645,7.645,451.507,1.104,5.917,5.172,0.074,0.974,0
9.3,13.88988,72773.366,372.8455774848532,9757.349,644.877,644.877,1062.695,4.515,22.505,88.049,1.743,0.982,3
6.175,9.25992,29792.258,241.62868744702104,8824.046,246.212,246.212,766.317,2.504,13.127,33.725,0.668,0.973,2
9.3,13.88988,72773.415,372.8447397268122,9755.164,644.907,644.907,1060.522,4.518,22.519,87.896,1.74,0.984,3
6.175,12.34656,29792.107,241.63193375942973,8825.981,246.27,246.27,794.355,2.502,13.324,35.41,0.701,0.955,2
1.138,1.54332,3182.742,144.79548180517796,6621.65,9.37,9.37,531.752,1.212,6.563,5.806,0.168,0.996,0
6.175,12.34656,29790.605,241.6361225496345,8818.885,246.251,246.251,770.091,2.505,13.183,33.983,0.673,0.974,2
2.088,3.08664,6903.327,144.2939788979099,6806.907,28.482,28.482,598.192,1.331,7.133,8.086,0.258,0.985,0
9.3,13.88988,72770.126,372.84599636387367,9776.998,644.83,644.83,1097.47,4.495,22.59,90.864,1.799,0.958,3
5.14,7.7166,21631.664,201.5137955730881,8481.971,175.245,175.245,718.379,2.083,11.177,25.736,0.509,0.967,2
3.144,4.6299600000000005,8374.308,145.21760713806535,7026.124,60.292,60.292,581.98,1.393,7.558,12.178,0.241,0.994,1
7.148,12.34656,38983.326,280.4480912303687,9134.562,332.132,332.132,825.009,2.962,15.405,43.805,0.867,0.965,3
9.3,13.88988,72772.481,372.84704356142487,9779.316,644.924,644.924,1094.836,4.492,22.509,90.55,1.792,0.958,3
2.088,3.08664,3054.064,141.66980655436635,6790.328,23.818,23.818,518.965,1.204,6.521,16.612,0.156,0.967,0
7.148,10.80324,38981.566,280.44777707110336,9133.93,332.077,332.077,843.004,2.962,15.558,45.049,0.892,0.955,3
6.175,9.25992,29792.871,241.6282685680005,8827.823,246.299,246.299,785.539,2.502,13.249,34.87,0.69,0.959,2
4.161,6.17328,14723.828,162.0504700155097,7797.236,113.771,113.771,643.037,1.657,8.882,17.268,0.342,0.961,1
5.14,7.7166,21625.029,201.51358613357783,8463.174,175.204,175.204,705.008,2.089,11.187,25.104,0.497,0.989,2
4.161,6.17328,14723.705,162.0501558562443,7789.806,113.782,113.782,649.207,1.657,8.934,17.558,0.348,0.959,1
9.3,13.88988,72780.494,372.84651996264927,9775.544,644.842,644.842,1072.853,4.493,22.288,88.547,1.753,0.969,3
4.161,6.17328,14723.017,162.0505747352648,7794.319,113.787,113.787,629.951,1.657,8.803,16.671,0.33,0.971,1
9.3,13.88988,72771.685,372.84547276509807,9760.917,645.092,645.092,1074.681,4.512,22.593,89.111,1.764,0.975,3
5.14,7.7166,21627.788,201.5129578150472,8468.896,175.225,175.225,715.55,2.087,11.228,25.645,0.508,0.978,2
2.088,3.08664,4340.599,145.81409086322688,6788.22,31.13,31.13,534.948,1.257,6.782,0.0,0.167,0.983,0
5.14,7.7166,21630.07,201.51568052868024,8482.325,175.259,175.259,699.615,2.083,11.047,24.728,0.489,0.979,2
7.148,12.34656,39001.221,280.44494963771507,9121.063,332.29,332.29,811.628,2.981,15.538,43.162,0.855,0.99,3
3.144,4.6299600000000005,8376.629,145.21938737390235,7080.732,60.324,60.324,567.231,1.391,7.413,11.548,0.229,0.992,1
6.175,9.25992,29760.552,241.5701491039092,8780.012,246.011,246.011,776.921,2.518,13.438,34.596,0.685,0.995,2
4.161,6.17328,14717.954,162.0482709006521,7715.174,113.728,113.728,630.376,1.664,8.941,16.78,0.332,0.995,1
4.161,6.17328,14723.151,162.04984169697894,7777.793,113.786,113.786,654.532,1.659,8.988,17.813,0.353,0.959,1
4.161,6.17328,14724.947,162.050784174775,7811.528,113.806,113.806,647.148,1.655,8.884,17.44,0.345,0.954,1
7.148,10.80324,38977.774,280.44735819208285,9138.469,332.162,332.162,838.906,2.956,15.446,44.674,0.885,0.952,3
7.148,10.80324,38992.867,280.4461015550214,9123.99,332.323,332.323,841.435,2.975,15.721,45.155,0.894,0.968,3
5.14,7.7166,21622.474,201.5133766940676,8455.893,175.184,175.184,702.425,2.092,11.209,24.997,0.495,0.996,2
9.3,12.34656,72765.502,372.8441114082816,9748.782,645.065,645.065,1071.331,4.527,22.774,89.095,1.764,0.982,3
6.175,9.25992,29795.241,241.6210429048973,8836.655,246.255,246.255,791.444,2.499,13.246,35.176,0.696,0.95,2
5.14,7.7166,21627.369,201.513690853333,8469.647,175.267,175.267,708.595,2.087,11.176,25.268,0.5,0.982,2
1.138,1.54332,1869.48,146.88767779271365,6712.898,10.622,10.622,497.438,1.164,6.27,0.0,0.119,0.962,0
6.175,9.25992,29791.565,241.63277151747067,8822.13,246.246,246.246,773.23,2.504,13.189,34.157,0.676,0.97,2
3.144,4.6299600000000005,8375.969,145.21896849488186,7062.449,60.318,60.318,575.043,1.391,7.476,11.877,0.235,0.99,1
1.138,1.54332,4509.666,144.60614848792162,6631.601,9.248,9.248,565.51,1.256,6.779,5.071,0.21,0.997,0
6.175,9.25992,29763.811,241.5759086904408,8808.754,245.937,245.937,774.925,2.508,13.265,34.313,0.679,0.977,2
4.161,6.17328,14718.546,162.04837562040728,7720.215,113.741,113.741,635.163,1.664,8.963,16.995,0.336,0.99,1
2.088,3.08664,6859.536,144.5357768124812,6794.35,28.906,28.906,597.539,1.331,7.15,6.787,0.256,0.988,0
7.148,10.80324,39002.801,280.4430646821229,9118.357,332.428,332.428,826.66,2.983,15.705,44.261,0.876,0.984,3
6.175,9.25992,29769.786,241.5993659155875,8812.198,245.983,245.983,778.099,2.507,13.272,34.491,0.683,0.973,2
3.144,4.6299600000000005,8377.317,145.21980625292284,7083.037,60.338,60.338,585.569,1.39,7.505,12.291,0.243,0.975,1
8.206,12.34656,50994.908,323.3264327221543,9314.568,438.003,438.003,930.138,3.576,18.425,60.722,1.202,0.964,3
7.148,10.80324,38995.484,280.4453685167356,9122.591,332.322,332.322,835.989,2.977,15.703,44.812,0.887,0.973,3
5.14,12.34656,21637.365,201.51767020402752,8506.91,175.321,175.321,702.884,2.075,10.941,24.797,0.491,0.96,2
5.14,7.7166,21622.415,201.5142144521085,8457.588,175.234,175.234,694.688,2.091,11.147,24.57,0.486,1.0,2
9.3,12.34656,72775.711,372.8452633255878,9757.663,645.105,645.105,1057.98,4.514,22.439,87.587,1.734,0.984,3
8.206,12.34656,50996.796,323.3317734296654,9314.028,438.117,438.117,938.436,3.579,18.541,61.427,1.216,0.961,3
1.138,1.54332,566.749,139.55917988992962,6648.312,6.555,6.555,467.28,1.106,5.951,16.557,0.1,0.972,0
3.144,4.6299600000000005,8377.615,145.2200156924331,7082.591,60.34,60.34,597.372,1.39,7.566,12.762,0.253,0.965,1
9.3,13.88988,72770.271,372.8441114082816,9749.562,645.0,645.0,1061.782,4.525,22.639,88.158,1.745,0.986,3
1.138,1.54332,313.883,140.99792460551862,6667.633,7.379,7.379,460.764,1.096,5.931,8.491,0.082,0.958,0
6.175,9.25992,29761.134,241.57056798292965,8783.034,245.978,245.978,770.351,2.517,13.372,34.179,0.677,0.997,2
2.088,3.08664,6956.385,143.99280488218577,6825.495,27.996,27.996,635.18,1.331,7.281,11.308,0.287,0.951,0
3.144,4.6299600000000005,8380.748,145.22179592827013,7154.777,60.373,60.373,585.346,1.387,7.417,12.242,0.242,0.956,1
2.088,3.08664,3905.58,145.44422068814427,6769.044,30.44,30.44,527.106,1.242,6.732,0.0,0.156,0.984,0
5.14,7.7166,21627.387,201.5159946879456,8475.67,175.264,175.264,691.731,2.085,11.029,24.329,0.482,0.989,2
8.206,12.34656,50994.149,323.32444304680706,9319.056,438.017,438.017,918.861,3.567,18.2,59.671,1.181,0.964,3
1.138,1.54332,3258.532,144.37230927473942,6610.752,9.119,9.119,533.368,1.214,6.575,6.86,0.172,1.0,0
6.175,9.25992,29794.494,241.62240426171385,8833.042,246.26,246.26,781.675,2.5,13.193,34.608,0.685,0.958,2
8.206,12.34656,50995.121,323.3220344924393,9311.549,438.115,438.115,942.989,3.584,18.651,61.875,1.225,0.962,3
6.175,9.25992,29761.549,241.5709868619501,8786.059,245.972,245.972,767.048,2.516,13.331,33.96,0.672,0.997,2
3.144,12.34656,8374.059,145.21718825904483,7021.463,60.291,60.291,582.341,1.393,7.565,12.196,0.241,0.995,1
2.088,3.08664,3782.274,140.96389068510473,6846.574,22.648,22.648,538.828,1.225,6.572,21.341,0.185,0.955,0
8.206,12.34656,50993.349,323.31815986149985,9301.087,437.968,437.968,918.539,3.595,18.568,60.15,1.191,0.986,3
9.3,13.88988,72781.008,372.8477765997107,9789.015,644.841,644.841,1088.537,4.477,22.23,89.68,1.775,0.956,3
5.14,7.7166,21631.97,201.51547108917,8487.152,175.304,175.304,705.12,2.081,11.059,25.004,0.495,0.972,2
9.3,13.88988,72778.059,372.8476718799556,9784.581,644.908,644.908,1088.772,4.483,22.322,89.828,1.778,0.958,3
5.14,7.7166,21623.726,201.51557580892512,8464.678,175.251,175.251,687.184,2.089,11.057,24.129,0.478,1.0,2
6.175,9.25992,29793.868,241.62460337657137,8830.92,246.228,246.228,782.24,2.501,13.208,34.654,0.686,0.959,2
2.088,3.08664,5538.35,146.0442648849799,6757.882,31.573,31.573,568.251,1.298,7.042,0.0,0.208,0.992,0
9.3,13.88988,72775.783,372.8463105231391,9765.837,644.812,644.812,1069.539,4.505,22.433,88.488,1.752,0.975,3
9.3,13.88988,72763.629,372.845368045343,9778.908,644.805,644.805,1112.799,4.496,22.763,92.261,1.826,0.951,3
3.144,4.6299600000000005,8374.109,145.21718825904483,7025.015,60.295,60.295,577.868,1.393,7.537,12.013,0.238,0.998,1
8.206,12.34656,50993.184,323.3178457022345,9301.09,438.052,438.052,904.587,3.594,18.409,59.003,1.168,0.993,3
4.161,6.17328,14719.925,162.0494228179585,7750.053,113.753,113.753,624.943,1.661,8.845,16.488,0.326,0.988,1
1.138,1.54332,823.451,140.09639223369348,6635.699,6.886,6.886,484.634,1.117,6.073,16.685,0.115,0.966,0
2.088,3.08664,3480.032,141.1742726731401,6835.746,23.001,23.001,529.421,1.216,6.532,19.681,0.172,0.958,0
5.14,7.7166,21630.941,201.5165182867212,8486.83,175.252,175.252,694.926,2.082,10.992,24.455,0.484,0.979,2
5.14,7.7166,21631.179,201.5133766940676,8479.217,175.254,175.254,719.819,2.084,11.201,25.826,0.511,0.968,2
1.138,1.54332,800.181,143.66021493992577,6687.569,8.824,8.824,470.15,1.119,6.042,0.0,0.086,0.958,0
2.088,3.08664,3203.632,141.51524019580975,6850.212,23.569,23.569,517.535,1.207,6.457,17.239,0.157,0.957,0
1.138,1.54332,2677.03,147.2592234838782,6676.542,10.708,10.708,504.559,1.196,6.389,0.0,0.135,0.991,0
6.175,9.25992,29790.078,241.6396830213086,8816.768,246.217,246.217,769.067,2.506,13.187,33.933,0.672,0.976,2
4.161,6.17328,14717.945,162.04837562040728,7716.671,113.739,113.739,626.939,1.664,8.916,16.619,0.329,0.997,1
2.088,3.08664,5303.889,146.01714246840393,6837.029,31.538,31.538,554.681,1.287,6.87,0.0,0.194,0.976,0
6.175,9.25992,29795.556,241.61695883444764,8835.606,246.255,246.255,764.117,2.499,13.049,33.528,0.664,0.967,2
9.3,13.88988,72779.536,372.876888691634,9796.44,645.18,645.18,1094.742,4.468,22.165,90.054,1.783,0.95,3
6.175,9.25992,29761.207,241.57234821876668,8789.16,246.02,246.02,778.197,2.515,13.396,34.622,0.685,0.988,2
4.161,6.17328,14719.036,162.04889921918286,7735.35,113.751,113.751,625.723,1.662,8.876,16.541,0.327,0.992,1
1.138,12.34656,830.792,142.91942739220926,6660.278,8.249,8.249,449.245,1.119,5.953,0.0,0.072,0.989,0
8.206,12.34656,50993.993,323.32234865170466,9308.973,437.957,437.957,917.184,3.583,18.391,59.82,1.184,0.977,3
1.138,1.54332,3308.528,142.58149674243813,6589.002,8.205,8.205,542.697,1.213,6.61,9.201,0.182,0.998,0
1.138,1.54332,4539.365,137.3485458593536,6692.372,5.518,5.518,603.001,1.238,6.698,33.182,0.265,0.953,0
6.175,9.25992,29789.791,241.6415679769008,8817.083,246.255,246.255,781.924,2.506,13.28,34.711,0.687,0.968,2
8.206,12.34656,50994.035,323.32266281097,9312.421,437.992,437.992,916.789,3.577,18.315,59.69,1.182,0.973,3
5.14,7.7166,21637.261,201.51735604476207,8505.999,175.315,175.315,703.822,2.075,10.952,24.852,0.492,0.96,2
1.138,1.54332,6810.551,139.67887457003138,6707.429,6.756,6.756,661.708,1.308,7.107,25.58,0.328,0.95,0
9.3,13.88988,72772.229,372.8448444465674,9751.875,645.031,645.031,1057.274,4.521,22.538,87.666,1.735,0.987,3
9.3,13.88988,72769.859,372.8446350070572,9759.234,644.903,644.903,1076.411,4.514,22.647,89.32,1.768,0.975,3
6.175,9.25992,29761.107,241.572662378032,8790.212,245.941,245.941,781.963,2.514,13.418,34.844,0.69,0.985,2
2.088,3.08664,3835.763,145.38871921793083,6754.862,30.343,30.343,526.034,1.24,6.738,0.0,0.154,0.987,0
2.088,3.08664,3168.305,144.3406839086933,6759.018,28.454,28.454,509.571,1.214,6.595,2.466,0.135,0.982,0
6.175,9.25992,29792.731,241.6307818421234,8828.36,246.278,246.278,800.434,2.501,13.356,35.76,0.708,0.95,2
6.175,9.25992,29792.801,241.6258600136328,8826.134,246.238,246.238,765.766,2.503,13.112,33.68,0.667,0.972,2
4.161,6.17328,14720.101,162.04952753771357,7753.999,113.752,113.752,623.266,1.66,8.828,16.406,0.325,0.988,1
6.175,9.25992,29760.748,241.5704632631745,8781.019,246.014,246.014,774.182,2.518,13.412,34.424,0.682,0.996,2
5.14,7.7166,21632.775,201.51505221014952,8488.257,175.282,175.282,710.078,2.081,11.087,25.265,0.5,0.968,2
2.088,3.08664,4754.723,140.79623435715817,6835.296,22.398,22.398,571.117,1.256,6.779,23.444,0.223,0.954,0
8.206,12.34656,50995.327,323.32287225048026,9312.16,438.117,438.117,943.655,3.583,18.648,61.913,1.226,0.961,3
2.088,12.34656,3898.368,145.46338440333116,6759.88,30.481,30.481,527.375,1.242,6.741,0.0,0.156,0.986,0
2.088,3.08664,6668.774,142.45750855237645,6794.719,25.244,25.244,592.991,1.319,7.057,16.813,0.259,0.989,0
1.138,1.54332,349.776,140.78324910752332,6703.833,7.205,7.205,446.605,1.097,5.828,8.005,0.072,0.965,0
6.175,9.25992,29761.41,241.57088214219496,8786.068,245.956,245.956,770.242,2.516,13.354,34.155,0.676,0.995,2
8.206,12.34656,50993.787,323.316484345418,9309.338,438.026,438.026,942.05,3.587,18.682,61.857,1.225,0.965,3
3.144,4.6299600000000005,8377.972,145.2201204121882,7102.051,60.347,60.347,575.138,1.39,7.428,11.859,0.235,0.979,1
1.138,1.54332,4161.561,138.16431275173576,6627.348,5.733,5.733,565.383,1.23,6.587,29.24,0.232,0.995,0
9.3,13.88988,72777.715,372.845368045343,9764.987,644.855,644.855,1063.691,4.505,22.373,87.948,1.741,0.978,3
7.148,10.80324,38997.817,280.4446354784497,9120.587,332.293,332.293,838.458,2.98,15.759,45.025,0.891,0.974,3
4.161,6.17328,14725.19,162.05130777355063,7823.069,113.808,113.808,639.313,1.654,8.815,17.069,0.338,0.956,1
6.175,12.34656,29793.826,241.62502225559183,8831.037,246.298,246.298,785.494,2.501,13.232,34.849,0.69,0.957,2
5.14,7.7166,21626.484,201.5165182867212,8474.621,175.223,175.223,685.534,2.086,10.992,23.996,0.475,0.994,2
3.144,4.6299600000000005,8375.123,145.21844489610626,7046.856,60.311,60.311,573.243,1.392,7.486,11.812,0.234,0.996,1
5.14,7.7166,21624.307,201.51515692990463,8464.75,175.217,175.217,691.47,2.089,11.086,24.363,0.482,0.997,2
1.138,1.54332,1510.842,144.395557060376,6652.23,9.09,9.09,474.27,1.148,6.148,1.875,0.101,0.99,0
6.175,9.25992,29790.036,241.64020662008423,8818.196,246.181,246.181,784.074,2.505,13.29,34.835,0.69,0.966,2
2.088,3.08664,3785.712,145.2910156864042,6733.939,30.15,30.15,518.477,1.239,6.719,0.0,0.148,0.999,0
7.148,10.80324,39014.339,280.4347918214684,9111.692,332.497,332.497,822.651,2.993,15.794,44.127,0.874,0.995,3
7.148,10.80324,39006.502,280.44180804506146,9117.151,332.454,332.454,814.73,2.986,15.632,43.46,0.86,0.993,3
7.148,10.80324,38980.84,280.447462911838,9135.473,332.171,332.171,836.49,2.96,15.479,44.573,0.883,0.957,3
2.088,3.08664,2830.268,142.363470212279,6771.167,24.994,24.994,509.49,1.198,6.505,12.426,0.141,0.973,0
4.161,6.17328,14724.099,162.0506794550199,7803.285,113.799,113.799,640.445,1.656,8.855,17.143,0.339,0.961,1
1.138,12.34656,3726.886,143.78357481145667,6602.606,8.862,8.862,550.676,1.229,6.681,7.914,0.192,0.999,0
7.148,10.80324,38982.223,280.44767235134816,9134.497,332.087,332.087,833.427,2.962,15.472,44.384,0.879,0.96,3
7.148,10.80324,38990.847,280.4480912303687,9128.764,332.257,332.257,815.408,2.97,15.431,43.264,0.857,0.978,3
7.148,10.80324,38995.742,280.4462062747765,9123.76,332.25,332.25,823.79,2.976,15.586,43.948,0.87,0.979,3
6.175,9.25992,29790.637,241.63570367061405,8817.623,246.201,246.201,757.021,2.506,13.094,33.193,0.657,0.983,2
2.088,3.08664,6522.67,145.34190948739237,6770.501,30.339,30.339,592.336,1.325,7.166,1.96,0.243,0.991,0
4.161,6.17328,14723.635,162.050784174775,7803.517,113.786,113.786,631.75,1.656,8.799,16.744,0.331,0.967,1
9.3,13.88988,72763.616,372.8430642107304,9750.924,644.979,644.979,1080.343,4.525,22.85,89.906,1.78,0.977,3
1.138,1.54332,4241.584,144.50519864398626,6625.038,9.223,9.223,563.493,1.247,6.763,5.831,0.205,0.994,0
2.088,3.08664,4231.917,145.76717641293328,6750.845,31.027,31.027,535.888,1.255,6.82,0.0,0.166,0.99,0
8.206,12.34656,50990.53,323.30370853529337,9294.974,438.05,438.05,917.589,3.604,18.679,60.236,1.192,0.994,3
8.206,12.34656,50994.522,323.3282129579913,9327.756,437.951,437.951,926.629,3.554,18.108,60.053,1.189,0.95,3
6.175,12.34656,29761.695,241.5677405495414,8797.295,245.938,245.938,774.155,2.512,13.321,34.33,0.68,0.985,2
2.088,3.08664,4115.088,145.630412412747,6786.9,30.786,30.786,529.94,1.249,6.741,0.0,0.16,0.982,0
4.161,6.17328,14719.438,162.04921337844823,7743.43,113.754,113.754,623.633,1.661,8.848,16.435,0.325,0.991,1
4.161,6.17328,14720.803,162.04921337844823,7751.133,113.765,113.765,641.42,1.661,8.95,17.247,0.341,0.976,1
6.175,9.25992,29791.066,241.6355989508589,8821.33,246.265,246.265,782.385,2.504,13.261,34.716,0.687,0.965,2
7.148,10.80324,38988.764,280.44840538963405,9130.728,332.284,332.284,814.736,2.968,15.391,43.176,0.855,0.976,3
7.148,10.80324,38985.325,280.4481959501238,9133.113,332.214,332.214,821.34,2.964,15.402,43.583,0.863,0.969,3
9.3,13.88988,72773.589,372.8472530009351,9788.5,645.021,645.021,1104.213,4.482,22.457,91.183,1.805,0.95,3
1.138,1.54332,1374.623,138.30170507045275,6632.505,5.852,5.852,493.565,1.136,6.1,24.631,0.139,0.982,0
2.088,3.08664,4355.57,145.78592124909972,6820.769,31.09,31.09,533.232,1.256,6.741,0.0,0.166,0.976,0
1.138,1.54332,7388.63,141.82479179194345,6711.997,7.886,7.886,668.29,1.33,7.214,15.978,0.333,0.955,0
6.175,9.25992,29793.84,241.62491753583672,8830.978,246.292,246.292,783.865,2.501,13.22,34.751,0.688,0.958,2
8.206,12.34656,50991.729,323.30925868231475,9294.129,437.938,437.938,911.822,3.605,18.632,59.787,1.184,0.998,3
9.3,12.34656,72755.136,372.83929429954605,9724.115,644.809,644.809,1060.384,4.555,23.071,88.627,1.754,0.998,3
8.206,12.34656,50993.039,323.3172173837038,9302.76,438.087,438.087,900.495,3.591,18.327,58.62,1.16,0.993,3
9.3,12.34656,72771.93,372.8450538860776,9762.029,645.073,645.073,1075.79,4.511,22.586,89.188,1.766,0.974,3
8.206,12.34656,50993.454,323.3195212183164,9307.209,438.089,438.089,907.405,3.584,18.315,59.066,1.169,0.984,3
9.3,13.88988,72764.9,372.8432736502406,9766.381,644.878,644.878,1097.034,4.509,22.786,91.106,1.803,0.963,3
5.14,7.7166,21622.537,201.513690853333,8456.759,175.235,175.235,699.999,2.091,11.188,24.862,0.492,0.997,2
7.148,10.80324,38996.272,280.4458921155112,9123.256,332.261,332.261,824.807,2.977,15.603,44.029,0.872,0.979,3
5.14,7.7166,21623.401,201.5143191718637,8460.309,175.205,175.205,696.185,2.09,11.142,24.639,0.488,0.997,2
6.175,9.25992,29779.775,241.6212523444076,8814.31,246.099,246.099,761.65,2.507,13.143,33.484,0.663,0.982,2
7.148,10.80324,38987.452,280.44714875257256,9128.987,332.136,332.136,837.889,2.969,15.605,44.806,0.887,0.964,3
1.138,1.54332,3912.518,148.054570024012,6709.078,11.213,11.213,539.762,1.241,6.611,0.0,0.177,0.984,0
9.3,13.88988,72753.085,372.83866598101537,9722.155,644.72,644.72,1062.178,4.557,23.126,88.843,1.759,0.998,3
3.144,12.34656,8376.357,145.21928265414724,7060.164,60.325,60.325,592.822,1.391,7.571,12.594,0.249,0.975,1
9.3,13.88988,72776.269,372.8448444465674,9763.658,645.004,645.004,1067.333,4.507,22.446,88.334,1.749,0.977,3
8.206,12.34656,50994.174,323.32517608509283,9321.139,438.102,438.102,919.925,3.564,18.169,59.698,1.182,0.961,3
1.138,1.54332,1151.053,145.03141541346258,6755.786,9.572,9.572,470.538,1.133,6.023,0.0,0.091,0.953,0
9.3,13.88988,72761.804,372.8432736502406,9770.181,644.72,644.72,1107.577,4.506,22.857,92.002,1.821,0.957,3
2.088,3.08664,4142.066,145.58632539584167,6848.16,30.726,30.726,524.521,1.248,6.649,0.0,0.157,0.971,0
6.175,9.25992,29793.738,241.62209010244848,8829.252,246.263,246.263,764.161,2.502,13.084,33.565,0.665,0.971,2
5.14,7.7166,21633.617,201.51620412745584,8493.643,175.268,175.268,702.886,2.079,11.01,24.855,0.492,0.969,2
6.175,9.25992,29761.19,241.56721695076573,8798.425,246.002,246.002,782.773,2.511,13.379,34.846,0.69,0.979,2
5.14,7.7166,21638.669,201.51609940770075,8506.608,175.333,175.333,717.182,2.075,11.038,25.563,0.506,0.951,2
2.088,3.08664,5550.719,141.06630660561177,6794.98,22.86,22.86,599.921,1.283,7.004,23.647,0.255,0.959,0
6.175,9.25992,29773.289,241.6040783045679,8813.016,246.057,246.057,759.56,2.507,13.132,33.359,0.66,0.984,2
6.175,9.25992,29761.664,241.5710915817052,8794.234,245.972,245.972,774.251,2.513,13.339,34.353,0.68,0.987,2
2.088,3.08664,6804.076,142.81240380247698,6836.062,25.915,25.915,629.367,1.323,7.2,16.701,0.286,0.95,0
9.3,13.88988,72776.541,372.8481954787312,9789.878,644.854,644.854,1097.503,4.478,22.336,90.507,1.792,0.952,3
6.175,9.25992,29794.604,241.6228231407344,8834.514,246.306,246.306,792.018,2.499,13.261,35.222,0.697,0.951,2
6.175,9.25992,29762.808,241.56239984203032,8800.288,245.976,245.976,753.561,2.512,13.153,33.053,0.654,0.996,2
7.148,10.80324,38987.988,280.4483006698789,9131.191,332.143,332.143,817.039,2.967,15.401,43.326,0.858,0.974,3
8.206,12.34656,50997.098,323.3342867037883,9319.492,438.129,438.129,937.332,3.57,18.414,61.179,1.211,0.955,3
6.175,9.25992,29762.594,241.5620856827649,8802.298,245.955,245.955,756.099,2.511,13.161,33.199,0.657,0.993,2
5.14,7.7166,21634.601,201.51725132500704,8499.138,175.32,175.32,698.712,2.077,10.953,24.606,0.487,0.968,2
9.3,13.88988,72774.008,372.8457869243635,9772.117,644.834,644.834,1085.91,4.499,22.527,89.897,1.78,0.965,3
4.161,6.17328,14722.984,162.05036529575457,7789.426,113.786,113.786,637.705,1.657,8.861,17.033,0.337,0.967,1
8.206,12.34656,50996.821,323.33166870991033,9313.789,438.061,438.061,936.733,3.579,18.523,61.291,1.213,0.962,3
5.14,7.7166,21630.943,201.51609940770075,8486.013,175.301,175.301,698.756,2.082,11.022,24.666,0.488,0.977,2
3.144,4.6299600000000005,8375.919,145.21886377512678,7063.762,60.317,60.317,570.222,1.391,7.449,11.68,0.231,0.994,1
5.14,7.7166,21625.233,201.5153663694149,8468.378,175.208,175.208,692.028,2.088,11.07,24.377,0.483,0.994,2
3.144,4.6299600000000005,8377.499,145.21991097267795,7087.22,60.334,60.334,587.709,1.39,7.511,12.374,0.245,0.972,1
2.088,3.08664,4765.798,140.80262226222047,6767.325,22.342,22.342,544.818,1.259,6.725,22.24,0.204,0.997,0
4.161,6.17328,14718.891,162.04900393893797,7734.888,113.74,113.74,623.168,1.662,8.86,16.422,0.325,0.994,1
8.206,12.34656,50993.94,323.3216156134188,9307.872,438.097,438.097,915.849,3.584,18.398,59.741,1.183,0.979,3
5.14,7.7166,21630.976,201.51683244598647,8487.688,175.299,175.299,692.559,2.081,10.971,24.323,0.481,0.98,2
1.138,1.54332,3051.354,139.94590994558652,6615.512,6.711,6.711,538.884,1.198,6.466,22.759,0.191,0.992,0
9.3,13.88988,72764.009,372.8424358921996,9737.323,644.733,644.733,1058.607,4.539,22.819,88.15,1.745,0.993,3
2.088,3.08664,4751.982,140.7500529451504,6788.496,22.303,22.303,577.784,1.258,6.858,24.011,0.229,0.961,0
9.3,13.88988,72765.359,372.8448444465674,9770.703,644.785,644.785,1099.591,4.504,22.739,91.233,1.806,0.96,3
2.088,3.08664,6413.393,141.95014133882168,6826.442,24.417,24.417,620.372,1.309,7.128,20.421,0.278,0.952,0
5.14,7.7166,21628.813,201.5139002928432,8474.314,175.252,175.252,711.181,2.085,11.169,25.386,0.503,0.977,2
7.148,10.80324,38991.157,280.44788179085845,9128.787,332.268,332.268,813.765,2.97,15.418,43.149,0.854,0.979,3
9.3,13.88988,72770.365,372.8446350070572,9756.734,645.104,645.104,1072.233,4.517,22.64,88.983,1.761,0.978,3
4.161,6.17328,14723.197,162.0502605759994,7789.727,113.786,113.786,639.021,1.657,8.869,17.093,0.338,0.966,1
4.161,6.17328,14716.605,162.04753786236634,7689.242,113.721,113.721,636.43,1.667,9.026,17.09,0.338,0.999,1
6.175,9.25992,29792.937,241.6261741728981,8826.095,246.221,246.221,764.192,2.503,13.101,33.584,0.665,0.973,2
1.138,1.54332,1382.157,142.61186547142282,6633.814,8.082,8.082,468.635,1.141,6.098,4.55,0.098,0.997,0
1.138,12.34656,3084.312,145.34735491465855,6635.384,9.73,9.73,536.959,1.209,6.58,4.754,0.169,0.984,0
2.088,3.08664,4296.961,145.7874920454265,6790.318,31.076,31.076,534.415,1.255,6.773,0.0,0.166,0.982,0
1.138,12.34656,6037.689,139.09851768715822,6671.345,6.313,6.313,619.256,1.286,6.902,26.669,0.291,0.978,0
1.138,1.54332,5096.148,142.015172306751,6623.979,7.835,7.835,591.883,1.268,6.867,15.737,0.249,0.993,0
6.175,12.34656,29798.404,241.6116181269365,8848.904,246.337,246.337,775.163,2.494,13.06,34.128,0.676,0.952,2
4.161,6.17328,14723.531,162.0506794550199,7799.489,113.794,113.794,633.442,1.656,8.817,16.826,0.333,0.967,1
1.138,1.54332,836.107,143.84085651750715,6745.224,8.919,8.919,462.91,1.119,5.957,0.0,0.082,0.952,0
9.3,13.88988,72781.325,372.8472530009351,9782.057,644.827,644.827,1079.633,4.485,22.249,89.02,1.762,0.963,3
7.148,10.80324,38986.676,280.4483006698789,9128.89,332.259,332.259,848.23,2.968,15.688,45.513,0.901,0.958,3
4.161,6.17328,14718.872,162.04837562040728,7721.175,113.735,113.735,640.43,1.664,8.996,17.237,0.341,0.986,1
3.144,4.6299600000000005,8375.016,145.21844489610626,7040.485,60.307,60.307,579.677,1.392,7.527,12.077,0.239,0.992,1
2.088,3.08664,6940.449,143.66628868572266,6796.627,27.363,27.363,599.608,1.331,7.134,11.276,0.262,0.988,0
2.088,3.08664,6516.518,145.26420742909357,6819.237,30.214,30.214,586.44,1.323,7.079,2.232,0.238,0.982,0
2.088,3.08664,4462.968,145.8248769980042,6833.169,31.16,31.16,533.587,1.26,6.736,0.0,0.168,0.975,0
7.148,10.80324,38999.335,280.444007159919,9119.629,332.282,332.282,837.125,2.981,15.765,44.954,0.89,0.976,3
2.088,3.08664,4368.863,145.78309381571145,6823.267,31.078,31.078,533.095,1.257,6.732,0.0,0.166,0.976,0
7.148,10.80324,38997.726,280.4454732364906,9122.303,332.256,332.256,823.497,2.978,15.61,43.959,0.87,0.981,3
1.138,1.54332,1183.285,143.6786456168268,6652.012,8.722,8.722,469.834,1.135,6.094,1.951,0.093,0.983,0
5.14,7.7166,21636.808,201.5143191718637,8497.329,175.28,175.28,723.906,2.078,11.132,25.961,0.514,0.953,2
9.3,13.88988,72774.321,372.845368045343,9763.114,644.866,644.866,1070.137,4.509,22.493,88.617,1.754,0.976,3
8.206,12.34656,50996.646,323.3295743148079,9314.746,438.109,438.109,943.569,3.579,18.595,61.835,1.224,0.958,3
3.144,4.6299600000000005,8378.063,145.2202251319433,7095.676,60.347,60.347,592.027,1.39,7.523,12.542,0.248,0.966,1
6.175,9.25992,29791.354,241.63256207796044,8820.853,246.279,246.279,764.783,2.505,13.133,33.649,0.666,0.976,2
8.206,12.34656,50994.854,323.32569968386844,9311.074,438.083,438.083,930.553,3.582,18.502,60.855,1.205,0.968,3
8.206,12.34656,50993.961,323.3225580912149,9312.831,437.998,437.998,915.768,3.577,18.294,59.595,1.18,0.973,3
4.161,6.17328,14720.964,162.04973697722383,7765.143,113.76,113.76,625.459,1.659,8.823,16.495,0.327,0.983,1
4.161,6.17328,14716.952,162.04764258212143,7693.731,113.727,113.727,638.627,1.666,9.033,17.186,0.34,0.996,1
7.148,10.80324,38984.125,280.4481959501238,9134.088,332.196,332.196,822.672,2.963,15.395,43.655,0.864,0.967,3
5.14,7.7166,21630.904,201.5149474903944,8482.505,175.266,175.266,705.474,2.083,11.086,25.043,0.496,0.975,2
7.148,12.34656,38988.139,280.4469393130624,9128.498,332.24,332.24,837.213,2.969,15.608,44.77,0.886,0.965,3
7.148,10.80324,38988.315,280.4467298735521,9127.423,332.244,332.244,844.456,2.97,15.684,45.287,0.897,0.962,3
5.14,7.7166,21630.278,201.51410973235343,8478.981,175.285,175.285,712.293,2.084,11.151,25.425,0.503,0.973,2
8.206,12.34656,50994.273,323.3248619258275,9318.247,438.105,438.105,920.882,3.569,18.241,59.86,1.185,0.964,3
1.138,1.54332,5623.783,143.92075769066346,6645.343,8.969,8.969,616.003,1.288,7.038,6.231,0.264,0.977,0
3.144,4.6299600000000005,8380.817,145.22179592827013,7150.696,60.381,60.381,593.689,1.387,7.464,12.577,0.249,0.95,1
6.175,9.25992,29761.262,241.56794998905164,8797.391,245.939,245.939,782.262,2.512,13.381,34.821,0.689,0.98,2
6.175,9.25992,29794.049,241.6211476246524,8830.326,246.277,246.277,764.675,2.501,13.082,33.591,0.665,0.97,2
3.144,4.6299600000000005,8378.928,145.2207487307189,7111.668,60.357,60.357,595.223,1.389,7.519,12.66,0.251,0.959,1
7.148,10.80324,39013.372,280.43573429926454,9112.156,332.429,332.429,823.292,2.992,15.79,44.161,0.874,0.994,3
9.3,13.88988,72757.741,372.8405509366074,9739.488,644.694,644.694,1078.233,4.539,23.027,89.981,1.781,0.983,3
1.138,1.54332,5708.74,146.89825448798075,6726.37,10.679,10.679,606.78,1.296,6.98,0.0,0.25,0.963,0
4.161,6.17328,14722.66,162.0501558562443,7784.57,113.787,113.787,635.49,1.658,8.855,16.937,0.335,0.97,1
3.144,4.6299600000000005,8379.058,145.220853450474,7122.147,60.354,60.354,580.314,1.389,7.43,12.058,0.239,0.969,1
4.161,6.17328,14722.774,162.05036529575457,7788.297,113.788,113.788,632.486,1.657,8.829,16.795,0.332,0.971,1
1.138,1.54332,2053.68,145.63313512638013,6656.945,9.737,9.737,481.436,1.171,6.231,1.319,0.112,1.0,0
8.206,12.34656,50993.688,323.32088257513294,9306.642,438.057,438.057,912.825,3.586,18.389,59.527,1.178,0.982,3
5.14,7.7166,21631.414,201.51400501259832,8481.919,175.273,175.273,716.869,2.083,11.167,25.656,0.508,0.968,2
9.3,13.88988,72776.326,372.8474624404453,9785.754,645.078,645.078,1094.853,4.483,22.382,90.373,1.789,0.955,3
4.161,6.17328,14718.631,162.04868977967263,7727.302,113.73,113.73,627.831,1.663,8.903,16.648,0.33,0.993,1
1.138,1.54332,1793.576,140.61349838447435,6618.965,7.039,7.039,493.773,1.155,6.2,16.706,0.135,0.995,0
1.138,1.54332,7163.434,142.63458965828377,6688.943,8.204,8.204,639.655,1.327,7.124,11.07,0.306,0.979,0
2.088,3.08664,6938.863,143.782946492926,6790.524,27.566,27.566,599.202,1.331,7.142,10.536,0.262,0.99,0
3.144,4.6299600000000005,8377.359,145.21991097267795,7089.332,60.339,60.339,579.047,1.39,7.463,12.024,0.238,0.979,1
8.206,12.34656,50992.668,323.3137616317848,9300.892,438.075,438.075,923.035,3.596,18.622,60.523,1.198,0.984,3
5.14,7.7166,21631.22,201.51568052868024,8485.164,175.272,175.272,701.157,2.082,11.043,24.799,0.491,0.976,2
9.3,13.88988,72770.849,372.8435878095059,9746.882,644.984,644.984,1055.761,4.527,22.611,87.645,1.735,0.99,3
1.138,1.54332,2656.469,146.78808930559484,6667.192,10.395,10.395,497.656,1.195,6.36,0.525,0.131,1.0,0
6.175,12.34656,29762.386,241.56826414831696,8806.592,245.973,245.973,773.899,2.508,13.268,34.262,0.678,0.979,2
2.088,3.08664,6631.615,145.2009566970013,6750.952,30.082,30.082,598.591,1.329,7.218,3.128,0.25,0.994,0
4.161,6.17328,14721.878,162.04963225746872,7766.895,113.774,113.774,644.6,1.66,8.943,17.374,0.344,0.969,1
1.138,1.54332,3535.606,144.52425763941804,6614.764,9.235,9.235,546.663,1.224,6.654,6.758,0.185,0.994,0
3.144,4.6299600000000005,8379.396,145.22106288998427,7132.4,60.358,60.358,577.184,1.388,7.402,11.926,0.236,0.969,1
4.161,6.17328,14721.506,162.04994641673406,7772.136,113.769,113.769,628.067,1.659,8.828,16.609,0.329,0.979,1
2.088,3.08664,5402.624,141.0067210649487,6821.545,22.771,22.771,591.975,1.277,6.929,23.52,0.247,0.955,0
9.3,13.88988,72770.163,372.8452633255878,9770.084,644.754,644.754,1090.555,4.503,22.629,90.395,1.789,0.964,3
7.148,10.80324,38989.47,280.44735819208285,9126.399,332.178,332.178,846.557,2.971,15.718,45.452,0.9,0.962,3
4.161,6.17328,14721.435,162.04921337844823,7754.743,113.767,113.767,648.552,1.661,8.99,17.569,0.348,0.97,1
2.088,12.34656,5760.132,145.86351858764337,6841.293,31.274,31.274,564.385,1.301,6.937,0.0,0.208,0.977,0
6.175,9.25992,29763.392,241.5649131161532,8806.428,246.017,246.017,753.428,2.509,13.119,33.012,0.654,0.992,2
8.206,12.34656,50994.166,323.323500569011,9314.085,438.033,438.033,918.819,3.575,18.304,59.81,1.184,0.97,3
9.3,13.88988,72774.133,372.8447397268122,9756.266,644.803,644.803,1061.611,4.516,22.512,87.973,1.741,0.983,3
4.161,6.17328,14719.783,162.04921337844823,7744.632,113.736,113.736,630.053,1.661,8.888,16.731,0.331,0.986,1
4.161,6.17328,14718.423,162.0480614611419,7711.475,113.737,113.737,644.845,1.665,9.041,17.451,0.345,0.986,1
7.148,10.80324,38978.492,280.447462911838,9137.977,332.166,332.166,836.51,2.957,15.436,44.521,0.881,0.954,3
7.148,10.80324,39005.798,280.4425410833473,9117.652,332.359,332.359,813.721,2.985,15.615,43.379,0.859,0.993,3
8.206,12.34656,50994.38,323.3248619258275,9313.969,437.988,437.988,923.257,3.576,18.358,60.177,1.191,0.968,3
6.175,9.25992,29793.976,241.62439393706111,8832.311,246.313,246.313,790.947,2.5,13.265,35.17,0.696,0.953,2
8.206,12.34656,50991.122,323.3071642872123,9295.416,437.94,437.94,916.52,3.604,18.658,60.137,1.191,0.994,3
1.138,12.34656,1361.166,145.0235614318286,6678.547,9.427,9.427,464.828,1.143,6.077,0.0,0.09,0.987,0
7.148,10.80324,38982.43,280.44840538963405,9132.423,332.208,332.208,853.012,2.963,15.665,45.763,0.906,0.951,3
2.088,3.08664,6954.875,143.78231817439524,6783.385,27.57,27.57,600.894,1.332,7.159,10.784,0.263,0.991,0
4.161,12.34656,14721.406,162.04994641673406,7771.873,113.767,113.767,626.783,1.659,8.82,16.549,0.328,0.98,1
9.3,13.88988,72774.703,372.8458916441186,9774.032,644.895,644.895,1086.181,4.497,22.494,89.872,1.779,0.964,3
5.14,7.7166,21626.83,201.5163088472109,8474.657,175.226,175.226,686.953,2.086,11.002,24.073,0.477,0.993,2
8.206,12.34656,50993.126,323.3179504219896,9302.465,437.999,437.999,903.184,3.591,18.364,58.85,1.165,0.992,3
9.3,13.88988,72765.782,372.8441114082816,9758.708,644.819,644.819,1086.149,4.516,22.783,90.27,1.787,0.971,3
9.3,13.88988,72769.722,372.8450538860776,9764.336,645.097,645.097,1084.864,4.509,22.661,90.001,1.782,0.969,3
4.161,6.17328,14722.18,162.0501558562443,7779.729,113.781,113.781,633.286,1.658,8.849,16.841,0.333,0.973,1
2.088,3.08664,6751.535,144.75914405015143,6819.011,29.304,29.304,592.101,1.328,7.1,5.268,0.249,0.983,0
6.175,9.25992,29792.107,241.63277151747067,8826.1,246.288,246.288,797.685,2.502,13.348,35.609,0.705,0.953,2
9.3,13.88988,72758.334,372.83929429954605,9725.881,644.862,644.862,1056.664,4.553,22.995,88.23,1.747,0.999,3
6.175,9.25992,29796.246,241.61622579616176,8839.22,246.275,246.275,775.187,2.498,13.112,34.181,0.677,0.958,2
4.161,6.17328,14721.635,162.04963225746872,7767.241,113.773,113.773,635.808,1.659,8.886,16.971,0.336,0.975,1
4.161,6.17328,14720.136,162.04879449942777,7738.808,113.75,113.75,644.025,1.662,8.988,17.381,0.344,0.978,1
1.138,1.54332,7016.968,141.32527856002267,6681.23,7.487,7.487,637.97,1.32,7.082,17.411,0.309,0.98,0
3.144,12.34656,8379.373,145.22106288998427,7129.289,60.364,60.364,580.416,1.388,7.422,12.058,0.239,0.967,1
4.161,6.17328,14721.012,162.0501558562443,7774.482,113.744,113.744,639.783,1.659,8.899,17.145,0.339,0.97,1
9.3,13.88988,72768.972,372.8429594909752,9739.412,644.752,644.752,1050.237,4.536,22.677,87.295,1.728,0.996,3
2.088,3.08664,6037.587,141.40853076534282,6729.398,23.415,23.415,589.104,1.3,7.054,21.704,0.253,0.998,0
4.161,12.34656,14720.542,162.04921337844823,7750.09,113.76,113.76,636.149,1.661,8.918,17.006,0.337,0.98,1
9.3,13.88988,72773.778,372.8446350070572,9758.718,645.012,645.012,1065.737,4.514,22.519,88.308,1.748,0.98,3
3.144,4.6299600000000005,8379.099,145.220853450474,7113.425,60.359,60.359,598.24,1.389,7.533,12.779,0.253,0.956,1
5.14,7.7166,21630.982,201.51547108917,8484.301,175.295,175.295,703.567,2.082,11.064,24.933,0.494,0.975,2
6.175,9.25992,29761.137,241.5714057409706,8786.086,245.982,245.982,775.068,2.516,13.39,34.449,0.682,0.992,2
5.14,7.7166,21625.357,201.5157852484353,8469.223,175.263,175.263,688.238,2.087,11.04,24.167,0.478,0.996,2
3.144,4.6299600000000005,8379.68,145.22116760973938,7129.44,60.36,60.36,590.826,1.388,7.475,12.475,0.247,0.958,1
4.161,6.17328,14720.776,162.04973697722383,7762.905,113.748,113.748,625.019,1.66,8.824,16.477,0.326,0.984,1
9.3,13.88988,72776.725,372.8481954787312,9791.012,644.823,644.823,1098.682,4.477,22.33,90.586,1.793,0.951,3
7.148,10.80324,38976.641,280.44725347232776,9139.982,332.11,332.11,837.562,2.954,15.409,44.551,0.882,0.951,3
6.175,9.25992,29760.94,241.5701491039092,8781.017,246.018,246.018,770.962,2.518,13.388,34.227,0.678,0.998,2
8.206,12.34656,50992.156,323.3113530774171,9294.566,438.084,438.084,910.762,3.604,18.611,59.689,1.182,0.998,3
4.161,6.17328,14717.581,162.0479567413868,7703.802,113.729,113.729,636.879,1.665,9.003,17.094,0.338,0.994,1
5.14,7.7166,21638.722,201.518089083048,8511.747,175.324,175.324,704.052,2.073,10.924,24.839,0.492,0.956,2
7.148,10.80324,39006.289,280.4427505228576,9118.329,332.366,332.366,804.564,2.985,15.53,42.726,0.846,0.998,3
6.175,9.25992,29790.194,241.6392641422881,8818.025,246.194,246.194,777.585,2.506,13.243,34.443,0.682,0.97,2
9.3,12.34656,72757.938,372.8405509366074,9727.01,644.999,644.999,1057.713,4.551,22.988,88.304,1.748,0.998,3
5.14,7.7166,21630.652,201.51620412745584,8485.029,175.274,175.274,696.795,2.082,11.014,24.564,0.486,0.979,2
2.088,3.08664,3106.565,144.07186829730114,6842.648,27.998,27.998,501.184,1.209,6.458,3.506,0.129,0.966,0
1.138,1.54332,6562.859,139.63269315802364,6686.588,6.649,6.649,640.875,1.302,7.023,25.071,0.311,0.967,0
7.148,10.80324,38992.414,280.44788179085845,9127.83,332.191,332.191,812.464,2.972,15.424,43.079,0.853,0.981,3
1.138,1.54332,4770.24,147.56940339854265,6706.926,10.933,10.933,563.306,1.268,6.757,0.0,0.206,0.985,0
7.148,10.80324,38983.49,280.44735819208285,9132.457,332.144,332.144,839.226,2.964,15.554,44.823,0.887,0.959,3
9.3,13.88988,72772.728,372.84421612803663,9747.286,644.974,644.974,1051.069,4.526,22.544,87.183,1.726,0.992,3
8.206,12.34656,50997.566,323.33512446182925,9319.026,438.075,438.075,941.085,3.572,18.475,61.507,1.218,0.954,3
4.161,6.17328,14722.916,162.05036529575457,7790.308,113.778,113.778,631.639,1.657,8.821,16.753,0.332,0.971,1
3.144,4.6299600000000005,8377.285,145.21980625292284,7087.409,60.337,60.337,577.387,1.39,7.457,11.958,0.237,0.981,1
3.144,12.34656,8377.115,145.21970153316772,7084.867,60.329,60.329,578.171,1.39,7.464,11.991,0.237,0.981,1
8.206,12.34656,50993.383,323.318264581255,9300.422,438.099,438.099,916.175,3.596,18.554,59.975,1.187,0.988,3
1.138,12.34656,687.349,143.0739937507659,6679.909,8.478,8.478,464.198,1.113,6.005,0.0,0.081,0.962,0
1.138,1.54332,379.88,141.93453809530885,6683.916,7.915,7.915,464.017,1.1,5.963,3.879,0.079,0.95,0
3.144,4.6299600000000005,8374.747,145.21834017635112,7035.804,60.301,60.301,580.033,1.393,7.535,12.094,0.239,0.993,1
3.144,4.6299600000000005,8380.606,145.22179592827013,7152.438,60.366,60.366,584.894,1.387,7.418,12.225,0.242,0.957,1
8.206,12.34656,50994.494,323.3246524863173,9311.615,437.949,437.949,925.007,3.58,18.427,60.387,1.195,0.97,3
4.161,6.17328,14724.495,162.0502605759994,7794.325,113.8,113.8,659.192,1.657,8.99,18.004,0.356,0.951,1
7.148,10.80324,39002.526,280.44264580310244,9117.722,332.306,332.306,834.477,2.984,15.779,44.813,0.887,0.98,3
8.206,12.34656,50994.456,323.32391944803146,9308.138,438.008,438.008,925.448,3.585,18.503,60.521,1.198,0.974,3
4.161,6.17328,14722.543,162.04963225746872,7770.332,113.778,113.778,650.427,1.659,8.975,17.636,0.349,0.964,1
2.088,3.08664,6778.1,144.71840806540988,6823.466,29.236,29.236,592.49,1.328,7.096,5.63,0.249,0.982,0
7.148,10.80324,38978.341,280.44767235134816,9139.003,332.143,332.143,831.098,2.956,15.376,44.13,0.874,0.956,3
7.148,10.80324,39006.687,280.44233164383706,9117.793,332.372,332.372,807.178,2.986,15.561,42.92,0.85,0.997,3
7.148,10.80324,38975.334,280.447462911838,9143.019,332.08,332.08,828.156,2.951,15.283,43.846,0.868,0.953,3
8.206,12.34656,50994.315,323.3255949641134,9320.334,437.978,437.978,921.939,3.565,18.209,59.886,1.186,0.961,3
9.3,13.88988,72770.237,372.843692529261,9742.271,644.776,644.776,1049.581,4.533,22.617,87.162,1.725,0.995,3
8.206,12.34656,50993.67,323.3201495368472,9306.511,438.024,438.024,911.134,3.586,18.372,59.392,1.176,0.983,3
4.161,6.17328,14720.531,162.04889921918286,7743.265,113.741,113.741,644.931,1.662,8.986,17.417,0.345,0.976,1
2.088,3.08664,3965.671,145.42704664830464,6835.003,30.432,30.432,522.201,1.242,6.643,0.0,0.153,0.972,0
5.14,12.34656,21627.536,201.5137955730881,8470.574,175.247,175.247,709.109,2.087,11.175,25.292,0.501,0.981,2
2.088,3.08664,4010.543,145.5243313008108,6793.017,30.596,30.596,527.204,1.245,6.712,0.0,0.157,0.98,0
4.161,6.17328,14722.019,162.0500511364892,7777.192,113.771,113.771,631.54,1.658,8.842,16.763,0.332,0.975,1
5.14,7.7166,21631.731,201.513690853333,8482.019,175.245,175.245,719.892,2.083,11.186,25.817,0.511,0.966,2
3.144,4.6299600000000005,8378.539,145.22053929120867,7109.626,60.354,60.354,583.025,1.389,7.459,12.174,0.241,0.97,1
6.175,9.25992,29764.95,241.58344851280933,8810.036,245.972,245.972,783.547,2.507,13.322,34.829,0.69,0.971,2
1.138,12.34656,3609.345,147.59935324850684,6678.757,10.888,10.888,527.006,1.23,6.561,0.0,0.164,0.996,0
9.3,13.88988,72767.837,372.84599636387367,9781.636,644.854,644.854,1107.141,4.492,22.632,91.652,1.814,0.952,3
5.14,7.7166,21630.88,201.5169371657417,8487.646,175.259,175.259,691.128,2.081,10.962,24.245,0.48,0.981,2
1.138,1.54332,3967.871,137.23743819917163,6680.675,5.417,5.417,581.387,1.221,6.578,32.602,0.243,0.961,0
3.144,4.6299600000000005,8379.728,145.22127232949452,7136.458,60.362,60.362,580.52,1.388,7.414,12.058,0.239,0.965,1
7.148,10.80324,38999.998,280.4441118796741,9119.718,332.293,332.293,832.008,2.981,15.723,44.6,0.883,0.979,3
5.14,7.7166,21628.072,201.5164135669661,8478.36,175.28,175.28,688.948,2.084,10.996,24.166,0.478,0.989,2
5.14,7.7166,21630.76,201.5133766940676,8478.264,175.277,175.277,719.289,2.084,11.203,25.802,0.511,0.969,2
2.088,3.08664,4150.752,140.84314880745174,6860.576,22.459,22.459,548.738,1.237,6.621,22.447,0.198,0.952,0
7.148,10.80324,38998.956,280.4451590772253,9121.323,332.264,332.264,823.863,2.98,15.63,44.005,0.871,0.982,3
9.3,13.88988,72768.952,372.8430642107304,9747.826,644.995,644.995,1063.509,4.527,22.692,88.368,1.749,0.986,3
6.175,9.25992,29791.56,241.6322479186952,8822.084,246.205,246.205,771.633,2.504,13.177,34.06,0.674,0.971,2
8.206,12.34656,50985.641,323.2858014571679,9291.97,437.923,437.923,918.876,3.609,18.751,60.417,1.196,0.997,3
5.14,7.7166,21625.95,201.51620412745584,8471.897,175.259,175.259,685.465,2.087,11.006,24.004,0.475,0.996,2
4.161,6.17328,14725.282,162.05120305379552,7821.36,113.811,113.811,641.488,1.654,8.832,17.171,0.34,0.955,1
5.14,7.7166,21628.712,201.5144238916188,8475.099,175.256,175.256,705.766,2.085,11.128,25.092,0.497,0.98,2
6.175,9.25992,29762.95,241.5660650334595,8797.277,245.955,245.955,752.09,2.513,13.16,32.979,0.653,0.999,2
5.14,7.7166,21624.389,201.51285309529203,8459.663,175.222,175.222,711.871,2.09,11.253,25.489,0.505,0.987,2
4.161,12.34656,14723.696,162.0504700155097,7795.22,113.79,113.79,643.905,1.657,8.891,17.31,0.343,0.961,1
1.138,1.54332,1733.343,137.74072134227671,6641.328,5.667,5.667,522.495,1.148,6.237,28.399,0.168,0.964,0
8.206,12.34656,50993.722,323.320044817092,9302.611,438.059,438.059,918.799,3.593,18.54,60.13,1.19,0.984,3
4.161,6.17328,14719.902,162.0494228179585,7751.546,113.756,113.756,621.559,1.661,8.821,16.329,0.323,0.99,1
3.144,4.6299600000000005,8378.191,145.2203298516984,7097.948,60.348,60.348,592.482,1.39,7.522,12.559,0.249,0.965,1
7.148,10.80324,39016.385,280.4330115856315,9110.808,332.47,332.47,819.705,2.994,15.786,43.941,0.87,0.998,3
3.144,4.6299600000000005,8376.651,145.21938737390235,7064.933,60.324,60.324,592.461,1.391,7.563,12.577,0.249,0.974,1
2.088,3.08664,2995.789,141.8367298440271,6810.69,24.107,24.107,514.229,1.202,6.479,15.439,0.15,0.964,0
6.175,9.25992,29794.01,241.6238703382856,8832.186,246.237,246.237,787.661,2.5,13.242,34.973,0.692,0.955,2
8.206,12.34656,50994.27,323.323500569011,9307.445,438.095,438.095,923.057,3.586,18.49,60.344,1.195,0.976,3
2.088,12.34656,6378.543,145.5062147831751,6771.133,30.624,30.624,589.171,1.321,7.149,1.033,0.238,0.99,0
3.144,12.34656,8378.755,145.2206440109638,7117.867,60.353,60.353,578.204,1.389,7.425,11.975,0.237,0.972,1
6.175,12.34656,29760.448,241.5696255051336,8777.995,246.015,246.015,775.922,2.519,13.441,34.547,0.684,0.997,2
2.088,3.08664,6599.71,142.21204544637598,6748.753,24.806,24.806,597.687,1.318,7.12,18.267,0.263,0.997,0
9.3,13.88988,72778.307,372.8467294021595,9775.389,644.859,644.859,1077.633,4.494,22.354,89.011,1.762,0.967,3
6.175,9.25992,29794.557,241.6186343505296,8832.381,246.245,246.245,762.571,2.501,13.055,33.451,0.662,0.97,2
8.206,12.34656,50994.451,323.32632800239924,9322.989,438.073,438.073,923.711,3.561,18.174,59.954,1.187,0.957,3
8.206,12.34656,50993.521,323.3210920146432,9313.222,438.026,438.026,908.69,3.575,18.205,59.002,1.168,0.976,3
7.148,10.80324,39016.014,280.4337446239173,9111.394,332.493,332.493,815.361,2.994,15.741,43.626,0.864,1.0,3
9.3,13.88988,72782.802,372.8475671602004,9788.242,645.0,645.0,1084.517,4.477,22.19,89.316,1.768,0.958,3
8.206,12.34656,50997.254,323.33512446182925,9323.622,438.133,438.133,937.696,3.564,18.334,61.091,1.209,0.95,3
8.206,12.34656,50994.493,323.3246524863173,9310.642,438.082,438.082,925.373,3.581,18.451,60.444,1.197,0.971,3
2.088,3.08664,3459.12,141.2098773898808,6867.962,23.063,23.063,525.065,1.215,6.48,19.084,0.168,0.953,0
5.14,7.7166,21637.642,201.5158899681905,8503.716,175.303,175.303,717.072,2.076,11.053,25.57,0.506,0.953,2
8.206,12.34656,50993.71,323.320044817092,9303.285,438.014,438.014,921.172,3.592,18.553,60.305,1.194,0.982,3
2.088,3.08664,4153.586,140.80586857462916,6830.632,22.387,22.387,553.39,1.238,6.674,22.733,0.202,0.956,0
9.3,13.88988,72764.991,372.8452633255878,9775.77,644.776,644.776,1106.3,4.499,22.734,91.732,1.816,0.955,3
1.138,1.54332,1467.562,146.07117786204566,6714.417,10.206,10.206,493.059,1.148,6.211,0.0,0.111,0.952,0
1.138,1.54332,2497.136,140.0614158354835,6615.836,6.76,6.76,520.541,1.179,6.354,20.952,0.168,0.993,0
6.175,9.25992,29792.002,241.6287921667761,8822.885,246.282,246.282,761.099,2.504,13.095,33.413,0.662,0.977,2
4.161,6.17328,14722.495,162.04952753771357,7768.632,113.775,113.775,652.67,1.66,8.992,17.74,0.351,0.963,1
8.206,12.34656,50992.665,323.3143899503156,9297.27,438.086,438.086,913.981,3.601,18.593,59.88,1.185,0.993,3
1.138,1.54332,940.482,143.3968447557998,6663.85,8.506,8.506,451.395,1.124,5.973,0.0,0.075,0.99,0
6.175,9.25992,29764.484,241.57203405950128,8808.524,245.939,245.939,757.528,2.508,13.138,33.254,0.658,0.988,2
8.206,12.34656,50993.191,323.3187881800306,9307.362,438.028,438.028,903.046,3.584,18.261,58.702,1.162,0.986,3
5.14,7.7166,21628.843,201.51400501259832,8474.279,175.236,175.236,709.693,2.085,11.159,25.307,0.501,0.978,2
4.161,6.17328,14719.308,162.04889921918286,7736.062,113.754,113.754,629.584,1.662,8.899,16.719,0.331,0.989,1
2.088,3.08664,3167.383,144.20360574924163,6850.765,28.236,28.236,501.714,1.212,6.46,3.13,0.129,0.965,0
9.3,13.88988,72773.165,372.8434830897508,9742.506,644.988,644.988,1043.026,4.532,22.531,86.524,1.713,0.998,3
8.206,12.34656,50994.206,323.3238147282763,9313.675,438.107,438.107,919.842,3.576,18.324,59.905,1.186,0.97,3
6.175,9.25992,29774.517,241.6144455603248,8813.521,246.074,246.074,781.877,2.506,13.295,34.715,0.687,0.97,2
3.144,4.6299600000000005,8377.597,145.2200156924331,7086.031,60.334,60.334,592.74,1.39,7.538,12.576,0.249,0.968,1
9.3,13.88988,72761.155,372.84149341440354,9728.549,645.042,645.042,1052.09,4.549,22.892,87.729,1.737,1.0,3
5.14,7.7166,21624.38,201.5129578150472,8459.639,175.219,175.219,710.378,2.09,11.243,25.409,0.503,0.988,2
2.088,3.08664,3392.081,144.63159538841572,6851.442,28.997,28.997,505.737,1.22,6.495,0.765,0.134,0.967,0
3.144,4.6299600000000005,8375.071,145.21844489610626,7043.671,60.305,60.305,576.447,1.392,7.506,11.944,0.236,0.994,1
1.138,1.54332,3755.029,148.31626469205605,6719.159,11.427,11.427,545.097,1.235,6.623,0.0,0.179,0.972,0
8.206,12.34656,50995.088,323.32800351848107,9315.699,438.055,438.055,931.512,3.574,18.418,60.802,1.204,0.962,3
1.138,12.34656,4802.511,140.14644827664063,6625.992,6.9,6.9,601.852,1.254,6.839,23.475,0.259,0.978,0
2.088,3.08664,3281.417,141.39858238860646,6844.417,23.38,23.38,521.767,1.21,6.483,18.145,0.162,0.957,0
4.161,6.17328,14724.0,162.050784174775,7806.422,113.796,113.796,634.801,1.656,8.814,16.881,0.334,0.964,1
4.161,6.17328,14720.834,162.04952753771357,7757.733,113.756,113.756,631.416,1.66,8.874,16.779,0.332,0.981,1
1.138,1.54332,2749.285,148.07635173307693,6721.561,11.325,11.325,523.13,1.199,6.455,0.0,0.149,0.963,0
3.144,4.6299600000000005,8376.222,145.21907321463698,7070.654,60.318,60.318,570.304,1.391,7.441,11.679,0.231,0.992,1
6.175,9.25992,29767.44,241.58219187574792,8810.699,245.983,245.983,753.881,2.508,13.101,33.019,0.654,0.989,2
2.088,3.08664,3977.888,140.87226089937502,6840.93,22.497,22.497,546.302,1.232,6.623,22.039,0.193,0.955,0
2.088,12.34656,2832.009,142.822038019948,6807.719,25.799,25.799,503.383,1.198,6.452,9.982,0.134,0.968,0
7.148,10.80324,39004.145,280.44180804506146,9116.773,332.405,332.405,833.16,2.985,15.785,44.743,0.886,0.982,3
9.3,13.88988,72760.522,372.8413886946484,9738.604,644.874,644.874,1070.323,4.539,22.943,89.244,1.767,0.987,3
9.3,12.34656,72758.629,372.8407603761177,9732.889,644.813,644.813,1064.956,4.545,22.976,88.864,1.759,0.992,3
7.148,10.80324,39006.524,280.4407608475103,9115.932,332.42,332.42,826.773,2.987,15.75,44.321,0.878,0.987,3
7.148,10.80324,39010.73,280.43898061167323,9114.827,332.463,332.463,811.553,2.989,15.649,43.288,0.857,0.998,3
5.14,7.7166,21627.464,201.5164135669661,8476.478,175.23,175.23,686.53,2.085,10.989,24.043,0.476,0.992,2
5.14,7.7166,21627.781,201.51662300647635,8478.323,175.278,175.278,687.524,2.084,10.986,24.089,0.477,0.99,2
4.161,12.34656,14717.479,162.04785202163166,7701.654,113.731,113.731,636.438,1.666,9.004,17.076,0.338,0.995,1
7.148,10.80324,38988.926,280.44788179085845,9129.664,332.154,332.154,821.685,2.969,15.465,43.679,0.865,0.973,3
8.206,12.34656,50994.262,323.3224533714598,9306.604,438.005,438.005,925.161,3.588,18.531,60.54,1.199,0.976,3
2.088,3.08664,4062.779,140.82838332197989,6833.298,22.423,22.423,549.991,1.235,6.651,22.398,0.198,0.956,0
5.14,7.7166,21624.576,201.5133766940676,8461.368,175.198,175.198,705.465,2.09,11.2,25.137,0.498,0.99,2
9.3,13.88988,72769.66,372.84714828118,9774.31,644.847,644.847,1093.114,4.498,22.582,90.523,1.792,0.961,3
4.161,12.34656,14717.026,162.0479567413868,7700.546,113.706,113.706,629.915,1.666,8.964,16.775,0.332,1.0,1
8.206,12.34656,50992.962,323.316484345418,9299.783,438.085,438.085,899.951,3.595,18.382,58.657,1.161,0.997,3
5.14,7.7166,21632.447,201.51714660525192,8492.385,175.299,175.299,693.67,2.08,10.954,24.363,0.482,0.976,2
4.161,6.17328,14723.826,162.04994641673406,7785.03,113.785,113.785,657.304,1.658,8.994,17.93,0.355,0.955,1
2.088,3.08664,3518.362,144.8723461054358,6824.107,29.429,29.429,511.962,1.226,6.569,0.312,0.139,0.972,0
4.161,6.17328,14724.716,162.050784174775,7808.872,113.802,113.802,645.347,1.656,8.877,17.361,0.344,0.956,1
1.138,1.54332,5499.761,141.6513758774653,6632.001,7.706,7.706,615.848,1.279,6.978,17.771,0.273,0.98,0
2.088,3.08664,2906.409,142.3599097406049,6850.851,25.01,25.01,503.303,1.199,6.398,12.263,0.138,0.96,0
9.3,12.34656,72762.405,372.8446350070572,9774.551,644.746,644.746,1110.173,4.501,22.81,92.131,1.824,0.954,3
6.175,9.25992,29791.456,241.6310960013888,8820.761,246.222,246.222,758.53,2.505,13.088,33.268,0.659,0.98,2
9.3,13.88988,72774.751,372.8457869243635,9761.74,645.089,645.089,1067.079,4.51,22.479,88.359,1.749,0.978,3
5.14,7.7166,21633.186,201.5159946879456,8491.779,175.28,175.28,703.312,2.08,11.023,24.886,0.493,0.97,2
7.148,10.80324,39001.104,280.4434835611434,9118.704,332.32,332.32,834.091,2.982,15.758,44.765,0.886,0.979,3
1.138,1.54332,5407.484,141.9246944383276,6630.197,7.833,7.833,608.896,1.277,6.951,16.331,0.265,0.984,0
2.088,3.08664,2900.669,143.44072233319494,6816.554,26.881,26.881,501.452,1.201,6.456,6.753,0.13,0.968,0
6.175,9.25992,29761.337,241.57255765827688,8790.174,246.004,246.004,777.08,2.514,13.382,34.548,0.684,0.988,2
7.148,10.80324,38987.17,280.4481959501238,9131.657,332.268,332.268,819.351,2.966,15.412,43.476,0.861,0.972,3
5.14,7.7166,21627.996,201.51410973235343,8472.369,175.222,175.222,707.176,2.086,11.152,25.18,0.498,0.981,2
7.148,10.80324,38996.426,280.44735819208285,9125.534,332.365,332.365,804.369,2.975,15.401,42.563,0.843,0.989,3
5.14,7.7166,21630.966,201.5137955730881,8480.022,175.282,175.282,715.816,2.083,11.17,25.609,0.507,0.97,2
8.206,12.34656,50993.534,323.3209872948881,9312.265,438.057,438.057,909.025,3.577,18.228,59.057,1.169,0.977,3
6.175,9.25992,29762.748,241.56627447296967,8797.241,245.964,245.964,755.188,2.513,13.182,33.171,0.657,0.997,2
5.14,7.7166,21632.356,201.5157852484353,8488.962,175.26,175.26,703.221,2.081,11.037,24.894,0.493,0.972,2
5.14,12.34656,21629.624,201.51306253480223,8474.524,175.278,175.278,718.693,2.085,11.219,25.787,0.51,0.972,2
4.161,12.34656,14720.163,162.04921337844823,7747.35,113.752,113.752,633.091,1.661,8.903,16.869,0.334,0.983,1
6.175,9.25992,29791.617,241.6342375940424,8823.695,246.218,246.218,789.985,2.503,13.304,35.161,0.696,0.959,2
1.138,1.54332,7346.094,141.66687440122303,6713.315,7.805,7.805,668.056,1.328,7.205,16.776,0.333,0.954,0
9.3,13.88988,72757.338,372.8405509366074,9728.326,644.823,644.823,1060.708,4.55,23.003,88.562,1.753,0.996,3
7.148,10.80324,38975.564,280.44767235134816,9143.022,332.005,332.005,826.481,2.951,15.27,43.731,0.866,0.954,3
1.138,1.54332,3578.772,148.3832853353326,6727.237,11.499,11.499,545.109,1.229,6.61,0.0,0.176,0.965,0
2.088,3.08664,5742.301,145.885090857198,6812.994,31.304,31.304,567.251,1.301,6.978,0.0,0.21,0.982,0
9.3,13.88988,72777.565,372.8463105231391,9769.619,645.103,645.103,1070.064,4.5,22.367,88.438,1.751,0.973,3
7.148,10.80324,39007.954,280.441389166041,9116.793,332.365,332.365,809.173,2.987,15.595,43.08,0.853,0.997,3
2.088,3.08664,5544.073,145.97410264904974,6820.407,31.463,31.463,561.801,1.295,6.931,0.0,0.203,0.98,0
1.138,1.54332,3261.294,148.11342252638926,6694.563,11.329,11.329,540.633,1.219,6.6,0.0,0.169,0.969,0
4.161,6.17328,14719.39,162.04837562040728,7724.367,113.735,113.735,646.209,1.664,9.028,17.498,0.346,0.981,1
4.161,6.17328,14721.498,162.04931809820337,7758.418,113.77,113.77,645.444,1.66,8.963,17.423,0.345,0.971,1
2.088,3.08664,6260.657,145.5906189058015,6799.718,30.78,30.78,582.1,1.317,7.08,0.355,0.23,0.985,0
2.088,12.34656,4877.135,140.77445264809327,6745.874,22.298,22.298,551.22,1.263,6.779,22.594,0.211,1.0,0
6.175,9.25992,29762.522,241.5737095755832,8807.891,245.918,245.918,785.776,2.508,13.349,34.974,0.692,0.971,2
2.088,3.08664,2883.229,143.0442533403119,6855.266,26.201,26.201,498.655,1.199,6.39,8.535,0.13,0.961,0
7.148,10.80324,38983.65,280.44840538963405,9131.409,332.145,332.145,851.639,2.965,15.671,45.691,0.905,0.953,3
4.161,6.17328,14719.227,162.04900393893797,7737.318,113.749,113.749,624.88,1.662,8.867,16.499,0.327,0.992,1
1.138,1.54332,5414.893,138.08231718347707,6686.941,5.867,5.867,619.7,1.265,6.839,31.029,0.286,0.96,0
5.14,7.7166,21633.499,201.51568052868024,8491.884,175.265,175.265,706.252,2.08,11.042,25.044,0.496,0.968,2
5.14,7.7166,21634.597,201.51662300647635,8497.384,175.294,175.294,702.042,2.078,10.985,24.793,0.491,0.967,2
1.138,1.54332,2024.638,146.45612768186552,6673.233,10.275,10.275,491.144,1.171,6.279,0.147,0.117,0.984,0
9.3,13.88988,72770.364,372.843692529261,9738.79,645.035,645.035,1044.514,4.536,22.617,86.757,1.717,0.999,3
9.3,13.88988,72776.613,372.84735772069024,9790.293,645.021,645.021,1099.549,4.478,22.357,90.69,1.795,0.951,3
5.14,12.34656,21629.935,201.5157852484353,8482.284,175.242,175.242,698.161,2.083,11.038,24.65,0.488,0.98,2
2.088,3.08664,4297.975,145.80435192600078,6734.967,31.098,31.098,532.05,1.257,6.826,0.0,0.165,1.0,0
2.088,3.08664,2994.387,141.81578589300315,6784.202,24.06,24.06,516.465,1.202,6.517,15.674,0.152,0.969,0
7.148,10.80324,38977.218,280.44767235134816,9140.51,332.158,332.158,829.777,2.954,15.339,44.008,0.871,0.955,3
7.148,10.80324,39004.375,280.4446354784497,9120.392,332.443,332.443,797.427,2.983,15.437,42.183,0.835,1.0,3
4.161,6.17328,14719.426,162.04889921918286,7736.542,113.737,113.737,632.176,1.662,8.915,16.839,0.333,0.987,1
5.14,7.7166,21629.595,201.51410973235343,8477.092,175.234,175.234,711.25,2.084,11.154,25.377,0.502,0.975,2
1.138,1.54332,2975.321,147.94073965019695,6691.483,11.215,11.215,530.391,1.208,6.534,0.0,0.157,0.971,0
8.206,12.34656,50995.498,323.3291554357874,9315.297,438.062,438.062,932.559,3.575,18.438,60.9,1.206,0.962,3
7.148,10.80324,38999.948,280.4462062747765,9123.185,332.315,332.315,801.196,2.979,15.417,42.39,0.839,0.994,3
2.088,3.08664,2810.197,142.9414185407844,6775.102,25.993,25.993,505.196,1.198,6.498,9.441,0.134,0.974,0
5.14,7.7166,21631.596,201.51348141382272,8481.115,175.281,175.281,720.879,2.083,11.198,25.873,0.512,0.966,2
3.144,4.6299600000000005,8379.382,145.22095817022915,7125.904,60.359,60.359,584.915,1.388,7.449,12.241,0.242,0.964,1
5.14,7.7166,21628.555,201.51452861137392,8475.061,175.228,175.228,704.293,2.085,11.118,25.013,0.495,0.981,2
3.144,4.6299600000000005,8375.537,145.21907321463698,7051.281,60.305,60.305,591.02,1.392,7.573,12.527,0.248,0.979,1
7.148,10.80324,39009.529,280.43898061167323,9114.6,332.432,332.432,821.482,2.989,15.732,43.983,0.871,0.992,3
2.088,12.34656,5259.863,140.90535234199285,6799.1,22.585,22.585,590.6,1.273,6.937,23.842,0.244,0.959,0
2.088,3.08664,3971.105,145.4360525472449,6842.309,30.449,30.449,521.295,1.242,6.626,0.0,0.152,0.971,0
7.148,10.80324,38987.704,280.44788179085845,9130.632,332.17,332.17,823.01,2.967,15.458,43.75,0.866,0.971,3
6.175,12.34656,29796.579,241.61622579616176,8840.385,246.268,246.268,777.317,2.497,13.121,34.304,0.679,0.956,2
3.144,4.6299600000000005,8378.215,145.2203298516984,7101.082,60.343,60.343,589.155,1.389,7.501,12.424,0.246,0.967,1
7.148,10.80324,38977.008,280.447462911838,9140.504,332.12,332.12,831.462,2.954,15.352,44.124,0.874,0.954,3
6.175,9.25992,29796.607,241.61465499983493,8840.059,246.318,246.318,769.35,2.498,13.064,33.822,0.67,0.961,2
7.148,10.80324,38982.291,280.44788179085845,9135.027,332.2,332.2,829.036,2.961,15.429,44.072,0.873,0.962,3
3.144,12.34656,8379.856,145.22127232949452,7135.13,60.368,60.368,586.716,1.388,7.448,12.308,0.244,0.96,1
4.161,6.17328,14721.499,162.04963225746872,7765.251,113.772,113.772,636.668,1.66,8.895,17.013,0.337,0.975,1
3.144,4.6299600000000005,8377.079,145.21959681341258,7086.733,60.336,60.336,570.903,1.39,7.425,11.695,0.232,0.987,1
3.144,12.34656,8373.477,145.2168740997795,7007.193,60.282,60.282,584.668,1.394,7.596,12.298,0.243,0.997,1
1.138,1.54332,1002.115,138.7501150618751,6636.587,6.095,6.095,480.663,1.122,6.03,21.449,0.121,0.98,0
9.3,13.88988,72763.282,372.84494916632246,9776.536,645.061,645.061,1110.442,4.499,22.776,92.103,1.823,0.953,3
1.138,1.54332,1122.486,143.2865748536588,6649.178,8.517,8.517,469.408,1.132,6.085,2.239,0.093,0.982,0
2.088,3.08664,3819.416,145.3417000478821,6780.16,30.254,30.254,523.263,1.239,6.697,0.0,0.152,0.982,0
8.206,12.34656,50995.806,323.3317734296654,9324.807,438.05,438.05,931.973,3.56,18.233,60.578,1.199,0.951,3
8.206,12.34656,50992.676,323.3148088293361,9295.433,438.036,438.036,908.652,3.603,18.57,59.492,1.178,0.998,3
7.148,12.34656,39004.289,280.44316940187804,9118.588,332.326,332.326,815.0,2.984,15.609,43.448,0.86,0.991,3
4.161,6.17328,14721.584,162.04963225746872,7765.522,113.775,113.775,637.981,1.66,8.903,17.073,0.338,0.974,1
1.138,1.54332,1368.565,145.18650537079478,6682.878,9.545,9.545,468.665,1.143,6.095,0.0,0.093,0.982,0
7.148,10.80324,38978.65,280.44735819208285,9137.463,332.14,332.14,839.238,2.958,15.466,44.718,0.885,0.953,3
1.138,12.34656,559.291,142.29487877267562,6717.986,8.019,8.019,449.41,1.107,5.876,0.0,0.069,0.963,0
6.175,9.25992,29795.806,241.61622579616176,8836.684,246.306,246.306,764.635,2.499,13.047,33.553,0.664,0.966,2
7.148,10.80324,38998.992,280.4456826760009,9122.476,332.38,332.38,813.554,2.979,15.528,43.266,0.857,0.987,3
9.3,13.88988,72768.147,372.84316893048543,9748.062,644.867,644.867,1065.457,4.527,22.713,88.549,1.753,0.985,3
4.161,6.17328,14725.966,162.05141249330575,7830.807,113.81,113.81,643.344,1.654,8.828,17.245,0.341,0.951,1
3.144,4.6299600000000005,8373.652,145.2168740997795,7012.538,60.288,60.288,581.833,1.394,7.574,12.18,0.241,0.998,1
8.206,12.34656,50992.942,323.3177409824794,9304.664,438.003,438.003,899.77,3.587,18.28,58.507,1.158,0.991,3
8.206,12.34656,50993.667,323.3211967343984,9310.487,438.093,438.093,911.391,3.58,18.293,59.302,1.174,0.978,3
4.161,6.17328,14718.761,162.0484803401624,7722.634,113.727,113.727,636.917,1.664,8.97,17.073,0.338,0.988,1
1.138,1.54332,3835.088,141.44916203032923,6608.72,7.516,7.516,557.31,1.227,6.643,17.598,0.209,0.997,0
7.148,10.80324,39016.603,280.4328021461212,9110.85,332.578,332.578,818.042,2.994,15.772,43.825,0.868,0.999,3
4.161,6.17328,14725.037,162.05120305379552,7820.415,113.805,113.805,637.541,1.654,8.809,16.991,0.336,0.958,1
9.3,13.88988,72760.98,372.8413886946484,9738.384,644.875,644.875,1068.356,4.539,22.923,89.061,1.763,0.988,3
2.088,3.08664,5873.465,141.32936263047233,6769.976,23.271,23.271,574.82,1.294,6.929,21.145,0.24,0.995,0
8.206,12.34656,50995.309,323.32842239750164,9313.748,437.961,437.961,932.232,3.578,18.466,60.917,1.206,0.964,3
3.144,4.6299600000000005,8377.537,145.21991097267795,7087.826,60.341,60.341,585.216,1.39,7.497,12.274,0.243,0.974,1
4.161,6.17328,14722.807,162.0500511364892,7781.428,113.784,113.784,641.156,1.658,8.897,17.201,0.34,0.967,1
8.206,12.34656,50992.96,323.31606546639745,9297.05,437.935,437.935,910.58,3.601,18.559,59.607,1.18,0.995,3
7.148,10.80324,38985.489,280.4480912303687,9132.594,332.244,332.244,824.004,2.965,15.432,43.777,0.867,0.968,3
2.088,3.08664,3168.694,144.33471488265147,6756.824,28.444,28.444,509.083,1.215,6.6,2.538,0.134,0.983,0
5.14,7.7166,21637.597,201.5159946879456,8503.652,175.312,175.312,715.57,2.076,11.043,25.49,0.505,0.954,2
8.206,12.34656,50994.371,323.3249666455826,9315.906,438.093,438.093,922.568,3.573,18.309,60.065,1.189,0.966,3
2.088,3.08664,3909.676,145.4102914874855,6827.705,30.403,30.403,521.602,1.24,6.638,0.0,0.152,0.973,0
2.088,3.08664,4065.182,145.59962480474184,6774.926,30.727,30.727,530.095,1.248,6.754,0.0,0.16,0.984,0
6.175,9.25992,29760.814,241.56575087419407,8802.647,245.94,245.94,788.115,2.509,13.395,35.144,0.696,0.973,2
9.3,13.88988,72769.805,372.8450538860776,9760.35,644.789,644.789,1077.52,4.513,22.64,89.397,1.77,0.974,3
3.144,4.6299600000000005,8379.724,145.22127232949452,7132.816,60.368,60.368,586.265,1.388,7.448,12.291,0.243,0.961,1
4.161,6.17328,14722.133,162.04994641673406,7774.301,113.773,113.773,638.473,1.659,8.891,17.086,0.338,0.971,1
5.14,7.7166,21631.396,201.5133766940676,8480.165,175.256,175.256,720.348,2.083,11.2,25.85,0.512,0.967,2
5.14,7.7166,21626.416,201.51557580892512,8472.033,175.255,175.255,692.594,2.086,11.054,24.392,0.483,0.991,2
7.148,10.80324,38984.098,280.44735819208285,9131.964,332.216,332.216,838.543,2.965,15.557,44.787,0.887,0.96,3
3.144,4.6299600000000005,8376.188,145.2191779343921,7058.898,60.318,60.318,588.597,1.392,7.551,12.426,0.246,0.979,1
8.206,12.34656,50991.364,323.3075831662328,9295.961,438.069,438.069,917.166,3.603,18.655,60.176,1.191,0.993,3
5.14,7.7166,21635.229,201.51410973235343,8492.511,175.273,175.273,722.733,2.079,11.15,25.92,0.513,0.957,2
6.175,9.25992,29796.746,241.61570219738624,8841.615,246.298,246.298,781.07,2.497,13.143,34.524,0.684,0.953,2
4.161,12.34656,14722.13,162.0501558562443,7780.917,113.78,113.78,628.559,1.658,8.817,16.622,0.329,0.976,1
7.148,12.34656,38997.145,280.44683459330724,9124.507,332.244,332.244,807.951,2.977,15.447,42.834,0.848,0.988,3
2.088,3.08664,2819.827,143.06017074309008,6773.608,26.199,26.199,504.624,1.199,6.5,8.677,0.133,0.975,0
5.14,7.7166,21627.034,201.5144238916188,8470.409,175.246,175.246,701.737,2.087,11.126,24.895,0.493,0.986,2
5.14,7.7166,21633.063,201.5137955730881,8485.853,175.288,175.288,722.023,2.081,11.18,25.913,0.513,0.962,2
3.144,4.6299600000000005,8373.807,145.2169788195346,7017.524,60.294,60.294,580.242,1.394,7.559,12.113,0.24,0.998,1
4.161,6.17328,14722.737,162.0501558562443,7784.852,113.778,113.778,636.799,1.658,8.863,16.997,0.336,0.969,1
1.138,1.54332,5529.165,146.4357073296172,6677.948,10.271,10.271,586.511,1.291,6.919,0.488,0.234,0.99,0
1.138,1.54332,5084.464,141.58121364153513,6624.66,7.622,7.622,596.286,1.266,6.874,17.705,0.253,0.989,0
2.088,3.08664,2851.33,143.33317514468703,6723.192,26.66,26.66,496.784,1.202,6.524,6.706,0.126,0.997,0
5.14,7.7166,21627.588,201.51683244598647,8478.289,175.249,175.249,686.105,2.085,10.977,24.011,0.475,0.991,2
6.175,9.25992,29794.755,241.62041458636656,8833.949,246.245,246.245,777.362,2.5,13.156,34.342,0.68,0.96,2
3.144,4.6299600000000005,8376.97,145.21959681341258,7079.176,60.334,60.334,582.204,1.391,7.492,12.158,0.241,0.979,1
2.088,3.08664,5107.432,146.03536370579474,6808.704,31.554,31.554,552.603,1.282,6.884,0.0,0.19,0.981,0
6.175,9.25992,29790.318,241.6396830213086,8819.414,246.225,246.225,789.519,2.505,13.324,35.156,0.696,0.962,2
6.175,9.25992,29765.172,241.5804116399109,8809.793,245.943,245.943,772.232,2.507,13.24,34.145,0.676,0.978,2
5.14,7.7166,21629.165,201.5132719743125,8473.502,175.277,175.277,715.152,2.086,11.2,25.603,0.507,0.975,2
3.144,4.6299600000000005,8376.226,145.21907321463698,7070.98,60.325,60.325,569.107,1.391,7.434,11.63,0.23,0.993,1
7.148,10.80324,38994.155,280.4456826760009,9122.998,332.324,332.324,841.811,2.976,15.742,45.202,0.895,0.969,3
5.14,7.7166,21625.232,201.5147380508841,8466.653,175.249,175.249,696.797,2.088,11.112,24.644,0.488,0.992,2
6.175,9.25992,29773.324,241.6055443811396,8813.066,246.067,246.067,764.259,2.507,13.166,33.645,0.666,0.981,2
9.3,13.88988,72777.316,372.84390196877126,9752.604,645.141,645.141,1047.927,4.519,22.406,86.747,1.717,0.991,3
5.14,12.34656,21631.053,201.5157852484353,8485.119,175.256,175.256,699.699,2.082,11.033,24.721,0.489,0.977,2
5.14,7.7166,21635.891,201.5157852484353,8498.705,175.297,175.297,711.414,2.077,11.041,25.29,0.501,0.96,2
3.144,4.6299600000000005,8376.502,145.21938737390235,7066.182,60.321,60.321,587.435,1.391,7.535,12.375,0.245,0.978,1
9.3,13.88988,72770.078,372.84316893048543,9742.492,644.786,644.786,1051.497,4.532,22.637,87.342,1.729,0.994,3
1.138,12.34656,1864.72,140.69769306759056,6617.89,7.068,7.068,494.35,1.157,6.21,16.389,0.136,0.997,0
2.088,3.08664,3236.981,144.43482696854588,6730.575,28.608,28.608,503.645,1.218,6.599,1.297,0.131,0.998,0
9.3,13.88988,72764.125,372.8437972490162,9770.261,644.806,644.806,1102.543,4.505,22.787,91.525,1.812,0.959,3
7.148,10.80324,39012.735,280.436990936326,9113.321,332.483,332.483,814.589,2.991,15.7,43.531,0.862,0.998,3
5.14,7.7166,21630.057,201.513690853333,8477.223,175.265,175.265,715.743,2.084,11.184,25.617,0.507,0.972,2
6.175,9.25992,29761.978,241.5706727026848,8788.084,245.977,245.977,761.704,2.516,13.28,33.621,0.666,0.999,2
9.3,13.88988,72776.654,372.8472530009351,9779.716,644.836,644.836,1087.026,4.489,22.394,89.798,1.778,0.961,3
9.3,13.88988,72778.886,372.84547276509807,9764.431,644.915,644.915,1059.818,4.505,22.334,87.589,1.734,0.98,3
6.175,12.34656,29796.284,241.61465499983493,8838.845,246.275,246.275,765.675,2.498,13.043,33.605,0.665,0.964,2
6.175,9.25992,29791.843,241.63287623722584,8824.834,246.236,246.236,792.166,2.503,13.314,35.285,0.699,0.957,2
2.088,12.34656,2997.17,141.7999732099801,6783.836,24.033,24.033,517.79,1.202,6.524,15.693,0.153,0.968,0
7.148,10.80324,38985.161,280.447462911838,9131.503,332.231,332.231,834.452,2.966,15.533,44.517,0.881,0.963,3
4.161,6.17328,14720.401,162.0494228179585,7753.018,113.753,113.753,629.236,1.661,8.868,16.684,0.33,0.984,1
2.088,3.08664,6441.577,141.9948566742578,6771.173,24.434,24.434,589.657,1.312,7.045,18.963,0.256,0.994,0
3.144,12.34656,8378.128,145.2202251319433,7107.137,60.349,60.349,573.585,1.389,7.414,11.793,0.233,0.979,1
5.14,7.7166,21638.171,201.51557580892512,8503.796,175.33,175.33,718.581,2.076,11.063,25.65,0.508,0.952,2
6.175,9.25992,29761.721,241.57234821876668,8791.153,246.0,246.0,771.137,2.514,13.333,34.181,0.677,0.991,2
3.144,4.6299600000000005,8378.135,145.2203298516984,7098.524,60.342,60.342,589.96,1.39,7.508,12.458,0.247,0.967,1
5.14,12.34656,21633.208,201.5143191718637,8487.562,175.307,175.307,717.032,2.081,11.138,25.64,0.508,0.964,2
7.148,10.80324,38994.674,280.4469393130624,9125.322,332.354,332.354,817.438,2.975,15.508,43.476,0.861,0.981,3
1.138,1.54332,7276.103,141.89390683032244,6700.148,7.871,7.871,656.478,1.328,7.169,14.751,0.323,0.965,0
2.088,3.08664,6051.055,141.503197423971,6833.979,23.631,23.631,608.52,1.297,7.036,21.978,0.266,0.952,0
9.3,13.88988,72768.98,372.8437972490162,9760.081,644.895,644.895,1082.37,4.514,22.708,89.87,1.779,0.972,3
3.144,4.6299600000000005,8376.141,145.21907321463698,7060.182,60.314,60.314,583.618,1.391,7.523,12.225,0.242,0.983,1
8.206,12.34656,50988.958,323.29711119072084,9292.893,438.044,438.044,916.73,3.607,18.71,60.22,1.192,0.997,3
9.3,13.88988,72766.238,372.844530287302,9779.313,644.928,644.928,1109.825,4.495,22.714,91.97,1.821,0.952,3
2.088,3.08664,4584.789,140.77591872466493,6840.263,22.352,22.352,564.931,1.251,6.739,23.374,0.216,0.954,0
9.3,12.34656,72763.094,372.8443208477918,9771.806,645.056,645.056,1105.765,4.504,22.802,91.788,1.817,0.957,3
7.148,10.80324,39005.021,280.4424363635922,9117.514,332.41,332.41,820.341,2.985,15.67,43.842,0.868,0.989,3
6.175,9.25992,29792.202,241.6312007211439,8825.813,246.274,246.274,789.398,2.502,13.289,35.113,0.695,0.958,2
5.14,7.7166,21623.371,201.51505221014952,8462.021,175.246,175.246,689.981,2.09,11.09,24.294,0.481,1.0,2
8.206,12.34656,50994.543,323.3272704801953,9324.687,438.022,438.022,925.811,3.559,18.163,60.077,1.189,0.954,3
4.161,6.17328,14722.659,162.04963225746872,7770.916,113.774,113.774,653.135,1.659,8.991,17.758,0.352,0.962,1
1.138,1.54332,6509.168,140.05000138217548,6649.015,6.842,6.842,643.409,1.303,7.083,24.043,0.311,0.975,0
2.088,3.08664,5617.817,145.9849935035822,6794.701,31.478,31.478,566.306,1.298,6.985,0.0,0.208,0.985,0
5.14,7.7166,21625.047,201.5132719743125,8462.313,175.212,175.212,707.455,2.089,11.208,25.24,0.5,0.988,2
5.14,7.7166,21624.789,201.5163088472109,8469.144,175.248,175.248,683.982,2.088,11.011,23.934,0.474,0.999,2
3.144,4.6299600000000005,8376.866,145.21949209365746,7069.397,60.332,60.332,593.365,1.391,7.562,12.61,0.25,0.972,1
3.144,4.6299600000000005,8380.316,145.22158648875984,7141.07,60.361,60.361,593.115,1.388,7.473,12.56,0.249,0.953,1
5.14,7.7166,21627.696,201.5147380508841,8473.126,175.275,175.275,700.341,2.086,11.101,24.808,0.491,0.985,2
1.138,1.54332,6138.93,139.24879053575495,6647.234,6.444,6.444,640.772,1.29,7.033,27.487,0.308,0.97,0
7.148,10.80324,39006.507,280.4429599623678,9118.364,332.441,332.441,802.949,2.985,15.517,42.612,0.844,0.999,3
8.206,12.34656,50993.07,323.316484345418,9296.183,438.039,438.039,904.868,3.601,18.512,59.161,1.171,0.999,3
6.175,9.25992,29797.598,241.61423612081447,8844.785,246.288,246.288,779.444,2.496,13.114,34.408,0.681,0.952,2
2.088,3.08664,3095.447,141.56152632757264,6775.144,23.625,23.625,522.783,1.205,6.554,17.297,0.16,0.969,0
5.14,7.7166,21627.348,201.5129578150472,8467.96,175.213,175.213,715.028,2.087,11.229,25.621,0.507,0.979,2
5.14,7.7166,21626.115,201.5131672545573,8465.108,175.222,175.222,710.48,2.088,11.214,25.39,0.503,0.984,2
6.175,9.25992,29761.4,241.5643895173776,8801.443,245.934,245.934,777.799,2.51,13.325,34.527,0.684,0.98,2
1.138,1.54332,2868.817,147.98105675591802,6708.637,11.181,11.181,514.047,1.204,6.428,0.0,0.144,0.979,0
3.144,4.6299600000000005,8378.945,145.2207487307189,7119.022,60.355,60.355,583.571,1.389,7.451,12.19,0.241,0.967,1
8.206,12.34656,50988.435,323.29711119072084,9300.463,438.055,438.055,932.117,3.598,18.732,61.272,1.213,0.98,3
4.161,12.34656,14718.44,162.0482709006521,7716.566,113.743,113.743,638.218,1.664,8.989,17.14,0.339,0.989,1
4.161,6.17328,14725.496,162.05120305379552,7824.034,113.812,113.812,643.275,1.654,8.839,17.249,0.341,0.953,1
1.138,1.54332,6775.992,140.2173435508567,6686.188,6.943,6.943,642.619,1.31,7.056,22.506,0.313,0.97,0
6.175,9.25992,29791.938,241.6305724026132,8823.067,246.264,246.264,768.968,2.504,13.152,33.892,0.671,0.972,2
3.144,4.6299600000000005,8377.281,145.21980625292284,7082.122,60.337,60.337,589.316,1.39,7.525,12.441,0.246,0.972,1
5.14,7.7166,21636.432,201.51358613357783,8494.777,175.306,175.306,731.494,2.078,11.197,26.373,0.522,0.95,2
1.138,1.54332,4097.986,148.1802337301556,6698.702,11.415,11.415,571.489,1.248,6.788,0.0,0.202,0.963,0
4.161,6.17328,14721.094,162.04921337844823,7753.645,113.764,113.764,643.201,1.661,8.957,17.326,0.343,0.974,1
2.088,12.34656,3579.66,141.05531103132418,6803.346,22.794,22.794,536.594,1.22,6.601,20.492,0.18,0.963,0
8.206,12.34656,50992.344,323.3126097144785,9295.646,437.954,437.954,912.046,3.603,18.604,59.765,1.183,0.996,3
8.206,12.34656,50994.782,323.32706104068507,9318.464,437.962,437.962,928.749,3.57,18.328,60.497,1.198,0.96,3
3.144,4.6299600000000005,8378.451,145.22053929120867,7105.92,60.351,60.351,588.803,1.389,7.493,12.408,0.246,0.966,1
8.206,12.34656,50994.699,323.3250713653378,9310.37,437.968,437.968,928.144,3.582,18.488,60.678,1.201,0.97,3
8.206,12.34656,50992.435,323.3131333132541,9297.38,437.997,437.997,915.687,3.601,18.61,60.017,1.188,0.992,3
4.161,6.17328,14719.325,162.04837562040728,7724.116,113.748,113.748,644.87,1.664,9.019,17.437,0.345,0.982,1
5.14,7.7166,21630.53,201.5153663694149,8482.415,175.269,175.269,702.536,2.083,11.067,24.885,0.493,0.977,2
3.144,4.6299600000000005,8378.353,145.22043457145355,7111.352,60.351,60.351,575.669,1.389,7.419,11.876,0.235,0.976,1
6.175,9.25992,29798.223,241.6117228466917,8847.726,246.347,246.347,773.039,2.495,13.051,34.005,0.673,0.954,2
6.175,9.25992,29763.014,241.5616668037445,8801.34,246.007,246.007,749.426,2.511,13.118,32.791,0.649,0.998,2
8.206,12.34656,50997.437,323.3350197420741,9321.328,438.131,438.131,939.372,3.568,18.404,61.297,1.214,0.952,3
8.206,12.34656,50994.88,323.3219297726842,9309.498,437.982,437.982,939.285,3.586,18.643,61.623,1.22,0.966,3
7.148,10.80324,38984.845,280.4481959501238,9133.081,332.123,332.123,824.671,2.964,15.428,43.813,0.867,0.967,3
8.206,12.34656,50996.79,323.33355366550245,9322.496,438.021,438.021,933.629,3.564,18.302,60.783,1.203,0.953,3
5.14,7.7166,21624.998,201.5144238916188,8464.852,175.219,175.219,697.243,2.089,11.125,24.677,0.488,0.993,2
5.14,7.7166,21625.593,201.51620412745584,8471.001,175.252,175.252,686.386,2.087,11.017,24.058,0.476,0.996,2
7.148,10.80324,38994.887,280.44599683526627,9123.656,332.348,332.348,830.518,2.976,15.641,44.414,0.879,0.975,3
8.206,12.34656,50993.001,323.3179504219896,9306.154,438.097,438.097,900.068,3.585,18.252,58.49,1.158,0.989,3
9.3,12.34656,72764.599,372.8428547712201,9750.673,645.075,645.075,1078.357,4.525,22.829,89.722,1.776,0.978,3
9.3,13.88988,72773.167,372.84547276509807,9762.576,644.776,644.776,1072.958,4.51,22.539,88.902,1.76,0.975,3
2.088,3.08664,5196.152,146.0926454118452,6764.642,31.657,31.657,559.926,1.287,6.972,0.0,0.197,0.989,0
4.161,6.17328,14717.988,162.04837562040728,7716.891,113.74,113.74,628.227,1.664,8.924,16.678,0.33,0.996,1
5.14,7.7166,21631.301,201.5139002928432,8480.973,175.288,175.288,716.343,2.083,11.168,25.632,0.507,0.969,2
2.088,3.08664,6946.862,143.9178255375201,6811.873,27.815,27.815,599.127,1.331,7.123,9.993,0.261,0.984,0
5.14,7.7166,21629.572,201.51452861137392,8477.874,175.286,175.286,705.838,2.084,11.113,25.083,0.497,0.978,2
2.088,3.08664,4921.223,140.78502934336035,6793.495,22.367,22.367,582.024,1.263,6.885,23.974,0.234,0.96,0
2.088,3.08664,2987.985,143.809231151461,6809.366,27.524,27.524,503.182,1.206,6.488,4.937,0.13,0.97,0
1.138,12.34656,4897.732,144.80762929677184,6643.077,9.43,9.43,587.318,1.268,6.894,4.443,0.23,0.984,0
8.206,12.34656,50994.756,323.32653744190947,9316.927,437.966,437.966,928.399,3.572,18.356,60.513,1.198,0.962,3
1.138,1.54332,5732.489,141.46466055408695,6636.164,7.635,7.635,628.208,1.285,7.034,18.726,0.285,0.974,0
6.175,9.25992,29790.368,241.636541428655,8817.678,246.257,246.257,763.257,2.506,13.139,33.573,0.665,0.979,2
5.14,7.7166,21625.558,201.513690853333,8465.012,175.226,175.226,706.028,2.088,11.184,25.151,0.498,0.987,2
1.138,1.54332,4605.839,141.13018565623477,6618.63,7.344,7.344,578.571,1.251,6.762,19.308,0.236,0.995,0
6.175,9.25992,29797.251,241.6130842035082,8843.395,246.303,246.303,772.514,2.496,13.07,33.997,0.673,0.957,2
2.088,3.08664,4013.645,145.5051675856239,6818.841,30.566,30.566,525.039,1.244,6.676,0.0,0.155,0.975,0
7.148,10.80324,38980.665,280.4487195488994,9134.916,332.149,332.149,846.113,2.96,15.565,45.24,0.896,0.952,3
8.206,12.34656,50994.124,323.3249666455826,9321.541,438.086,438.086,918.923,3.563,18.149,59.604,1.18,0.961,3
6.175,9.25992,29791.952,241.62983936432727,8822.979,246.273,246.273,765.805,2.504,13.129,33.7,0.667,0.974,2
8.206,12.34656,50993.771,323.3222439319496,9314.058,438.092,438.092,912.725,3.574,18.234,59.31,1.174,0.973,3
7.148,10.80324,38992.228,280.44767235134816,9127.807,332.224,332.224,814.104,2.972,15.438,43.193,0.855,0.98,3
9.3,13.88988,72766.191,372.84390196877126,9749.915,644.928,644.928,1072.426,4.525,22.767,89.172,1.765,0.981,3
1.138,1.54332,2644.775,139.35319613160925,6619.826,6.442,6.442,536.44,1.183,6.41,24.663,0.185,0.982,0
6.175,12.34656,29762.753,241.56711223101064,8806.462,245.95,245.95,765.929,2.509,13.21,33.777,0.669,0.984,2
1.138,1.54332,4280.187,140.9126827248512,6615.568,7.21,7.21,567.265,1.24,6.691,19.856,0.224,0.998,0
2.088,3.08664,6026.545,141.45502633661593,6828.858,23.551,23.551,608.371,1.297,7.037,22.131,0.265,0.953,0
6.175,12.34656,29790.812,241.63779806571645,8821.786,246.187,246.187,797.214,2.504,13.368,35.605,0.705,0.956,2
2.088,3.08664,5944.932,141.3939747193812,6767.853,23.392,23.392,577.302,1.296,6.949,21.031,0.242,0.995,0
2.088,3.08664,5259.425,140.9701738704119,6853.352,22.708,22.708,583.693,1.272,6.849,23.154,0.239,0.95,0
4.161,6.17328,14719.748,162.04879449942777,7735.579,113.748,113.748,638.275,1.662,8.957,17.121,0.339,0.983,1
4.161,6.17328,14724.246,162.05088889453015,7809.043,113.802,113.802,636.562,1.655,8.821,16.959,0.336,0.962,1
4.161,6.17328,14723.598,162.0500511364892,7786.4,113.771,113.771,653.682,1.658,8.968,17.765,0.352,0.957,1
6.175,9.25992,29761.825,241.57130102121545,8788.076,246.011,246.011,764.862,2.516,13.303,33.815,0.669,0.997,2
1.138,1.54332,4320.991,148.0372912644173,6696.728,11.311,11.311,574.243,1.255,6.812,0.0,0.207,0.967,0
4.161,6.17328,14721.035,162.04973697722383,7765.648,113.77,113.77,628.024,1.659,8.839,16.614,0.329,0.981,1
3.144,4.6299600000000005,8378.526,145.22053929120867,7108.482,60.345,60.345,588.001,1.389,7.486,12.374,0.245,0.966,1
7.148,12.34656,38981.712,280.44798651061353,9135.519,332.074,332.074,829.712,2.961,15.425,44.108,0.873,0.961,3
6.175,9.25992,29790.871,241.637379186696,8821.68,246.189,246.189,793.885,2.504,13.344,35.406,0.701,0.958,2
7.148,12.34656,38994.02,280.4461015550214,9124.112,332.345,332.345,832.878,2.975,15.652,44.566,0.882,0.973,3
3.144,4.6299600000000005,8380.188,145.2213770492496,7135.637,60.371,60.371,596.009,1.388,7.494,12.678,0.251,0.952,1
5.14,7.7166,21630.457,201.51568052868024,8483.27,175.292,175.292,700.128,2.083,11.046,24.752,0.49,0.978,2
5.14,7.7166,21628.385,201.5129578150472,8470.8,175.22,175.22,718.103,2.086,11.235,25.772,0.51,0.975,2
8.206,12.34656,50994.709,323.3272704801953,9321.379,437.993,437.993,927.761,3.565,18.255,60.332,1.194,0.957,3
7.148,10.80324,39000.744,280.4456826760009,9122.157,332.32,332.32,804.765,2.98,15.464,42.66,0.845,0.993,3
4.161,6.17328,14719.821,162.04900393893797,7740.96,113.753,113.753,633.062,1.662,8.914,16.875,0.334,0.985,1
2.088,3.08664,3019.038,141.83934783790508,6815.76,24.113,24.113,513.503,1.202,6.473,15.319,0.15,0.964,0
7.148,10.80324,38988.323,280.4470440328176,9127.971,332.153,332.153,839.963,2.97,15.639,44.969,0.89,0.964,3
5.14,7.7166,21624.594,201.51620412745584,8468.235,175.25,175.25,683.491,2.088,11.012,23.912,0.473,1.0,2
1.138,1.54332,5698.049,141.6305366461965,6635.472,7.714,7.714,624.998,1.285,7.025,18.05,0.282,0.976,0
6.175,9.25992,29794.863,241.62030986661148,8833.836,246.245,246.245,774.156,2.5,13.133,34.148,0.676,0.962,2
9.3,13.88988,72765.742,372.8446350070572,9776.955,644.756,644.756,1107.474,4.498,22.727,91.812,1.817,0.954,3
8.206,12.34656,50993.045,323.3171126639487,9301.807,437.96,437.96,900.865,3.592,18.351,58.677,1.162,0.994,3
2.088,3.08664,4826.301,140.82052934034593,6862.678,22.448,22.448,569.036,1.258,6.745,23.176,0.222,0.95,0
8.206,12.34656,50993.139,323.31836930101014,9304.913,437.955,437.955,903.102,3.587,18.313,58.775,1.164,0.989,3
4.161,6.17328,14722.471,162.0501558562443,7782.286,113.765,113.765,635.039,1.658,8.856,16.919,0.335,0.971,1
7.148,10.80324,38974.539,280.44767235134816,9144.022,332.022,332.022,827.849,2.95,15.263,43.804,0.867,0.952,3
8.206,12.34656,50992.91,323.31627490590773,9298.295,437.989,437.989,899.692,3.598,18.41,58.676,1.162,0.999,3
4.161,6.17328,14725.332,162.05109833404038,7818.254,113.804,113.804,647.208,1.655,8.874,17.435,0.345,0.952,1
5.14,7.7166,21637.529,201.5147380508841,8500.202,175.307,175.307,724.004,2.077,11.118,25.953,0.514,0.951,2
1.138,1.54332,6176.085,146.22878109350077,6722.919,10.287,10.287,618.89,1.308,7.049,0.0,0.265,0.964,0
6.175,9.25992,29763.123,241.5613526444791,8801.356,245.947,245.947,747.892,2.511,13.107,32.696,0.647,0.999,2
8.206,12.34656,50997.003,323.33407726427805,9320.818,437.981,437.981,935.976,3.568,18.369,61.028,1.208,0.954,3
3.144,4.6299600000000005,8376.275,145.21907321463698,7074.145,60.314,60.314,565.96,1.391,7.414,11.5,0.228,0.995,1
7.148,10.80324,38983.141,280.44798651061353,9134.549,332.192,332.192,826.683,2.962,15.419,43.921,0.87,0.964,3
8.206,12.34656,50996.909,323.33376310501274,9321.175,438.129,438.129,934.963,3.567,18.348,60.933,1.206,0.954,3
7.148,10.80324,39002.881,280.4446354784497,9120.724,332.31,332.31,804.483,2.982,15.487,42.671,0.845,0.995,3
1.138,1.54332,3396.961,148.46580450236692,6733.363,11.581,11.581,544.399,1.223,6.591,0.0,0.173,0.959,0
4.161,6.17328,14718.498,162.04837562040728,7718.275,113.737,113.737,636.031,1.664,8.972,17.038,0.337,0.99,1
5.14,12.34656,21628.061,201.5143191718637,8473.263,175.275,175.275,706.212,2.086,11.141,25.124,0.497,0.981,2
1.138,1.54332,3557.671,145.61334309266252,6640.257,9.875,9.875,548.814,1.226,6.664,4.365,0.184,0.985,0
3.144,12.34656,8377.463,145.21991097267795,7092.789,60.341,60.341,574.611,1.39,7.436,11.843,0.234,0.982,1
9.3,13.88988,72760.912,372.84149341440354,9729.857,644.867,644.867,1055.067,4.548,22.907,87.985,1.742,0.998,3
8.206,12.34656,50994.046,323.3236052887661,9315.458,437.95,437.95,917.462,3.573,18.259,59.659,1.181,0.969,3
7.148,12.34656,38993.072,280.44767235134816,9127.353,332.325,332.325,811.816,2.972,15.428,43.044,0.852,0.982,3
8.206,12.34656,50993.65,323.3196259380715,9301.273,437.982,437.982,914.074,3.595,18.513,59.779,1.183,0.988,3
5.14,7.7166,21626.323,201.5133766940676,8466.002,175.256,175.256,709.506,2.088,11.202,25.334,0.501,0.984,2
1.138,12.34656,3446.264,142.6676811009016,6597.134,8.212,8.212,546.807,1.217,6.622,12.625,0.191,0.998,0
3.144,4.6299600000000005,8378.87,145.2207487307189,7120.71,60.35,60.35,576.204,1.389,7.411,11.892,0.235,0.973,1
8.206,12.34656,50988.51,323.29595927341444,9296.364,438.04,438.04,924.048,3.603,18.723,60.725,1.202,0.989,3
3.144,4.6299600000000005,8375.507,145.21886377512678,7044.041,60.315,60.315,592.198,1.392,7.588,12.579,0.249,0.98,1
7.148,10.80324,38984.795,280.4486148291443,9134.133,332.216,332.216,817.7,2.963,15.355,43.311,0.858,0.97,3
1.138,1.54332,1105.362,144.90878858021745,6764.426,9.515,9.515,469.752,1.131,6.004,0.0,0.09,0.95,0
7.148,10.80324,38986.989,280.44725347232776,9129.493,332.138,332.138,836.856,2.968,15.587,44.724,0.886,0.964,3
1.138,1.54332,1262.943,139.86192470198057,6628.216,6.722,6.722,494.376,1.134,6.145,18.91,0.131,0.975,0
4.161,6.17328,14718.337,162.0485850599175,7722.95,113.728,113.728,626.959,1.663,8.905,16.612,0.329,0.995,1
7.148,10.80324,39002.301,280.4437977204088,9119.462,332.421,332.421,819.597,2.982,15.629,43.749,0.866,0.987,3
8.206,12.34656,50994.546,323.3255949641134,9316.619,437.972,437.972,924.964,3.572,18.322,60.241,1.193,0.964,3
2.088,3.08664,5358.651,140.96430956412522,6809.102,22.688,22.688,592.458,1.276,6.938,23.514,0.247,0.957,0
9.3,13.88988,72768.458,372.8443208477918,9753.904,644.753,644.753,1072.871,4.521,22.7,89.115,1.764,0.979,3
2.088,3.08664,5060.288,140.86534939553712,6830.621,22.517,22.517,580.991,1.266,6.851,23.662,0.234,0.954,0
9.3,13.88988,72776.974,372.8468341219147,9776.349,644.801,644.801,1083.585,4.493,22.414,89.557,1.773,0.964,3
5.14,7.7166,21627.346,201.5143191718637,8471.366,175.268,175.268,703.713,2.086,11.134,24.998,0.495,0.984,2
3.144,12.34656,8374.633,145.21823545659603,7029.42,60.298,60.298,586.574,1.393,7.577,12.362,0.245,0.989,1
4.161,6.17328,14718.151,162.04868977967263,7725.737,113.738,113.738,618.905,1.663,8.848,16.234,0.321,1.0,1
2.088,3.08664,6372.6,141.87840830656472,6758.771,24.227,24.227,589.872,1.31,7.052,19.537,0.256,0.996,0
2.088,3.08664,4423.288,140.6887918884054,6719.779,22.15,22.15,549.274,1.249,6.775,23.275,0.204,0.998,0
2.088,3.08664,2824.93,142.5669406964765,6789.047,25.35,25.35,506.9,1.198,6.48,11.407,0.138,0.97,0
6.175,9.25992,29770.006,241.6016697502002,8812.364,245.981,245.981,784.604,2.506,13.32,34.883,0.691,0.969,2
4.161,6.17328,14724.031,162.0501558562443,7791.042,113.771,113.771,654.619,1.658,8.966,17.802,0.352,0.955,1
4.161,6.17328,14721.752,162.04984169697894,7771.213,113.77,113.77,634.094,1.659,8.869,16.888,0.334,0.975,1
9.3,13.88988,72766.606,372.84337836999566,9742.252,645.03,645.03,1058.129,4.533,22.725,87.986,1.742,0.991,3
1.138,1.54332,651.129,141.03845115074995,6641.606,7.373,7.373,472.445,1.111,6.029,10.674,0.097,0.967,0
7.148,10.80324,38984.149,280.44851010938913,9135.136,332.194,332.194,815.73,2.962,15.322,43.154,0.854,0.97,3
7.148,10.80324,39002.324,280.4442165994293,9120.06,332.402,332.402,813.629,2.982,15.571,43.322,0.858,0.99,3
3.144,4.6299600000000005,8377.38,145.21991097267795,7081.223,60.331,60.331,593.098,1.39,7.546,12.593,0.249,0.969,1
6.175,9.25992,29780.474,241.62460337657137,8814.418,246.089,246.089,766.373,2.507,13.178,33.772,0.669,0.979,2
3.144,4.6299600000000005,8377.16,145.21970153316772,7080.183,60.332,60.332,587.615,1.39,7.519,12.375,0.245,0.974,1
1.138,12.34656,4855.828,138.29489828636997,6632.781,5.864,5.864,593.795,1.251,6.754,30.084,0.261,0.985,0
3.144,4.6299600000000005,8378.986,145.2207487307189,7107.726,60.35,60.35,602.464,1.389,7.561,12.949,0.256,0.954,1
6.175,9.25992,29762.911,241.5647036766429,8798.278,245.953,245.953,752.58,2.512,13.158,33.004,0.653,0.998,2
8.206,12.34656,50996.708,323.3311451111348,9313.421,437.988,437.988,937.769,3.58,18.544,61.388,1.215,0.962,3
6.175,9.25992,29794.884,241.6182154715091,8833.498,246.287,246.287,764.652,2.5,13.064,33.572,0.665,0.968,2
6.175,9.25992,29766.979,241.5907788956677,8811.141,245.955,245.955,782.441,2.507,13.309,34.758,0.688,0.971,2
1.138,1.54332,7350.139,142.25351446940334,6706.51,8.085,8.085,659.912,1.331,7.193,13.487,0.325,0.962,0
5.14,7.7166,21635.399,201.5148427706393,8495.122,175.323,175.323,716.771,2.078,11.096,25.592,0.507,0.959,2
9.3,13.88988,72771.461,372.8464152428941,9786.262,644.815,644.815,1106.85,4.485,22.538,91.496,1.811,0.95,3
9.3,13.88988,72757.265,372.8400273378319,9724.737,644.726,644.726,1055.612,4.554,23.002,88.154,1.745,1.0,3
2.088,3.08664,2883.373,143.02477546585962,6859.932,26.17,26.17,498.476,1.199,6.384,8.606,0.13,0.96,0
9.3,13.88988,72767.489,372.8423311724445,9736.309,645.045,645.045,1048.986,4.54,22.717,87.248,1.727,0.998,3
4.161,12.34656,14718.693,162.04816618089703,7715.357,113.742,113.742,643.073,1.664,9.023,17.365,0.344,0.986,1
6.175,9.25992,29795.203,241.6175871529784,8834.578,246.291,246.291,765.169,2.5,13.063,33.597,0.665,0.967,2
8.206,12.34656,50990.242,323.30276605749725,9296.166,438.034,438.034,920.6,3.603,18.689,60.45,1.197,0.991,3
5.14,7.7166,21631.976,201.5157852484353,8488.007,175.271,175.271,702.703,2.081,11.038,24.87,0.492,0.973,2
2.088,3.08664,6005.973,141.42224905326347,6799.119,23.482,23.482,613.053,1.297,7.09,22.63,0.269,0.957,0
7.148,10.80324,39008.768,280.43992308946935,9115.103,332.509,332.509,820.456,2.988,15.715,43.901,0.869,0.992,3
8.206,12.34656,50993.112,323.3166937849282,9297.566,438.086,438.086,903.429,3.599,18.467,59.005,1.168,0.998,3
6.175,9.25992,29769.675,241.59716680073004,8812.081,246.006,246.006,773.27,2.507,13.237,34.198,0.677,0.976,2
5.14,7.7166,21632.144,201.51672772623144,8490.578,175.307,175.307,695.527,2.08,10.976,24.471,0.484,0.976,2
9.3,13.88988,72764.442,372.84390196877126,9760.183,645.025,645.025,1089.296,4.515,22.798,90.534,1.792,0.969,3
3.144,4.6299600000000005,8381.181,145.22211008753547,7164.653,60.384,60.384,584.667,1.387,7.402,12.21,0.242,0.954,1
6.175,12.34656,29795.094,241.61989098759105,8835.041,246.247,246.247,777.888,2.499,13.154,34.368,0.68,0.959,2
2.088,3.08664,5953.443,145.87126784952224,6759.283,31.273,31.273,579.101,1.31,7.1,0.0,0.222,0.992,0
3.144,12.34656,8379.011,145.220853450474,7117.912,60.352,60.352,588.555,1.389,7.478,12.391,0.245,0.963,1
3.144,4.6299600000000005,8377.032,145.21970153316772,7082.332,60.335,60.335,578.956,1.39,7.472,12.025,0.238,0.981,1
7.148,10.80324,39001.24,280.4454732364906,9121.657,332.308,332.308,805.749,2.98,15.48,42.74,0.846,0.993,3
4.161,6.17328,14720.688,162.04931809820337,7754.034,113.766,113.766,634.427,1.661,8.9,16.923,0.335,0.98,1
4.161,12.34656,14722.806,162.04984169697894,7776.596,113.774,113.774,649.118,1.659,8.956,17.569,0.348,0.963,1
4.161,6.17328,14722.028,162.04973697722383,7770.87,113.774,113.774,642.851,1.659,8.925,17.29,0.342,0.969,1
6.175,9.25992,29761.948,241.57025382366427,8806.773,245.996,245.996,783.619,2.508,13.339,34.85,0.69,0.973,2
7.148,10.80324,38979.404,280.44777707110336,9138.011,332.128,332.128,829.736,2.957,15.382,44.058,0.872,0.958,3
2.088,3.08664,5909.904,145.87859823238065,6775.544,31.283,31.283,575.86,1.308,7.068,0.0,0.219,0.989,0
5.14,7.7166,21627.672,201.51547108917,8474.847,175.255,175.255,695.546,2.085,11.06,24.54,0.486,0.987,2
8.206,12.34656,50992.686,323.31554186762185,9300.388,437.947,437.947,894.596,3.594,18.309,58.198,1.152,0.999,3
2.088,12.34656,6812.263,142.79240232924911,6826.029,25.886,25.886,631.86,1.323,7.222,16.83,0.288,0.951,0
6.175,9.25992,29761.737,241.57056798292965,8786.053,245.985,245.985,763.873,2.516,13.307,33.765,0.668,0.999,2
3.144,4.6299600000000005,8378.021,145.2202251319433,7095.964,60.346,60.346,590.766,1.39,7.516,12.492,0.247,0.967,1
9.3,13.88988,72774.088,372.8451586058328,9764.796,645.097,645.097,1075.181,4.507,22.526,89.058,1.763,0.973,3
2.088,3.08664,3382.255,144.6919139673646,6787.329,29.088,29.088,511.974,1.222,6.601,1.029,0.138,0.978,0
3.144,4.6299600000000005,8376.872,145.21959681341258,7080.731,60.333,60.333,576.08,1.391,7.459,11.909,0.236,0.984,1
2.088,3.08664,6748.439,144.81600687718142,6812.203,29.403,29.403,593.033,1.328,7.113,5.109,0.249,0.984,0
3.144,4.6299600000000005,8380.247,145.22148176900473,7142.095,60.374,60.374,588.075,1.388,7.446,12.358,0.245,0.957,1
3.144,4.6299600000000005,8377.362,145.21980625292284,7081.523,60.33,60.33,591.834,1.39,7.539,12.542,0.248,0.97,1
6.175,9.25992,29763.152,241.5632376000713,8799.333,246.031,246.031,748.449,2.512,13.122,32.742,0.648,1.0,2
1.138,1.54332,357.487,140.03848220911232,6659.793,6.86,6.86,466.12,1.098,5.938,13.783,0.092,0.96,0
8.206,12.34656,50994.009,323.3221392121944,9308.007,438.099,438.099,917.551,3.584,18.415,59.877,1.185,0.978,3
9.3,13.88988,72772.195,372.8458916441186,9762.853,644.818,644.818,1074.925,4.51,22.56,89.084,1.763,0.974,3
7.148,10.80324,38982.909,280.447462911838,9132.951,332.113,332.113,839.91,2.963,15.55,44.859,0.888,0.958,3
7.148,10.80324,38981.955,280.44798651061353,9135.531,332.077,332.077,828.03,2.961,15.412,43.993,0.871,0.962,3
5.14,7.7166,21624.852,201.51306253480223,8461.446,175.237,175.237,709.913,2.09,11.23,25.376,0.502,0.987,2
8.206,12.34656,50994.474,323.3267468814197,9322.588,437.958,437.958,924.719,3.562,18.194,60.048,1.189,0.957,3
7.148,10.80324,38981.914,280.44767235134816,9133.953,332.186,332.186,839.565,2.962,15.53,44.815,0.887,0.957,3
5.14,7.7166,21634.56,201.51505221014952,8493.124,175.312,175.312,714.206,2.079,11.089,25.464,0.504,0.962,2
9.3,13.88988,72771.019,372.8429594909752,9739.883,645.104,645.104,1045.567,4.535,22.61,86.833,1.719,0.998,3
5.14,7.7166,21628.055,201.5153663694149,8475.809,175.275,175.275,697.5,2.085,11.068,24.642,0.488,0.985,2
7.148,12.34656,38981.777,280.447462911838,9134.472,332.103,332.103,836.829,2.962,15.5,44.617,0.883,0.958,3
4.161,12.34656,14719.6,162.04921337844823,7745.633,113.757,113.757,624.069,1.661,8.847,16.452,0.326,0.99,1
4.161,6.17328,14722.029,162.0501558562443,7780.647,113.763,113.763,627.274,1.658,8.809,16.562,0.328,0.977,1
7.148,12.34656,38997.967,280.4454732364906,9121.769,332.295,332.295,826.194,2.979,15.64,44.156,0.874,0.98,3
4.161,6.17328,14722.385,162.0494228179585,7764.953,113.763,113.763,655.823,1.66,9.019,17.887,0.354,0.962,1
3.144,4.6299600000000005,8381.12,145.22200536778033,7161.571,60.377,60.377,587.957,1.387,7.423,12.343,0.244,0.952,1
6.175,9.25992,29762.444,241.5631328803161,8800.247,245.946,245.946,759.786,2.511,13.199,33.436,0.662,0.992,2
1.138,1.54332,3408.968,137.10067419898536,6681.506,5.348,5.348,566.697,1.203,6.481,32.623,0.225,0.96,0
7.148,10.80324,39010.298,280.439608930204,9115.366,332.523,332.523,808.912,2.989,15.618,43.092,0.853,0.999,3
8.206,12.34656,50994.975,323.32601384313386,9310.249,437.977,437.977,932.669,3.583,18.543,61.052,1.209,0.968,3
7.148,10.80324,38996.92,280.4470440328176,9125.035,332.378,332.378,805.348,2.976,15.417,42.642,0.844,0.989,3
8.206,12.34656,50992.707,323.315646587377,9301.336,438.072,438.072,894.229,3.592,18.285,58.141,1.151,0.998,3
8.206,12.34656,50993.582,323.31983537758174,9303.08,438.041,438.041,911.599,3.591,18.448,59.526,1.178,0.987,3
6.175,9.25992,29791.929,241.6290016062864,8822.904,246.213,246.213,762.661,2.504,13.107,33.508,0.663,0.976,2
5.14,12.34656,21635.089,201.5142144521085,8492.451,175.277,175.277,721.212,2.079,11.14,25.84,0.511,0.958,2
7.148,10.80324,38996.456,280.4461015550214,9123.283,332.315,332.315,823.135,2.977,15.589,43.913,0.869,0.98,3
9.3,13.88988,72779.364,372.8612854481211,9794.325,645.15,645.15,1097.297,4.472,22.244,90.36,1.789,0.95,3
2.088,3.08664,4171.859,145.6974330560236,6780.192,30.905,30.905,532.526,1.251,6.772,0.0,0.163,0.983,0
7.148,10.80324,38983.753,280.44777707110336,9133.006,332.142,332.142,833.087,2.964,15.496,44.392,0.879,0.962,3
4.161,12.34656,14719.188,162.0484803401624,7725.559,113.749,113.749,641.324,1.663,8.994,17.273,0.342,0.984,1
6.175,12.34656,29797.281,241.6127700442429,8843.262,246.358,246.358,769.343,2.497,13.047,33.805,0.669,0.959,2
7.148,10.80324,38985.096,280.4480912303687,9133.097,332.242,332.242,823.003,2.964,15.415,43.698,0.865,0.968,3
4.161,6.17328,14718.796,162.04837562040728,7720.698,113.721,113.721,637.789,1.664,8.979,17.116,0.339,0.988,1
7.148,10.80324,38993.451,280.4456826760009,9123.482,332.333,332.333,842.486,2.976,15.739,45.238,0.896,0.968,3
9.3,13.88988,72774.462,372.84337836999566,9743.379,644.797,644.797,1042.187,4.53,22.504,86.422,1.711,0.998,3
5.14,7.7166,21640.086,201.51777492378267,8514.932,175.334,175.334,710.065,2.072,10.948,25.147,0.498,0.95,2
1.138,1.54332,673.853,142.20827553519166,6650.778,8.011,8.011,469.499,1.113,6.039,4.215,0.088,0.965,0
9.3,13.88988,72760.343,372.8426453317099,9754.428,644.71,644.71,1090.632,4.523,22.921,90.806,1.798,0.971,3
1.138,1.54332,3556.271,148.20767030599697,6716.172,11.358,11.358,538.873,1.228,6.583,0.0,0.172,0.973,0
8.206,12.34656,50993.045,323.3161701861526,9298.244,437.988,437.988,913.572,3.599,18.569,59.82,1.184,0.992,3
5.14,7.7166,21632.06,201.51609940770075,8488.865,175.308,175.308,700.299,2.081,11.018,24.737,0.49,0.974,2
8.206,12.34656,50992.891,323.316484345418,9301.153,438.056,438.056,898.554,3.593,18.338,58.504,1.158,0.996,3
7.148,12.34656,38983.13,280.44767235134816,9132.431,332.117,332.117,842.664,2.964,15.581,45.058,0.892,0.957,3
7.148,10.80324,38995.221,280.4454732364906,9122.564,332.345,332.345,837.7,2.977,15.717,44.93,0.89,0.972,3
3.144,12.34656,8377.617,145.2200156924331,7089.772,60.341,60.341,586.908,1.39,7.503,12.341,0.244,0.972,1
3.144,4.6299600000000005,8375.525,145.21865433561652,7057.896,60.31,60.31,566.564,1.392,7.437,11.533,0.228,0.999,1
4.161,12.34656,14721.877,162.0500511364892,7776.655,113.759,113.759,628.956,1.658,8.826,16.645,0.329,0.977,1
6.175,9.25992,29760.971,241.56973022488867,8780.011,246.02,246.02,768.864,2.519,13.378,34.105,0.675,1.0,2
6.175,9.25992,29760.918,241.565646154439,8800.552,245.98,245.98,787.082,2.51,13.399,35.094,0.695,0.975,2
2.088,3.08664,6879.225,144.37199511547405,6812.01,28.624,28.624,596.928,1.331,7.124,7.225,0.256,0.984,0
9.3,13.88988,72774.824,372.8483001984863,9787.276,644.961,644.961,1098.058,4.482,22.396,90.633,1.794,0.953,3
4.161,6.17328,14721.654,162.04931809820337,7758.701,113.774,113.774,646.783,1.66,8.971,17.484,0.346,0.97,1
3.144,4.6299600000000005,8374.443,145.21813073684092,7028.632,60.303,60.303,581.185,1.393,7.55,12.145,0.24,0.994,1
6.175,12.34656,29798.554,241.6099426108546,8851.978,246.353,246.353,771.983,2.493,13.02,33.919,0.672,0.952,2
5.14,7.7166,21623.144,201.5144238916188,8460.285,175.192,175.192,694.737,2.09,11.132,24.56,0.486,0.998,2
5.14,7.7166,21625.214,201.5158899681905,8469.197,175.212,175.212,686.815,2.087,11.03,24.089,0.477,0.997,2
7.148,10.80324,38982.96,280.4483006698789,9135.066,332.156,332.156,824.01,2.962,15.388,43.726,0.866,0.965,3
8.206,12.34656,50994.295,323.3264327221543,9324.354,437.988,437.988,922.404,3.559,18.13,59.808,1.184,0.956,3
9.3,13.88988,72760.539,372.8408650958728,9743.647,644.878,644.878,1078.623,4.534,22.959,89.919,1.78,0.981,3
4.161,6.17328,14719.716,162.04868977967263,7733.871,113.738,113.738,640.467,1.663,8.974,17.224,0.341,0.982,1
4.161,6.17328,14717.959,162.04868977967263,7722.053,113.725,113.725,621.845,1.663,8.873,16.375,0.324,0.999,1
9.3,13.88988,72767.25,372.8443208477918,9766.502,644.771,644.771,1092.065,4.508,22.717,90.633,1.794,0.965,3
5.14,12.34656,21637.076,201.5157852484353,8501.756,175.311,175.311,716.0,2.076,11.056,25.521,0.505,0.955,2
7.148,10.80324,38999.248,280.4442165994293,9120.195,332.33,332.33,832.668,2.981,15.72,44.636,0.884,0.978,3
9.3,13.88988,72780.241,372.84861435775167,9787.892,644.822,644.822,1087.37,4.478,22.236,89.601,1.774,0.957,3
4.161,12.34656,14721.488,162.0494228179585,7760.12,113.772,113.772,643.233,1.66,8.946,17.32,0.343,0.972,1
2.088,3.08664,3709.904,140.90985529146295,6778.035,22.535,22.535,545.039,1.225,6.668,21.803,0.189,0.966,0
2.088,3.08664,3921.534,140.82450869104048,6784.565,22.399,22.399,551.713,1.231,6.701,22.516,0.197,0.964,0
2.088,12.34656,4994.831,140.83822697896116,6820.761,22.468,22.468,580.056,1.264,6.852,23.733,0.233,0.956,0
1.138,1.54332,1487.562,141.69462513632973,6624.244,7.586,7.586,475.155,1.144,6.12,10.162,0.11,0.999,0
3.144,4.6299600000000005,8375.497,145.21875905537163,7045.359,60.303,60.303,587.178,1.392,7.56,12.377,0.245,0.984,1
1.138,1.54332,7220.794,144.10118982873465,6718.91,9.125,9.125,656.384,1.332,7.211,4.215,0.313,0.958,0
7.148,10.80324,38975.641,280.44735819208285,9142.007,332.066,332.066,831.832,2.952,15.329,44.118,0.873,0.952,3
5.14,7.7166,21631.468,201.51306253480223,8479.313,175.255,175.255,722.86,2.084,11.221,25.987,0.514,0.966,2
4.161,6.17328,14723.273,162.0504700155097,7795.174,113.791,113.791,633.838,1.657,8.827,16.849,0.334,0.968,1
5.14,7.7166,21631.883,201.51557580892512,8487.105,175.304,175.304,703.652,2.081,11.05,24.925,0.493,0.973,2
5.14,7.7166,21632.644,201.5165182867212,8491.625,175.312,175.312,698.935,2.08,10.994,24.651,0.488,0.973,2
1.138,12.34656,3319.241,141.55901305344975,6605.829,7.633,7.633,552.409,1.21,6.601,17.24,0.197,0.988,0
3.144,4.6299600000000005,8375.694,145.21886377512678,7049.748,60.317,60.317,588.066,1.392,7.559,12.41,0.246,0.982,1
7.148,10.80324,39003.427,280.4436930006537,9119.056,332.316,332.316,815.64,2.983,15.605,43.483,0.861,0.99,3
6.175,9.25992,29760.952,241.5651225556634,8801.569,245.994,245.994,785.953,2.51,13.385,35.02,0.693,0.975,2
5.14,7.7166,21623.483,201.5144238916188,8461.213,175.198,175.198,696.684,2.09,11.141,24.662,0.488,0.996,2
9.3,13.88988,72778.889,372.8451586058328,9765.795,645.018,645.018,1062.853,4.504,22.347,87.846,1.739,0.978,3
2.088,3.08664,4502.096,140.7874378977281,6835.439,22.375,22.375,562.924,1.248,6.729,23.299,0.214,0.955,0
4.161,6.17328,14720.557,162.04931809820337,7751.806,113.762,113.762,633.981,1.661,8.901,16.905,0.335,0.981,1
8.206,12.34656,50993.316,323.31815986149985,9298.869,438.108,438.108,908.084,3.598,18.494,59.353,1.175,0.994,3
2.088,3.08664,3664.011,145.13529741054126,6735.396,29.874,29.874,514.232,1.234,6.684,0.0,0.143,0.999,0
4.161,6.17328,14722.482,162.0502605759994,7785.732,113.781,113.781,630.741,1.657,8.823,16.717,0.331,0.973,1
7.148,10.80324,39002.401,280.4447401982049,9120.658,332.432,332.432,807.726,2.982,15.514,42.898,0.849,0.993,3
2.088,3.08664,6930.075,144.2875909928476,6774.024,28.461,28.461,603.041,1.333,7.195,8.077,0.262,0.991,0
8.206,12.34656,50996.446,323.3283176777465,9314.986,438.127,438.127,945.286,3.58,18.613,61.971,1.227,0.957,3
6.175,9.25992,29765.014,241.58271547452352,8809.964,245.938,245.938,780.291,2.507,13.299,34.633,0.686,0.973,2
7.148,10.80324,39009.176,280.4407608475103,9116.404,332.459,332.459,805.29,2.988,15.571,42.817,0.848,1.0,3
4.161,6.17328,14717.847,162.0484803401624,7717.957,113.733,113.733,622.255,1.664,8.883,16.399,0.325,1.0,1
1.138,1.54332,3489.903,148.39522338741625,6724.777,11.508,11.508,543.146,1.226,6.595,0.0,0.174,0.965,0
3.144,4.6299600000000005,8379.201,145.22095817022915,7119.938,60.354,60.354,590.265,1.389,7.484,12.458,0.247,0.961,1
3.144,4.6299600000000005,8373.568,145.2168740997795,7010.045,60.291,60.291,582.631,1.394,7.582,12.214,0.242,0.998,1
7.148,10.80324,38999.338,280.4461015550214,9123.095,332.297,332.297,806.036,2.979,15.457,42.73,0.846,0.991,3
5.14,7.7166,21624.758,201.5153663694149,8466.551,175.247,175.247,691.032,2.088,11.073,24.331,0.482,0.996,2
9.3,13.88988,72758.63,372.8404462168524,9729.283,644.689,644.689,1059.822,4.549,22.975,88.455,1.751,0.996,3
3.144,4.6299600000000005,8376.904,145.21959681341258,7072.865,60.32,60.32,588.776,1.391,7.534,12.425,0.246,0.975,1
8.206,12.34656,50994.937,323.3273751999504,9315.132,438.021,438.021,930.824,3.575,18.421,60.762,1.203,0.963,3
5.14,7.7166,21621.526,201.5131672545573,8452.301,175.2,175.2,701.882,2.093,11.225,24.984,0.495,0.999,2
6.175,9.25992,29761.896,241.57203405950128,8792.153,245.973,245.973,768.44,2.514,13.307,34.011,0.673,0.992,2
9.3,13.88988,72769.725,372.8441114082816,9755.884,644.99,644.99,1073.101,4.518,22.667,89.088,1.764,0.978,3
7.148,10.80324,38979.142,280.447462911838,9136.964,332.123,332.123,838.549,2.958,15.469,44.682,0.885,0.954,3
2.088,3.08664,3613.804,144.99151718676197,6844.082,29.641,29.641,512.314,1.229,6.554,0.0,0.141,0.969,0
3.144,12.34656,8379.87,145.2213770492496,7138.499,60.357,60.357,582.199,1.388,7.42,12.125,0.24,0.963,1
5.14,12.34656,21634.989,201.51400501259832,8491.599,175.275,175.275,723.718,2.08,11.161,25.977,0.514,0.957,2
8.206,12.34656,50994.188,323.3222439319496,9305.786,438.078,438.078,921.056,3.588,18.501,60.227,1.192,0.979,3
3.144,12.34656,8376.47,145.21938737390235,7065.864,60.322,60.322,588.685,1.391,7.542,12.425,0.246,0.977,1
6.175,9.25992,29761.644,241.5637611988469,8802.413,246.001,246.001,773.47,2.51,13.288,34.259,0.678,0.982,2
3.144,4.6299600000000005,8379.649,145.22116760973938,7129.172,60.366,60.366,592.088,1.388,7.482,12.526,0.248,0.957,1
8.206,12.34656,50993.974,323.3225580912149,9310.904,438.034,438.034,916.466,3.58,18.343,59.707,1.182,0.975,3
5.14,7.7166,21633.341,201.51683244598647,8494.44,175.311,175.311,699.029,2.079,10.98,24.644,0.488,0.971,2
8.206,12.34656,50993.472,323.31868346027545,9300.968,438.028,438.028,916.829,3.595,18.551,60.013,1.188,0.987,3
2.088,3.08664,5456.12,145.99755987419655,6813.436,31.497,31.497,560.535,1.293,6.932,0.0,0.201,0.981,0
1.138,12.34656,575.077,142.42389351098302,6720.751,8.1,8.1,451.172,1.108,5.887,0.0,0.071,0.961,0
9.3,13.88988,72775.436,372.84809075897607,9788.009,644.841,644.841,1097.19,4.481,22.369,90.53,1.792,0.953,3
2.088,12.34656,5569.745,145.99232388644057,6804.044,31.494,31.494,564.262,1.297,6.963,0.0,0.205,0.983,0
9.3,13.88988,72769.109,372.8450538860776,9777.762,645.092,645.092,1101.569,4.495,22.631,91.231,1.806,0.956,3
7.148,10.80324,39001.948,280.4429599623678,9118.229,332.422,332.422,833.431,2.983,15.761,44.73,0.886,0.98,3
9.3,12.34656,72778.133,372.84547276509807,9762.272,645.124,645.124,1057.632,4.508,22.347,87.434,1.731,0.982,3
2.088,3.08664,4092.57,145.5982634479253,6816.868,30.742,30.742,527.862,1.247,6.694,0.0,0.159,0.975,0
5.14,7.7166,21633.731,201.51714660525192,8496.255,175.312,175.312,697.163,2.078,10.958,24.535,0.486,0.971,2
9.3,13.88988,72782.59,372.87992556453247,9795.105,645.236,645.236,1096.477,4.471,22.218,90.263,1.787,0.95,3
7.148,10.80324,38992.133,280.4464157142868,9125.03,332.227,332.227,837.627,2.974,15.673,44.872,0.888,0.969,3
9.3,13.88988,72772.211,372.8450538860776,9758.149,644.826,644.826,1068.545,4.515,22.566,88.592,1.754,0.979,3
9.3,12.34656,72772.547,372.843692529261,9749.945,644.789,644.789,1057.056,4.524,22.571,87.694,1.736,0.988,3
8.206,12.34656,50994.057,323.3222439319496,9306.623,437.973,437.973,918.964,3.587,18.46,60.032,1.188,0.979,3
8.206,12.34656,50997.479,323.3333442259922,9318.436,438.089,438.089,947.622,3.575,18.575,62.069,1.229,0.952,3
6.175,12.34656,29764.028,241.5745473336242,8808.634,245.939,245.939,768.53,2.508,13.218,33.925,0.672,0.981,2
3.144,4.6299600000000005,8379.773,145.22116760973938,7128.386,60.367,60.367,595.898,1.388,7.502,12.678,0.251,0.954,1
7.148,10.80324,38987.441,280.44735819208285,9129.53,332.272,332.272,833.45,2.968,15.56,44.49,0.881,0.966,3
2.088,3.08664,6854.565,142.84109701537977,6752.176,25.916,25.916,603.823,1.327,7.175,15.453,0.269,0.996,0
2.088,3.08664,6009.79,145.76591977587185,6805.418,31.09,31.09,574.475,1.31,7.027,0.0,0.22,0.984,0
8.206,12.34656,50994.366,323.32391944803146,9311.884,438.096,438.096,922.254,3.579,18.389,60.154,1.191,0.971,3
7.148,10.80324,39000.842,280.4453685167356,9121.595,332.288,332.288,808.999,2.98,15.507,42.968,0.851,0.991,3
1.138,1.54332,1952.628,146.66347279700247,6693.536,10.378,10.378,483.708,1.168,6.218,0.0,0.111,0.984,0
4.161,6.17328,14718.594,162.04889921918286,7732.471,113.736,113.736,621.462,1.662,8.853,16.346,0.324,0.996,1
5.14,7.7166,21635.967,201.51609940770075,8499.556,175.294,175.294,708.974,2.077,11.02,25.156,0.498,0.961,2
6.175,9.25992,29762.004,241.56627447296967,8798.253,246.003,246.003,768.256,2.512,13.272,33.965,0.672,0.988,2
7.148,10.80324,38982.928,280.4475676315932,9133.484,332.132,332.132,835.465,2.963,15.506,44.545,0.882,0.96,3
7.148,10.80324,38991.708,280.44798651061353,9128.308,332.184,332.184,813.114,2.971,15.421,43.114,0.854,0.98,3
9.3,13.88988,72766.613,372.84421612803663,9768.017,645.088,645.088,1095.246,4.507,22.731,90.894,1.799,0.963,3
5.14,7.7166,21629.072,201.5164135669661,8481.19,175.28,175.28,691.885,2.083,11.001,24.314,0.481,0.985,2
6.175,9.25992,29791.644,241.6307818421234,8821.873,246.282,246.282,763.72,2.505,13.12,33.578,0.665,0.976,2
4.161,6.17328,14722.793,162.04973697722383,7774.607,113.781,113.781,650.003,1.659,8.965,17.612,0.349,0.963,1
2.088,3.08664,3763.632,145.24075020394676,6805.01,30.09,30.09,520.688,1.236,6.651,0.0,0.149,0.976,0
4.161,6.17328,14718.742,162.04879449942777,7730.978,113.749,113.749,624.852,1.663,8.878,16.505,0.327,0.994,1
7.148,12.34656,38988.944,280.44683459330724,9127.483,332.195,332.195,839.285,2.971,15.642,44.933,0.89,0.965,3
7.148,12.34656,38996.397,280.4454732364906,9122.137,332.287,332.287,833.618,2.978,15.693,44.659,0.884,0.975,3
5.14,7.7166,21639.2,201.51662300647635,8509.359,175.306,175.306,714.295,2.074,11.005,25.397,0.503,0.951,2
5.14,7.7166,21631.064,201.51609940770075,8485.976,175.261,175.261,697.307,2.082,11.012,24.587,0.487,0.978,2
3.144,4.6299600000000005,8376.298,145.2191779343921,7057.311,60.32,60.32,594.906,1.392,7.585,12.679,0.251,0.974,1
3.144,12.34656,8377.775,145.2200156924331,7092.326,60.339,60.339,586.109,1.39,7.496,12.307,0.244,0.972,1
4.161,6.17328,14718.475,162.04837562040728,7719.981,113.745,113.745,633.855,1.664,8.955,16.935,0.335,0.991,1
5.14,7.7166,21635.051,201.5153663694149,8495.907,175.275,175.275,712.805,2.078,11.065,25.377,0.502,0.961,2
3.144,4.6299600000000005,8379.947,145.2213770492496,7137.182,60.362,60.362,588.42,1.388,7.454,12.375,0.245,0.958,1
1.138,12.34656,6999.297,144.04537419925583,6673.216,9.025,9.025,648.214,1.328,7.213,4.398,0.305,0.973,0
4.161,12.34656,14724.868,162.05120305379552,7819.794,113.807,113.807,634.927,1.654,8.793,16.872,0.334,0.96,1
6.175,9.25992,29761.543,241.56920662611304,8796.303,246.013,246.013,776.876,2.512,13.347,34.501,0.683,0.984,2
2.088,3.08664,6606.714,142.30660738524904,6835.649,25.032,25.032,624.597,1.316,7.155,18.868,0.282,0.95,0
2.088,3.08664,3073.656,141.75881834621805,6849.342,23.982,23.982,512.276,1.203,6.433,15.803,0.15,0.958,0
3.144,4.6299600000000005,8377.949,145.2202251319433,7097.427,60.345,60.345,584.515,1.39,7.482,12.24,0.242,0.972,1
9.3,13.88988,72774.997,372.845368045343,9760.37,645.123,645.123,1064.033,4.511,22.466,88.101,1.744,0.98,3
9.3,12.34656,72757.773,372.84107453538303,9736.732,644.992,644.992,1072.101,4.541,22.998,89.458,1.771,0.987,3
4.161,6.17328,14719.724,162.0491086586931,7742.669,113.748,113.748,630.906,1.662,8.897,16.773,0.332,0.986,1
5.14,7.7166,21627.911,201.51306253480223,8469.825,175.233,175.233,716.07,2.087,11.226,25.668,0.508,0.977,2
9.3,12.34656,72776.245,372.8467294021595,9770.523,644.974,644.974,1075.961,4.5,22.427,88.981,1.761,0.97,3
1.138,1.54332,3926.031,137.38614025144156,6671.562,5.453,5.453,572.626,1.22,6.549,31.755,0.235,0.97,0
8.206,12.34656,50993.467,323.31941649856134,9301.993,438.015,438.015,910.291,3.593,18.455,59.448,1.177,0.989,3
6.175,9.25992,29797.479,241.61350308252867,8844.705,246.284,246.284,777.837,2.496,13.102,34.312,0.679,0.953,2
7.148,12.34656,39000.879,280.4446354784497,9120.436,332.289,332.289,819.229,2.981,15.609,43.703,0.865,0.986,3
6.175,9.25992,29779.825,241.62135706416265,8814.3,246.162,246.162,760.088,2.507,13.132,33.388,0.661,0.983,2
6.175,9.25992,29761.666,241.56533199517364,8804.529,245.92,245.92,776.097,2.509,13.296,34.407,0.681,0.979,2
9.3,12.34656,72772.566,372.8450538860776,9755.417,644.789,644.789,1062.459,4.517,22.539,88.076,1.744,0.983,3
5.14,7.7166,21630.117,201.5149474903944,8480.612,175.291,175.291,704.44,2.083,11.089,24.996,0.495,0.977,2
4.161,6.17328,14720.229,162.04921337844823,7749.319,113.755,113.755,632.234,1.661,8.894,16.827,0.333,0.983,1
9.3,12.34656,72769.034,372.8456822046084,9780.085,645.074,645.074,1103.906,4.493,22.618,91.389,1.809,0.954,3
9.3,13.88988,72765.367,372.8432736502406,9741.582,644.907,644.907,1060.937,4.534,22.772,88.272,1.747,0.99,3
7.148,10.80324,38995.903,280.446520434042,9124.343,332.349,332.349,817.79,2.976,15.528,43.521,0.862,0.982,3
6.175,9.25992,29761.287,241.57035854341945,8783.031,245.985,245.985,767.155,2.517,13.348,33.983,0.673,0.999,2
6.175,12.34656,29793.461,241.62711665069423,8830.185,246.253,246.253,791.526,2.501,13.281,35.217,0.697,0.954,2
4.161,6.17328,14718.31,162.0484803401624,7719.516,113.742,113.742,631.252,1.664,8.939,16.815,0.333,0.993,1
5.14,7.7166,21632.444,201.51452861137392,8485.546,175.259,175.259,712.975,2.082,11.121,25.432,0.503,0.968,2
9.3,13.88988,72775.917,372.84840491824144,9791.421,644.946,644.946,1100.727,4.477,22.35,90.768,1.797,0.95,3
6.175,9.25992,29762.695,241.572662378032,8807.789,245.925,245.925,780.877,2.508,13.314,34.679,0.687,0.974,2
7.148,10.80324,38996.779,280.44578739575604,9122.752,332.244,332.244,825.828,2.978,15.62,44.11,0.873,0.979,3
9.3,13.88988,72764.505,372.8426453317099,9739.564,645.086,645.086,1060.74,4.537,22.806,88.302,1.748,0.991,3
7.148,10.80324,39004.044,280.44212220432684,9117.346,332.454,332.454,828.727,2.985,15.74,44.425,0.88,0.984,3
1.138,1.54332,1543.859,146.0030053014628,6700.711,10.093,10.093,485.386,1.151,6.187,0.0,0.106,0.966,0
6.175,9.25992,29761.041,241.5706727026848,8783.036,245.983,245.983,771.957,2.517,13.384,34.277,0.679,0.996,2
8.206,12.34656,50992.878,323.31606546639745,9298.715,437.955,437.955,898.666,3.597,18.39,58.58,1.16,0.999,3
5.14,7.7166,21636.899,201.5149474903944,8499.087,175.288,175.288,720.424,2.077,11.1,25.768,0.51,0.954,2
5.14,7.7166,21632.845,201.513690853333,8484.895,175.268,175.268,721.489,2.082,11.182,25.889,0.512,0.963,2
5.14,7.7166,21627.557,201.5137955730881,8470.543,175.225,175.225,707.627,2.087,11.165,25.212,0.499,0.982,2
2.088,3.08664,3192.846,144.25512786876052,6848.841,28.325,28.325,501.968,1.213,6.466,2.996,0.129,0.966,0
2.088,3.08664,3463.868,141.20872547257449,6848.133,23.053,23.053,527.539,1.215,6.511,19.307,0.17,0.956,0
5.14,7.7166,21624.376,201.51400501259832,8462.181,175.202,175.202,700.099,2.09,11.159,24.843,0.492,0.993,2
3.144,12.34656,8378.874,145.2207487307189,7112.777,60.35,60.35,590.161,1.389,7.492,12.458,0.247,0.963,1
1.138,1.54332,4821.812,144.77841248509347,6640.815,9.411,9.411,584.791,1.266,6.884,4.63,0.227,0.985,0
2.088,3.08664,6325.462,141.83474016867982,6828.521,24.215,24.215,616.166,1.306,7.098,20.804,0.274,0.953,0
3.144,4.6299600000000005,8376.244,145.21907321463698,7071.635,60.326,60.326,566.724,1.391,7.421,11.532,0.228,0.995,1
5.14,7.7166,21624.467,201.51400501259832,8463.112,175.213,175.213,702.065,2.089,11.167,24.945,0.494,0.991,2
8.206,12.34656,50993.701,323.31983537758174,9303.962,438.11,438.11,923.553,3.592,18.566,60.481,1.197,0.98,3
6.175,9.25992,29782.116,241.6316196001644,8814.712,246.126,246.126,775.947,2.507,13.248,34.355,0.68,0.973,2
8.206,12.34656,50994.09,323.32234865170466,9309.526,438.019,438.019,917.854,3.582,18.387,59.86,1.185,0.976,3
7.148,10.80324,38998.552,280.446520434042,9123.565,332.393,332.393,806.673,2.978,15.454,42.764,0.847,0.99,3
4.161,6.17328,14719.605,162.0484803401624,7728.517,113.752,113.752,645.773,1.663,9.017,17.473,0.346,0.98,1
3.144,4.6299600000000005,8378.246,145.2203298516984,7096.802,60.341,60.341,597.57,1.39,7.55,12.762,0.253,0.961,1
8.206,12.34656,50990.27,323.30339437602805,9300.24,438.042,438.042,928.636,3.598,18.698,60.995,1.208,0.982,3
1.138,1.54332,3292.978,144.17449365731838,6606.211,9.051,9.051,539.003,1.215,6.605,7.479,0.177,0.997,0
1.138,1.54332,1950.031,145.8353489735162,6662.782,9.885,9.885,483.066,1.167,6.232,0.909,0.111,0.993,0
1.138,1.54332,3370.933,145.35196258388385,6633.989,9.728,9.728,544.12,1.219,6.631,4.938,0.179,0.986,0
3.144,4.6299600000000005,8376.13,145.21907321463698,7068.464,60.324,60.324,569.877,1.391,7.441,11.663,0.231,0.993,1
8.206,12.34656,50986.43,323.2887336103112,9293.066,437.889,437.889,920.162,3.607,18.744,60.494,1.198,0.995,3
9.3,13.88988,72768.504,372.8443208477918,9747.577,645.049,645.049,1061.56,4.527,22.672,88.186,1.746,0.987,3
8.206,12.34656,50992.731,323.3149135490912,9296.619,438.112,438.112,911.633,3.601,18.58,59.705,1.182,0.995,3
3.144,4.6299600000000005,8376.498,145.21938737390235,7062.075,60.323,60.323,594.542,1.391,7.577,12.662,0.251,0.973,1
2.088,3.08664,6830.622,142.74171796777122,6739.612,25.738,25.738,606.484,1.327,7.199,16.185,0.271,0.997,0
1.138,1.54332,2222.274,137.8486874098051,6627.626,5.599,5.599,517.906,1.166,6.254,28.337,0.171,0.987,0
3.144,12.34656,8378.89,145.2207487307189,7116.179,60.351,60.351,585.607,1.389,7.465,12.274,0.243,0.966,1
2.088,12.34656,3436.415,141.12714878333628,6789.141,22.908,22.908,534.283,1.216,6.599,20.078,0.176,0.965,0
1.138,1.54332,1604.491,141.1931222290617,6620.93,7.325,7.325,482.483,1.148,6.15,13.22,0.12,0.998,0
8.206,12.34656,50996.816,323.33344894574736,9319.599,437.979,437.979,934.619,3.569,18.376,60.949,1.207,0.956,3
8.206,12.34656,50997.285,323.3341819840332,9319.133,438.04,438.04,938.354,3.571,18.436,61.275,1.213,0.955,3
4.161,6.17328,14719.048,162.0482709006521,7719.973,113.744,113.744,645.306,1.664,9.029,17.462,0.346,0.983,1
1.138,1.54332,1478.282,137.8597877038478,6647.428,5.756,5.756,518.277,1.139,6.202,27.445,0.16,0.958,0
6.175,9.25992,29794.33,241.62030986661148,8831.4,246.295,246.295,765.191,2.501,13.08,33.616,0.666,0.969,2
9.3,13.88988,72779.207,372.84714828118,9780.866,644.894,644.894,1083.305,4.487,22.321,89.406,1.77,0.962,3
8.206,12.34656,50994.659,323.32653744190947,9318.307,437.958,437.958,927.03,3.57,18.311,60.361,1.195,0.961,3
1.138,1.54332,497.385,142.35205575897095,6737.583,8.111,8.111,454.607,1.104,5.882,0.0,0.072,0.95,0
9.3,13.88988,72770.946,372.8437972490162,9745.554,644.898,644.898,1052.769,4.529,22.598,87.389,1.73,0.992,3
6.175,9.25992,29761.465,241.57203405950128,8790.162,245.953,245.953,775.462,2.514,13.37,34.45,0.682,0.989,2
3.144,4.6299600000000005,8379.811,145.22127232949452,7135.393,60.368,60.368,585.469,1.388,7.441,12.258,0.243,0.961,1
5.14,7.7166,21637.154,201.51672772623144,8504.3,175.291,175.291,708.655,2.076,10.993,25.118,0.497,0.958,2
2.088,3.08664,5099.981,146.04950087273588,6801.962,31.58,31.58,552.258,1.282,6.888,0.0,0.19,0.983,0
3.144,4.6299600000000005,8380.43,145.22169120851498,7150.614,60.369,60.369,581.966,1.387,7.405,12.109,0.24,0.96,1
5.14,12.34656,21626.805,201.5152616496597,8472.097,175.221,175.221,695.477,2.086,11.074,24.549,0.486,0.989,2
9.3,13.88988,72756.427,372.83981789832166,9734.857,644.815,644.815,1073.897,4.544,23.053,89.675,1.775,0.987,3
9.3,13.88988,72762.71,372.8422264526893,9732.841,644.732,644.732,1054.368,4.544,22.846,87.848,1.739,0.997,3
7.148,10.80324,38995.809,280.44599683526627,9123.202,332.365,332.365,828.168,2.977,15.631,44.262,0.876,0.977,3
2.088,3.08664,3056.298,141.7372460766634,6812.645,23.933,23.933,515.706,1.204,6.484,16.22,0.153,0.964,0
2.088,3.08664,2895.99,143.44459696413435,6811.877,26.888,26.888,501.547,1.201,6.462,6.79,0.13,0.969,0
6.175,9.25992,29791.468,241.6348659125732,8823.912,246.229,246.229,796.614,2.503,13.352,35.557,0.704,0.955,2
4.161,6.17328,14720.788,162.04931809820337,7752.839,113.762,113.762,639.227,1.661,8.933,17.145,0.339,0.977,1
3.144,4.6299600000000005,8378.155,145.2203298516984,7102.24,60.348,60.348,584.165,1.389,7.474,12.224,0.242,0.971,1
2.088,3.08664,3775.503,145.22640359749536,6831.342,30.064,30.064,517.634,1.235,6.607,0.0,0.147,0.972,0
4.161,6.17328,14723.577,162.0502605759994,7789.498,113.777,113.777,647.863,1.657,8.926,17.497,0.346,0.96,1
2.088,3.08664,5362.289,146.0144197547708,6820.365,31.527,31.527,558.138,1.29,6.91,0.0,0.198,0.979,0
9.3,13.88988,72758.486,372.8411792551382,9730.414,644.76,644.76,1060.879,4.548,22.969,88.53,1.752,0.995,3
5.14,7.7166,21636.748,201.51463333112903,8498.236,175.321,175.321,722.921,2.077,11.121,25.905,0.513,0.953,2
3.144,4.6299600000000005,8378.886,145.2207487307189,7108.544,60.351,60.351,598.597,1.389,7.54,12.796,0.253,0.957,1
7.148,10.80324,38998.556,280.4456826760009,9122.417,332.387,332.387,816.849,2.979,15.555,43.496,0.861,0.985,3
6.175,9.25992,29762.111,241.5709868619501,8790.099,246.022,246.022,762.689,2.515,13.276,33.671,0.667,0.997,2
6.175,9.25992,29762.325,241.57130102121545,8791.134,245.949,245.949,760.04,2.515,13.251,33.503,0.663,0.998,2
9.3,13.88988,72769.245,372.8435878095059,9737.897,644.84,644.84,1045.364,4.538,22.643,86.861,1.719,0.999,3
8.206,12.34656,50993.875,323.3225580912149,9313.241,437.953,437.953,914.75,3.576,18.274,59.5,1.178,0.973,3
8.206,12.34656,50993.983,323.32339584925586,9316.827,437.988,437.988,916.12,3.57,18.215,59.51,1.178,0.968,3
8.206,12.34656,50994.506,323.3277940789709,9327.187,437.96,437.96,925.921,3.555,18.111,60.012,1.188,0.951,3
2.088,3.08664,5060.814,146.02227373640477,6832.103,31.536,31.536,549.595,1.28,6.844,0.0,0.187,0.976,0
2.088,3.08664,3598.386,145.00743458954017,6812.997,29.668,29.668,515.378,1.229,6.605,0.0,0.143,0.974,0
8.206,12.34656,50989.676,323.3005669426398,9292.8,437.925,437.925,915.018,3.607,18.693,60.083,1.189,0.998,3
8.206,12.34656,50993.686,323.3193117788062,9306.729,438.021,438.021,933.16,3.589,18.621,61.19,1.211,0.972,3
9.3,12.34656,72759.686,372.8411792551382,9751.2,644.872,644.872,1089.292,4.526,22.961,90.76,1.797,0.973,3
6.175,9.25992,29797.053,241.6151785986106,8842.649,246.362,246.362,779.989,2.497,13.129,34.453,0.682,0.953,2
8.206,12.34656,50989.352,323.3005669426398,9300.348,438.048,438.048,930.374,3.598,18.715,61.133,1.21,0.981,3
