,state1_feature1,state1_feature3,state1_feature4,state1_feature5,state2_feature1,state2_feature3,state2_feature4,state2_feature5,collision,state1_feature2_A,state1_feature2_B,state1_feature2_C,state1_feature2_D,state1_feature6_A,state1_feature6_B,state1_feature6_C,state1_feature6_D,state2_feature2_A,state2_feature2_B,state2_feature2_C,state2_feature2_D,state2_feature6_A,state2_feature6_B,state2_feature6_C,state2_feature6_D
0,0,2,1.9327630917601035,0,0,3,89.2152916869961,1,1,0,0,1,0,0,1,0,0,0,0,1,0,0,0,1,0
1,1,4,12.436839900051023,1,1,2,47.04733196771568,1,1,0,1,0,0,1,0,0,0,0,0,0,1,0,1,0,0
2,0,5,41.36426749186353,0,1,1,52.78073635588299,0,0,0,1,0,0,0,1,0,0,1,0,0,0,0,1,0,0
3,0,5,49.28645844474466,0,1,1,99.9707637821831,0,0,0,0,1,0,0,0,1,0,0,0,1,0,0,0,1,0
4,0,2,40.42897472548691,0,1,1,84.33029661521613,0,0,0,0,1,0,1,0,0,0,1,0,0,0,0,1,0,0
5,1,1,53.093767841209385,1,1,2,36.177000577298,1,0,0,0,1,0,0,0,0,1,0,1,0,0,0,0,0,1
6,0,4,59.51316749056815,1,1,3,1.0345596472699947,0,0,0,0,0,1,1,0,0,0,0,0,1,0,0,0,1,0
7,0,5,0.992382112783563,1,0,3,62.61740737938947,0,1,0,1,0,0,0,0,0,1,1,0,0,0,1,0,0,0
8,0,2,46.409515945350385,0,0,1,70.39134261281077,0,1,0,0,0,1,1,0,0,0,0,0,0,1,0,0,1,0
9,1,5,96.34992408875883,1,0,2,65.08026901433797,0,0,0,0,0,1,0,0,0,1,0,1,0,0,0,0,1,0
10,0,4,51.90322801295487,0,1,1,96.78623511632131,1,0,0,0,1,0,0,0,1,0,0,1,0,0,0,0,1,0
11,0,4,67.75422674589532,0,0,5,86.29710273321443,0,0,0,0,1,0,0,0,1,0,0,1,0,0,0,0,1,0
12,0,3,31.18638579168832,1,1,3,44.88316931806485,1,0,1,0,0,0,0,0,1,0,0,0,0,1,1,0,0,0
13,0,2,77.39913781527625,0,0,4,6.285748747238095,1,0,1,0,0,0,1,0,0,0,0,0,0,1,1,0,0,0
14,1,4,77.2921481876115,1,0,1,47.605876950199686,1,0,0,0,0,1,0,0,1,0,0,0,1,0,1,0,0,0
15,0,3,52.129604765413895,0,1,5,68.9244019962023,1,0,0,1,0,0,0,1,0,0,0,0,0,1,0,0,1,0
16,1,3,97.60138232792136,1,0,3,60.77098082270046,0,0,0,0,1,0,0,0,1,0,0,0,1,0,0,0,0,1
17,1,5,12.555021476265338,0,0,2,53.81370677108849,0,0,0,0,1,0,0,0,0,1,0,1,0,0,0,0,0,1
18,1,5,1.6947664889580993,0,0,3,46.88189580152413,0,0,0,0,0,1,0,0,0,1,0,0,1,0,1,0,0,0
19,0,3,77.0158211757096,0,1,2,29.376187302738632,1,0,1,0,0,0,0,0,0,1,1,0,0,0,0,0,0,1
20,1,5,80.71555373648826,0,0,2,27.734676172462926,0,1,0,1,0,0,1,0,0,0,0,1,0,0,0,0,0,1
21,0,4,12.020722912057625,0,1,1,50.02314789258019,1,1,1,0,0,0,0,1,0,0,0,1,0,0,0,0,0,1
22,1,1,26.55828329586061,1,0,1,16.0603146429649,0,1,1,0,0,0,0,0,1,0,0,0,1,0,0,0,0,1
23,1,4,1.755236336662891,0,0,3,34.068542357480155,0,0,1,0,0,0,0,1,0,0,0,1,0,0,0,0,0,1
24,1,3,29.33086107805647,1,0,5,32.39792747100996,0,0,1,0,0,0,0,1,0,0,0,0,0,1,0,1,0,0
25,1,3,77.31418739186715,1,0,3,58.71328015842009,1,0,0,0,1,0,0,0,0,1,1,0,0,0,1,0,0,0
26,1,4,51.79605277125789,1,1,4,6.668230036302458,0,0,0,0,1,0,0,0,0,1,0,0,1,0,0,0,1,0
27,1,5,34.80955931682881,0,0,2,82.96686802650952,1,1,1,0,0,0,0,0,0,1,0,0,1,0,0,0,0,1
28,1,5,37.17392949063303,0,1,2,56.237838038440216,1,0,0,1,0,0,1,0,0,0,0,1,0,0,0,1,0,0
29,1,3,0.1353625715468154,0,1,1,67.08266807759354,1,0,0,0,0,1,0,1,0,0,0,0,0,1,0,0,1,0
30,0,2,29.98005275652359,1,0,5,70.30939037594328,0,0,0,1,0,0,0,1,0,0,0,1,0,0,0,1,0,0
31,0,5,64.64587416379305,0,0,1,29.148413684253647,0,0,0,1,0,0,1,0,0,0,0,1,0,0,0,0,0,1
32,1,4,97.41944438163571,0,1,4,47.03715673848665,1,1,0,1,0,0,1,0,0,0,0,0,1,0,0,0,0,1
33,1,5,84.70608269838995,1,1,3,95.62459558696672,1,0,1,0,0,0,1,0,0,0,0,1,0,0,0,0,0,1
34,1,4,2.3594964645529126,1,0,3,76.67052379968149,1,0,0,0,1,0,0,1,0,0,1,0,0,0,0,0,0,1
35,0,3,89.85606046748393,1,0,5,96.95568752231853,1,0,0,1,0,0,0,1,0,0,0,1,0,0,0,0,1,0
36,1,5,78.3198413298626,1,0,1,74.62543451462884,1,1,1,0,0,0,0,0,0,1,0,1,0,0,0,0,1,0
37,0,4,78.03761235709804,1,0,1,17.56001397085174,0,0,0,1,0,0,0,0,0,1,0,0,1,0,0,1,0,0
38,0,3,45.79957590035715,1,0,4,6.453588384467624,0,0,0,1,0,0,0,1,0,0,0,1,0,0,1,0,0,0
39,0,2,39.80052929545028,0,1,3,57.76614367196636,0,0,1,0,0,0,0,0,0,1,0,0,0,1,0,0,0,1
40,0,4,30.29157288331926,1,0,1,35.78132797026095,1,1,0,0,1,0,1,0,0,0,0,0,1,0,0,1,0,0
41,0,2,6.569485895436578,0,0,5,27.545791013817023,1,0,0,0,1,0,0,0,1,0,0,1,0,0,0,1,0,0
42,1,2,22.82353634936991,0,1,3,80.72109964254174,0,0,0,0,0,1,0,0,0,1,1,0,0,0,0,1,0,0
43,1,1,24.66036349780246,0,0,4,36.69932670819473,0,1,1,0,0,0,0,1,0,0,1,0,0,0,0,0,0,1
44,1,5,48.40770697102016,1,0,5,31.70009697343039,1,1,0,0,0,1,0,0,0,1,0,0,1,0,0,0,0,1
45,1,4,74.7444406596694,0,1,2,84.99875931690104,1,0,0,0,0,1,0,0,0,1,0,0,1,0,0,1,0,0
46,1,2,47.38098283979466,1,0,4,84.62873364864602,1,1,0,0,0,1,0,0,0,1,0,1,0,0,0,0,0,1
47,0,1,5.784444944716061,1,1,5,35.63666377550566,0,0,0,0,1,0,0,0,1,0,0,0,0,1,0,1,0,0
48,1,3,95.77898009882038,0,0,1,83.24987009859662,1,1,1,0,0,0,1,0,0,0,0,1,0,0,0,0,1,0
49,1,4,94.27243190941122,1,0,2,85.07784903326605,1,0,0,0,0,1,0,1,0,0,1,0,0,0,0,0,0,1
50,0,2,78.51895431484084,0,0,4,42.39305350296662,1,0,1,0,0,0,0,0,1,0,0,0,0,1,0,0,1,0
51,1,5,99.13279015642206,0,1,1,6.6473130209171565,0,1,1,0,0,0,0,1,0,0,0,0,0,1,1,0,0,0
52,0,1,54.448233280026294,1,1,2,0.15846444663401016,1,1,0,0,1,0,0,1,0,0,0,0,0,1,0,0,0,1
53,1,2,96.27683502532061,0,1,3,52.3292462888995,0,0,0,0,0,1,0,1,0,0,0,1,0,0,1,0,0,0
54,0,5,7.560504061675077,0,1,1,34.40754933703557,1,1,0,0,0,1,0,0,1,0,1,0,0,0,0,1,0,0
55,1,2,36.568074826137135,0,0,5,99.7131894158366,1,0,1,0,0,0,1,0,0,0,0,0,1,0,0,0,0,1
56,1,4,22.538126800676583,1,1,4,77.24109996272843,0,1,0,1,0,0,0,1,0,0,0,1,0,0,0,0,0,1
57,0,4,19.583308413427,0,1,2,76.12754563504124,1,0,0,0,1,0,1,0,0,0,0,0,1,0,0,0,0,1
58,0,4,14.08029488926761,1,1,1,95.52427682873437,0,0,0,0,1,0,1,0,0,0,0,0,0,1,1,0,0,0
59,0,1,62.241364156599666,1,0,3,88.77243978933208,1,0,0,0,1,0,0,0,0,1,0,0,0,1,1,0,0,0
60,0,4,78.1321855747305,0,0,4,31.81874794563887,0,0,0,0,1,0,0,0,1,0,0,1,0,0,0,1,0,0
61,0,5,57.82983994203607,0,1,4,16.598722160387634,1,0,0,0,0,1,0,0,1,0,1,0,0,0,0,0,1,0
62,0,2,14.696270958820968,1,1,1,74.58922650654823,0,0,0,0,0,1,0,0,0,1,0,0,0,1,0,0,1,0
63,0,3,81.11237699334708,1,0,3,37.8273893682873,0,0,0,1,0,0,0,0,0,1,0,0,1,0,1,0,0,0
64,0,5,63.59547071637285,0,1,2,47.31726516309565,1,1,0,0,1,0,1,0,0,0,0,0,1,0,0,0,0,1
65,1,5,38.81657061269955,0,1,1,63.03977312748269,0,0,0,0,1,0,0,1,0,0,0,1,0,0,0,0,1,0
66,1,4,67.4130295536063,1,1,2,90.78726769352407,1,0,1,0,0,0,0,0,1,0,0,0,1,0,0,0,1,0
67,0,1,25.990497924283286,1,1,4,41.908775367096595,0,0,0,0,0,1,0,1,0,0,1,0,0,0,1,0,0,0
68,1,2,34.51922084942105,1,0,2,78.33168902193613,1,0,0,0,1,0,0,1,0,0,0,0,0,1,0,1,0,0
69,1,1,91.74858431319902,1,0,3,26.833979127465746,1,0,0,1,0,0,0,0,0,1,0,0,1,0,1,0,0,0
70,1,2,29.05045056714204,1,0,5,69.79717909236136,1,0,0,1,0,0,0,1,0,0,0,0,1,0,1,0,0,0
71,1,2,46.99882681579366,0,1,3,0.1579421077911869,1,0,0,0,0,1,1,0,0,0,0,0,0,1,0,0,0,1
72,0,1,89.01411373960147,1,1,2,87.15072134906347,0,0,0,1,0,0,0,0,0,1,0,1,0,0,1,0,0,0
73,1,5,70.77213502675275,1,0,1,3.03795799544625,1,0,0,1,0,0,0,1,0,0,0,0,1,0,0,0,0,1
74,0,2,6.220322616470275,0,0,4,71.27537547625842,1,0,0,0,0,1,0,0,0,1,0,1,0,0,0,1,0,0
75,1,1,14.730304427897034,0,0,5,4.625818926128389,1,1,0,0,1,0,1,0,0,0,0,1,0,0,0,0,0,1
76,1,2,0.7841590771916818,1,1,1,26.624569939400345,1,0,0,0,1,0,1,0,0,0,0,0,1,0,0,1,0,0
77,1,3,63.09217902291634,1,0,1,49.72024035565531,1,1,0,1,0,0,0,1,0,0,1,0,0,0,0,1,0,0
78,0,5,44.767342541041835,0,1,3,41.99386853482382,0,0,0,1,0,0,0,0,0,1,0,1,0,0,0,1,0,0
79,1,4,13.427485090227552,1,1,2,19.18361146010106,1,1,0,0,1,0,0,1,0,0,0,0,1,0,1,0,0,0
80,0,2,95.79341210567705,1,0,3,33.38149117092374,0,0,0,0,0,1,0,1,0,0,0,1,0,0,0,0,0,1
81,1,3,52.96597239456199,0,0,2,72.7706370060967,0,0,0,1,0,0,0,0,0,1,0,0,0,1,0,0,1,0
82,0,4,24.189329411288917,1,1,3,66.92570925796483,1,1,1,0,0,0,0,1,0,0,1,0,0,0,1,0,0,0
83,1,4,50.06035711547076,0,0,1,7.18145837639157,1,0,0,0,0,1,1,0,0,0,1,0,0,0,0,1,0,0
84,0,2,67.96203327351078,0,0,4,74.73158255728863,0,0,0,1,0,0,0,0,0,1,0,0,0,1,0,0,1,0
85,0,1,7.623921797356448,0,1,2,5.304588119702835,0,0,0,1,0,0,0,0,0,1,0,0,0,1,1,0,0,0
86,1,2,27.4703815047892,0,1,5,54.29263890997844,0,1,1,0,0,0,0,0,0,1,0,1,0,0,0,0,1,0
87,0,3,80.69654908839937,1,1,5,26.006274804219064,1,0,1,0,0,0,0,0,0,1,0,0,0,1,0,1,0,0
88,1,4,45.966487040266124,0,1,1,58.76901275598188,0,0,0,0,1,0,0,1,0,0,1,0,0,0,0,0,1,0
89,1,2,54.65771420322949,1,1,3,26.132839594090186,0,1,0,0,0,1,0,1,0,0,0,0,0,1,0,0,1,0
90,1,1,43.28160022094693,1,0,3,98.4957969625831,1,0,0,0,0,1,1,0,0,0,0,0,1,0,0,1,0,0
91,1,2,4.389994264300512,1,1,1,30.972818372753185,0,1,0,0,1,0,0,0,1,0,0,0,1,0,0,0,1,0
92,1,5,16.574977982015593,1,1,5,24.1960635674496,1,0,0,0,0,1,0,0,1,0,0,1,0,0,1,0,0,0
93,1,1,44.554163874189086,1,1,5,27.8465290915346,0,1,0,0,0,1,1,0,0,0,1,0,0,0,0,0,1,0
94,1,3,20.918546540792782,0,0,3,89.64728572592954,1,0,0,0,0,1,0,0,1,0,0,0,1,0,0,0,0,1
95,1,4,4.997902865967873,0,1,2,63.62188286693448,0,0,0,0,0,1,1,0,0,0,0,0,0,1,1,0,0,0
96,1,2,84.36496640518237,0,1,4,73.06840974207765,1,0,0,0,0,1,0,1,0,0,0,0,1,0,0,0,1,0
97,1,1,98.11925291641158,0,1,2,91.80105100943504,1,0,1,0,0,0,0,0,0,1,0,0,1,0,0,0,0,1
98,1,5,79.31428739967394,1,0,5,91.18724848450074,0,0,0,0,0,1,0,0,0,1,0,1,0,0,0,0,0,1
99,0,1,85.3784921704667,0,1,2,73.89458465787276,1,0,1,0,0,0,0,1,0,0,0,0,0,1,0,0,0,1
100,0,5,24.197713031704538,1,1,4,19.78244288413229,0,0,0,0,0,1,0,0,0,1,0,0,0,1,0,0,1,0
101,1,3,96.06269755131997,1,1,2,84.33733206750055,1,0,0,0,1,0,0,0,0,1,0,0,0,1,0,1,0,0
102,1,4,19.692570445342838,0,0,2,20.37760341910637,1,0,0,1,0,0,0,0,1,0,0,1,0,0,0,0,0,1
103,1,3,95.14298103618323,0,0,2,74.28988140984319,1,0,1,0,0,0,0,1,0,0,0,0,0,1,0,1,0,0
104,1,2,99.4819293965951,0,0,2,68.56030665448743,1,0,0,0,0,1,0,0,1,0,0,0,0,1,1,0,0,0
105,1,1,71.17228057460487,0,0,1,75.88888501404466,1,0,0,0,1,0,0,0,1,0,0,0,1,0,0,1,0,0
106,1,5,98.1143731791822,1,1,5,53.26856807138157,1,0,0,1,0,0,0,0,0,1,0,0,1,0,0,1,0,0
107,1,5,56.95397795671037,1,1,4,63.872618224921965,1,0,1,0,0,0,0,0,0,1,0,0,0,1,0,1,0,0
108,1,1,25.954178317609035,0,0,5,95.33200804342553,0,1,0,1,0,0,0,1,0,0,1,0,0,0,0,1,0,0
109,0,1,43.699588566562085,1,0,1,10.10885941742149,0,0,0,0,1,0,0,0,0,1,1,0,0,0,0,1,0,0
110,1,2,59.35609353787859,1,1,1,30.884727478162,1,0,1,0,0,0,0,0,0,1,0,0,0,1,1,0,0,0
111,0,3,7.308156202701499,1,1,1,61.13570130983824,1,0,0,1,0,0,0,1,0,0,1,0,0,0,1,0,0,0
112,1,5,62.234326461724606,0,0,1,96.40541301314893,1,1,0,0,0,1,0,0,0,1,0,1,0,0,0,1,0,0
113,1,2,98.11778367622945,1,0,2,9.557444766260115,0,0,1,0,0,0,0,0,1,0,0,0,1,0,0,1,0,0
114,0,3,19.010764978372762,0,0,5,2.2549221530086427,1,1,0,1,0,0,0,1,0,0,0,1,0,0,0,0,0,1
115,1,2,79.25951162883833,0,0,3,5.574959847032801,0,0,0,0,1,0,0,0,0,1,0,0,1,0,1,0,0,0
116,0,5,90.78987937796194,1,1,4,5.240568646119881,1,1,0,0,1,0,1,0,0,0,1,0,0,0,0,0,1,0
117,1,1,94.37015928202209,1,0,1,90.78158577774043,1,0,1,0,0,0,0,1,0,0,1,0,0,0,1,0,0,0
118,1,1,96.01356044054472,0,0,5,72.12579079338248,1,0,0,1,0,0,0,1,0,0,0,0,0,1,0,0,1,0
119,0,3,52.14596387214719,1,1,1,67.71063661962783,1,0,1,0,0,0,1,0,0,0,1,0,0,0,0,0,0,1
120,1,4,97.73079079915037,1,1,1,52.25728202618095,1,1,1,0,0,0,0,0,0,1,1,0,0,0,0,1,0,0
121,0,3,75.73102071344388,0,1,1,78.19526169721519,0,1,0,1,0,0,0,0,0,1,0,0,0,1,0,0,0,1
122,1,4,16.16714362369619,0,1,1,15.56479927615908,1,0,0,1,0,0,0,1,0,0,0,0,0,1,0,1,0,0
123,0,2,47.690010646797,0,1,1,39.19411897884374,0,0,0,0,0,1,0,1,0,0,0,0,1,0,1,0,0,0
124,0,2,71.8331175372004,0,0,4,49.000425076434354,0,0,0,1,0,0,0,0,0,1,1,0,0,0,0,1,0,0
125,1,5,24.734031581908333,1,0,5,11.040949767672625,1,0,0,0,1,0,0,0,0,1,0,0,1,0,0,0,1,0
126,1,4,64.06151835488873,1,0,1,41.9513709337517,1,0,1,0,0,0,0,0,1,0,0,0,1,0,0,0,1,0
127,0,5,66.66004790466192,0,1,1,31.650177926262035,1,0,1,0,0,0,0,1,0,0,0,1,0,0,0,0,0,1
128,1,1,16.26997438085659,0,0,1,3.558214579346264,0,1,0,0,1,0,0,1,0,0,1,0,0,0,1,0,0,0
129,1,4,56.50853124527563,0,1,1,13.673540272923523,0,0,0,1,0,0,1,0,0,0,1,0,0,0,0,0,1,0
130,1,3,77.16269109786077,1,0,2,76.40368231674718,0,0,0,0,1,0,0,0,1,0,0,1,0,0,0,0,0,1
131,0,1,49.88956645359419,0,0,2,1.8037909504644456,1,0,0,0,1,0,0,0,0,1,0,0,1,0,1,0,0,0
132,0,1,1.2103116776107425,1,1,3,93.42532990963612,0,1,0,0,0,1,0,0,1,0,1,0,0,0,1,0,0,0
133,0,3,0.9038469079292177,0,1,1,8.642463244723741,0,1,0,0,1,0,0,0,0,1,0,0,1,0,0,0,0,1
134,0,1,35.702934397001215,0,0,3,79.92380942034582,0,0,1,0,0,0,0,0,0,1,0,1,0,0,0,0,1,0
135,0,4,92.6194068431782,0,0,4,89.86165409434707,1,1,0,0,1,0,0,0,1,0,0,0,0,1,0,0,1,0
136,0,5,22.867677960360876,1,0,3,94.1135584850447,0,1,1,0,0,0,0,1,0,0,0,0,1,0,0,0,0,1
137,0,1,63.43636888716871,1,0,5,86.74770234959726,0,0,1,0,0,0,0,0,0,1,1,0,0,0,0,0,1,0
138,0,4,22.207587069332057,1,0,2,28.75500394254432,1,0,1,0,0,0,0,0,1,0,0,0,0,1,0,0,0,1
139,0,2,32.16699896595486,0,1,2,33.308713133847704,1,1,0,1,0,0,1,0,0,0,0,0,1,0,0,0,1,0
140,1,4,84.8042089601484,1,1,1,42.654569861007595,1,0,0,0,0,1,0,0,1,0,0,0,1,0,0,0,1,0
141,0,5,72.88614422699469,1,1,1,13.929668940710084,0,0,1,0,0,0,1,0,0,0,0,0,0,1,0,0,0,1
142,1,4,9.539927731321063,0,1,4,2.227245506722386,0,0,1,0,0,0,0,0,0,1,0,0,0,1,0,0,0,1
143,1,3,42.87020209864336,0,0,4,86.91216142810346,0,0,0,1,0,0,0,0,1,0,0,0,0,1,0,0,1,0
144,1,5,2.916976364526447,1,0,5,55.41287162104563,1,1,1,0,0,0,0,0,1,0,1,0,0,0,0,0,0,1
145,0,2,48.0890146603009,1,1,1,60.87229421782163,0,0,0,0,1,0,1,0,0,0,1,0,0,0,0,0,1,0
146,0,3,66.24340117010681,1,0,1,92.69884748177954,1,0,0,0,1,0,0,0,1,0,0,0,1,0,0,1,0,0
147,0,4,11.850262359815156,1,1,4,66.51201781136157,1,1,0,0,0,1,0,0,1,0,0,0,1,0,1,0,0,0
148,0,5,28.888493890916568,0,0,4,69.08535043398135,0,0,1,0,0,0,0,0,0,1,0,1,0,0,1,0,0,0
149,1,2,39.783662550215695,0,0,4,78.69686484367422,0,0,0,1,0,0,0,0,1,0,1,0,0,0,0,0,1,0
150,0,3,91.95310246560497,0,0,2,11.634844985740378,0,1,0,0,1,0,0,1,0,0,0,0,1,0,1,0,0,0
151,0,2,99.32550154229641,1,1,3,36.01621532137915,1,0,0,1,0,0,1,0,0,0,0,0,0,1,0,0,1,0
152,0,4,4.491129899561585,1,1,3,96.82079277033662,1,0,0,1,0,0,0,0,1,0,0,0,0,1,0,0,0,1
153,0,2,76.1007923495392,0,1,1,92.29300781006066,0,0,0,0,1,0,1,0,0,0,1,0,0,0,0,1,0,0
154,0,1,37.17240664023432,0,1,2,88.40752963101848,1,0,0,1,0,0,1,0,0,0,0,0,0,1,1,0,0,0
155,1,3,39.245818622948,1,0,4,45.20885103389725,0,1,0,0,1,0,1,0,0,0,0,1,0,0,1,0,0,0
156,0,2,75.42649733470228,1,0,1,85.71929535868057,0,0,0,1,0,0,0,0,1,0,0,0,1,0,0,0,0,1
157,1,4,91.84264321454087,0,0,2,4.83958819457656,0,0,0,0,1,0,0,0,1,0,0,0,1,0,0,1,0,0
158,0,4,95.09285945025483,0,0,5,14.851742425711745,1,0,1,0,0,0,1,0,0,0,0,0,1,0,0,1,0,0
159,1,2,57.712258603832076,0,1,2,41.39676984840541,1,0,0,0,0,1,0,1,0,0,1,0,0,0,0,1,0,0
160,0,4,35.71211593005028,1,0,1,48.33920666821264,0,1,0,0,1,0,1,0,0,0,0,0,0,1,0,0,0,1
161,0,5,78.75490858587793,1,0,3,26.350715352085686,0,1,0,0,1,0,0,1,0,0,0,1,0,0,1,0,0,0
162,1,5,25.100138326230027,1,0,4,35.647667084778746,1,1,0,0,0,1,1,0,0,0,1,0,0,0,1,0,0,0
163,1,5,56.40740288335178,1,1,5,16.277610102536876,0,0,0,0,1,0,0,0,0,1,0,0,1,0,0,1,0,0
164,1,1,35.85784615248732,1,1,2,48.913403171590716,1,1,0,0,1,0,1,0,0,0,0,1,0,0,0,0,0,1
165,0,2,65.66310737078761,1,1,1,79.38432928678613,0,0,0,1,0,0,1,0,0,0,0,0,1,0,0,0,0,1
166,1,1,24.03989128935069,0,0,1,66.13603936613057,1,1,0,0,0,1,0,0,1,0,0,0,1,0,0,0,0,1
167,0,4,19.159294573482576,0,1,4,10.779224736554127,0,1,1,0,0,0,0,1,0,0,1,0,0,0,0,1,0,0
168,0,1,91.8239086675437,1,0,1,48.758160339671605,1,0,0,0,1,0,0,0,0,1,0,0,1,0,0,0,0,1
169,1,4,10.18036829495369,0,0,1,69.7646382779725,0,0,0,0,0,1,0,1,0,0,0,1,0,0,0,1,0,0
170,1,4,50.595790773493164,1,0,4,52.98952965539412,1,0,0,1,0,0,0,0,0,1,0,0,1,0,0,1,0,0
171,0,3,22.085278296300892,0,1,5,39.167559653554896,1,0,1,0,0,0,1,0,0,0,0,0,0,1,0,1,0,0
172,0,5,3.892996332566745,1,1,3,62.19144212838782,1,1,0,0,0,1,0,0,1,0,0,0,1,0,0,0,1,0
173,1,4,3.601881829142639,0,0,3,96.86386653002755,1,0,1,0,0,0,0,0,1,0,1,0,0,0,0,1,0,0
174,1,3,17.522177210582733,0,0,2,9.4907909766078,0,0,1,0,0,0,0,1,0,0,0,1,0,0,0,0,0,1
175,1,5,86.67703545060003,1,1,5,39.00160607475607,1,0,1,0,0,0,0,0,1,0,1,0,0,0,0,0,1,0
176,0,4,28.247874397702667,1,1,2,40.66058530460956,1,1,0,0,1,0,0,1,0,0,0,0,0,1,1,0,0,0
177,0,4,95.04591705752958,0,1,3,57.6967310468371,0,0,0,0,1,0,0,1,0,0,0,0,1,0,1,0,0,0
178,0,1,58.16222929891936,0,0,4,15.21746018819179,1,0,0,1,0,0,0,0,0,1,1,0,0,0,0,0,0,1
179,0,1,43.66141897687661,1,0,1,17.664302987046952,0,0,0,1,0,0,0,1,0,0,1,0,0,0,0,0,0,1
180,0,5,58.00888346694546,0,0,3,28.536138599785467,1,0,0,0,0,1,0,0,0,1,1,0,0,0,0,0,0,1
181,0,4,51.669838522626776,1,1,5,95.58700432685195,1,0,0,1,0,0,0,0,1,0,1,0,0,0,0,0,0,1
182,1,2,75.87762537573252,1,1,3,73.41085812309026,1,1,1,0,0,0,0,1,0,0,0,0,0,1,0,0,1,0
183,0,1,28.249606597285226,0,1,5,66.16933016915031,1,0,1,0,0,0,0,1,0,0,0,0,0,1,0,0,0,1
184,0,5,35.30503916003024,1,0,5,81.69576873942623,1,0,0,0,1,0,1,0,0,0,0,0,1,0,0,1,0,0
185,0,4,89.40943025332507,0,0,5,12.757646891669294,1,0,1,0,0,0,0,1,0,0,0,0,1,0,1,0,0,0
186,1,4,94.64565131504055,0,1,2,85.93328197237517,0,0,0,0,0,1,0,1,0,0,0,1,0,0,0,0,0,1
187,0,2,89.25582274864745,1,0,4,59.4832713887504,0,0,1,0,0,0,1,0,0,0,0,0,0,1,0,1,0,0
188,0,5,41.94479939573136,0,1,3,33.53290074589354,1,0,1,0,0,0,1,0,0,0,1,0,0,0,0,0,0,1
189,1,4,78.03655030068816,1,0,4,81.58552557456903,1,0,0,0,0,1,0,0,1,0,1,0,0,0,0,1,0,0
190,0,1,47.63357333010988,1,1,1,80.25645343486241,0,0,0,1,0,0,0,1,0,0,0,1,0,0,0,0,1,0
191,0,2,49.75398521461022,1,0,3,84.57085817167271,0,0,0,1,0,0,0,0,1,0,1,0,0,0,1,0,0,0
192,0,5,20.468010905728395,0,0,4,11.551790010698216,1,1,0,0,0,1,0,0,1,0,0,1,0,0,1,0,0,0
193,0,2,59.113030325851646,1,1,4,96.9361244995776,1,0,0,0,1,0,1,0,0,0,0,0,1,0,0,0,1,0
194,0,1,18.613589775334795,0,1,1,95.96261537897311,1,1,1,0,0,0,0,0,0,1,0,0,0,1,0,1,0,0
195,1,5,33.15646990671938,1,1,5,35.746964550174155,1,1,0,0,0,1,0,0,1,0,0,1,0,0,0,0,0,1
196,1,2,85.50302016199352,1,1,3,6.589401821191965,1,0,1,0,0,0,0,0,0,1,1,0,0,0,0,1,0,0
197,1,3,20.707580921085523,1,1,3,16.70556694687857,1,1,0,0,1,0,0,1,0,0,0,1,0,0,1,0,0,0
198,0,1,7.115828517343282,0,0,1,99.2830825444697,0,0,1,0,0,0,1,0,0,0,0,0,1,0,0,0,1,0
199,0,1,6.90075926128163,0,1,5,56.30129431716631,1,0,0,0,0,1,0,1,0,0,1,0,0,0,0,0,1,0
200,0,1,94.07845205031079,1,1,3,35.6621798826052,1,0,1,0,0,0,0,1,0,0,0,0,1,0,0,1,0,0
201,1,3,50.69204379618346,1,1,3,28.820269385003883,0,0,0,1,0,0,1,0,0,0,0,0,1,0,0,1,0,0
202,0,3,40.941207181701834,0,0,3,25.699173531094754,0,0,0,0,1,0,0,1,0,0,0,1,0,0,0,0,1,0
203,0,4,81.08785810079185,0,1,5,66.4152765054482,0,0,0,0,1,0,1,0,0,0,0,0,1,0,1,0,0,0
204,1,2,83.5825927910516,0,1,1,41.93878315196859,0,0,0,0,1,0,0,0,0,1,1,0,0,0,0,0,0,1
205,0,4,33.21910331156046,1,1,3,96.54106993686116,1,0,0,0,0,1,0,1,0,0,0,0,1,0,0,0,0,1
206,1,2,69.36180574737952,0,0,4,68.38430306453614,0,0,0,0,1,0,1,0,0,0,0,0,1,0,0,1,0,0
207,1,3,77.11228158518865,1,0,5,79.20445910489612,0,0,0,1,0,0,0,0,1,0,0,1,0,0,0,0,1,0
208,1,3,65.46506868659546,0,1,2,29.274154858315992,1,0,0,0,0,1,0,1,0,0,0,0,1,0,0,0,1,0
209,0,4,15.159507480009937,1,0,1,7.918640910862584,0,0,0,1,0,0,0,0,0,1,0,0,0,1,0,0,1,0
210,0,5,87.5883083517057,1,1,4,48.782283738188106,0,0,1,0,0,0,1,0,0,0,0,1,0,0,1,0,0,0
211,0,4,53.90945527360087,1,0,3,31.458154654622728,1,0,1,0,0,0,0,1,0,0,0,1,0,0,0,1,0,0
212,0,2,28.24724263700037,0,1,2,20.208316500792368,1,1,1,0,0,0,0,1,0,0,1,0,0,0,0,1,0,0
213,0,4,42.52281854376939,0,0,1,95.26421308008614,1,1,1,0,0,0,0,1,0,0,1,0,0,0,0,1,0,0
214,0,1,3.757109039890738,0,1,5,44.39882143420303,1,0,0,1,0,0,0,0,0,1,1,0,0,0,1,0,0,0
215,0,2,12.786680122241755,1,1,2,17.470859204878565,1,1,0,0,0,1,1,0,0,0,1,0,0,0,0,1,0,0
216,1,2,76.55467505158609,1,0,2,19.865065268113913,1,0,0,0,0,1,0,0,1,0,0,0,0,1,0,0,0,1
217,0,5,0.0011634755366141114,0,1,4,28.0709742464594,1,0,0,0,1,0,0,0,1,0,0,1,0,0,0,1,0,0
218,1,3,41.65658284822922,1,1,1,99.93162681897128,0,1,0,1,0,0,0,0,1,0,0,0,1,0,0,1,0,0
219,0,2,52.251018108558846,1,1,4,26.80115005195973,0,0,1,0,0,0,1,0,0,0,1,0,0,0,0,1,0,0
220,0,3,5.4634420000972295,1,1,4,32.88018045784536,1,1,0,1,0,0,0,0,1,0,1,0,0,0,1,0,0,0
221,0,4,97.30781629723329,0,0,3,65.93281279840014,0,0,0,0,1,0,0,0,0,1,1,0,0,0,0,0,0,1
222,1,1,22.612533124967193,1,1,5,29.396137641029828,1,0,0,0,1,0,1,0,0,0,0,0,1,0,0,0,0,1
223,1,5,30.419871963628086,0,0,2,21.580425105969336,0,0,0,1,0,0,0,1,0,0,1,0,0,0,0,0,1,0
224,1,3,30.39425122550273,0,0,1,15.863718664959869,1,0,0,1,0,0,0,0,0,1,0,0,1,0,0,0,1,0
225,1,2,23.04166621173499,0,0,5,31.26826650277922,0,0,0,1,0,0,0,1,0,0,0,1,0,0,0,0,0,1
226,0,3,0.1473822086311416,0,0,5,10.591568962877352,1,0,0,0,0,1,0,0,1,0,0,1,0,0,0,1,0,0
227,1,2,72.93447940879963,0,1,1,1.8646586414782895,0,1,1,0,0,0,0,0,0,1,0,1,0,0,0,1,0,0
228,0,3,96.68454997992853,1,1,5,80.46416973346773,1,0,0,1,0,0,1,0,0,0,0,0,0,1,0,1,0,0
229,0,2,22.429348328504506,0,0,3,13.789494241457657,0,0,0,1,0,0,0,0,0,1,0,0,1,0,1,0,0,0
230,1,4,66.30471918034225,0,1,5,77.59768498152422,0,0,0,1,0,0,0,1,0,0,1,0,0,0,0,1,0,0
231,1,2,74.18963269587151,0,0,3,79.75424789866598,1,1,0,0,1,0,1,0,0,0,1,0,0,0,1,0,0,0
232,1,2,84.84253790905247,1,1,2,53.791952632924314,0,0,0,0,1,0,0,0,0,1,1,0,0,0,0,0,0,1
233,1,1,42.262919701360914,1,1,2,30.96819583129514,0,0,0,0,0,1,0,0,0,1,1,0,0,0,0,1,0,0
234,1,2,30.293090564042924,1,1,4,14.503273374988845,0,1,1,0,0,0,0,0,0,1,0,0,0,1,0,1,0,0
235,1,1,32.52951340230311,1,0,3,73.68051067209991,0,0,0,0,0,1,0,0,0,1,1,0,0,0,0,0,1,0
236,1,5,71.26213330985128,0,0,2,60.1386985981786,0,0,1,0,0,0,1,0,0,0,0,0,0,1,0,0,0,1
237,1,1,81.6779466505636,0,1,5,65.5453456493564,1,1,0,0,1,0,0,1,0,0,0,0,1,0,0,1,0,0
238,0,4,18.161396775660265,1,0,1,0.8669089845131039,1,1,0,0,1,0,0,0,0,1,0,1,0,0,1,0,0,0
239,1,1,37.09410081577652,1,0,1,92.75170157078246,0,0,0,0,1,0,1,0,0,0,1,0,0,0,0,0,0,1
240,1,5,90.19401967491501,1,1,3,6.629018744655024,1,0,0,0,0,1,0,1,0,0,0,1,0,0,0,0,1,0
241,0,4,80.66935196947392,1,0,4,36.68058851400057,0,1,0,1,0,0,0,0,0,1,0,0,1,0,0,0,0,1
242,1,3,98.48584027624759,0,1,5,40.27116496517002,1,0,0,1,0,0,0,1,0,0,0,0,1,0,1,0,0,0
243,0,3,75.42482596820807,1,1,3,0.13555244979488457,0,1,0,0,1,0,0,1,0,0,1,0,0,0,0,0,1,0
244,0,1,39.319520102792225,1,1,1,49.70893093507971,0,0,0,1,0,0,1,0,0,0,0,0,1,0,1,0,0,0
245,1,1,59.06378339946377,1,0,3,75.28089945110099,0,0,0,1,0,0,0,1,0,0,0,1,0,0,0,0,0,1
246,0,5,66.10142542473203,1,1,5,82.32686531147722,0,0,0,0,0,1,1,0,0,0,1,0,0,0,0,0,1,0
247,0,5,7.845581631712395,1,1,2,87.93969933058844,1,1,1,0,0,0,0,0,0,1,0,0,0,1,1,0,0,0
248,0,2,54.44969591038651,1,0,5,48.771886831536946,1,1,0,0,1,0,0,1,0,0,1,0,0,0,0,0,0,1
249,0,5,70.93208284726096,1,0,2,63.063619052965045,1,0,0,0,1,0,0,1,0,0,0,1,0,0,1,0,0,0
250,1,2,16.732130400106037,0,0,2,7.951971329649876,0,1,0,0,0,1,0,0,1,0,1,0,0,0,0,1,0,0
251,0,4,78.06317174255571,0,0,2,48.80382242817499,1,0,0,0,0,1,0,0,0,1,1,0,0,0,0,0,0,1
252,1,1,58.37727805141116,0,1,3,15.481575487173526,1,0,0,1,0,0,0,0,0,1,0,1,0,0,0,0,1,0
253,0,4,95.22217856975946,0,0,1,36.964311762252144,0,1,0,0,1,0,0,0,1,0,1,0,0,0,0,0,1,0
254,0,5,4.24222982068917,0,0,3,32.93053128645993,0,1,1,0,0,0,0,0,1,0,1,0,0,0,0,1,0,0
255,0,4,26.5326137555467,0,0,1,42.35405772415082,0,1,0,0,0,1,1,0,0,0,0,1,0,0,1,0,0,0
256,0,4,60.15538792998241,1,0,5,57.163661797413255,1,1,1,0,0,0,1,0,0,0,0,0,1,0,1,0,0,0
257,1,4,29.65599122059307,1,1,4,90.28766470629958,1,0,1,0,0,0,0,1,0,0,0,1,0,0,0,0,1,0
258,1,5,71.44241640712423,0,0,5,39.44846313475053,0,0,0,0,1,0,0,1,0,0,1,0,0,0,1,0,0,0
259,0,4,75.9005282521931,1,1,3,98.11311957115507,1,1,0,0,1,0,0,1,0,0,0,0,0,1,0,0,0,1
260,0,2,10.251596406647446,0,0,3,75.90280480512028,0,0,0,0,0,1,0,1,0,0,0,0,0,1,0,0,0,1
261,1,5,51.38544642067677,1,1,1,51.14810467883832,1,0,0,0,1,0,1,0,0,0,0,1,0,0,0,0,1,0
262,0,4,50.889055559105586,1,1,3,64.4026437111944,0,0,0,0,1,0,0,0,0,1,0,0,0,1,0,0,0,1
263,0,5,36.92807702155411,1,0,2,10.22241711319445,1,0,0,0,1,0,0,1,0,0,1,0,0,0,0,0,1,0
264,0,3,93.29248625696721,1,1,3,84.45215313136548,1,1,1,0,0,0,0,0,0,1,1,0,0,0,1,0,0,0
265,1,2,82.75063198732212,1,0,1,58.23574550639658,1,0,0,0,0,1,0,1,0,0,0,1,0,0,1,0,0,0
266,1,4,69.72093819096368,1,1,1,98.60674802096018,0,1,0,1,0,0,0,0,1,0,1,0,0,0,1,0,0,0
267,1,3,71.43266357349975,0,1,2,63.642874375284904,0,0,1,0,0,0,0,1,0,0,0,0,1,0,0,1,0,0
268,0,3,46.17161438131191,0,1,1,83.4111583266325,0,0,0,0,1,0,0,1,0,0,1,0,0,0,0,0,1,0
269,0,5,92.09945210965759,1,0,4,79.97627427952398,1,0,1,0,0,0,0,1,0,0,0,1,0,0,0,0,0,1
270,1,3,69.45954272532853,0,1,5,34.546115146826885,0,0,0,0,1,0,1,0,0,0,0,0,1,0,1,0,0,0
271,1,2,72.89810616558164,1,0,3,25.961062523321164,1,0,0,0,1,0,0,0,1,0,0,0,1,0,0,1,0,0
272,1,2,86.16909037873452,0,1,4,43.049358343151,0,0,1,0,0,0,0,1,0,0,0,0,0,1,0,0,0,1
273,1,1,27.4071589342191,1,1,3,46.72413444088372,0,0,0,0,0,1,0,1,0,0,1,0,0,0,0,0,0,1
274,0,2,80.7070903866703,0,1,4,24.008470193664387,1,0,0,0,1,0,0,0,0,1,0,1,0,0,0,0,0,1
275,1,3,19.524060295649203,1,1,3,89.45978733509719,1,0,0,0,0,1,0,0,1,0,0,0,0,1,1,0,0,0
276,0,2,34.53419522448878,0,1,2,54.2547862300646,0,0,0,1,0,0,0,1,0,0,0,0,0,1,0,0,0,1
277,1,5,33.56104542698427,1,1,1,97.84443921535696,0,0,0,0,1,0,0,0,0,1,1,0,0,0,0,0,1,0
278,0,1,97.85254683891405,0,0,1,81.00177780462633,1,0,0,0,0,1,0,0,0,1,1,0,0,0,0,1,0,0
279,1,3,85.65372237479268,1,0,2,55.5704860391946,1,1,0,0,0,1,1,0,0,0,0,1,0,0,0,0,0,1
280,1,1,70.11698615902597,1,0,4,94.70402781443592,0,0,0,1,0,0,0,0,0,1,0,0,0,1,0,0,0,1
281,1,3,72.70567616153902,1,1,5,50.48748150953071,1,1,0,0,0,1,0,1,0,0,0,1,0,0,0,0,1,0
282,1,5,56.20727944025711,0,0,4,88.71065125186705,0,1,0,0,0,1,1,0,0,0,0,0,0,1,0,0,0,1
283,0,1,94.70906671085191,0,1,1,35.81447811958055,0,0,0,1,0,0,1,0,0,0,0,0,0,1,1,0,0,0
284,1,4,49.62587528823615,0,0,5,37.86423834040941,0,1,0,0,1,0,0,1,0,0,0,0,0,1,1,0,0,0
285,0,3,38.05177098698945,1,0,3,41.81306829709312,1,0,0,0,0,1,0,0,1,0,1,0,0,0,1,0,0,0
286,0,4,16.3035336931591,0,1,5,54.662564594324614,0,1,0,0,0,1,0,0,0,1,0,0,0,1,0,0,0,1
287,0,1,78.6205652261058,1,1,4,55.3490270198824,0,1,0,0,0,1,1,0,0,0,0,0,0,1,0,1,0,0
288,0,4,73.44439320755914,0,0,2,49.639892167708425,1,0,1,0,0,0,0,0,1,0,0,0,0,1,0,1,0,0
289,1,4,38.43550385241349,0,0,3,30.600097358316745,1,0,0,1,0,0,0,1,0,0,0,0,1,0,0,0,0,1
290,0,1,2.519341395922936,0,0,4,92.7206464790831,1,0,1,0,0,0,0,0,0,1,1,0,0,0,0,1,0,0
291,0,5,83.89973277180107,0,0,3,58.85860973492542,0,0,0,1,0,0,0,0,0,1,0,0,1,0,0,1,0,0
292,0,4,1.1417983454073632,1,1,5,40.773921619159495,1,0,0,0,1,0,1,0,0,0,1,0,0,0,0,0,0,1
293,1,4,70.3699779629051,0,0,1,65.11769607436182,1,0,0,0,1,0,0,0,0,1,0,1,0,0,1,0,0,0
294,1,5,97.02571097260571,0,1,4,76.79667578098052,0,0,0,0,0,1,0,0,0,1,0,0,1,0,0,0,0,1
295,1,4,43.766132814820345,1,1,2,96.07280882282431,0,0,0,1,0,0,0,0,0,1,0,1,0,0,1,0,0,0
296,1,4,23.497340499595275,1,0,5,49.954916226758264,0,1,0,0,1,0,0,0,0,1,0,0,0,1,1,0,0,0
297,0,4,70.48710100433817,0,1,4,11.209851035075879,0,1,0,1,0,0,0,1,0,0,0,1,0,0,0,1,0,0
298,0,2,81.71281420155852,0,0,2,44.076580143654134,1,0,0,0,1,0,0,0,1,0,0,1,0,0,0,1,0,0
299,1,5,54.64303160778473,1,1,4,47.897056145347136,0,0,1,0,0,0,0,1,0,0,0,1,0,0,1,0,0,0
300,0,4,96.70352752561462,1,1,5,89.6994078185674,1,0,0,0,1,0,0,1,0,0,0,1,0,0,1,0,0,0
301,0,5,5.166872165796111,1,0,4,39.48007684629531,0,0,1,0,0,0,1,0,0,0,1,0,0,0,0,1,0,0
302,0,3,50.479559830452814,0,1,3,95.33242648871384,0,1,0,0,1,0,0,0,0,1,0,0,1,0,0,0,1,0
303,1,3,71.845394732255,0,1,5,48.51319077143348,1,0,0,0,0,1,0,1,0,0,1,0,0,0,1,0,0,0
304,1,4,86.2640471149179,0,0,4,97.37805009789288,1,0,1,0,0,0,0,0,0,1,1,0,0,0,1,0,0,0
305,0,5,17.925561190779003,1,1,1,0.8198321130962194,1,1,0,0,1,0,0,1,0,0,1,0,0,0,1,0,0,0
306,1,5,80.00034817636814,1,1,4,89.88153748063466,0,1,0,0,0,1,0,1,0,0,0,1,0,0,0,1,0,0
307,1,5,55.27070757185453,1,0,3,93.11204519433507,0,0,1,0,0,0,1,0,0,0,1,0,0,0,0,0,0,1
308,1,2,39.65536819899632,0,0,2,96.10209357652133,1,0,0,0,0,1,0,0,1,0,0,0,1,0,1,0,0,0
309,1,3,13.171502857909356,1,1,2,1.3076534174614851,1,0,0,1,0,0,0,0,1,0,1,0,0,0,1,0,0,0
310,1,5,86.52957589089124,0,1,2,17.1700836550309,0,0,0,1,0,0,0,1,0,0,0,0,0,1,1,0,0,0
311,0,5,15.727320817971535,1,1,1,65.37645030932362,1,1,1,0,0,0,1,0,0,0,0,1,0,0,0,0,0,1
312,1,2,30.978785920909925,0,0,3,2.5472691735107134,1,0,0,0,1,0,0,0,0,1,0,0,0,1,0,0,0,1
313,0,2,29.004553196243688,0,1,5,6.360899617650073,0,0,1,0,0,0,0,0,0,1,0,0,1,0,1,0,0,0
314,0,5,87.14140341908544,1,1,2,22.10788736934419,1,1,0,0,0,1,0,1,0,0,0,0,1,0,1,0,0,0
315,1,1,67.2702994208898,0,1,3,51.24397687438842,0,1,0,0,1,0,0,0,1,0,0,0,1,0,0,0,1,0
316,0,5,79.66813971913723,1,1,4,54.590255926680754,0,1,0,1,0,0,1,0,0,0,0,0,1,0,0,0,0,1
317,0,5,25.046789879249896,0,1,1,3.426112279350435,0,0,0,0,1,0,0,0,1,0,1,0,0,0,0,0,1,0
318,0,2,62.48740996069989,1,1,3,17.036725078153115,1,0,0,1,0,0,0,0,0,1,0,1,0,0,1,0,0,0
319,1,2,57.17459831437487,1,0,3,49.97056733346553,1,0,0,0,1,0,0,0,1,0,0,0,1,0,1,0,0,0
320,1,5,83.28303767882711,0,0,5,59.394062094340526,1,0,0,0,1,0,0,0,0,1,0,0,0,1,1,0,0,0
321,0,5,90.60870604812605,1,1,3,14.840169648621536,1,0,0,0,1,0,1,0,0,0,0,0,1,0,1,0,0,0
322,1,5,1.2156771477386807,0,1,5,39.884141194697065,0,0,0,0,0,1,1,0,0,0,0,1,0,0,0,1,0,0
323,1,2,67.40199190587927,1,0,1,90.44014365169524,0,0,0,0,0,1,0,1,0,0,0,0,0,1,0,1,0,0
324,1,5,5.1835799119729025,1,0,1,99.8899287046172,1,1,1,0,0,0,0,1,0,0,0,0,0,1,0,1,0,0
325,1,5,54.88586650773559,1,0,4,98.72144548311412,1,0,1,0,0,0,0,0,1,0,0,0,0,1,0,0,1,0
326,0,4,28.76327290436782,1,1,5,88.16745102868724,1,1,0,1,0,0,1,0,0,0,1,0,0,0,0,0,0,1
327,0,1,30.67765995221412,0,1,5,39.46600879499458,1,0,0,0,0,1,1,0,0,0,0,0,1,0,1,0,0,0
328,1,3,35.29585034523566,1,1,2,68.65742920747842,0,1,0,1,0,0,0,1,0,0,1,0,0,0,0,0,0,1
329,1,1,62.12924490496101,1,1,2,41.65922277841987,1,0,1,0,0,0,0,0,0,1,0,0,0,1,0,1,0,0
330,0,4,33.40499656687692,0,0,4,64.85270268242029,0,1,0,1,0,0,0,0,1,0,1,0,0,0,1,0,0,0
331,0,3,73.26990505902803,0,0,1,30.943247096948323,1,0,1,0,0,0,0,0,1,0,1,0,0,0,1,0,0,0
332,1,5,40.45273855738697,0,0,2,60.6202253610332,1,0,0,0,0,1,0,1,0,0,1,0,0,0,0,0,1,0
333,0,4,6.835320030995861,0,0,3,52.37584965528499,1,1,0,0,1,0,1,0,0,0,0,0,1,0,0,0,0,1
334,1,5,78.37598424841073,0,1,1,2.4480265813199953,0,0,0,0,0,1,0,1,0,0,0,0,0,1,0,0,1,0
335,1,2,28.5758324592706,0,1,3,79.07029037461137,1,0,0,1,0,0,0,1,0,0,0,0,0,1,0,1,0,0
336,0,4,43.276687959926264,1,0,5,1.1897832245155615,0,1,0,1,0,0,0,1,0,0,0,0,1,0,0,0,0,1
337,0,2,68.54438832219016,0,0,1,29.315594225330177,0,1,0,0,0,1,0,1,0,0,1,0,0,0,0,1,0,0
338,1,4,33.2456157148712,1,0,4,0.592406545400237,1,0,0,0,0,1,0,0,0,1,1,0,0,0,0,0,1,0
339,1,4,5.658565614671563,0,0,5,37.62014132951982,0,0,1,0,0,0,0,0,0,1,0,1,0,0,0,0,1,0
340,0,2,37.39210470128136,1,0,5,6.316052816413931,0,0,0,1,0,0,1,0,0,0,0,1,0,0,1,0,0,0
341,1,3,94.44485826943034,1,1,3,91.35109668312413,0,0,0,1,0,0,0,1,0,0,0,1,0,0,0,0,0,1
342,0,1,64.17343972985582,1,1,5,41.56792951628686,1,1,0,0,0,1,0,0,0,1,0,0,1,0,0,0,0,1
343,1,5,67.1479148667207,0,0,2,45.94957748644101,0,0,0,0,1,0,1,0,0,0,0,0,0,1,1,0,0,0
344,0,4,63.22821536376399,0,0,1,34.98502360908549,0,0,0,1,0,0,0,1,0,0,0,1,0,0,0,0,0,1
345,0,5,19.899213895943678,0,0,2,62.75061542017662,1,1,0,0,1,0,0,0,1,0,0,0,0,1,0,1,0,0
346,0,2,41.833386410228016,0,1,3,78.44081166182038,1,0,0,0,0,1,0,0,0,1,0,0,0,1,0,1,0,0
347,1,5,75.09397983633183,1,1,3,64.81467430489779,0,0,0,0,0,1,1,0,0,0,0,0,0,1,0,0,1,0
348,1,2,10.137289755315916,0,1,1,74.82071183951275,0,0,1,0,0,0,0,0,1,0,0,0,1,0,0,1,0,0
349,0,5,27.785277608971228,1,0,5,90.59736635092605,0,0,0,1,0,0,0,1,0,0,0,0,1,0,0,0,0,1
350,1,1,27.631910846585363,1,1,4,86.35465316714287,0,0,0,0,1,0,0,1,0,0,0,0,1,0,1,0,0,0
351,0,1,43.2018927594506,0,0,3,67.40584527536959,1,0,1,0,0,0,0,1,0,0,0,0,1,0,0,0,1,0
352,0,1,98.0368740942185,0,1,1,21.46379629044286,1,0,0,1,0,0,0,0,0,1,0,1,0,0,1,0,0,0
353,1,1,6.750254668382194,0,1,4,63.77028510419288,0,0,1,0,0,0,1,0,0,0,1,0,0,0,0,0,1,0
354,1,1,51.870099438059505,1,1,5,50.60830957405109,1,0,0,0,0,1,0,0,1,0,1,0,0,0,0,0,1,0
355,0,1,17.936468201221047,0,0,3,71.72192310104201,0,0,0,1,0,0,1,0,0,0,1,0,0,0,1,0,0,0
356,1,2,97.06765454097442,1,0,1,83.29316483929149,1,0,1,0,0,0,0,0,0,1,0,1,0,0,0,1,0,0
357,1,4,11.33035047274642,0,1,1,74.27214971864174,1,0,1,0,0,0,1,0,0,0,1,0,0,0,0,1,0,0
358,0,5,40.36010023615913,1,0,1,84.65611699612853,0,0,0,0,1,0,0,0,0,1,0,1,0,0,0,1,0,0
359,0,1,73.78849848346061,0,0,3,6.386637334102385,0,0,1,0,0,0,0,1,0,0,0,1,0,0,0,1,0,0
360,1,2,70.45544280274453,0,0,4,3.1620038237463954,0,0,0,1,0,0,0,0,1,0,0,1,0,0,1,0,0,0
361,0,2,42.272863689393226,1,0,1,25.850056769959394,0,0,0,1,0,0,0,1,0,0,1,0,0,0,0,0,0,1
362,0,2,34.652416795271826,0,0,5,90.06660841086284,1,1,0,0,1,0,1,0,0,0,0,0,0,1,0,0,1,0
363,1,4,39.76123785528706,0,0,1,82.36592509839738,1,0,0,1,0,0,0,1,0,0,1,0,0,0,1,0,0,0
364,0,5,26.42762631586393,0,0,4,68.27272977953116,0,1,0,0,0,1,0,0,1,0,1,0,0,0,0,1,0,0
365,0,4,20.53329387067998,0,1,3,70.07586674397159,1,1,0,1,0,0,0,1,0,0,0,0,1,0,0,1,0,0
366,1,3,48.303969755889,0,0,1,72.66704692582125,1,0,0,1,0,0,0,0,1,0,0,1,0,0,1,0,0,0
367,1,2,26.853375606760732,0,0,1,94.2602700484747,0,0,1,0,0,0,0,0,1,0,0,0,0,1,0,0,1,0
368,0,3,28.746166489725013,0,1,5,83.21911523075576,0,1,1,0,0,0,0,1,0,0,0,0,1,0,1,0,0,0
369,0,1,65.67560634745571,1,1,5,62.339038702704755,1,0,0,1,0,0,0,0,0,1,0,0,0,1,1,0,0,0
370,1,1,96.85373316998923,1,1,1,66.57154352571405,0,1,0,0,1,0,1,0,0,0,0,0,0,1,0,0,0,1
371,1,4,60.363720055937506,0,1,1,21.374026206112195,0,0,1,0,0,0,0,0,0,1,0,1,0,0,1,0,0,0
372,1,5,7.697946706496628,0,0,5,65.73188251562725,1,0,0,0,1,0,0,0,0,1,1,0,0,0,0,0,0,1
373,1,3,7.558361385406698,0,1,4,42.46790124184585,1,0,0,1,0,0,0,1,0,0,0,1,0,0,0,0,1,0
374,0,5,95.1423220845566,1,1,2,15.296187060574374,0,0,0,1,0,0,1,0,0,0,0,1,0,0,1,0,0,0
375,1,4,29.729079030733363,1,0,2,80.64028192465743,1,0,0,0,0,1,1,0,0,0,0,0,1,0,1,0,0,0
376,1,1,9.206698608247542,0,0,1,51.02470998031456,0,0,1,0,0,0,0,0,0,1,0,1,0,0,0,1,0,0
377,0,5,59.90445871503815,1,0,5,97.74250416894216,0,1,0,1,0,0,0,1,0,0,1,0,0,0,1,0,0,0
378,1,5,62.36487782902661,0,1,3,28.167935447452496,1,1,0,0,0,1,1,0,0,0,0,0,0,1,0,1,0,0
379,0,1,64.85048201186882,0,0,3,48.067011230507674,1,0,1,0,0,0,0,0,0,1,0,1,0,0,0,1,0,0
380,1,3,26.74020278575413,0,1,2,44.79954546688681,0,1,0,1,0,0,1,0,0,0,0,0,0,1,0,1,0,0
381,1,1,1.5110684214475034,0,0,4,12.077952243257872,0,1,0,1,0,0,0,1,0,0,0,1,0,0,0,0,1,0
382,1,5,96.50153694544719,1,0,2,42.61152788307795,0,1,1,0,0,0,0,1,0,0,0,0,0,1,0,0,0,1
383,0,3,25.089304569110247,1,1,1,28.75534564209249,1,0,1,0,0,0,0,1,0,0,0,1,0,0,0,1,0,0
384,0,3,67.60262880525475,0,0,4,16.03204713669344,0,1,1,0,0,0,1,0,0,0,0,0,1,0,1,0,0,0
385,1,1,70.66298698787095,1,0,3,28.215558403613926,1,0,0,1,0,0,0,0,1,0,0,0,0,1,1,0,0,0
386,0,5,61.00074170794857,1,0,5,23.3251691266392,0,0,0,1,0,0,1,0,0,0,0,1,0,0,0,1,0,0
387,0,4,31.290739421364822,0,0,5,73.4073531005878,1,1,0,0,0,1,0,0,1,0,0,1,0,0,0,1,0,0
388,0,5,27.109625376406576,1,0,1,3.0775178259160096,0,0,0,0,1,0,0,1,0,0,0,0,1,0,1,0,0,0
389,0,2,59.76682827027031,0,1,2,61.74627479132213,1,0,1,0,0,0,0,0,0,1,0,0,1,0,0,1,0,0
390,0,4,86.60956336116915,0,1,1,76.06613420236064,0,1,0,1,0,0,0,0,1,0,0,0,1,0,0,0,0,1
391,0,3,94.67337289233956,0,0,5,48.07234564689732,0,0,0,1,0,0,0,1,0,0,0,0,0,1,0,0,0,1
392,1,4,10.590580440375764,0,1,3,93.15649800079184,0,1,1,0,0,0,0,1,0,0,0,0,0,1,0,0,1,0
393,1,3,15.482861259771985,1,1,5,70.78806952365353,0,1,0,0,1,0,0,0,1,0,0,0,1,0,0,1,0,0
394,0,3,94.47362587830797,0,1,4,74.79236513114172,1,0,1,0,0,0,0,0,0,1,1,0,0,0,0,0,1,0
395,1,4,73.65352283347926,1,0,5,19.693348744087025,1,0,0,0,1,0,0,1,0,0,1,0,0,0,0,0,1,0
396,1,3,88.29938248297731,0,0,5,77.72955758390735,1,1,0,1,0,0,0,0,1,0,0,1,0,0,0,0,1,0
397,1,3,20.263263413534315,0,0,4,83.20947360831148,1,0,0,0,1,0,0,0,0,1,1,0,0,0,0,1,0,0
398,1,2,58.758587110940184,1,1,2,36.12663884059896,1,1,0,0,0,1,0,0,0,1,0,1,0,0,0,0,1,0
399,0,5,70.11395944174737,0,1,5,21.336306803297123,0,1,0,1,0,0,0,1,0,0,0,0,0,1,0,0,0,1
400,1,5,68.01118854469726,1,0,1,38.50506792036167,1,0,0,0,0,1,1,0,0,0,0,0,0,1,0,0,1,0
401,1,2,40.81516908666981,1,0,5,73.96079690001372,1,0,1,0,0,0,1,0,0,0,1,0,0,0,0,0,0,1
402,0,4,1.5394891691308477,0,1,1,41.76390058687027,1,1,1,0,0,0,0,1,0,0,0,0,0,1,0,0,0,1
403,0,1,58.29260568042631,0,1,4,73.66518752247879,1,0,1,0,0,0,0,0,0,1,0,0,1,0,0,1,0,0
404,1,1,25.310153917960875,0,0,5,11.356454097753765,0,0,0,0,1,0,0,1,0,0,0,0,1,0,0,0,1,0
405,1,1,45.02542461428904,0,1,4,80.60117104884844,0,1,0,1,0,0,0,0,1,0,1,0,0,0,0,1,0,0
406,1,2,95.75810150838173,0,1,4,25.32074816423574,0,1,1,0,0,0,1,0,0,0,1,0,0,0,0,0,0,1
407,1,2,39.903531764243475,0,1,2,24.89289877145937,0,0,1,0,0,0,0,0,1,0,0,1,0,0,1,0,0,0
408,1,3,83.98016066644267,1,1,5,59.03809652038608,1,0,0,1,0,0,0,1,0,0,0,0,0,1,0,0,1,0
409,1,1,18.854060574925114,1,1,1,7.0118045746989655,1,0,1,0,0,0,0,1,0,0,0,1,0,0,0,1,0,0
410,0,4,67.24604980250288,0,1,1,2.6297726684668565,0,1,0,0,0,1,0,0,0,1,0,1,0,0,1,0,0,0
411,1,4,97.70069544389435,1,1,5,26.102866529344926,0,1,0,1,0,0,0,0,0,1,0,0,1,0,0,0,1,0
412,1,1,10.189310087293679,1,0,2,53.80675507348227,1,1,0,1,0,0,0,0,0,1,0,0,1,0,0,0,1,0
413,0,1,0.8319942227192012,0,0,2,90.76163862252272,1,0,0,1,0,0,0,0,1,0,0,0,1,0,0,1,0,0
414,0,1,43.35827926326144,0,1,2,84.64351763073068,0,1,0,0,0,1,0,0,0,1,0,0,1,0,1,0,0,0
415,0,2,9.26254830513672,1,1,1,49.04464599209754,0,1,0,1,0,0,0,1,0,0,0,1,0,0,0,1,0,0
416,0,2,74.83843496762313,0,1,4,3.705199369349277,0,0,0,0,0,1,0,0,0,1,0,0,1,0,0,0,1,0
417,1,2,91.45486638485589,1,0,2,53.52527346293091,0,0,0,1,0,0,1,0,0,0,0,0,0,1,0,0,1,0
418,1,5,43.402097270875885,0,0,1,70.47955999252954,1,1,0,0,1,0,0,0,0,1,0,0,1,0,0,0,0,1
419,1,4,25.871164215544095,1,1,1,33.91645325250337,1,0,1,0,0,0,0,0,1,0,0,0,1,0,0,0,1,0
420,1,4,43.44033190066098,1,0,4,11.10633032816547,1,0,0,0,1,0,1,0,0,0,0,0,1,0,0,0,1,0
421,1,3,72.3447817850001,1,1,5,27.85679532056594,0,0,1,0,0,0,1,0,0,0,1,0,0,0,1,0,0,0
422,1,2,0.9054161580370979,1,1,5,77.1588864467814,1,0,0,0,0,1,1,0,0,0,0,0,0,1,1,0,0,0
423,0,5,58.945398948469716,0,1,2,35.12438322833283,1,0,0,0,1,0,0,0,1,0,0,0,0,1,0,0,0,1
424,1,5,61.329168488737906,0,1,2,81.19814906857101,0,0,0,1,0,0,0,1,0,0,0,1,0,0,0,0,0,1
425,0,4,63.76882468959355,1,1,4,31.952145180747582,0,1,1,0,0,0,0,0,0,1,0,1,0,0,0,0,0,1
426,0,2,24.202207998087722,1,1,2,16.355503841381815,0,1,1,0,0,0,1,0,0,0,0,0,1,0,0,1,0,0
427,1,3,71.40527233781268,0,1,4,43.58483595136082,0,1,0,0,1,0,1,0,0,0,1,0,0,0,0,1,0,0
428,0,2,9.13914863317764,0,0,1,45.22745122891389,0,0,0,0,0,1,1,0,0,0,0,1,0,0,0,0,0,1
429,1,1,19.92703364668008,1,1,2,1.6108218549336972,0,1,0,0,1,0,0,1,0,0,0,1,0,0,0,1,0,0
430,0,2,87.74700466544819,1,0,1,11.704507270632615,1,1,0,0,0,1,0,1,0,0,0,0,1,0,0,0,1,0
431,1,1,73.87231507265663,1,1,3,18.492601877281743,1,0,0,0,0,1,0,0,1,0,0,0,1,0,0,0,0,1
432,0,1,1.3745554011345251,1,1,4,11.358731737867489,1,0,1,0,0,0,0,1,0,0,0,1,0,0,0,0,0,1
433,1,3,24.83762603698002,1,0,3,34.15260754213638,1,0,0,0,1,0,0,0,0,1,0,1,0,0,0,1,0,0
434,1,4,21.440648299316457,0,0,2,96.4622855617018,1,1,0,0,1,0,0,0,1,0,0,0,0,1,1,0,0,0
435,1,2,27.080632803697256,1,1,1,50.922253832707796,1,0,0,0,0,1,0,0,1,0,1,0,0,0,0,0,0,1
436,1,1,24.755977027988642,0,0,2,62.75560238706465,0,1,0,0,1,0,0,0,0,1,0,0,0,1,0,1,0,0
437,1,2,6.252629574284574,0,1,3,35.63864785230282,0,0,0,1,0,0,0,0,0,1,0,1,0,0,0,1,0,0
438,0,4,45.894051659682034,0,1,2,32.34877616431461,0,0,0,1,0,0,0,0,0,1,0,0,0,1,1,0,0,0
439,0,4,73.27334747861651,1,0,5,2.3146771915008357,1,1,0,0,1,0,0,0,1,0,0,0,0,1,0,0,0,1
440,0,5,60.67317247174364,0,0,3,50.03336556760224,1,0,0,0,1,0,0,0,1,0,0,1,0,0,1,0,0,0
441,1,4,67.28716685980798,0,0,2,48.36090067516663,0,0,0,0,0,1,0,0,1,0,0,0,1,0,0,0,1,0
442,0,3,8.114917853623915,0,0,1,15.783072618112303,0,1,0,1,0,0,0,0,0,1,0,1,0,0,1,0,0,0
443,1,1,95.14907101767872,0,1,2,76.43240002067037,0,1,0,1,0,0,0,0,0,1,0,0,1,0,1,0,0,0
444,1,5,83.84918338430248,1,0,1,49.267433031100296,0,0,1,0,0,0,1,0,0,0,0,1,0,0,0,1,0,0
445,0,3,80.50903184956627,1,0,5,33.89939701615733,0,0,0,0,0,1,0,1,0,0,0,1,0,0,1,0,0,0
446,0,2,82.29838050417675,0,0,2,14.690890902292697,1,0,1,0,0,0,1,0,0,0,0,1,0,0,0,0,1,0
447,1,1,93.27105081327613,0,0,5,55.21608269710124,1,1,0,1,0,0,0,0,0,1,1,0,0,0,0,1,0,0
448,0,4,54.42539661136977,1,0,3,75.28170260888098,1,0,0,0,0,1,0,0,1,0,0,0,1,0,0,0,1,0
449,1,1,20.02820178676259,1,1,1,28.199935268497168,0,0,0,0,1,0,0,0,0,1,1,0,0,0,1,0,0,0
450,1,2,61.678360785254114,1,1,3,21.879435157672255,1,0,0,0,0,1,0,1,0,0,0,1,0,0,0,0,1,0
451,1,5,74.2881493667939,0,0,1,52.1934964064577,0,1,0,0,1,0,1,0,0,0,0,0,0,1,0,0,1,0
452,1,5,73.79173933540254,1,0,5,15.534330251001693,1,1,0,0,1,0,1,0,0,0,1,0,0,0,1,0,0,0
453,1,5,52.14490241668801,0,1,4,66.6613386594285,0,1,0,0,0,1,0,0,1,0,0,0,1,0,1,0,0,0
454,0,4,6.845871933357806,0,0,2,60.534362794423046,0,0,0,0,1,0,1,0,0,0,0,1,0,0,0,1,0,0
455,0,3,37.11129384301278,1,1,5,8.708204959142861,1,1,1,0,0,0,1,0,0,0,1,0,0,0,0,1,0,0
456,1,3,92.07666084633573,0,1,1,3.652037938137387,1,0,0,1,0,0,0,0,0,1,0,0,0,1,0,0,0,1
457,1,1,58.4448909757426,1,0,1,62.02886525885849,1,0,0,0,1,0,1,0,0,0,1,0,0,0,0,1,0,0
458,0,4,53.83319432557134,0,1,1,29.42937739887408,1,1,1,0,0,0,1,0,0,0,0,0,1,0,1,0,0,0
459,0,5,26.885351438219352,1,0,1,8.644575317339854,1,0,0,0,1,0,1,0,0,0,1,0,0,0,0,0,1,0
460,1,5,36.84489199165789,0,0,2,75.94287049564865,0,0,0,1,0,0,0,0,1,0,0,0,0,1,0,0,1,0
461,0,2,89.53460891531692,0,1,3,31.40440030176441,1,1,1,0,0,0,0,0,1,0,0,0,0,1,0,1,0,0
462,1,2,66.64630475268358,1,1,4,45.959954963822355,1,0,0,1,0,0,0,0,0,1,0,0,1,0,0,1,0,0
463,0,5,78.73870267523328,1,0,2,23.681292745376926,0,0,0,1,0,0,1,0,0,0,0,0,0,1,1,0,0,0
464,1,5,45.434542306765515,1,1,1,62.731707835796456,1,0,1,0,0,0,0,0,1,0,0,1,0,0,0,0,1,0
465,0,4,63.024721945615795,1,0,2,30.148841535435945,0,0,1,0,0,0,0,0,1,0,0,0,0,1,0,0,0,1
466,1,3,24.838360874320752,0,1,5,96.80209612276283,1,1,1,0,0,0,0,0,0,1,0,1,0,0,0,0,0,1
467,0,2,70.54608302834863,1,1,1,70.29475486169065,1,0,0,0,0,1,0,1,0,0,1,0,0,0,0,1,0,0
468,0,3,42.76013337033373,1,0,4,13.672227637346579,0,1,1,0,0,0,1,0,0,0,0,1,0,0,0,0,0,1
469,1,4,44.25455148147456,0,0,1,41.66948396734668,1,0,1,0,0,0,0,0,1,0,0,1,0,0,1,0,0,0
470,0,5,64.93223245768817,1,0,4,38.54210997298786,1,0,1,0,0,0,0,0,0,1,1,0,0,0,0,0,0,1
471,1,3,93.62806214689266,1,1,4,53.42471107203831,1,0,1,0,0,0,0,0,0,1,0,0,0,1,0,1,0,0
472,0,5,6.400634660862092,0,0,3,84.19306744792533,1,1,0,0,1,0,0,0,0,1,0,1,0,0,1,0,0,0
473,1,5,82.47432373470076,1,0,3,58.34220151830017,0,0,0,0,0,1,0,0,1,0,0,0,0,1,0,0,1,0
474,0,1,29.238311041219312,1,1,2,6.155667759999927,0,1,0,1,0,0,1,0,0,0,1,0,0,0,1,0,0,0
475,1,3,44.391945450637785,1,1,2,65.5415696802855,1,0,1,0,0,0,0,1,0,0,0,0,1,0,0,1,0,0
476,0,3,2.1913328775008956,1,0,4,0.8265297945858396,1,1,0,0,1,0,1,0,0,0,0,0,0,1,0,1,0,0
477,1,5,30.1046077834313,1,0,1,77.9960460540393,0,1,0,0,1,0,0,0,0,1,0,0,0,1,0,0,0,1
478,0,4,50.26312426301305,1,0,5,66.6636072411242,0,1,0,0,1,0,0,0,0,1,0,0,1,0,0,0,0,1
479,1,1,5.617607734743901,0,0,5,30.8785658352586,1,1,0,1,0,0,0,1,0,0,0,0,1,0,0,0,1,0
480,1,5,49.10957293831652,1,1,1,29.244180458951575,0,0,1,0,0,0,1,0,0,0,1,0,0,0,0,0,1,0
481,1,2,92.71106288584274,0,1,1,79.82729965463055,0,1,0,0,0,1,0,0,0,1,0,0,0,1,0,1,0,0
482,0,2,10.539321810780521,0,0,3,78.33366919246205,0,0,0,0,0,1,0,0,0,1,0,0,0,1,0,1,0,0
483,1,1,76.44407280755044,0,0,5,35.230235437675994,0,0,0,0,1,0,1,0,0,0,1,0,0,0,0,1,0,0
484,0,4,40.967105337599264,0,0,4,29.894772807978033,1,0,0,1,0,0,0,0,0,1,0,0,0,1,0,0,1,0
485,1,5,65.5173714524338,1,1,2,55.982478888279,0,0,0,1,0,0,1,0,0,0,0,1,0,0,0,1,0,0
486,0,3,26.023659798522935,1,0,3,0.836565998414418,1,0,0,1,0,0,0,0,0,1,0,1,0,0,0,0,1,0
487,1,1,15.949226254135828,1,0,5,8.266703798654229,1,0,0,0,0,1,1,0,0,0,0,1,0,0,0,1,0,0
488,0,4,16.046261427122644,0,1,1,12.616959014873675,0,0,0,0,1,0,0,1,0,0,0,0,0,1,1,0,0,0
489,0,3,7.049194564314465,1,1,5,18.54118178271742,1,0,1,0,0,0,0,0,0,1,0,1,0,0,1,0,0,0
490,1,2,18.564670490124303,1,0,4,51.20181266754691,1,0,0,0,0,1,0,1,0,0,0,1,0,0,0,1,0,0
491,0,2,66.42193849889682,1,0,3,99.2241914861122,0,1,0,0,1,0,0,0,0,1,1,0,0,0,1,0,0,0
492,0,3,88.16906118435081,0,1,1,65.26134017473535,0,1,0,0,1,0,0,0,0,1,1,0,0,0,0,0,1,0
493,1,1,81.41256855911618,0,0,4,6.129879444922359,0,1,1,0,0,0,0,0,1,0,0,0,1,0,0,0,0,1
494,0,2,68.51343098744842,1,0,2,52.55793740622418,1,0,1,0,0,0,1,0,0,0,0,0,1,0,1,0,0,0
495,0,5,11.043186341110268,0,1,3,49.66452123895044,1,0,1,0,0,0,0,1,0,0,0,0,1,0,0,0,0,1
496,0,3,28.918744629594983,0,1,4,14.41678158180495,1,1,0,1,0,0,0,1,0,0,0,0,1,0,1,0,0,0
497,1,3,30.980687532246897,1,1,4,92.02723688024076,1,1,1,0,0,0,0,1,0,0,1,0,0,0,0,0,1,0
498,0,2,24.99569463976212,0,0,1,44.076524767536895,0,1,0,0,1,0,1,0,0,0,1,0,0,0,1,0,0,0
499,1,1,51.50056597097231,0,1,2,99.45591406097397,1,0,1,0,0,0,0,0,1,0,1,0,0,0,1,0,0,0
500,0,5,53.55538148796726,1,1,4,42.00722952521643,0,0,0,0,1,0,0,1,0,0,0,1,0,0,0,1,0,0
501,0,1,35.68859751711102,0,0,3,60.795770268360926,0,1,0,0,0,1,1,0,0,0,0,1,0,0,0,0,0,1
502,0,4,35.3789158736436,0,0,4,10.476253645144007,0,0,0,1,0,0,0,0,0,1,0,0,1,0,0,0,0,1
503,1,4,82.85555979060814,0,1,5,45.42278238068692,0,0,0,0,0,1,0,1,0,0,0,1,0,0,0,0,1,0
504,0,2,78.92928483196856,0,1,3,23.87658940039733,1,1,0,0,0,1,0,1,0,0,0,0,0,1,0,0,1,0
505,0,2,30.779583168074566,0,0,3,83.5564798571235,0,1,0,0,1,0,0,0,1,0,1,0,0,0,0,0,0,1
506,1,2,91.37884438732593,0,0,4,78.39195848675399,1,0,0,0,0,1,0,1,0,0,0,0,1,0,0,1,0,0
507,0,4,95.2815017002506,0,1,1,82.41799996253584,0,0,0,0,1,0,0,1,0,0,0,0,1,0,0,1,0,0
508,1,1,32.67425420300408,0,1,3,72.36094377579514,0,1,1,0,0,0,0,0,0,1,0,0,0,1,0,0,0,1
509,1,1,35.442494879305485,1,0,5,83.26832236200512,0,0,1,0,0,0,1,0,0,0,0,1,0,0,1,0,0,0
510,0,2,50.56341534219588,1,1,1,20.082875017492086,1,1,0,0,1,0,1,0,0,0,0,0,1,0,0,0,0,1
511,1,5,94.11208125336735,1,0,1,45.20437765798017,0,1,1,0,0,0,0,0,1,0,0,1,0,0,1,0,0,0
512,0,1,87.63194331423115,1,1,1,69.18468799459681,0,1,0,1,0,0,0,0,0,1,0,1,0,0,0,0,0,1
513,1,4,10.25679625835898,0,0,3,63.73924979351349,0,1,0,0,0,1,1,0,0,0,0,0,0,1,1,0,0,0
514,1,3,39.27307432714162,1,0,1,71.63544828740869,0,0,0,1,0,0,0,0,0,1,0,0,1,0,0,1,0,0
515,0,3,55.33711897497719,1,1,4,22.42583831512317,1,0,0,0,0,1,1,0,0,0,0,1,0,0,0,0,0,1
516,1,3,50.313247255154,0,1,1,9.843470904498975,1,0,1,0,0,0,0,0,0,1,0,1,0,0,0,0,1,0
517,1,5,19.38630679368927,0,0,5,91.68065780747764,0,0,0,1,0,0,0,0,1,0,0,0,0,1,1,0,0,0
518,1,2,85.88167711681547,0,1,2,56.01718955673584,0,0,1,0,0,0,0,1,0,0,0,0,0,1,0,1,0,0
519,1,4,67.69407829968374,0,1,5,15.382592450741095,1,0,0,0,0,1,0,0,1,0,0,1,0,0,0,0,1,0
520,1,5,83.79083748518036,0,1,3,79.34365818873616,1,1,0,0,1,0,1,0,0,0,0,0,0,1,0,1,0,0
521,0,4,85.87642793494722,1,0,1,91.49299366292826,1,0,0,0,1,0,0,0,1,0,0,1,0,0,1,0,0,0
522,1,4,74.83558536657398,0,1,1,16.956351857110906,0,0,0,1,0,0,0,1,0,0,0,0,1,0,0,0,0,1
523,0,2,43.92106012497173,1,1,4,81.74124552691106,1,0,1,0,0,0,0,0,1,0,1,0,0,0,0,1,0,0
524,1,3,61.054675501542455,1,0,1,93.32250613191283,0,0,1,0,0,0,1,0,0,0,0,0,0,1,0,0,0,1
525,0,2,16.036540611974313,0,1,5,93.83616002960173,1,0,0,1,0,0,1,0,0,0,1,0,0,0,0,0,0,1
526,0,5,67.36454174749078,1,1,3,91.41564616535011,1,0,0,0,1,0,0,0,1,0,0,1,0,0,0,1,0,0
527,1,5,17.925325573928074,1,0,2,54.64210123601028,0,0,0,0,0,1,0,1,0,0,0,1,0,0,0,1,0,0
528,1,5,69.39495905101568,0,0,1,35.621131725386924,1,1,0,1,0,0,0,0,1,0,0,1,0,0,0,1,0,0
529,1,2,22.959816075396866,1,1,2,0.7272807694009287,0,1,0,0,0,1,0,1,0,0,1,0,0,0,0,0,0,1
530,0,4,11.755130015021997,1,1,1,6.091222687152708,1,1,0,0,1,0,0,0,0,1,0,1,0,0,0,0,1,0
531,1,4,16.52844901429574,1,0,3,42.88390152973906,0,0,1,0,0,0,0,1,0,0,0,0,0,1,1,0,0,0
532,0,1,0.1992135219070268,0,0,5,39.93261463915103,1,0,0,0,1,0,0,0,0,1,0,0,1,0,0,0,1,0
533,0,5,71.87396178535302,0,1,3,18.47139095698832,1,0,0,1,0,0,0,0,1,0,0,0,1,0,0,0,0,1
534,0,4,73.24010490583791,0,1,2,39.54800280316568,0,0,1,0,0,0,0,1,0,0,0,0,0,1,0,1,0,0
535,1,1,51.493334991325945,1,1,1,17.46500654553681,0,0,0,1,0,0,0,0,0,1,0,0,1,0,0,1,0,0
536,1,4,16.13628010553837,0,0,2,84.87912527758405,0,0,0,1,0,0,0,0,0,1,1,0,0,0,1,0,0,0
537,0,5,8.355433751068976,1,1,5,29.819487787559883,0,1,0,0,1,0,0,0,0,1,0,1,0,0,1,0,0,0
538,0,3,1.912896643728701,0,0,3,59.856435015830996,1,0,0,1,0,0,1,0,0,0,0,1,0,0,0,0,1,0
539,1,5,16.57481769652207,1,0,2,50.28430619990868,1,0,0,0,1,0,0,0,1,0,0,1,0,0,0,0,1,0
540,0,2,89.08555349831467,0,0,2,5.188207759399221,1,0,1,0,0,0,0,0,0,1,1,0,0,0,1,0,0,0
541,1,4,24.153684170168177,0,1,5,94.22337194911663,1,0,0,0,1,0,0,1,0,0,1,0,0,0,0,0,0,1
542,0,4,35.42713272172156,1,1,1,52.72259782504833,1,1,1,0,0,0,0,0,0,1,1,0,0,0,0,0,1,0
543,1,2,10.534548448133318,0,1,2,32.50576433918153,1,0,0,0,1,0,1,0,0,0,0,0,0,1,0,1,0,0
544,0,2,22.236130474817028,1,0,5,15.812656963306825,0,0,0,0,0,1,0,0,1,0,1,0,0,0,0,1,0,0
545,1,3,51.922457078020514,0,1,1,33.852663472683574,1,0,0,0,0,1,1,0,0,0,0,0,1,0,0,0,0,1
546,0,4,60.775268309565256,0,0,1,2.05116030233895,1,0,0,1,0,0,1,0,0,0,0,0,0,1,1,0,0,0
547,1,4,24.535231416621105,1,0,3,36.35581553482977,0,0,0,0,1,0,1,0,0,0,0,0,0,1,0,0,1,0
548,1,3,5.773215922511721,1,0,5,53.14859273045048,1,1,0,0,1,0,0,1,0,0,0,0,0,1,0,1,0,0
549,0,1,39.10328691273987,1,0,1,87.18662458509448,1,1,1,0,0,0,0,0,1,0,1,0,0,0,1,0,0,0
550,0,3,23.420337092633414,0,0,3,68.73744176977976,1,1,0,1,0,0,0,0,1,0,0,0,0,1,0,0,1,0
551,1,5,21.955392322980195,1,0,4,11.15823131332414,0,0,0,0,1,0,0,1,0,0,1,0,0,0,0,0,0,1
552,0,4,95.98628027134552,0,1,5,14.77463244379611,0,0,0,1,0,0,0,0,1,0,1,0,0,0,0,1,0,0
553,1,2,61.63004859257241,1,0,4,42.812336781837466,1,0,0,0,0,1,1,0,0,0,0,0,0,1,0,0,0,1
554,0,5,55.68784431720959,1,1,1,19.570775163878785,0,1,0,0,1,0,0,0,1,0,0,1,0,0,0,0,0,1
555,1,4,41.57751035233219,1,0,5,2.7849777582755753,1,1,0,0,1,0,0,1,0,0,0,1,0,0,0,0,0,1
556,1,3,42.89443334301443,1,1,3,80.50148801180703,1,1,0,1,0,0,1,0,0,0,0,0,0,1,0,0,1,0
557,1,5,54.090500383808084,1,1,1,1.9522570697994124,1,0,0,0,1,0,0,1,0,0,0,1,0,0,0,0,0,1
558,1,4,69.64298070361072,1,1,5,83.06896051980141,0,0,0,1,0,0,0,0,0,1,0,0,1,0,0,0,1,0
559,1,1,70.21460961818295,0,1,5,14.410396303296602,1,0,0,0,1,0,1,0,0,0,0,0,1,0,0,0,1,0
560,1,1,17.169390770544958,1,0,4,97.46784108071161,1,0,1,0,0,0,1,0,0,0,1,0,0,0,0,0,0,1
561,0,2,50.0112752076627,0,0,1,60.38739118261901,1,0,0,1,0,0,0,0,1,0,0,1,0,0,0,0,0,1
562,0,4,41.195809503410196,1,0,3,73.49829716298954,1,0,0,0,1,0,1,0,0,0,0,0,1,0,1,0,0,0
563,0,1,87.05269662693841,1,0,3,11.048362796806488,1,1,0,0,0,1,0,1,0,0,0,0,0,1,0,1,0,0
564,1,3,63.14189212183764,1,1,1,86.21040734514801,0,0,0,0,1,0,0,0,1,0,0,1,0,0,1,0,0,0
565,1,4,53.25040664159818,0,1,1,83.91923428715384,1,0,0,0,0,1,0,0,0,1,0,0,1,0,0,1,0,0
566,1,3,11.539464217891737,0,1,2,65.29927315417177,0,0,0,0,0,1,0,1,0,0,0,0,1,0,0,1,0,0
567,1,3,60.56378893234115,1,0,4,50.22748645953874,1,0,1,0,0,0,0,0,0,1,0,0,0,1,1,0,0,0
568,0,1,11.720390568023342,0,1,1,72.14891731316725,0,1,0,1,0,0,0,0,0,1,1,0,0,0,1,0,0,0
569,0,4,33.720657556575205,1,0,1,0.5928215336878151,1,0,0,0,1,0,0,0,0,1,0,0,0,1,0,1,0,0
570,1,5,14.284196481433186,1,1,2,59.244075539845944,1,0,1,0,0,0,1,0,0,0,1,0,0,0,0,1,0,0
571,0,1,69.20736470243689,0,1,2,84.74061349292366,0,1,0,0,1,0,0,1,0,0,0,0,1,0,0,1,0,0
572,0,1,20.62521138361526,0,1,5,35.68998871747549,0,0,0,0,0,1,0,1,0,0,1,0,0,0,0,0,1,0
573,1,4,39.1859373188026,0,1,3,10.828935648291683,1,0,0,1,0,0,1,0,0,0,0,0,1,0,0,1,0,0
574,0,4,89.56747776187787,0,1,4,42.087724974320615,0,1,0,0,1,0,0,0,1,0,0,0,1,0,0,0,0,1
575,1,3,20.431638339897027,1,0,5,72.7104449058507,0,1,0,0,1,0,0,0,0,1,0,1,0,0,0,0,0,1
576,0,4,50.780506395877914,0,1,1,10.730121037067253,1,0,0,0,0,1,0,1,0,0,1,0,0,0,0,0,0,1
577,1,3,41.9271661166022,0,0,2,20.604856021289,1,0,0,0,1,0,1,0,0,0,1,0,0,0,1,0,0,0
578,1,1,1.8124041045729733,1,0,3,14.755184682869993,1,0,0,0,1,0,0,0,0,1,1,0,0,0,1,0,0,0
579,1,2,79.27581135728128,0,0,5,79.69477555752249,1,1,0,0,0,1,0,0,1,0,0,0,0,1,1,0,0,0
580,1,5,6.904590631459973,0,0,3,6.2892622452486835,1,0,1,0,0,0,0,0,1,0,0,1,0,0,0,1,0,0
581,0,1,47.42550209769536,0,0,2,68.6586502114433,0,1,0,0,0,1,0,0,0,1,0,1,0,0,0,0,0,1
582,1,4,56.06782949389499,0,0,5,36.64569207531913,1,1,1,0,0,0,0,0,1,0,0,1,0,0,0,1,0,0
583,1,5,62.842645661458704,1,0,5,75.57912428853022,0,1,0,1,0,0,0,1,0,0,0,0,0,1,0,0,1,0
584,1,2,68.86316293078755,1,0,3,96.43834187840376,1,0,1,0,0,0,0,1,0,0,1,0,0,0,0,0,1,0
585,0,2,25.327238352271507,0,1,2,11.45452995864823,1,0,1,0,0,0,0,1,0,0,1,0,0,0,1,0,0,0
586,1,3,0.9978776658449373,0,1,1,31.438504106745846,0,0,0,1,0,0,0,0,1,0,1,0,0,0,0,0,1,0
587,0,5,72.3443662354912,1,0,5,81.0125427718857,1,1,1,0,0,0,0,1,0,0,0,1,0,0,0,0,0,1
588,1,3,53.56565993475786,0,0,1,26.61583860511765,0,0,0,0,0,1,1,0,0,0,0,1,0,0,0,0,1,0
589,0,1,83.61177032072487,0,0,2,21.51205970460409,0,0,1,0,0,0,0,1,0,0,0,0,1,0,1,0,0,0
590,0,5,82.13883629006943,0,1,5,82.53779778689717,0,0,0,1,0,0,0,1,0,0,0,0,0,1,0,1,0,0
591,1,1,84.33261677878832,0,1,5,98.70823640059703,1,0,0,0,0,1,0,0,1,0,0,0,0,1,0,0,1,0
592,0,3,48.50946599795402,0,0,1,55.68805901479658,1,0,0,1,0,0,0,1,0,0,0,1,0,0,0,0,0,1
593,1,5,33.362839583686565,0,0,4,27.804874833333926,1,0,0,1,0,0,0,0,0,1,0,0,1,0,0,0,0,1
594,1,3,79.155820259137,0,1,1,39.856596160005395,1,0,0,0,1,0,1,0,0,0,1,0,0,0,0,0,0,1
595,1,5,45.12941130292549,0,1,1,17.0130327383609,1,0,0,0,1,0,0,0,1,0,0,1,0,0,0,1,0,0
596,0,3,18.34421964034345,0,0,4,76.18872788907525,1,0,0,1,0,0,1,0,0,0,0,0,0,1,0,0,0,1
597,0,2,85.49740195614743,1,0,2,77.34740178227679,0,1,0,1,0,0,0,0,0,1,0,0,0,1,1,0,0,0
598,1,3,88.25598767723473,1,0,2,87.51209923824945,1,1,0,1,0,0,0,0,1,0,0,0,0,1,1,0,0,0
599,1,2,46.63097561401701,1,0,5,2.6602563596563877,1,0,0,0,1,0,0,0,1,0,1,0,0,0,0,0,0,1
600,0,3,7.569972730978747,0,1,3,56.19813416263793,1,0,0,0,1,0,0,1,0,0,0,0,0,1,0,0,1,0
601,1,5,38.782608991693124,0,1,3,21.42554343431844,1,1,1,0,0,0,1,0,0,0,1,0,0,0,0,0,0,1
602,1,5,80.35376594626034,1,0,5,34.08830154923571,0,0,1,0,0,0,0,0,0,1,1,0,0,0,1,0,0,0
603,1,5,90.17740285462287,0,0,3,78.49556152865075,0,0,0,1,0,0,0,0,0,1,1,0,0,0,1,0,0,0
604,0,4,20.347274249759582,1,0,1,19.203365236149615,0,0,0,0,0,1,0,0,1,0,0,1,0,0,1,0,0,0
605,0,1,6.697361202527152,0,1,1,63.83417505810897,0,0,0,0,0,1,0,1,0,0,1,0,0,0,0,0,1,0
606,0,5,87.73504531328386,1,0,4,65.45661912235981,0,0,0,0,1,0,0,0,1,0,0,0,1,0,0,0,1,0
607,1,2,38.94049389788753,1,0,4,95.40939149023006,1,1,0,0,1,0,0,0,1,0,0,0,0,1,0,0,1,0
608,1,5,54.176096426756324,1,0,5,77.5160928528937,0,1,0,0,1,0,0,0,1,0,0,1,0,0,1,0,0,0
609,1,4,96.80658120507589,0,1,5,80.36351471536935,0,0,0,1,0,0,0,0,1,0,0,0,0,1,0,1,0,0
610,0,2,6.656472791422285,1,0,5,53.16007490178934,1,0,0,0,0,1,0,0,0,1,1,0,0,0,0,0,0,1
611,1,4,64.83180074520956,0,1,1,18.678080716237066,1,0,1,0,0,0,0,0,0,1,0,1,0,0,0,0,0,1
612,1,2,7.410542257486707,0,0,3,42.55633657183516,0,0,0,1,0,0,0,0,1,0,0,0,1,0,1,0,0,0
613,1,3,37.54689284665004,0,0,5,54.94895735118204,1,0,1,0,0,0,0,0,1,0,1,0,0,0,0,0,1,0
614,1,1,80.38145451934467,0,0,5,67.84192517137123,1,0,1,0,0,0,0,1,0,0,0,0,0,1,0,1,0,0
615,0,1,43.34722327556344,0,1,1,60.77091118319272,0,1,0,1,0,0,0,0,1,0,0,0,1,0,0,1,0,0
616,0,4,99.71823539029504,0,0,1,39.397782891724354,1,0,1,0,0,0,0,0,0,1,1,0,0,0,0,0,1,0
617,1,1,55.905928494660216,0,0,1,26.531310699584143,0,1,0,0,0,1,1,0,0,0,0,0,1,0,0,0,0,1
618,0,4,32.11621526359535,1,1,3,16.82308432036831,0,0,1,0,0,0,0,0,0,1,1,0,0,0,0,0,0,1
619,0,4,22.011132590475313,1,1,5,69.38453862722663,1,0,0,0,0,1,0,1,0,0,0,1,0,0,0,1,0,0
620,1,4,35.05205342861618,1,1,2,64.5398674312485,0,0,0,0,0,1,0,0,0,1,1,0,0,0,0,1,0,0
621,1,1,37.25332737595508,0,0,2,68.73724657578066,0,0,0,0,0,1,1,0,0,0,0,1,0,0,0,0,1,0
622,0,4,6.8713677723960975,0,1,5,37.252745280279484,1,1,0,0,1,0,0,0,1,0,1,0,0,0,0,0,0,1
623,1,1,36.95741994267732,0,0,5,26.240782257074503,1,0,1,0,0,0,1,0,0,0,1,0,0,0,0,1,0,0
624,0,4,46.423851973922496,0,1,5,75.97213286809253,1,0,0,1,0,0,0,0,1,0,0,0,0,1,0,0,0,1
625,1,5,72.27377522388046,1,1,5,77.36473950553341,1,0,0,1,0,0,0,0,1,0,0,0,1,0,0,1,0,0
626,0,4,65.6729484721608,0,1,3,45.56163739668406,0,0,1,0,0,0,0,0,0,1,0,0,1,0,0,0,1,0
627,1,2,70.87656552291543,1,0,2,61.190408476732415,1,0,0,0,1,0,0,0,0,1,0,0,1,0,0,0,0,1
628,0,4,0.8363681876857099,0,0,4,37.35196642317412,1,0,0,0,1,0,0,0,0,1,1,0,0,0,0,1,0,0
629,0,3,21.766739958053606,1,0,2,70.19472001198068,0,1,0,0,0,1,0,1,0,0,1,0,0,0,0,1,0,0
630,0,4,66.16842883998565,0,0,2,83.57215966478712,0,1,1,0,0,0,0,0,0,1,1,0,0,0,0,1,0,0
631,1,2,48.398936817974715,1,0,1,68.82332773356494,0,0,1,0,0,0,0,1,0,0,0,1,0,0,0,1,0,0
632,0,2,0.5313475668345946,0,0,5,51.25826268471365,0,0,0,1,0,0,0,0,0,1,0,1,0,0,0,0,1,0
633,0,1,80.44946424318223,1,0,5,45.86579594923703,1,0,1,0,0,0,0,0,1,0,0,0,0,1,0,0,0,1
634,1,5,77.28095732903374,0,0,5,64.23196509757443,1,0,0,0,1,0,0,1,0,0,1,0,0,0,0,0,0,1
635,1,4,54.841916299356264,1,0,1,67.98108916013302,0,1,1,0,0,0,1,0,0,0,0,0,1,0,1,0,0,0
636,0,1,6.646332577627212,1,1,3,55.8729443524539,0,1,0,1,0,0,0,1,0,0,0,0,1,0,0,0,0,1
637,0,5,76.65150495325847,0,1,3,62.4942275107395,0,0,0,0,0,1,0,1,0,0,0,0,0,1,1,0,0,0
638,1,4,58.37135877313639,1,0,4,9.658868249453223,0,0,0,1,0,0,1,0,0,0,0,0,1,0,0,1,0,0
639,1,3,78.19599771579591,0,0,3,95.17655161423268,1,1,0,1,0,0,0,1,0,0,0,0,0,1,0,0,1,0
640,1,4,75.17469923958404,0,0,3,79.0773063732034,0,1,0,0,0,1,0,0,1,0,1,0,0,0,0,0,1,0
641,1,2,80.30020719578371,0,0,5,37.39278697067838,1,0,0,1,0,0,0,0,0,1,0,0,1,0,0,1,0,0
642,1,2,51.80080664046248,1,1,2,56.281261095363,0,0,0,1,0,0,1,0,0,0,1,0,0,0,1,0,0,0
643,0,3,14.032451819351499,1,1,3,4.732453013642135,1,0,1,0,0,0,0,0,0,1,0,1,0,0,0,1,0,0
644,1,1,67.11574733796887,0,0,3,4.122781399906039,1,1,1,0,0,0,0,0,1,0,0,0,1,0,0,0,1,0
645,0,5,62.04737850519706,0,1,1,25.07983351119627,1,0,0,0,0,1,1,0,0,0,0,1,0,0,0,0,1,0
646,0,4,74.22531871990871,1,1,4,68.97016423646232,1,1,1,0,0,0,0,0,0,1,0,0,1,0,0,0,0,1
647,0,2,16.98810060507353,1,0,1,85.21477478000116,0,0,1,0,0,0,0,0,0,1,1,0,0,0,1,0,0,0
648,1,1,19.497519990028923,1,0,5,55.91858799798484,1,0,0,1,0,0,0,0,1,0,0,0,0,1,0,0,0,1
649,0,3,89.04095172193284,0,0,2,53.21327395823524,0,0,0,0,1,0,0,0,0,1,1,0,0,0,0,0,1,0
650,0,2,74.99777984520708,0,0,4,40.2309533791466,1,1,1,0,0,0,0,0,1,0,1,0,0,0,0,0,1,0
651,1,3,90.82284887003229,0,1,1,16.159795595802116,1,0,0,0,1,0,0,1,0,0,1,0,0,0,0,0,0,1
652,0,4,75.87153211639207,0,0,3,11.835410132658753,0,1,1,0,0,0,0,0,1,0,0,0,1,0,0,0,0,1
653,0,5,59.71553059903019,0,1,3,76.06797612209661,0,0,1,0,0,0,0,1,0,0,0,0,0,1,0,0,1,0
654,1,2,65.41327370278736,1,0,4,92.75035512965756,1,1,0,0,0,1,1,0,0,0,0,1,0,0,0,0,0,1
655,0,2,88.91279239400099,0,1,3,45.828321638627315,1,1,0,0,0,1,0,0,0,1,1,0,0,0,0,0,0,1
656,0,4,57.88067545119405,1,0,1,65.94456587156382,0,0,0,0,0,1,0,0,1,0,0,0,1,0,1,0,0,0
657,0,1,63.239132432838744,1,0,1,91.44576508809412,1,1,0,0,1,0,0,0,1,0,0,1,0,0,0,0,1,0
658,1,5,15.647671600360058,0,1,3,9.011363293414455,0,0,0,1,0,0,0,0,0,1,1,0,0,0,0,1,0,0
659,1,2,47.39212201161027,1,1,3,77.04814531190299,0,0,1,0,0,0,0,0,0,1,0,1,0,0,1,0,0,0
660,1,5,71.6397111958099,0,1,5,61.68168843755751,0,0,1,0,0,0,1,0,0,0,1,0,0,0,0,1,0,0
661,0,2,27.09426983163654,1,0,2,59.86371788298614,1,1,1,0,0,0,1,0,0,0,0,1,0,0,0,0,0,1
662,0,5,20.22541805245349,0,1,4,29.25404284815698,1,1,0,0,1,0,0,0,1,0,0,1,0,0,0,0,0,1
663,1,3,31.382680822441557,0,1,1,68.38933547776769,0,0,0,0,0,1,1,0,0,0,0,0,0,1,0,1,0,0
664,0,2,24.150062799283344,1,1,4,79.47977548207766,0,1,0,1,0,0,0,1,0,0,0,0,0,1,0,0,0,1
665,0,5,21.491263703639586,0,1,5,11.285816494369715,0,0,0,0,1,0,1,0,0,0,1,0,0,0,0,0,0,1
666,1,1,42.48508428680869,1,1,1,53.35214309809838,0,1,0,0,0,1,1,0,0,0,0,0,1,0,1,0,0,0
667,1,3,90.78385138835341,0,1,5,10.126518098740966,1,0,0,0,1,0,0,0,1,0,0,0,0,1,0,1,0,0
668,0,3,50.705964673871826,0,1,5,87.25740192976446,0,0,0,1,0,0,0,1,0,0,0,1,0,0,1,0,0,0
669,0,1,18.792038081532304,0,1,3,50.76367226563473,1,0,0,0,0,1,1,0,0,0,0,0,0,1,0,1,0,0
670,0,5,7.697166938087408,1,1,4,80.79656892607574,0,0,0,0,1,0,0,1,0,0,0,0,0,1,1,0,0,0
671,1,4,69.61561451379252,1,0,4,36.808563766621425,1,0,0,1,0,0,0,1,0,0,1,0,0,0,0,0,1,0
672,1,1,38.279876443638784,0,0,3,12.507822681632542,1,0,1,0,0,0,0,1,0,0,0,0,0,1,0,0,1,0
673,1,5,82.18309465853592,1,1,4,4.149930438571148,1,0,0,1,0,0,0,0,0,1,0,0,0,1,0,1,0,0
674,1,1,65.95107686407702,0,0,3,28.15096207723755,1,1,1,0,0,0,0,0,0,1,0,1,0,0,0,0,1,0
675,0,1,79.62414505413685,1,0,1,24.423370036407853,1,0,0,0,1,0,0,0,0,1,0,0,0,1,1,0,0,0
676,1,2,27.194603941844875,1,1,5,56.035197401996186,0,1,0,0,0,1,0,0,0,1,0,1,0,0,0,1,0,0
677,1,5,69.2358922461058,0,1,5,2.1738838063707355,0,0,0,0,0,1,0,0,1,0,0,0,0,1,0,0,1,0
678,1,4,26.406198469371876,0,1,4,52.057054429917336,1,0,0,0,1,0,1,0,0,0,0,0,0,1,0,0,1,0
679,1,2,93.90684794502916,0,1,2,39.177174201200316,0,0,0,0,0,1,0,0,0,1,0,0,1,0,0,1,0,0
680,1,1,63.63742815333744,0,1,5,57.71222699144422,0,1,0,0,0,1,0,0,1,0,0,0,0,1,0,0,1,0
681,0,1,32.451180017534206,0,1,3,70.24175281503646,0,1,1,0,0,0,1,0,0,0,0,1,0,0,0,0,1,0
682,0,1,26.951186229227265,1,0,2,63.4091945079839,0,0,0,0,1,0,0,0,0,1,0,1,0,0,0,1,0,0
683,1,5,19.09265850716435,1,1,2,98.46443693733663,0,0,0,1,0,0,1,0,0,0,1,0,0,0,0,0,1,0
684,0,5,69.46409588937279,0,0,5,13.826534387687106,0,0,1,0,0,0,0,0,0,1,1,0,0,0,0,0,1,0
685,1,2,21.87156129979273,0,1,5,42.97370089297785,0,0,0,0,1,0,0,0,1,0,0,0,1,0,0,0,1,0
686,1,4,59.53032659274891,0,1,5,42.483073664331116,1,1,1,0,0,0,0,1,0,0,0,1,0,0,0,0,1,0
687,0,2,26.463502692535734,1,0,3,41.705320370292064,0,0,0,1,0,0,0,1,0,0,0,1,0,0,0,0,0,1
688,0,3,66.19689447938686,0,1,2,66.37983920426683,0,0,0,1,0,0,1,0,0,0,0,1,0,0,0,1,0,0
689,1,1,81.49397285405392,0,1,4,48.982806054672245,0,1,0,0,1,0,0,0,1,0,0,0,1,0,0,0,0,1
690,1,1,77.80252431446532,1,0,3,51.74325598129631,1,1,0,1,0,0,0,1,0,0,0,1,0,0,0,0,0,1
691,1,1,76.08513309307817,1,1,1,43.23559921467647,1,0,1,0,0,0,0,0,0,1,1,0,0,0,1,0,0,0
692,0,2,18.772240569225207,1,0,5,99.16994610185625,0,0,0,1,0,0,0,1,0,0,0,0,1,0,0,0,0,1
693,1,2,8.838494698451871,1,1,2,92.75613488190422,1,0,1,0,0,0,1,0,0,0,1,0,0,0,0,0,0,1
694,1,1,69.89488284873856,0,1,3,30.772418936437095,1,0,1,0,0,0,1,0,0,0,1,0,0,0,1,0,0,0
695,1,2,36.83472137943513,1,0,1,11.159392476666719,0,0,0,1,0,0,0,0,1,0,0,0,1,0,0,0,1,0
696,0,5,43.23462264033473,1,1,3,83.97647240386028,1,1,0,0,1,0,1,0,0,0,0,0,0,1,0,0,1,0
697,1,5,3.1149092793391064,0,0,3,99.71702514257245,0,1,0,0,0,1,0,1,0,0,0,0,0,1,0,0,0,1
698,1,2,25.95764492750492,0,0,4,29.26088940396455,1,0,0,1,0,0,0,1,0,0,1,0,0,0,1,0,0,0
699,0,1,3.3676403874464023,0,0,4,35.778492584176625,0,0,1,0,0,0,0,1,0,0,0,0,0,1,0,0,1,0
700,1,2,87.91857726012476,1,1,3,94.16331814852029,1,0,1,0,0,0,0,1,0,0,0,1,0,0,1,0,0,0
701,1,2,24.339668321853047,0,1,1,71.11295180030899,0,0,0,1,0,0,0,0,1,0,0,0,1,0,0,1,0,0
702,0,2,55.73371695730081,1,0,2,29.563833177963616,0,0,0,0,1,0,0,0,0,1,1,0,0,0,0,1,0,0
703,1,3,3.897932066113041,1,1,2,58.10464912839151,1,0,0,0,1,0,0,0,0,1,0,1,0,0,0,1,0,0
704,0,5,66.6847391305658,1,1,5,94.4229579364256,0,0,1,0,0,0,0,0,1,0,0,0,0,1,0,1,0,0
705,0,4,32.30273457540939,0,1,5,81.18131069457786,0,0,1,0,0,0,1,0,0,0,0,1,0,0,0,0,0,1
706,1,4,89.79191869576658,1,0,2,74.18327137286596,1,0,0,0,1,0,0,0,0,1,0,0,0,1,0,1,0,0
707,1,3,88.81181889340358,0,1,3,73.69963117270224,0,0,0,0,0,1,1,0,0,0,1,0,0,0,0,1,0,0
708,1,2,32.529061836174776,0,0,3,17.802032429227033,0,0,0,1,0,0,0,0,0,1,0,1,0,0,1,0,0,0
709,1,3,90.09608956904678,0,1,4,82.46812392279365,1,0,1,0,0,0,1,0,0,0,0,0,1,0,0,0,1,0
710,0,3,99.61576734987788,1,1,4,27.611863244345813,0,0,1,0,0,0,0,0,1,0,1,0,0,0,1,0,0,0
711,1,1,82.5415664123948,1,0,5,93.03666579015295,1,0,0,0,1,0,0,1,0,0,0,1,0,0,0,0,0,1
712,0,5,84.4871347755229,1,1,2,36.4639991013783,0,0,0,1,0,0,1,0,0,0,0,1,0,0,0,1,0,0
713,1,4,24.90087361090899,0,0,3,85.76603970422565,1,1,0,0,1,0,0,1,0,0,0,0,0,1,0,0,1,0
714,1,2,57.67023988577563,1,1,2,26.623349451780143,1,0,0,1,0,0,1,0,0,0,1,0,0,0,0,0,1,0
715,1,4,6.725591396736785,1,0,1,51.45269365822405,0,0,0,1,0,0,1,0,0,0,1,0,0,0,0,1,0,0
716,0,4,9.491793682166971,1,1,2,10.688529548906056,1,0,0,1,0,0,1,0,0,0,1,0,0,0,0,1,0,0
717,1,5,99.88926120332906,1,1,1,66.0118902996174,0,0,1,0,0,0,1,0,0,0,1,0,0,0,0,0,0,1
718,1,4,32.663924942591095,1,1,4,83.60792751668383,0,1,0,0,0,1,1,0,0,0,0,0,0,1,0,0,0,1
719,1,4,74.81839120488463,0,0,4,71.8447281302416,1,1,0,0,1,0,0,1,0,0,0,0,1,0,0,1,0,0
720,1,3,80.66650530268164,0,0,5,52.32585129386573,0,0,0,0,0,1,1,0,0,0,1,0,0,0,0,1,0,0
721,0,5,85.80232710072292,0,0,2,4.51158786014595,0,0,0,0,1,0,0,1,0,0,0,0,0,1,0,1,0,0
722,1,1,99.76282974021565,0,1,2,93.34410071708584,1,0,0,1,0,0,0,0,1,0,0,0,1,0,0,1,0,0
723,0,2,24.149648525686786,1,0,1,70.54895485786346,0,0,1,0,0,0,0,0,0,1,0,0,1,0,0,0,1,0
724,0,4,4.035082685969971,0,0,4,74.5864238365333,0,0,0,0,0,1,1,0,0,0,0,0,0,1,0,0,0,1
725,0,2,41.1191517994586,1,0,1,79.46805755108072,1,0,1,0,0,0,0,0,0,1,1,0,0,0,0,1,0,0
726,0,1,13.008066982894695,0,0,4,74.77434259276107,0,0,0,0,1,0,0,1,0,0,0,0,1,0,0,1,0,0
727,0,2,2.2425889162055124,0,0,1,44.11161640983337,0,0,1,0,0,0,0,0,1,0,1,0,0,0,0,0,1,0
728,0,1,36.04268271414861,0,0,4,73.36218292879468,1,1,1,0,0,0,0,0,1,0,1,0,0,0,1,0,0,0
729,1,3,78.37382510752364,1,0,1,62.50267878103289,0,0,0,0,0,1,0,0,1,0,0,1,0,0,0,1,0,0
730,0,4,56.61806912250709,1,0,4,85.40163336687866,0,0,0,1,0,0,0,0,0,1,1,0,0,0,0,0,1,0
731,0,1,31.277798921035405,0,0,1,80.24598153373704,1,0,1,0,0,0,0,1,0,0,0,1,0,0,0,0,1,0
732,0,2,65.43420054927196,1,0,2,4.1374382467259885,0,0,0,1,0,0,1,0,0,0,0,0,1,0,1,0,0,0
733,1,4,23.20181803088107,0,1,5,37.888709033260525,0,1,0,0,1,0,1,0,0,0,0,0,0,1,0,0,0,1
734,1,3,1.4381446072085025,0,1,1,3.4716152183894566,1,0,1,0,0,0,0,1,0,0,0,1,0,0,0,0,0,1
735,0,4,76.43533864364274,0,0,5,10.207492476609792,1,1,0,0,0,1,0,0,0,1,0,0,0,1,0,0,0,1
736,1,1,62.374308486400906,1,1,2,60.14107220036114,0,0,0,0,1,0,1,0,0,0,0,0,1,0,0,1,0,0
737,0,3,76.23026245009599,0,1,2,87.38218211622534,0,1,0,0,1,0,0,1,0,0,1,0,0,0,0,0,0,1
738,0,2,3.893801668766561,0,0,4,11.982475870926724,1,1,0,0,0,1,1,0,0,0,0,0,1,0,0,1,0,0
739,1,3,83.71196278306522,0,0,5,45.108928746683155,0,0,1,0,0,0,0,0,1,0,0,0,0,1,0,1,0,0
740,0,3,61.95262000363033,1,0,3,91.08789048064438,0,0,1,0,0,0,1,0,0,0,0,0,1,0,0,0,1,0
741,1,5,56.33953507126401,0,1,4,81.43009836715878,0,1,0,0,1,0,0,0,0,1,1,0,0,0,0,0,0,1
742,1,3,62.46140481145316,1,0,5,51.96678964659299,1,0,1,0,0,0,0,1,0,0,0,0,1,0,0,0,0,1
743,0,3,86.4433246868364,0,1,1,77.1571439328831,0,0,0,1,0,0,0,0,0,1,1,0,0,0,0,0,0,1
744,0,4,58.69365065589071,1,0,1,52.2693774044537,0,0,0,0,0,1,0,1,0,0,0,1,0,0,0,1,0,0
745,1,2,58.095037988817936,0,1,2,15.809233728284877,1,0,0,1,0,0,0,0,1,0,0,0,0,1,0,1,0,0
746,0,4,99.06791570657658,0,1,3,12.47361132216791,1,0,1,0,0,0,0,1,0,0,1,0,0,0,0,0,0,1
747,0,4,75.6730167068568,1,0,1,18.836823206706978,1,0,0,0,1,0,1,0,0,0,1,0,0,0,0,1,0,0
748,0,1,44.22938054511353,1,0,5,35.092209496567946,0,0,0,0,0,1,1,0,0,0,0,0,1,0,0,1,0,0
749,1,4,70.73970000329277,0,1,5,93.05292676740187,0,0,1,0,0,0,0,0,1,0,0,1,0,0,1,0,0,0
750,1,5,38.92304716917885,1,1,1,79.96784136536014,1,1,1,0,0,0,0,1,0,0,1,0,0,0,1,0,0,0
751,0,5,22.8875462483499,0,0,5,43.28015612263175,0,0,0,0,1,0,0,0,1,0,0,1,0,0,0,0,0,1
752,1,1,59.68518768877594,0,0,5,49.3076709787574,0,1,0,0,1,0,1,0,0,0,0,1,0,0,0,0,0,1
753,1,2,92.81820981139515,0,1,2,26.560945766641485,0,1,0,1,0,0,0,0,0,1,0,0,1,0,1,0,0,0
754,1,2,92.91395200154628,1,0,3,70.43529564721301,0,1,0,0,0,1,0,0,1,0,1,0,0,0,0,1,0,0
755,1,4,34.19052781054903,0,1,2,80.2765671462038,1,1,0,0,0,1,0,0,0,1,0,0,1,0,0,1,0,0
756,1,4,52.7677466221695,1,0,3,23.890469566757655,1,1,0,0,1,0,0,0,0,1,0,0,0,1,0,0,1,0
757,0,4,21.16358985698612,0,0,5,4.182162378646536,0,1,0,1,0,0,0,1,0,0,0,0,0,1,0,0,0,1
758,0,2,99.56311094988834,1,0,3,62.38889431629704,1,0,0,0,0,1,0,0,1,0,1,0,0,0,0,0,0,1
759,0,3,98.11179078679358,1,1,5,56.25121191353166,0,0,0,0,1,0,0,0,0,1,0,1,0,0,0,0,0,1
760,1,5,64.95089297074473,0,0,5,40.21311550288764,0,1,1,0,0,0,0,0,0,1,1,0,0,0,0,0,1,0
761,1,3,80.44140596774734,1,1,2,64.38939417732101,1,0,0,0,0,1,0,1,0,0,1,0,0,0,0,0,1,0
762,0,3,71.51001612837,0,0,2,55.06132979851436,1,1,0,1,0,0,0,1,0,0,0,0,0,1,0,1,0,0
763,1,2,59.31582190394682,0,1,4,25.05815765941928,0,1,0,1,0,0,1,0,0,0,0,0,0,1,1,0,0,0
764,0,3,5.3347996988897695,0,1,1,39.772897562272234,0,0,0,1,0,0,0,0,0,1,0,1,0,0,1,0,0,0
765,0,1,45.476434255266106,0,0,4,42.81135697472417,0,1,1,0,0,0,1,0,0,0,0,1,0,0,1,0,0,0
766,0,4,67.47863021674105,0,1,4,88.02479944755636,0,0,0,0,0,1,0,0,0,1,1,0,0,0,0,1,0,0
767,1,1,67.75316138836847,1,1,3,96.09041541289595,1,0,0,0,0,1,1,0,0,0,0,0,1,0,1,0,0,0
768,1,5,37.31226184223836,0,1,5,89.3001362396497,1,0,1,0,0,0,0,1,0,0,1,0,0,0,0,0,1,0
769,0,4,94.16919866580305,1,1,5,71.91780240519796,0,0,0,0,0,1,0,0,1,0,0,1,0,0,0,0,1,0
770,0,3,16.7357032236781,1,0,5,58.49927336058218,0,0,1,0,0,0,0,1,0,0,0,0,1,0,0,0,0,1
771,0,5,50.03594462155606,0,0,1,68.9261635465955,1,0,1,0,0,0,1,0,0,0,0,0,0,1,1,0,0,0
772,0,4,69.08839765508228,1,0,3,93.91092207326889,0,0,1,0,0,0,1,0,0,0,0,1,0,0,0,0,1,0
773,1,3,69.71358058918092,0,1,3,24.999873522383176,1,1,0,1,0,0,0,0,1,0,0,1,0,0,0,0,0,1
774,1,1,64.86389567688155,1,1,5,53.51205076734049,0,0,0,0,0,1,0,0,0,1,0,0,1,0,1,0,0,0
775,0,4,27.528821345186017,1,0,4,68.96080190004079,1,0,1,0,0,0,1,0,0,0,0,1,0,0,1,0,0,0
776,0,3,15.620656868662197,1,0,1,67.92470013242746,0,0,0,0,0,1,1,0,0,0,0,1,0,0,0,0,1,0
777,1,1,63.594032682671084,0,1,4,25.227895957683643,0,1,0,1,0,0,1,0,0,0,0,1,0,0,0,0,0,1
778,1,5,59.930211613943776,1,0,2,58.67315273897519,0,1,1,0,0,0,0,0,1,0,0,1,0,0,0,0,0,1
779,0,5,17.935601028924097,0,0,3,79.59131424201564,1,0,0,0,1,0,0,1,0,0,0,1,0,0,0,0,1,0
780,0,5,70.51391455705634,1,1,3,47.50789800502439,1,0,0,1,0,0,1,0,0,0,0,1,0,0,0,0,1,0
781,0,5,45.51719917336564,1,0,4,79.3298076698735,0,1,0,0,1,0,0,0,1,0,0,1,0,0,0,0,1,0
782,1,2,66.7760591603153,1,1,1,35.988259775455475,0,0,0,0,0,1,1,0,0,0,0,1,0,0,1,0,0,0
783,1,4,83.73670797701507,1,0,3,93.8760127163759,0,0,0,0,0,1,0,0,0,1,0,0,0,1,0,0,1,0
784,1,4,16.972842857692317,0,1,4,53.3928440499101,0,0,0,1,0,0,0,0,1,0,0,1,0,0,0,0,1,0
785,0,2,1.9144867996836679,0,1,1,59.59479507926143,1,0,0,0,0,1,1,0,0,0,0,0,0,1,0,1,0,0
786,0,3,77.91025863957867,1,1,4,3.1361568804588402,1,1,0,0,1,0,0,0,1,0,0,0,0,1,0,0,1,0
787,1,3,60.96974251526159,1,1,1,17.026913712859425,1,0,1,0,0,0,1,0,0,0,1,0,0,0,0,0,1,0
788,1,5,69.96395696221217,0,1,5,63.29338804710447,0,0,1,0,0,0,0,1,0,0,1,0,0,0,1,0,0,0
789,0,1,83.81549749886426,0,0,1,41.987037178227126,0,0,1,0,0,0,1,0,0,0,0,0,0,1,0,0,0,1
790,1,3,80.28109348245005,0,0,2,50.81637904581747,1,1,0,1,0,0,0,0,1,0,0,0,0,1,1,0,0,0
791,1,1,96.09201469288247,0,0,5,6.297140873370044,0,1,0,0,0,1,0,0,0,1,0,1,0,0,0,1,0,0
792,0,4,53.59350788521182,1,1,4,83.41352384103843,1,1,0,0,1,0,0,0,0,1,1,0,0,0,0,0,1,0
793,1,1,48.84956326599054,1,0,5,78.45056022962173,1,0,0,0,0,1,0,0,0,1,0,0,1,0,0,0,1,0
794,0,4,40.18871998907301,0,1,5,18.53539757218495,1,0,0,0,0,1,1,0,0,0,1,0,0,0,0,0,1,0
795,0,2,15.369104284420454,0,1,4,63.432935725737934,1,1,0,0,0,1,0,1,0,0,0,0,0,1,0,0,1,0
796,0,2,57.26072328820224,0,0,4,81.83152116542716,0,0,1,0,0,0,1,0,0,0,0,0,0,1,0,0,1,0
797,0,5,27.70125243259788,0,1,2,64.08541364156,1,1,0,0,1,0,0,0,0,1,0,1,0,0,0,0,1,0
798,0,3,92.13075122129754,0,0,4,31.039809529584485,0,0,0,0,1,0,0,0,1,0,0,1,0,0,0,1,0,0
799,0,5,58.31908042770976,0,1,3,65.61111504781671,1,0,0,0,0,1,0,0,0,1,1,0,0,0,0,0,1,0
800,0,4,59.284018050811014,1,1,3,21.046174768321222,1,0,1,0,0,0,0,0,1,0,0,1,0,0,0,0,1,0
801,1,5,35.492466087701004,1,0,2,31.825499727942088,1,1,1,0,0,0,0,1,0,0,0,0,1,0,0,0,1,0
802,0,1,5.198935197770749,1,1,1,24.006965310717867,1,1,0,0,1,0,0,0,1,0,0,0,1,0,0,1,0,0
803,0,4,3.174376537298862,0,0,1,55.692510239020656,0,0,1,0,0,0,1,0,0,0,0,1,0,0,0,0,1,0
804,1,2,42.33351441531975,0,1,3,10.822664676554862,0,0,1,0,0,0,1,0,0,0,0,0,1,0,0,1,0,0
805,1,3,8.456537809723786,0,0,4,93.33103803483387,0,1,1,0,0,0,1,0,0,0,0,0,1,0,1,0,0,0
806,1,4,60.68469555401391,1,1,2,33.35123536628668,0,0,0,1,0,0,0,0,1,0,1,0,0,0,0,0,1,0
807,0,4,88.09730056396575,0,0,1,21.89701271058013,1,1,0,0,0,1,1,0,0,0,0,0,1,0,0,0,0,1
808,1,1,88.29148165187222,0,0,1,49.65498136018313,0,0,0,0,1,0,1,0,0,0,0,0,0,1,0,1,0,0
809,0,3,65.90454101322324,1,1,5,27.699781845471605,0,0,0,0,1,0,1,0,0,0,0,0,0,1,1,0,0,0
810,0,2,21.1231831472931,0,0,3,53.490408638264434,1,0,0,1,0,0,0,1,0,0,1,0,0,0,0,1,0,0
811,0,4,86.29968313588721,1,1,4,34.85091497820855,0,0,0,0,0,1,0,0,1,0,0,1,0,0,0,1,0,0
812,0,4,88.60934353132082,1,1,2,13.206681076904081,0,0,0,0,1,0,0,0,1,0,1,0,0,0,1,0,0,0
813,1,1,19.66535849529587,0,0,1,26.5895242027262,0,0,1,0,0,0,0,0,0,1,0,1,0,0,0,0,1,0
814,1,5,73.74260857706773,1,0,5,43.84398449615252,0,0,0,0,1,0,0,0,1,0,0,1,0,0,0,0,1,0
815,0,2,28.651954892712293,0,0,3,3.0293226479625623,1,0,1,0,0,0,0,1,0,0,0,1,0,0,0,1,0,0
816,0,3,80.26403123529296,1,0,3,77.06425270147619,1,0,0,1,0,0,0,0,1,0,0,1,0,0,1,0,0,0
817,0,4,99.72378999036027,0,0,2,62.18245645904158,0,1,1,0,0,0,0,1,0,0,0,1,0,0,0,0,1,0
818,1,4,3.0026005329392813,1,1,1,60.135960727835425,1,0,0,0,1,0,0,1,0,0,1,0,0,0,0,1,0,0
819,0,2,89.73658657909318,0,0,2,54.604993188276595,0,0,0,0,1,0,0,0,1,0,0,1,0,0,0,0,0,1
820,0,5,62.26305335986581,1,1,2,59.03131723250685,0,0,0,0,1,0,0,0,0,1,0,0,1,0,1,0,0,0
821,1,4,97.33826191648211,1,0,5,93.46519527072206,0,0,0,1,0,0,1,0,0,0,0,0,1,0,0,0,0,1
822,1,2,46.50095175264276,1,0,3,0.8569210810740691,1,1,0,1,0,0,1,0,0,0,0,1,0,0,0,0,0,1
823,0,1,84.73879305713737,0,0,4,4.779970965774927,1,0,0,0,0,1,0,0,1,0,0,0,1,0,0,1,0,0
824,1,5,6.239406859827723,0,1,3,19.149340993080234,1,1,0,0,1,0,0,0,1,0,0,0,0,1,1,0,0,0
825,1,3,33.527905007829574,1,0,3,16.73013799931501,1,0,1,0,0,0,0,1,0,0,1,0,0,0,0,0,1,0
826,0,4,6.701653775120997,0,1,5,18.119445946918265,1,0,0,1,0,0,0,0,1,0,1,0,0,0,0,0,1,0
827,1,2,97.53431334790706,1,1,4,67.19438858486501,1,0,0,0,1,0,0,1,0,0,0,1,0,0,0,1,0,0
828,0,1,81.69739072718367,0,1,1,45.94833010501653,0,1,0,0,1,0,0,0,0,1,0,1,0,0,0,0,1,0
829,1,3,85.25474212459704,1,0,4,99.17788783346931,1,1,0,1,0,0,0,0,1,0,0,0,0,1,0,0,1,0
830,0,2,93.79652314338942,0,1,1,22.688591480294484,0,0,0,0,0,1,1,0,0,0,0,1,0,0,0,0,0,1
831,0,2,8.510348611978536,1,0,4,31.083010102749466,0,1,0,1,0,0,1,0,0,0,0,0,1,0,0,0,0,1
832,0,3,38.55975925133334,1,1,2,98.4240716801649,1,0,0,1,0,0,0,0,1,0,0,0,0,1,1,0,0,0
833,1,1,7.103488904400212,1,0,4,83.1758140802247,0,1,1,0,0,0,0,1,0,0,0,0,1,0,0,0,0,1
834,0,1,21.07931015500286,1,1,5,46.97992206785327,0,0,1,0,0,0,1,0,0,0,1,0,0,0,0,0,1,0
835,1,5,22.936577703767234,0,0,1,55.459688554598976,0,0,0,0,0,1,0,1,0,0,0,0,1,0,1,0,0,0
836,0,4,46.91072110475787,1,0,3,84.31779206528405,1,0,0,0,1,0,0,0,1,0,1,0,0,0,1,0,0,0
837,0,3,26.856216745364257,0,0,5,48.098024604632805,1,1,0,1,0,0,0,0,1,0,0,0,1,0,0,1,0,0
838,1,3,10.09781068177611,0,1,1,20.60237235820843,0,1,0,0,0,1,1,0,0,0,1,0,0,0,0,0,0,1
839,0,3,16.749108909410772,1,1,1,82.84445385543854,1,1,1,0,0,0,0,0,1,0,0,1,0,0,1,0,0,0
840,0,1,14.727556355209092,0,0,3,53.77724912756434,0,1,0,1,0,0,0,0,0,1,0,0,1,0,0,0,1,0
841,1,4,97.30767979122983,0,1,2,15.304259716382129,1,0,0,0,1,0,0,0,0,1,1,0,0,0,1,0,0,0
842,0,5,75.92925069184736,0,1,5,50.558583118439756,0,1,1,0,0,0,1,0,0,0,0,0,1,0,1,0,0,0
843,0,2,96.7761465269562,1,1,3,41.32033805968588,0,1,1,0,0,0,0,0,0,1,0,0,0,1,0,1,0,0
844,0,2,43.974048650790856,0,1,3,87.6842531881758,1,0,1,0,0,0,0,1,0,0,0,1,0,0,0,0,1,0
845,0,3,27.83684816626566,0,1,2,12.605543136070342,1,0,0,0,0,1,1,0,0,0,1,0,0,0,0,0,1,0
846,1,4,79.82931972091866,1,1,5,87.52098044480256,1,0,0,0,1,0,1,0,0,0,0,0,0,1,0,0,0,1
847,1,1,32.62539180411468,1,1,3,51.22110168102847,1,1,0,1,0,0,0,1,0,0,0,0,1,0,0,0,1,0
848,0,4,29.93833737053483,0,0,2,40.436442998114764,1,1,0,0,0,1,0,0,0,1,0,0,0,1,1,0,0,0
849,1,4,23.25059922078312,1,0,5,16.196718440294035,0,1,0,0,0,1,0,0,0,1,0,0,1,0,0,0,1,0
850,0,1,12.967897822423534,0,1,4,70.08179626386793,0,1,0,0,0,1,0,0,0,1,0,1,0,0,0,0,1,0
851,1,3,25.646306101676597,0,0,1,92.68067091100404,0,1,1,0,0,0,1,0,0,0,0,0,0,1,1,0,0,0
852,0,4,35.53197484738877,0,0,2,37.53773538993198,1,1,0,0,1,0,1,0,0,0,0,1,0,0,0,1,0,0
853,0,2,67.39942081457303,1,0,1,24.158500067083345,1,1,0,0,0,1,0,0,0,1,1,0,0,0,0,0,0,1
854,0,1,6.256484221945158,0,1,4,55.4866916999157,0,0,0,1,0,0,0,0,1,0,0,0,1,0,0,0,0,1
855,0,5,21.050693966534297,1,1,3,79.61859484338703,0,0,0,0,1,0,0,0,0,1,0,0,1,0,0,1,0,0
856,0,3,80.90236402916764,1,1,3,0.37676945505330517,0,0,0,1,0,0,0,1,0,0,0,1,0,0,1,0,0,0
857,0,1,14.692192358377076,0,1,5,63.13774363954292,0,1,0,0,1,0,1,0,0,0,0,1,0,0,0,0,0,1
858,1,5,34.26451465225215,1,1,2,59.651600069863086,1,0,0,1,0,0,0,1,0,0,1,0,0,0,0,1,0,0
859,0,5,86.46589218581401,1,0,2,31.815218580416005,0,0,1,0,0,0,0,1,0,0,0,0,0,1,0,1,0,0
860,1,4,15.492531114344265,1,1,5,45.14230036049703,1,0,0,0,0,1,1,0,0,0,0,0,1,0,0,1,0,0
861,0,4,8.27368356181899,1,0,1,24.696322416182092,0,0,0,1,0,0,0,0,1,0,0,0,1,0,0,0,0,1
862,1,4,48.45379950800108,1,1,3,78.98857379518428,1,0,0,0,1,0,0,0,0,1,1,0,0,0,0,0,0,1
863,1,1,30.24195112785364,0,0,3,63.45349333661077,1,0,0,0,0,1,0,1,0,0,1,0,0,0,0,0,0,1
864,1,1,56.34083644838541,1,1,2,53.27116220389853,1,0,0,0,0,1,1,0,0,0,0,1,0,0,0,0,0,1
865,0,3,80.38048904834751,0,1,2,39.25261984178272,1,0,0,0,1,0,0,1,0,0,0,1,0,0,0,0,1,0
866,0,4,13.714848815274316,0,1,5,29.138438602073215,0,0,0,1,0,0,0,0,0,1,0,0,0,1,0,1,0,0
867,1,5,58.0699084554285,0,1,4,82.27364860434314,0,0,1,0,0,0,0,0,1,0,1,0,0,0,0,0,1,0
868,0,2,50.550876038986395,0,1,1,45.1407670433569,0,0,1,0,0,0,0,0,1,0,0,0,0,1,0,1,0,0
869,1,3,14.407878601319958,0,1,4,50.144741984167275,1,0,0,1,0,0,0,0,1,0,1,0,0,0,0,0,0,1
870,0,1,62.39984855289824,0,0,4,52.08287305407416,0,0,0,0,0,1,1,0,0,0,0,0,1,0,0,0,0,1
871,1,3,27.364041786077166,1,1,2,44.836693543157644,0,0,0,0,0,1,1,0,0,0,1,0,0,0,0,0,1,0
872,1,3,48.78343185440125,1,0,2,25.608842623842378,0,1,0,0,0,1,0,0,1,0,1,0,0,0,1,0,0,0
873,0,3,8.227232427706188,1,1,2,12.034044024305201,1,0,0,0,0,1,0,0,0,1,0,0,1,0,0,0,0,1
874,1,3,45.958405721362304,0,0,4,9.85372671677407,1,0,0,1,0,0,0,0,0,1,1,0,0,0,1,0,0,0
875,0,2,30.646346804282032,1,0,1,75.74625233406887,1,0,0,0,0,1,1,0,0,0,0,0,0,1,0,1,0,0
876,1,4,82.23812111853543,1,0,2,22.352782230151135,0,0,0,0,1,0,0,0,1,0,0,1,0,0,0,0,1,0
877,1,5,5.697872699736828,1,0,3,5.567281495397558,0,0,0,0,0,1,0,0,0,1,0,1,0,0,1,0,0,0
878,0,3,41.860727491832996,0,0,1,79.7517406695886,0,0,1,0,0,0,0,0,0,1,0,0,0,1,1,0,0,0
879,0,3,45.8431424131438,1,0,3,15.406165286064798,1,0,0,0,0,1,0,0,0,1,0,0,1,0,0,0,0,1
880,0,3,72.50060762991187,0,1,1,62.5146091733354,0,0,0,1,0,0,1,0,0,0,1,0,0,0,1,0,0,0
881,1,4,57.428757509021096,1,0,2,33.86432714478632,1,0,1,0,0,0,0,0,1,0,0,0,0,1,1,0,0,0
882,0,1,66.72123371941811,0,1,5,12.648025669130947,1,1,0,1,0,0,0,1,0,0,0,1,0,0,0,1,0,0
883,1,1,77.7049285651756,0,1,2,41.44809792543599,1,0,0,1,0,0,0,0,1,0,0,1,0,0,0,0,1,0
884,1,2,86.22029736581888,0,0,4,1.480886113262514,1,1,1,0,0,0,0,0,1,0,0,0,0,1,0,0,0,1
885,0,1,31.38754967224705,1,0,4,84.10449825125603,0,0,0,1,0,0,1,0,0,0,0,1,0,0,0,0,0,1
886,0,3,53.802270536390296,1,1,1,51.34979613418572,0,0,0,1,0,0,0,0,0,1,0,0,0,1,1,0,0,0
887,1,3,84.01080784391999,0,0,4,13.916001090796183,1,0,0,0,0,1,0,0,0,1,0,1,0,0,0,1,0,0
888,1,3,98.94511309650565,1,0,2,23.69803183889847,0,1,0,0,1,0,1,0,0,0,0,0,0,1,1,0,0,0
889,0,2,88.95193110437631,0,0,3,44.79751921385267,1,0,0,1,0,0,1,0,0,0,1,0,0,0,1,0,0,0
890,0,3,37.14672626243768,0,0,2,18.886938281554865,0,0,0,1,0,0,1,0,0,0,1,0,0,0,0,0,0,1
891,0,1,19.516651721865042,1,0,1,26.85991615010859,0,0,0,1,0,0,1,0,0,0,1,0,0,0,1,0,0,0
892,0,4,48.93925374065887,1,0,4,53.438556423526315,1,0,0,0,0,1,1,0,0,0,1,0,0,0,1,0,0,0
893,0,4,74.16414518360422,1,0,3,83.26090130383855,1,1,0,0,1,0,0,1,0,0,0,1,0,0,0,1,0,0
894,1,5,49.25690707532976,0,1,5,40.18396856899208,1,0,1,0,0,0,0,0,1,0,0,0,1,0,0,0,0,1
895,1,1,48.31808633136685,0,0,3,71.69752735535482,1,0,0,0,0,1,0,0,1,0,0,0,0,1,0,0,1,0
896,1,3,83.82304210818006,1,1,3,87.66842134606485,0,0,0,0,0,1,0,0,1,0,0,0,1,0,0,1,0,0
897,1,4,36.14037790671863,0,1,2,21.6300940296162,1,0,0,0,1,0,0,0,0,1,0,1,0,0,0,1,0,0
898,0,1,85.97946748116456,1,1,5,80.719197040216,0,0,0,0,1,0,0,1,0,0,0,1,0,0,0,1,0,0
899,0,4,40.680480095172356,0,1,1,75.74021983310274,1,0,0,0,0,1,0,0,1,0,0,0,1,0,0,0,0,1
900,0,3,32.82331056783394,1,0,1,35.6937297948135,0,0,1,0,0,0,0,0,0,1,0,0,1,0,1,0,0,0
901,1,4,45.3989911199699,1,1,3,98.95199595008671,1,1,0,0,0,1,0,1,0,0,0,1,0,0,0,0,1,0
902,1,5,76.24469586748684,0,1,3,26.257237143595702,0,0,0,0,1,0,0,1,0,0,0,1,0,0,0,0,0,1
903,0,5,12.600202786399429,1,1,4,25.480326603169555,0,1,1,0,0,0,0,0,0,1,0,0,0,1,1,0,0,0
904,0,4,19.64192158720174,1,1,5,77.22591646531978,0,0,0,0,1,0,0,1,0,0,1,0,0,0,0,1,0,0
905,1,1,95.1444825663092,0,1,3,43.46573180510842,1,0,1,0,0,0,0,0,0,1,1,0,0,0,0,0,0,1
906,1,1,17.54916273813574,1,0,4,33.079499478104324,1,0,0,1,0,0,0,0,1,0,0,0,0,1,1,0,0,0
907,0,1,56.77273179310546,0,0,5,17.866280533910295,1,1,0,0,1,0,0,0,0,1,0,0,1,0,0,0,1,0
908,0,4,57.931446666193786,1,1,1,76.5332430934544,1,0,0,0,1,0,0,1,0,0,0,1,0,0,0,0,1,0
909,1,1,48.96244620502448,0,0,4,78.6321806136077,0,0,0,0,0,1,0,0,1,0,0,0,1,0,1,0,0,0
910,0,3,64.47452485768186,1,0,5,56.65640032301405,0,0,0,0,1,0,0,0,1,0,1,0,0,0,0,0,0,1
911,0,5,22.982672579761843,1,1,4,95.73136131913729,0,1,0,0,1,0,1,0,0,0,1,0,0,0,0,1,0,0
912,0,3,55.266226777674824,1,1,3,31.816327042265424,1,0,0,1,0,0,1,0,0,0,0,0,1,0,1,0,0,0
913,1,1,37.21732552468971,1,1,2,21.96190454793372,0,0,0,0,1,0,0,1,0,0,1,0,0,0,0,1,0,0
914,1,3,66.1667259629189,0,0,1,67.74667689344619,0,0,0,1,0,0,0,0,0,1,0,1,0,0,0,0,1,0
915,1,1,14.122354337314945,0,1,3,75.84086407997047,1,1,0,1,0,0,0,0,0,1,0,0,0,1,1,0,0,0
916,1,4,57.08774168394763,0,0,3,22.49059705518224,1,1,0,1,0,0,0,1,0,0,0,0,1,0,0,0,1,0
917,1,3,18.52703553833237,0,0,5,7.661076426111324,0,0,0,1,0,0,0,0,1,0,0,1,0,0,0,1,0,0
918,1,4,27.86430631150364,0,0,4,81.0516486586372,1,0,1,0,0,0,0,1,0,0,0,1,0,0,0,1,0,0
919,1,4,21.87098003235832,0,1,1,97.65019736460124,1,1,0,0,0,1,0,1,0,0,1,0,0,0,1,0,0,0
920,0,2,18.28377798688171,0,0,3,64.46722860722844,1,1,1,0,0,0,0,0,1,0,0,1,0,0,1,0,0,0
921,0,1,82.5710951560667,1,1,5,27.786690014389414,1,0,0,0,1,0,0,0,0,1,0,0,1,0,1,0,0,0
922,0,5,28.570756766089033,1,1,1,99.66726085527921,0,1,1,0,0,0,0,1,0,0,0,1,0,0,0,0,1,0
923,0,1,92.71237818644494,1,1,4,89.32666362670774,0,0,1,0,0,0,0,0,0,1,0,0,0,1,0,1,0,0
924,0,5,96.99265253451908,1,1,3,51.338064628029386,0,0,0,0,1,0,0,1,0,0,0,1,0,0,0,1,0,0
925,0,1,57.126046993709735,0,1,3,82.53212848418337,0,1,0,0,1,0,0,0,1,0,0,1,0,0,0,0,1,0
926,0,4,14.30011226657264,0,0,3,81.58205232629669,0,0,0,0,1,0,0,0,1,0,0,0,0,1,1,0,0,0
927,1,3,37.45482433795813,0,0,1,93.47989696734996,1,1,1,0,0,0,1,0,0,0,0,1,0,0,0,0,0,1
928,1,3,79.7732263348214,1,0,1,84.09238437734601,0,0,1,0,0,0,0,0,1,0,0,1,0,0,1,0,0,0
929,0,2,36.739072869707044,0,0,1,64.36792359571645,0,0,0,0,1,0,1,0,0,0,1,0,0,0,0,0,0,1
930,0,5,8.701721830278874,1,0,1,60.93037189565074,1,1,0,0,0,1,0,1,0,0,0,0,1,0,0,0,0,1
931,1,5,55.678491092818795,0,1,5,46.735728833161176,1,0,0,0,0,1,0,0,0,1,1,0,0,0,0,0,1,0
932,0,5,84.51208514960348,0,1,2,62.64856399707573,1,0,0,1,0,0,0,0,1,0,0,0,1,0,0,1,0,0
933,0,4,79.59263871435024,0,0,5,79.52165865303827,0,1,0,0,1,0,0,0,1,0,0,0,0,1,0,1,0,0
934,1,5,17.512314013035322,0,0,3,96.90376263025533,1,0,0,1,0,0,0,0,1,0,0,0,0,1,0,1,0,0
935,0,3,67.27646144124667,1,0,5,46.72873581821201,1,0,0,0,0,1,0,1,0,0,0,0,0,1,0,1,0,0
936,1,4,22.05042634356471,1,1,4,57.36532029887571,1,1,0,1,0,0,1,0,0,0,0,0,1,0,0,0,1,0
937,0,1,21.820753455217222,0,1,1,44.48054950587817,0,0,0,0,1,0,0,1,0,0,0,0,1,0,0,0,0,1
938,1,5,87.40717733051852,1,1,4,66.8488620983404,1,1,0,0,1,0,0,0,0,1,0,0,1,0,0,1,0,0
939,1,5,24.966895274023017,0,0,4,62.992050406125955,1,1,0,0,1,0,0,1,0,0,0,0,0,1,0,0,0,1
940,1,1,26.32473465180112,0,0,3,1.78337901936233,0,0,1,0,0,0,0,0,0,1,0,0,1,0,0,0,1,0
941,0,5,0.06533907612995549,0,0,1,54.11615591006584,1,0,0,1,0,0,0,0,1,0,0,1,0,0,1,0,0,0
942,1,1,87.06690341255177,0,0,4,8.848689569901403,0,1,0,0,0,1,0,0,0,1,1,0,0,0,0,0,1,0
943,0,4,79.25948132091347,1,1,3,2.6383618005538345,0,0,0,0,0,1,0,0,0,1,0,0,0,1,0,1,0,0
944,0,3,62.7328935090678,0,0,1,79.11971620846982,1,0,0,0,0,1,1,0,0,0,1,0,0,0,1,0,0,0
945,0,1,75.02657639388423,0,0,2,25.864986215930053,0,0,1,0,0,0,0,0,0,1,0,1,0,0,0,0,1,0
946,0,2,15.20485674244918,1,0,3,34.065507728729926,1,0,1,0,0,0,0,0,0,1,0,0,1,0,0,0,1,0
947,1,1,45.832359458757544,0,1,5,6.408458760406621,1,0,0,0,1,0,0,1,0,0,1,0,0,0,0,0,0,1
948,1,5,35.121938734878086,1,1,1,17.950026049435063,1,1,0,0,0,1,0,0,1,0,0,1,0,0,0,0,1,0
949,0,4,9.37765262570165,0,0,4,76.56048182577923,1,1,1,0,0,0,0,1,0,0,0,1,0,0,1,0,0,0
950,0,4,48.61304852149241,0,1,4,49.35308302326209,0,0,0,0,1,0,0,1,0,0,1,0,0,0,0,0,1,0
951,1,1,92.07396503426354,0,1,5,88.06684625501484,1,0,0,0,0,1,0,0,1,0,0,0,0,1,0,1,0,0
952,0,3,4.005911905069448,0,1,5,39.72421314668352,1,0,0,1,0,0,0,0,1,0,1,0,0,0,0,0,0,1
953,1,2,29.14609134937939,0,1,4,26.870073575426822,1,0,0,0,1,0,0,0,0,1,0,0,0,1,1,0,0,0
954,0,4,20.754093620570345,0,1,1,34.759981445865094,0,1,1,0,0,0,0,0,0,1,0,0,1,0,1,0,0,0
955,0,5,23.81466536656963,1,0,3,71.27717935169045,0,1,1,0,0,0,1,0,0,0,0,0,0,1,0,0,1,0
956,1,5,90.84345518793752,0,0,5,55.500567233448606,1,1,0,0,1,0,0,1,0,0,0,0,1,0,0,1,0,0
957,0,3,46.806905423429015,1,0,5,90.41912075524279,0,0,0,0,1,0,0,0,1,0,1,0,0,0,0,0,0,1
958,1,4,46.62994129398188,1,1,5,60.21687693888833,0,0,1,0,0,0,0,0,0,1,0,0,1,0,1,0,0,0
959,0,1,76.05756424552823,0,1,2,49.301820848150314,1,0,0,1,0,0,0,0,1,0,0,1,0,0,0,0,0,1
960,0,5,15.44922040049258,1,1,1,78.57527238867328,1,0,0,0,0,1,0,0,0,1,0,0,1,0,0,0,1,0
961,0,3,48.72653541000508,0,1,1,94.75338507334452,1,0,0,1,0,0,1,0,0,0,0,0,0,1,0,1,0,0
962,1,4,42.99852141210597,1,0,1,35.58459112449705,1,1,0,0,1,0,1,0,0,0,0,0,0,1,0,0,1,0
963,0,4,59.69106905466561,0,0,1,24.987621016547767,1,1,0,1,0,0,0,0,1,0,0,0,0,1,0,0,0,1
964,0,4,99.95577032504386,1,0,1,61.621739629413916,0,1,1,0,0,0,1,0,0,0,0,0,1,0,0,0,1,0
965,0,4,76.9448894082047,1,0,4,49.887282115388096,1,1,0,0,1,0,0,0,1,0,0,0,0,1,0,0,0,1
966,0,4,39.78657030174272,0,0,5,98.91855748647835,1,0,0,0,0,1,0,0,0,1,0,0,0,1,1,0,0,0
967,1,5,82.75530522740469,1,0,4,46.236178414773335,1,0,1,0,0,0,0,1,0,0,0,1,0,0,1,0,0,0
968,1,3,17.070836331248017,0,1,2,7.4331551360345856,1,0,1,0,0,0,1,0,0,0,0,0,1,0,0,0,1,0
969,0,4,3.0463686308960125,0,1,3,97.73690607776359,1,0,0,0,0,1,0,0,0,1,0,1,0,0,1,0,0,0
970,1,2,20.444837246427305,0,0,5,84.358694559354,0,0,0,0,0,1,0,1,0,0,0,0,0,1,0,0,0,1
971,0,2,34.041155611425964,0,1,2,17.825014395796334,1,1,0,1,0,0,0,1,0,0,0,0,0,1,1,0,0,0
972,0,3,51.05807574595599,0,0,4,90.46052531128693,0,0,0,0,1,0,0,1,0,0,0,0,0,1,0,1,0,0
973,0,1,61.51291405411998,1,0,3,34.06668208217446,1,0,0,0,0,1,0,0,0,1,0,0,1,0,0,1,0,0
974,1,1,91.06057172144217,1,1,2,37.71119845344445,1,0,0,0,0,1,0,0,0,1,1,0,0,0,0,0,1,0
975,1,1,50.98540095504577,1,0,3,90.63914823621593,1,0,0,0,1,0,0,0,1,0,0,0,0,1,0,0,1,0
976,1,2,50.127564462572934,0,0,2,53.01155650353153,0,0,0,0,0,1,0,1,0,0,0,0,0,1,0,0,1,0
977,1,1,5.024300982298213,1,0,4,13.776292939851963,1,0,0,0,0,1,0,1,0,0,0,0,0,1,0,0,1,0
978,1,5,3.491155265622381,1,1,3,36.9056159341804,1,0,0,1,0,0,0,1,0,0,0,0,0,1,0,0,0,1
979,1,4,55.11599619163721,1,1,2,72.20974462678808,1,1,1,0,0,0,0,0,1,0,0,0,1,0,0,0,0,1
980,1,2,43.81786132483445,1,1,4,17.41841880680167,1,0,1,0,0,0,0,1,0,0,1,0,0,0,0,1,0,0
981,1,3,83.91803949802986,1,1,5,59.02311974063588,1,0,1,0,0,0,0,0,0,1,1,0,0,0,0,0,0,1
982,1,3,16.067958471184518,0,0,4,69.52741329444169,1,0,1,0,0,0,0,1,0,0,1,0,0,0,1,0,0,0
983,0,4,2.49716621170496,0,1,4,34.385357554257936,1,1,0,0,0,1,1,0,0,0,0,0,0,1,0,1,0,0
984,1,2,44.903876793012586,1,1,5,69.38806887083223,0,0,0,0,1,0,0,0,0,1,0,0,0,1,0,0,1,0
985,1,1,23.74785567522575,0,1,4,88.42073518293186,1,1,0,0,1,0,0,0,1,0,1,0,0,0,0,0,1,0
986,1,1,4.961437333883745,0,0,5,47.21167442332409,1,1,0,1,0,0,0,1,0,0,1,0,0,0,0,0,0,1
987,1,5,72.4598286847629,1,1,5,38.290932817978565,1,1,0,1,0,0,1,0,0,0,0,0,0,1,0,1,0,0
988,1,5,11.159299995724748,1,1,5,25.11584013582857,0,0,0,0,0,1,0,0,1,0,0,0,0,1,0,0,0,1
989,1,1,60.83195000077717,0,0,2,60.42054798633042,0,0,0,0,1,0,0,0,1,0,0,1,0,0,0,0,0,1
990,1,3,28.104975016688915,1,0,3,87.9852048038716,1,0,0,0,1,0,0,0,0,1,0,1,0,0,0,0,0,1
991,1,3,17.3496050355022,0,0,2,32.466126718519405,0,0,1,0,0,0,0,0,1,0,0,1,0,0,0,1,0,0
992,1,5,37.97515229193175,0,0,5,39.62355245373035,1,0,0,0,0,1,0,0,1,0,1,0,0,0,0,0,1,0
993,1,4,80.14457762229537,1,1,3,40.66255175499839,1,1,0,0,0,1,0,0,1,0,0,0,1,0,1,0,0,0
994,1,1,39.20935769045727,0,0,3,56.08123417775172,0,1,1,0,0,0,0,0,1,0,0,0,0,1,0,0,1,0
995,0,5,75.07696492110557,0,1,5,22.840896156743863,1,0,0,0,0,1,0,1,0,0,0,1,0,0,0,1,0,0
996,0,5,12.548629679915068,0,1,3,82.22111553077043,0,0,0,0,0,1,0,1,0,0,0,0,1,0,0,0,1,0
997,1,1,77.27714196650791,1,1,3,29.56022775042213,0,1,0,1,0,0,0,1,0,0,0,0,0,1,0,0,1,0
998,1,1,23.693332490664865,1,1,2,70.5362690896682,0,0,0,0,1,0,0,1,0,0,0,0,1,0,1,0,0,0
999,0,3,67.73931298888728,1,1,3,51.3215741779552,1,0,0,0,0,1,1,0,0,0,1,0,0,0,0,0,1,0
1000,1,4,56.57815548409963,1,0,5,58.589760335275685,1,0,0,1,0,0,0,1,0,0,1,0,0,0,0,0,1,0
1001,0,4,92.91447172116874,0,1,1,17.96087388273029,1,1,0,0,1,0,0,0,1,0,1,0,0,0,0,0,1,0
1002,0,1,38.732251797531404,1,1,1,73.50231981781705,1,0,1,0,0,0,0,1,0,0,0,1,0,0,0,0,0,1
1003,0,2,6.616518883444044,1,1,1,18.86205190426311,1,1,0,1,0,0,0,1,0,0,0,0,0,1,0,1,0,0
1004,0,5,1.9155485551252904,1,0,5,11.347363762743912,1,0,0,1,0,0,0,0,0,1,1,0,0,0,0,1,0,0
1005,0,5,82.6858560972753,1,1,1,54.667949988878696,1,0,0,0,1,0,0,0,1,0,0,1,0,0,1,0,0,0
1006,1,1,52.473563766143215,0,1,2,70.92971369176652,0,0,1,0,0,0,0,1,0,0,0,1,0,0,0,0,0,1
1007,0,2,77.52440518349492,0,0,5,5.0035836434756735,1,0,0,1,0,0,0,1,0,0,0,1,0,0,0,0,0,1
1008,1,3,23.44256000115147,0,1,5,6.939531494054208,1,0,0,0,0,1,0,1,0,0,0,1,0,0,0,0,1,0
1009,1,1,34.50837455132337,1,1,5,80.2679162705919,1,0,0,0,0,1,1,0,0,0,1,0,0,0,0,1,0,0
1010,0,1,3.010387221131894,1,0,3,80.9032699507332,0,1,0,0,0,1,0,1,0,0,0,1,0,0,1,0,0,0
1011,0,5,96.14923245741122,0,1,3,24.53047170590812,0,0,1,0,0,0,0,0,0,1,1,0,0,0,0,0,0,1
1012,1,1,66.78679067008134,1,1,3,61.522820280020355,0,1,0,1,0,0,0,0,1,0,1,0,0,0,0,0,1,0
1013,0,1,93.32050877593062,1,1,4,44.318007514465954,1,1,0,0,0,1,0,0,1,0,0,1,0,0,1,0,0,0
1014,0,1,26.549640742907233,0,1,2,63.2696041403513,0,1,1,0,0,0,0,1,0,0,1,0,0,0,0,0,0,1
1015,1,5,61.146361122566084,0,1,5,86.28792840992251,0,1,0,0,0,1,0,1,0,0,0,0,0,1,1,0,0,0
1016,1,3,67.84999682926379,1,0,5,7.98564245822565,1,0,0,0,1,0,0,1,0,0,0,0,0,1,0,0,0,1
1017,0,3,31.754970025758844,1,0,3,77.79844259884543,1,0,0,1,0,0,0,0,1,0,0,0,1,0,1,0,0,0
1018,1,1,84.81092350156301,1,0,5,49.30291045210393,1,1,0,1,0,0,0,0,1,0,0,0,0,1,0,0,0,1
1019,0,5,94.71614629002478,0,1,5,56.412694376199646,0,1,1,0,0,0,1,0,0,0,1,0,0,0,0,0,0,1
1020,0,3,88.48551176960044,0,1,1,65.39313600171202,1,1,1,0,0,0,0,0,0,1,1,0,0,0,1,0,0,0
1021,0,3,73.90669759393725,0,1,5,92.26231491291074,1,0,0,1,0,0,1,0,0,0,0,0,0,1,0,0,0,1
1022,1,3,27.746467972495402,0,0,4,5.671995355173786,1,0,0,0,0,1,0,0,0,1,0,1,0,0,0,0,0,1
1023,1,5,28.161604210563173,1,1,3,2.947635212444766,1,0,0,0,0,1,1,0,0,0,0,1,0,0,0,0,0,1
1024,1,5,96.3360320446038,0,1,2,17.826178148877347,1,1,0,0,1,0,0,0,1,0,1,0,0,0,1,0,0,0
1025,1,1,1.0284495935692028,0,1,2,98.64477260267364,1,0,0,0,0,1,1,0,0,0,0,1,0,0,1,0,0,0
1026,1,4,71.60499732421445,1,0,1,71.50763673777757,0,0,1,0,0,0,0,0,0,1,0,0,1,0,0,0,0,1
1027,0,3,70.62461625552622,1,0,2,61.46411190545019,1,0,1,0,0,0,0,1,0,0,0,0,1,0,0,0,0,1
1028,0,4,62.26895409497975,1,1,2,4.7039053414747904,0,0,0,0,0,1,0,0,0,1,0,0,0,1,1,0,0,0
1029,0,5,99.01088460868658,0,1,3,87.91102238929648,0,0,1,0,0,0,0,1,0,0,0,0,0,1,0,0,1,0
1030,0,5,31.187943576372522,1,1,3,81.27568532971596,1,1,0,1,0,0,0,0,1,0,0,1,0,0,0,0,0,1
1031,1,5,33.997186379324816,1,0,4,66.48000438670849,0,1,0,1,0,0,0,0,0,1,1,0,0,0,0,0,1,0
1032,0,4,7.893940294655555,0,0,1,33.91308154847027,0,0,0,0,0,1,1,0,0,0,0,0,0,1,1,0,0,0
1033,1,5,44.27981365437375,0,0,2,7.050495556825731,0,0,0,1,0,0,0,0,0,1,0,0,1,0,0,0,0,1
1034,0,1,26.10485262348481,1,1,4,58.00384879009225,1,1,0,1,0,0,0,1,0,0,0,0,0,1,0,0,1,0
1035,1,5,34.338670217764424,0,0,1,71.96945714608376,0,0,0,0,1,0,0,0,1,0,0,0,0,1,1,0,0,0
1036,1,2,83.45717902556277,1,1,2,9.424035047724743,0,1,0,0,1,0,1,0,0,0,0,0,1,0,0,0,1,0
1037,0,4,93.54845135274957,1,1,2,63.376765979849594,0,0,0,1,0,0,0,0,0,1,1,0,0,0,0,1,0,0
1038,0,2,18.573307200518563,0,0,3,28.636606788715856,0,0,0,0,0,1,0,1,0,0,0,0,0,1,1,0,0,0
1039,0,5,37.25089315534659,1,1,5,76.42442212198117,1,0,0,0,1,0,1,0,0,0,0,0,0,1,0,1,0,0
1040,0,1,92.8630562115394,0,0,1,53.9615850601837,1,1,1,0,0,0,0,0,1,0,0,0,0,1,1,0,0,0
1041,1,3,6.180846068922263,0,1,2,12.90367878104367,0,0,1,0,0,0,1,0,0,0,0,1,0,0,1,0,0,0
1042,0,5,9.236052811137851,0,1,1,52.6519447733236,1,0,1,0,0,0,0,0,1,0,0,0,0,1,0,0,0,1
1043,0,1,16.279098920622936,1,0,4,39.57368633667186,1,0,0,0,0,1,1,0,0,0,0,0,1,0,0,1,0,0
1044,1,4,59.521283412687474,0,1,4,18.03559682816519,0,0,0,1,0,0,0,0,0,1,1,0,0,0,0,1,0,0
1045,0,2,15.047227100599747,0,1,5,84.15157240621231,1,0,1,0,0,0,0,1,0,0,1,0,0,0,0,1,0,0
1046,0,2,96.80763814507335,1,1,2,1.10284484991362,1,0,0,0,0,1,0,0,0,1,0,0,1,0,1,0,0,0
1047,0,2,44.671452725852035,1,1,3,31.212827687810595,0,0,0,0,1,0,0,0,0,1,0,1,0,0,0,1,0,0
1048,0,4,50.15179603501664,1,1,2,1.2595038169426753,0,0,0,1,0,0,0,0,1,0,0,0,1,0,0,1,0,0
1049,0,1,24.66586158054065,1,1,1,9.60069465061527,1,0,0,0,1,0,0,0,1,0,1,0,0,0,0,0,0,1
1050,1,4,47.09602524347335,0,1,4,29.709621917308105,1,0,0,0,0,1,0,0,1,0,0,0,1,0,0,0,1,0
1051,0,2,66.19136326370115,0,1,1,5.427118538937359,1,0,1,0,0,0,0,0,0,1,0,1,0,0,0,0,1,0
1052,0,5,75.11771369540428,0,0,5,59.663053235714116,1,0,1,0,0,0,1,0,0,0,1,0,0,0,0,1,0,0
1053,0,3,75.3868082709913,1,0,4,8.686290798618279,0,0,0,0,0,1,1,0,0,0,0,1,0,0,0,1,0,0
1054,0,4,57.789111269408835,1,1,3,70.17136340660952,0,0,1,0,0,0,0,0,0,1,0,0,1,0,0,1,0,0
1055,0,4,90.43597749938573,0,1,4,5.2642112627161115,0,0,0,1,0,0,0,0,0,1,0,0,0,1,0,1,0,0
1056,1,1,81.74078473061094,1,0,2,5.9308894801096805,0,0,0,0,0,1,0,1,0,0,0,0,1,0,0,0,1,0
1057,0,1,75.70481146986255,1,1,2,30.532589903326635,0,0,0,0,1,0,0,0,1,0,0,1,0,0,0,0,0,1
1058,1,4,5.560552168046062,0,0,4,89.65715249692775,1,0,0,0,0,1,0,0,1,0,0,0,1,0,1,0,0,0
1059,1,2,0.6877962219649314,0,0,5,64.13932487233166,1,0,0,1,0,0,0,0,0,1,0,0,0,1,0,1,0,0
1060,0,3,21.244727719547296,1,0,2,77.01312919289194,0,1,0,1,0,0,0,0,0,1,0,1,0,0,0,1,0,0
1061,0,1,66.35235939134523,1,1,2,14.155210947710605,0,1,0,0,0,1,1,0,0,0,0,0,1,0,0,0,1,0
1062,0,2,41.119748888254584,1,1,3,83.41254332472458,0,0,0,0,0,1,0,0,0,1,0,1,0,0,0,1,0,0
1063,0,5,40.24062592993117,0,1,4,0.8146248194235151,1,0,1,0,0,0,1,0,0,0,0,1,0,0,0,0,0,1
1064,1,1,88.45868882296138,0,0,2,21.305735073300614,1,1,0,1,0,0,0,0,0,1,1,0,0,0,0,0,0,1
1065,0,2,89.55628481318388,0,0,5,61.609232114999344,1,1,0,0,0,1,0,1,0,0,1,0,0,0,0,1,0,0
1066,0,2,90.91752640535857,0,0,1,37.52464085940503,0,0,0,0,0,1,0,1,0,0,0,1,0,0,0,0,1,0
1067,0,3,31.38780765150273,0,1,4,98.41933917185635,0,0,0,1,0,0,1,0,0,0,0,0,1,0,0,1,0,0
1068,0,3,69.10558127392618,1,0,3,3.0339246818318233,0,0,0,0,0,1,0,0,1,0,0,0,1,0,0,1,0,0
1069,0,5,27.163318127436963,1,0,2,99.85981679365432,0,0,1,0,0,0,0,1,0,0,0,0,1,0,0,0,1,0
1070,0,2,19.060983307444978,1,1,5,62.36278328613161,0,0,0,1,0,0,1,0,0,0,0,0,0,1,0,0,0,1
1071,1,2,18.463245734736923,0,0,4,55.870699459609654,1,0,1,0,0,0,0,0,0,1,0,1,0,0,1,0,0,0
1072,1,3,34.2107620863594,0,0,5,5.951244256397437,0,1,1,0,0,0,0,0,0,1,0,1,0,0,0,1,0,0
1073,0,1,42.99576197798217,0,1,5,27.332887666589066,1,0,1,0,0,0,1,0,0,0,0,0,0,1,0,0,0,1
1074,0,1,83.09491710550684,1,1,3,92.46626882915957,1,0,1,0,0,0,0,0,1,0,0,1,0,0,0,1,0,0
1075,0,4,11.98910934727121,0,0,4,35.424600318924426,1,0,0,1,0,0,1,0,0,0,0,1,0,0,1,0,0,0
1076,1,3,73.49258473948942,0,1,2,66.1653200467251,1,0,1,0,0,0,1,0,0,0,0,0,0,1,0,0,1,0
1077,0,4,53.14549141893053,1,0,3,99.94963504187217,1,0,1,0,0,0,0,1,0,0,1,0,0,0,0,0,0,1
1078,1,3,28.794534267599246,0,1,2,26.306971383354117,0,0,0,0,0,1,1,0,0,0,0,1,0,0,1,0,0,0
1079,0,5,49.281958453282456,1,0,1,57.60808790144938,0,0,0,1,0,0,1,0,0,0,0,0,0,1,0,1,0,0
1080,0,2,29.994206977702266,0,1,5,69.64377927022132,0,0,0,1,0,0,0,0,0,1,0,0,1,0,1,0,0,0
1081,0,5,59.608195523830595,0,0,1,16.462724656541518,1,1,0,0,1,0,0,1,0,0,1,0,0,0,0,0,0,1
1082,0,3,43.38439228552442,1,1,5,14.86725636961821,1,0,0,1,0,0,0,0,0,1,0,0,1,0,0,0,1,0
1083,1,2,16.440552907887874,1,1,3,45.63079116581733,1,0,0,1,0,0,0,0,0,1,0,1,0,0,0,1,0,0
1084,1,1,11.658307455569672,1,1,2,38.58125217592894,1,0,0,0,1,0,0,0,1,0,1,0,0,0,0,0,1,0
1085,0,1,54.66956820721302,1,1,2,71.42154368573138,1,0,0,1,0,0,0,0,1,0,0,0,0,1,0,0,1,0
1086,0,4,90.24130332861034,1,1,3,6.950877144858625,1,0,0,1,0,0,0,1,0,0,0,1,0,0,1,0,0,0
1087,1,3,34.395768655768556,1,1,4,97.21666237406905,0,0,0,1,0,0,0,1,0,0,0,0,0,1,1,0,0,0
1088,1,3,73.30001072226231,0,1,1,1.4276981685832357,1,0,0,1,0,0,0,0,1,0,1,0,0,0,0,0,0,1
1089,1,1,65.8661354939767,0,0,1,60.13168243361512,1,0,0,0,1,0,0,0,1,0,0,0,1,0,0,0,0,1
1090,1,5,93.1554914309481,1,0,2,56.26325958673883,0,1,0,1,0,0,0,0,1,0,0,1,0,0,0,0,1,0
1091,0,2,82.09810172991409,0,1,2,13.471573086972576,1,0,0,1,0,0,0,0,1,0,0,1,0,0,0,0,0,1
1092,1,5,56.660525890546296,1,1,2,15.091598271352979,0,0,0,0,1,0,0,0,1,0,0,0,0,1,0,0,1,0
1093,0,5,65.70304982341074,0,0,3,79.26774877946268,0,0,0,0,0,1,0,0,0,1,1,0,0,0,0,1,0,0
1094,1,1,89.83864665840349,1,0,4,88.75624584126831,0,1,1,0,0,0,0,1,0,0,0,0,0,1,0,0,1,0
1095,1,1,39.95187845869348,0,1,1,28.301696588376956,1,0,0,0,0,1,0,0,0,1,1,0,0,0,0,0,0,1
1096,1,1,32.679470585777736,0,0,5,43.796396396256846,0,0,0,0,1,0,0,0,0,1,0,1,0,0,0,0,0,1
1097,1,4,1.081108363519634,0,0,3,35.499504103835356,0,1,1,0,0,0,1,0,0,0,1,0,0,0,0,0,1,0
1098,1,5,82.65510741914642,0,1,1,7.254701298665189,1,0,0,0,1,0,0,0,0,1,0,1,0,0,1,0,0,0
1099,0,3,80.0980700403365,0,1,4,67.32042460158094,0,0,0,0,1,0,0,0,1,0,1,0,0,0,0,0,1,0
1100,0,2,10.445451810015138,1,1,3,82.51929348056902,1,0,0,1,0,0,0,0,1,0,0,0,1,0,0,0,1,0
1101,1,4,57.68573811327003,1,0,1,30.487935739120708,1,1,1,0,0,0,1,0,0,0,1,0,0,0,1,0,0,0
1102,1,3,46.398169816688736,1,1,3,99.01757936307183,0,1,0,1,0,0,1,0,0,0,0,0,1,0,0,1,0,0
1103,0,5,11.870909550911147,0,1,1,7.5851557282354936,1,1,1,0,0,0,1,0,0,0,1,0,0,0,1,0,0,0
1104,1,1,98.05682270607235,1,0,1,66.17907138145209,1,1,0,0,1,0,1,0,0,0,1,0,0,0,0,0,0,1
1105,1,5,21.469588746335543,0,1,4,44.82280145260889,0,1,0,0,1,0,1,0,0,0,0,0,0,1,1,0,0,0
1106,0,2,6.723418009056115,0,0,5,44.66019011066559,0,0,0,0,0,1,0,0,0,1,0,0,0,1,0,0,0,1
1107,1,4,59.48473795019096,0,0,4,45.764561603354025,0,1,1,0,0,0,1,0,0,0,0,1,0,0,0,0,0,1
1108,1,4,73.88666771330327,1,0,1,25.868177380142843,0,0,0,1,0,0,0,0,0,1,0,0,0,1,0,0,1,0
1109,0,2,3.2443446047186963,0,0,3,71.55628273322324,1,0,0,0,0,1,0,1,0,0,1,0,0,0,0,0,1,0
1110,0,3,65.87176387270222,1,0,4,72.15765260850269,0,0,0,0,0,1,1,0,0,0,0,0,0,1,0,1,0,0
1111,0,3,53.22918759514545,1,0,5,28.239711010582702,0,0,0,0,0,1,1,0,0,0,1,0,0,0,0,0,0,1
1112,1,4,10.326500887504842,0,1,1,83.53064608584502,0,1,0,1,0,0,0,0,0,1,0,0,1,0,0,0,1,0
1113,0,4,17.252387694636205,0,1,4,31.684494365033,1,0,0,0,0,1,0,1,0,0,1,0,0,0,0,0,0,1
1114,0,1,56.79742973160805,1,1,4,72.50931239865423,1,0,0,1,0,0,0,0,0,1,0,1,0,0,0,1,0,0
1115,0,3,29.63576135132884,1,0,4,12.099976751206643,1,0,0,0,0,1,0,0,0,1,0,0,1,0,0,0,0,1
1116,0,2,93.8315728651316,1,1,4,16.870164280374567,1,1,0,1,0,0,1,0,0,0,0,1,0,0,0,1,0,0
1117,0,3,81.87402294840508,1,0,3,31.579564450825114,1,0,0,0,1,0,0,0,1,0,0,1,0,0,0,1,0,0
1118,0,1,98.3567206513663,1,1,5,59.38737676678615,0,0,0,0,1,0,0,0,1,0,0,1,0,0,0,1,0,0
1119,1,4,25.967083895041398,1,0,5,64.55114854786993,1,0,0,0,1,0,0,0,0,1,0,0,0,1,0,0,1,0
1120,1,4,96.9723632797977,0,1,1,39.63561719674749,1,0,0,0,1,0,1,0,0,0,0,1,0,0,1,0,0,0
1121,0,1,43.12338697915579,1,0,2,7.783915311051404,1,0,0,0,1,0,0,1,0,0,0,0,1,0,1,0,0,0
1122,0,2,34.751879531375465,1,1,3,37.36346520927243,0,0,0,0,0,1,0,0,1,0,1,0,0,0,0,0,1,0
1123,0,4,5.034952696935324,1,0,1,68.87675159591515,0,1,0,0,0,1,0,1,0,0,0,1,0,0,0,0,0,1
1124,1,5,5.276525785960262,1,1,1,67.0995461130316,1,0,0,0,0,1,0,0,1,0,0,0,1,0,0,0,1,0
1125,1,4,69.20112559466547,0,0,4,16.019641320544274,0,0,0,1,0,0,1,0,0,0,0,1,0,0,0,0,0,1
1126,1,5,45.79289944340279,0,1,2,0.7783970268967155,1,0,0,1,0,0,0,0,0,1,1,0,0,0,0,1,0,0
1127,1,1,22.65216260361057,1,1,2,75.29816172961168,0,0,0,1,0,0,0,1,0,0,0,0,1,0,0,0,1,0
1128,1,1,61.39703063252326,1,1,3,10.63681663852437,0,0,0,1,0,0,0,1,0,0,0,0,1,0,1,0,0,0
1129,1,4,25.285811825011116,1,0,2,8.23491439642855,1,0,0,0,1,0,0,0,0,1,1,0,0,0,0,0,0,1
1130,1,3,57.76317543444226,0,0,1,0.2701216834163467,0,0,0,0,1,0,0,1,0,0,0,0,1,0,0,0,1,0
1131,1,5,35.92087469826903,0,0,2,43.260132595692724,1,1,0,0,1,0,0,0,1,0,1,0,0,0,0,0,1,0
1132,1,2,82.3552226611819,0,0,2,50.32639009008144,1,0,1,0,0,0,0,0,0,1,0,0,1,0,0,0,0,1
1133,0,4,82.06961607667793,0,0,5,63.76640461485906,1,0,0,0,0,1,0,0,1,0,0,0,1,0,0,1,0,0
1134,0,2,47.73503981224013,0,1,1,29.606384071258585,0,0,0,1,0,0,0,0,1,0,1,0,0,0,0,1,0,0
1135,0,4,35.08191093350156,0,0,2,71.042471638678,0,0,0,1,0,0,1,0,0,0,1,0,0,0,0,1,0,0
1136,0,3,36.25597965590946,1,1,2,16.933185740694157,1,0,0,0,1,0,0,0,1,0,0,0,1,0,0,1,0,0
1137,1,3,80.57145256682179,0,1,4,83.19900531103474,1,0,0,1,0,0,1,0,0,0,0,0,1,0,0,0,0,1
1138,1,3,32.8179482797612,0,0,2,57.18483288904456,0,1,0,1,0,0,0,1,0,0,1,0,0,0,1,0,0,0
1139,0,3,20.9059373706846,1,1,2,58.388982337204844,1,0,0,0,0,1,0,1,0,0,0,0,0,1,0,0,1,0
1140,1,1,8.468834187530682,0,0,5,20.977541377910814,0,0,0,0,1,0,1,0,0,0,1,0,0,0,0,0,1,0
1141,0,1,46.66931208844084,1,0,1,7.410874930038824,0,1,0,0,0,1,0,0,1,0,0,0,1,0,0,1,0,0
1142,1,5,48.213209891984185,0,0,3,46.47248030806714,0,0,1,0,0,0,0,0,0,1,0,0,1,0,0,0,0,1
1143,0,2,84.09087104029072,1,1,1,61.56119519223589,1,1,1,0,0,0,0,0,0,1,0,0,1,0,1,0,0,0
1144,1,4,22.123869644606398,1,0,4,9.504645866168559,1,0,1,0,0,0,1,0,0,0,1,0,0,0,1,0,0,0
1145,1,4,38.099127366839994,1,0,1,95.05344745281667,0,0,0,0,1,0,0,1,0,0,0,0,1,0,0,0,1,0
1146,0,1,80.8405738893691,1,0,2,98.04143602328068,1,0,0,1,0,0,0,1,0,0,0,0,0,1,0,1,0,0
1147,1,4,82.36236107489735,1,1,4,54.5456695392492,1,1,0,0,1,0,0,0,0,1,0,1,0,0,0,0,1,0
1148,0,1,38.46110759787682,0,0,1,95.00691552734062,0,1,0,0,1,0,1,0,0,0,0,0,0,1,0,0,1,0
1149,0,5,45.91240232866809,0,1,4,17.944523758085307,0,0,0,1,0,0,0,0,0,1,1,0,0,0,1,0,0,0
1150,0,2,30.328589084928293,1,1,3,2.5420685179524893,1,0,0,0,0,1,0,0,1,0,0,0,1,0,0,0,0,1
1151,0,5,93.2554878419312,1,0,1,3.940953529038993,0,0,1,0,0,0,0,0,1,0,1,0,0,0,1,0,0,0
1152,1,3,11.864376574158031,1,1,2,58.75124794267791,1,0,0,0,0,1,1,0,0,0,0,1,0,0,0,0,1,0
1153,1,3,93.374942300147,0,1,4,6.164188343682353,0,0,1,0,0,0,1,0,0,0,1,0,0,0,0,1,0,0
1154,1,3,68.38664518353433,1,0,5,95.8545606824087,0,0,0,0,1,0,0,0,1,0,0,0,1,0,0,1,0,0
1155,0,5,53.15721526867312,1,0,4,14.193321075939858,1,0,1,0,0,0,0,1,0,0,0,1,0,0,0,0,0,1
1156,1,4,3.2659060784495875,1,0,5,30.472280605297865,1,0,0,0,1,0,1,0,0,0,0,1,0,0,0,0,0,1
1157,0,2,47.55961918220083,1,1,2,82.25178019983484,1,0,0,0,0,1,0,0,1,0,0,0,1,0,0,0,0,1
1158,1,3,40.774810500273226,0,0,3,21.87403231040931,1,1,0,0,1,0,0,0,1,0,0,0,1,0,0,0,1,0
1159,1,3,16.121881197512256,1,1,5,24.29684584545706,1,1,0,0,0,1,0,1,0,0,0,0,1,0,0,0,1,0
1160,1,3,65.6409603500657,1,1,3,64.23089557910183,0,0,0,1,0,0,0,1,0,0,1,0,0,0,0,0,0,1
1161,0,2,97.11509073682858,0,1,4,27.60860884892623,0,1,0,1,0,0,0,1,0,0,0,0,0,1,0,1,0,0
1162,1,3,56.218881106452514,1,1,2,21.74476340077003,1,0,0,1,0,0,0,1,0,0,1,0,0,0,0,1,0,0
1163,1,2,71.47532764439458,1,1,5,25.41777143056575,0,1,0,0,1,0,0,0,0,1,1,0,0,0,0,1,0,0
1164,0,3,6.845045256601678,0,0,4,49.06474993407268,1,0,0,1,0,0,0,1,0,0,0,0,0,1,0,0,1,0
1165,1,5,41.76669958169947,0,0,1,96.6099872731482,0,0,1,0,0,0,0,0,0,1,0,0,1,0,1,0,0,0
1166,0,5,11.635848516449588,0,1,4,83.22379415612284,0,1,0,0,0,1,1,0,0,0,0,0,1,0,0,1,0,0
1167,1,2,61.27958355365104,1,1,3,28.461026456017713,1,0,0,0,0,1,0,0,1,0,0,0,0,1,0,1,0,0
1168,0,5,93.84821582141547,1,0,2,36.33732084980977,1,1,1,0,0,0,0,0,0,1,0,0,0,1,0,1,0,0
1169,0,2,66.17777324716386,0,0,2,46.45122505040774,1,1,0,0,1,0,1,0,0,0,1,0,0,0,0,0,0,1
1170,1,5,7.680304831442153,0,1,4,97.89296470169904,0,1,0,0,1,0,1,0,0,0,0,1,0,0,0,0,1,0
1171,0,5,35.466620498508284,0,1,1,17.23904683357157,1,0,0,0,0,1,0,0,0,1,0,0,0,1,0,0,0,1
1172,0,2,55.066337944085156,1,0,3,35.74831034918829,1,0,0,1,0,0,1,0,0,0,1,0,0,0,0,0,0,1
1173,0,4,40.320775613325225,1,0,4,72.9426093982715,1,0,0,0,1,0,1,0,0,0,0,1,0,0,1,0,0,0
1174,0,5,83.36440104751723,0,1,4,96.39437342689433,1,1,0,0,1,0,0,0,0,1,0,0,1,0,0,0,0,1
1175,0,3,81.46710047099891,1,0,2,15.567521276423768,1,0,1,0,0,0,1,0,0,0,0,0,1,0,1,0,0,0
1176,0,4,61.183102010322145,0,0,3,22.737995419434576,1,0,1,0,0,0,0,1,0,0,1,0,0,0,0,0,0,1
1177,1,2,37.345794513270526,1,1,1,22.569467439043024,0,0,0,1,0,0,0,1,0,0,1,0,0,0,0,1,0,0
1178,0,4,25.533637376324414,1,1,2,2.093202949207351,0,0,0,0,1,0,0,0,1,0,0,0,0,1,0,0,1,0
1179,0,1,10.587431821312931,1,1,4,60.41156249809495,0,0,0,0,1,0,1,0,0,0,0,0,1,0,0,0,0,1
1180,1,1,35.4897683486554,1,0,2,67.07030741458938,0,0,1,0,0,0,0,0,1,0,1,0,0,0,1,0,0,0
1181,1,5,41.31725172077195,0,1,2,60.252589012525334,1,1,0,0,1,0,0,1,0,0,0,0,1,0,0,0,1,0
1182,1,5,67.58229251040736,1,0,5,7.132298941281434,1,0,0,0,0,1,0,1,0,0,0,0,1,0,1,0,0,0
1183,1,3,65.81598242975734,1,1,2,6.92301257456317,0,1,1,0,0,0,0,1,0,0,0,0,0,1,0,1,0,0
1184,1,4,7.0108139641256955,0,1,2,21.038655449412403,0,0,0,1,0,0,1,0,0,0,0,1,0,0,0,0,0,1
1185,1,1,39.525931543115775,1,0,3,29.029451569891464,0,0,1,0,0,0,1,0,0,0,0,0,0,1,0,0,1,0
1186,1,5,18.177886721736193,0,0,2,78.65436559100473,1,0,0,0,1,0,0,1,0,0,1,0,0,0,0,1,0,0
1187,0,4,15.68127053168057,0,1,1,15.939026574892113,1,0,0,1,0,0,0,0,1,0,0,0,0,1,0,0,0,1
1188,0,5,82.73021497372459,1,1,4,4.409221639753214,1,0,1,0,0,0,0,0,1,0,0,0,0,1,0,0,0,1
1189,1,5,4.191521671625753,1,0,3,39.398750771305515,0,1,0,0,0,1,0,0,0,1,0,0,1,0,1,0,0,0
1190,0,1,41.91828759021213,0,1,2,41.639217014192035,0,0,0,0,0,1,0,1,0,0,0,0,0,1,1,0,0,0
1191,0,1,16.82036557665182,0,0,1,45.09073381889542,0,0,1,0,0,0,0,0,1,0,1,0,0,0,0,1,0,0
1192,0,5,87.9330215678474,0,0,4,82.69035440269685,0,0,0,0,0,1,0,1,0,0,0,1,0,0,1,0,0,0
1193,1,2,55.704051327503514,1,1,3,9.800541487094172,0,1,0,0,0,1,0,0,1,0,0,0,0,1,0,1,0,0
1194,1,5,23.1380636376848,0,0,1,70.39420824219621,1,0,0,0,0,1,0,0,0,1,0,0,0,1,0,1,0,0
1195,0,5,50.24272871663764,0,0,2,33.794557104529076,1,0,0,1,0,0,0,0,0,1,0,1,0,0,0,1,0,0
1196,1,3,73.14863597031159,0,0,5,30.998013643546997,1,0,0,0,0,1,0,1,0,0,1,0,0,0,1,0,0,0
1197,0,3,95.81180089194338,1,1,5,93.25431260859798,1,1,0,0,0,1,0,0,1,0,1,0,0,0,0,0,1,0
1198,0,3,22.044600424541894,0,0,3,24.846852441674205,1,0,0,0,0,1,1,0,0,0,0,0,0,1,0,1,0,0
1199,0,2,88.61817721293451,1,1,1,64.25318353393664,0,0,0,1,0,0,0,0,0,1,0,0,1,0,0,0,1,0
1200,0,2,93.43041141674902,1,1,4,27.512775737609207,1,0,1,0,0,0,0,1,0,0,0,0,0,1,0,0,0,1
1201,1,5,91.64205445320663,0,1,1,50.71438826403851,0,1,0,0,1,0,0,1,0,0,0,1,0,0,1,0,0,0
1202,1,3,63.54143568619099,1,0,5,78.62928925962778,1,0,0,0,0,1,0,0,1,0,0,1,0,0,1,0,0,0
1203,1,2,62.982065443470766,0,0,3,88.17225235162606,0,1,1,0,0,0,0,1,0,0,0,1,0,0,0,0,1,0
1204,0,1,40.32106331838228,1,1,2,83.86972402950504,0,0,0,0,0,1,0,0,0,1,0,0,0,1,0,0,0,1
1205,1,5,75.23978823037879,1,1,1,58.21807361446398,0,0,0,1,0,0,0,1,0,0,0,0,0,1,0,0,0,1
1206,0,4,53.12940183509319,0,0,5,24.881631533822212,0,0,1,0,0,0,0,1,0,0,1,0,0,0,0,1,0,0
1207,1,5,67.74380712282945,0,1,4,66.12333832618657,0,1,0,1,0,0,1,0,0,0,0,0,1,0,1,0,0,0
1208,0,4,42.84579038487954,0,1,3,70.9905045779608,0,0,0,0,0,1,1,0,0,0,0,0,0,1,0,0,0,1
1209,0,3,73.14964640431391,1,0,2,1.0691990113501415,1,1,0,0,0,1,0,0,0,1,1,0,0,0,0,0,0,1
1210,0,4,82.4471517604549,1,1,1,43.92105109318746,0,0,0,1,0,0,0,0,1,0,0,0,0,1,0,1,0,0
1211,1,3,14.64362566028161,0,0,4,84.32620428217643,0,1,0,0,1,0,1,0,0,0,1,0,0,0,0,1,0,0
1212,1,1,83.2929715574228,0,0,2,48.95875962430474,1,0,0,1,0,0,0,0,1,0,1,0,0,0,0,0,1,0
1213,1,4,54.029653179030724,1,1,5,31.137544216332113,0,0,0,0,0,1,0,0,0,1,0,0,1,0,1,0,0,0
1214,1,5,84.46659090902243,1,0,5,87.17977710246628,1,0,0,1,0,0,1,0,0,0,0,0,0,1,0,0,0,1
1215,0,3,43.13017063410146,1,0,4,15.588069752980571,1,0,0,0,1,0,0,0,1,0,1,0,0,0,0,0,1,0
1216,1,5,37.904048538303506,0,0,5,20.64452324162004,0,0,0,1,0,0,1,0,0,0,0,1,0,0,1,0,0,0
1217,1,2,91.50607325172224,1,1,3,68.73723669361334,0,0,0,0,1,0,0,0,0,1,0,1,0,0,0,0,1,0
1218,0,3,25.11692675484013,0,1,4,35.2435941526575,1,0,0,0,1,0,0,0,0,1,0,1,0,0,1,0,0,0
1219,0,4,84.42123252861431,1,1,5,71.3016835733779,0,0,0,1,0,0,1,0,0,0,0,0,1,0,1,0,0,0
1220,0,3,48.40205725094041,1,0,1,15.77036212594919,1,0,0,1,0,0,0,0,1,0,1,0,0,0,0,0,0,1
1221,1,5,51.40954425512597,0,0,5,25.226908960084593,0,0,1,0,0,0,0,1,0,0,0,0,1,0,1,0,0,0
1222,0,1,30.8468281489484,0,1,3,15.66473783636335,1,0,0,0,0,1,0,1,0,0,0,0,0,1,0,1,0,0
1223,0,3,57.30422006190157,0,1,2,95.29103135635097,0,0,0,0,1,0,1,0,0,0,0,0,0,1,0,0,0,1
1224,0,4,32.52111962762113,1,0,2,40.54039608509241,0,0,1,0,0,0,0,0,1,0,1,0,0,0,0,1,0,0
1225,1,2,3.926941424165231,1,1,5,33.7219909910226,1,0,0,1,0,0,0,1,0,0,0,1,0,0,0,0,1,0
1226,0,1,27.199860534435604,1,1,2,1.4202156170764701,1,1,0,0,0,1,0,0,0,1,1,0,0,0,0,0,1,0
1227,1,2,0.6379043406590679,0,1,5,15.34175794108874,1,1,1,0,0,0,0,0,1,0,1,0,0,0,1,0,0,0
1228,1,3,97.83547870568566,1,1,3,42.11358562424995,1,0,0,0,1,0,0,1,0,0,1,0,0,0,1,0,0,0
1229,0,5,96.57472098197475,0,1,2,6.850279257189406,0,0,1,0,0,0,0,0,1,0,0,0,1,0,0,1,0,0
1230,0,5,39.5155297472305,0,0,1,51.07393295062169,1,0,0,0,1,0,1,0,0,0,0,0,0,1,0,1,0,0
1231,1,4,72.8370854339646,0,1,5,45.50154384644478,1,0,0,1,0,0,0,0,1,0,1,0,0,0,0,1,0,0
1232,0,5,34.580609841042495,1,1,2,76.7168140344352,0,0,0,0,0,1,0,1,0,0,1,0,0,0,0,0,1,0
1233,0,1,67.1093157085976,1,0,3,65.98027014003166,0,0,0,0,0,1,1,0,0,0,1,0,0,0,0,1,0,0
1234,1,5,80.54300430459791,0,0,3,44.59473053205738,1,0,0,0,0,1,0,0,1,0,0,0,1,0,0,0,0,1
1235,1,4,94.67562446922408,1,0,1,22.466070010507146,0,0,0,1,0,0,0,0,0,1,0,0,1,0,0,0,0,1
1236,0,3,40.0212275849672,0,0,3,72.68635660178063,1,0,0,0,1,0,0,1,0,0,0,0,1,0,0,0,1,0
1237,1,3,78.32979829560477,0,1,3,70.78621034542041,0,0,0,1,0,0,1,0,0,0,1,0,0,0,0,1,0,0
1238,0,5,26.59284506321188,1,1,2,15.329616051538741,1,0,0,0,0,1,0,0,1,0,0,1,0,0,0,1,0,0
1239,0,2,99.03323037936484,0,1,5,91.47518314254027,0,0,0,1,0,0,0,0,0,1,0,1,0,0,1,0,0,0
1240,0,3,2.5769598764351143,0,1,4,6.440511601504317,1,0,0,1,0,0,0,1,0,0,0,1,0,0,0,0,0,1
1241,1,5,60.3528806501121,1,0,3,5.503770889271619,1,1,0,1,0,0,0,0,0,1,0,0,0,1,0,0,1,0
1242,0,4,65.95059816513272,0,0,3,18.7350417662427,0,1,0,0,1,0,0,0,1,0,1,0,0,0,0,1,0,0
1243,0,5,68.80455570741289,0,1,4,90.94607980487712,0,0,1,0,0,0,0,0,1,0,0,1,0,0,1,0,0,0
1244,0,3,12.038757878908902,0,1,3,51.99981240369218,1,0,1,0,0,0,1,0,0,0,0,1,0,0,0,0,1,0
1245,1,4,93.85297834731304,0,1,2,78.79409206729001,1,0,0,1,0,0,0,0,0,1,0,1,0,0,0,0,1,0
1246,1,5,18.11832790500828,0,1,2,22.78431880765006,0,0,1,0,0,0,1,0,0,0,1,0,0,0,0,0,0,1
1247,1,1,62.27534032398411,0,0,4,49.022197465374084,0,0,1,0,0,0,0,1,0,0,0,1,0,0,0,1,0,0
1248,1,4,22.267607912308495,0,1,3,35.82894636238822,0,0,0,1,0,0,1,0,0,0,0,1,0,0,0,0,1,0
1249,1,1,30.72164170212709,1,0,3,82.78286070661926,0,0,0,1,0,0,0,1,0,0,1,0,0,0,1,0,0,0
1250,0,2,54.645854172812435,1,0,5,2.2604439359226625,0,0,0,0,0,1,0,0,1,0,0,0,0,1,1,0,0,0
1251,1,4,41.719341856457646,0,0,3,24.384272996610534,0,1,1,0,0,0,0,0,1,0,0,0,1,0,0,0,1,0
1252,1,1,16.02256009765063,0,0,2,15.257422430237877,0,1,0,0,1,0,0,0,0,1,0,1,0,0,1,0,0,0
1253,1,3,17.093640242084827,1,1,1,85.91890387215693,0,0,0,1,0,0,0,1,0,0,0,0,1,0,0,0,1,0
1254,0,3,41.814478816279966,1,1,1,46.754384969376574,0,0,0,0,0,1,0,0,1,0,0,0,0,1,1,0,0,0
1255,1,2,75.72829782755008,1,1,1,40.42200438932162,1,0,0,0,1,0,0,0,0,1,0,0,0,1,0,0,1,0
1256,1,4,89.79646468477885,1,1,1,44.948276210107984,0,1,1,0,0,0,0,0,0,1,0,1,0,0,0,0,1,0
1257,0,4,8.412766225938284,1,0,3,97.19245507023352,0,1,0,0,0,1,1,0,0,0,1,0,0,0,0,0,1,0
1258,1,4,39.310390755940105,0,0,3,85.02673943359241,1,1,0,1,0,0,0,0,0,1,0,0,0,1,1,0,0,0
1259,0,2,10.024556372287662,1,0,5,70.63687718503076,1,0,0,0,1,0,0,0,1,0,0,0,1,0,0,0,1,0
1260,0,4,1.6592480632597884,1,1,3,29.047895922325463,1,1,0,1,0,0,1,0,0,0,0,0,1,0,0,0,0,1
1261,0,3,66.17186826439566,1,0,1,16.517299951844777,1,0,1,0,0,0,0,1,0,0,0,0,1,0,0,0,1,0
1262,0,1,60.24494419665878,0,0,4,92.14336290244533,1,1,0,0,1,0,0,1,0,0,0,0,1,0,0,1,0,0
1263,0,3,16.301911381488623,0,0,4,42.307552279648284,1,1,1,0,0,0,0,0,1,0,0,0,0,1,0,1,0,0
1264,1,3,23.38128330930641,0,0,2,27.875579946862917,0,0,1,0,0,0,0,0,1,0,0,1,0,0,0,0,0,1
1265,0,1,2.370775364451838,0,1,2,47.09208264176355,1,0,0,0,0,1,1,0,0,0,0,1,0,0,0,0,1,0
1266,0,3,83.49472056944037,0,0,3,91.78474228203521,1,1,0,1,0,0,1,0,0,0,0,0,1,0,0,1,0,0
1267,1,2,97.46905960485515,0,0,4,38.70673133912932,1,0,0,0,1,0,0,0,1,0,0,1,0,0,0,0,1,0
1268,0,1,13.545953679469081,1,1,1,56.264099724809945,0,0,1,0,0,0,0,0,1,0,0,0,1,0,0,1,0,0
1269,1,3,23.147521376529813,0,1,1,80.29663011085668,1,0,1,0,0,0,0,1,0,0,0,0,1,0,1,0,0,0
1270,1,5,86.8409523946934,0,1,1,42.71325310483912,0,0,0,0,1,0,0,1,0,0,1,0,0,0,1,0,0,0
1271,1,3,92.64637979561849,1,0,3,23.354180192636832,1,0,1,0,0,0,0,1,0,0,0,0,0,1,0,0,0,1
1272,0,2,41.96273828068103,0,0,3,99.45257483830335,1,0,0,0,0,1,0,0,1,0,0,0,0,1,0,0,0,1
1273,0,4,5.062247226907413,1,0,5,95.65708574521597,0,0,0,0,0,1,0,0,0,1,0,0,1,0,0,0,1,0
1274,0,3,3.93918336928194,1,0,1,84.3479169125514,0,0,0,0,0,1,0,0,1,0,0,0,0,1,0,0,0,1
1275,1,4,57.39498660690104,0,1,1,68.83738793859226,1,0,0,0,0,1,0,0,1,0,0,1,0,0,0,0,1,0
1276,0,5,39.2895108893179,1,0,3,29.486562806969697,0,0,1,0,0,0,0,1,0,0,0,0,1,0,1,0,0,0
1277,0,3,2.8652427577654516,1,0,3,91.34129381640321,0,0,0,0,1,0,0,0,1,0,1,0,0,0,1,0,0,0
1278,0,1,58.32523923125568,1,1,5,27.555667012122875,1,0,0,0,1,0,1,0,0,0,0,1,0,0,0,1,0,0
1279,1,4,1.1302536589022472,1,1,5,80.08094946768325,1,0,0,0,1,0,0,0,1,0,1,0,0,0,0,0,1,0
1280,1,5,78.73719581492729,0,1,2,91.82581679413063,1,1,0,0,1,0,0,0,1,0,1,0,0,0,1,0,0,0
1281,0,1,30.643282270337156,1,0,4,60.30038404299115,0,0,0,1,0,0,0,0,1,0,0,0,0,1,1,0,0,0
1282,0,1,4.02580030092321,0,0,1,80.3056217891179,1,1,0,0,1,0,0,0,1,0,0,0,0,1,0,0,1,0
1283,0,1,58.835222098315334,1,0,1,79.16950992017466,1,0,0,1,0,0,0,0,0,1,0,0,1,0,0,1,0,0
1284,0,1,39.76844144330547,1,0,5,19.315775112097988,0,1,0,1,0,0,0,0,1,0,0,0,0,1,0,1,0,0
1285,1,3,97.38004133571495,1,0,5,66.79244735960846,0,0,0,0,0,1,1,0,0,0,1,0,0,0,0,1,0,0
1286,1,3,54.41986625037022,0,1,2,9.346793690444354,1,0,0,1,0,0,1,0,0,0,1,0,0,0,0,1,0,0
1287,1,3,27.52391810370083,0,1,4,50.785014313748135,0,0,1,0,0,0,0,0,1,0,0,1,0,0,1,0,0,0
1288,1,5,70.94388646339748,0,0,2,16.22355481405775,1,0,0,1,0,0,0,1,0,0,1,0,0,0,0,0,1,0
1289,0,5,27.149200254271133,1,0,4,41.634949879643166,0,0,0,0,0,1,0,0,0,1,0,0,1,0,0,0,1,0
1290,0,5,90.42432914075651,1,0,1,83.29820746984376,1,0,0,1,0,0,0,0,1,0,0,0,1,0,1,0,0,0
1291,0,2,37.47219705073764,1,0,2,98.71678396302043,0,0,1,0,0,0,0,0,1,0,0,0,0,1,1,0,0,0
1292,1,5,54.98685627762052,1,0,5,31.795983165961772,0,1,1,0,0,0,0,0,1,0,0,0,0,1,1,0,0,0
1293,0,3,5.0573103824228856,0,1,2,53.19556987831766,0,0,1,0,0,0,0,1,0,0,0,0,0,1,0,0,0,1
1294,1,3,42.61212379522308,1,1,2,51.12980243704885,0,0,0,0,0,1,0,1,0,0,0,0,1,0,0,0,1,0
1295,1,2,83.2363539660995,0,1,1,95.44015098310659,1,0,0,0,0,1,0,1,0,0,1,0,0,0,0,0,1,0
1296,0,2,80.56488053633419,1,0,5,47.858373243277356,0,0,0,0,1,0,0,0,0,1,0,0,0,1,0,0,1,0
1297,0,5,22.431855885352626,0,0,5,69.91062053996978,1,1,0,0,0,1,1,0,0,0,0,1,0,0,0,1,0,0
1298,0,4,22.60790710105627,0,1,3,92.17892331085261,0,1,1,0,0,0,0,0,0,1,0,0,0,1,1,0,0,0
1299,1,2,81.73053122132367,1,1,3,37.337855953684006,0,1,1,0,0,0,0,1,0,0,0,0,1,0,1,0,0,0
1300,0,1,93.03984201693255,1,0,3,90.21222382453877,1,1,0,0,0,1,1,0,0,0,0,0,0,1,1,0,0,0
1301,1,3,9.536092127300355,0,1,1,91.74562218910135,0,0,0,1,0,0,1,0,0,0,1,0,0,0,0,0,0,1
1302,0,1,45.005863942622526,1,1,2,93.06625039671307,0,0,0,0,0,1,0,1,0,0,0,0,0,1,0,0,1,0
1303,1,3,33.745427896422896,1,0,5,27.04461854714264,1,0,0,0,0,1,0,1,0,0,0,0,1,0,1,0,0,0
1304,1,3,87.06884554574394,0,1,5,40.035559426995846,0,1,1,0,0,0,0,0,0,1,0,0,1,0,0,0,0,1
1305,0,2,8.352491468001876,0,1,2,87.03959082257019,1,1,0,0,1,0,0,1,0,0,0,1,0,0,1,0,0,0
1306,1,2,21.112594255803742,0,1,5,35.91618242804188,0,0,1,0,0,0,1,0,0,0,0,0,1,0,0,1,0,0
1307,1,1,75.24683375864943,0,0,2,60.025303293350504,0,0,0,0,1,0,0,0,1,0,0,1,0,0,0,0,1,0
1308,0,3,5.129384898121558,1,1,1,11.805450726005196,0,1,1,0,0,0,0,1,0,0,1,0,0,0,0,0,0,1
1309,1,1,49.25353807142893,0,1,1,5.6274988111240765,1,0,0,0,0,1,0,1,0,0,0,0,1,0,1,0,0,0
1310,0,4,44.210703467972,0,1,1,41.19939894921726,0,1,1,0,0,0,0,0,0,1,0,0,0,1,0,0,1,0
1311,1,1,33.44011789887487,0,0,2,57.89165325927175,0,0,1,0,0,0,0,0,0,1,1,0,0,0,0,0,0,1
1312,0,5,39.457231531892376,1,0,2,39.269911335894136,0,0,1,0,0,0,0,1,0,0,0,0,0,1,0,0,1,0
1313,0,1,52.99405869302329,0,1,4,57.7735770160842,0,0,0,0,0,1,1,0,0,0,0,0,0,1,0,0,1,0
1314,1,5,16.136735838838312,1,0,5,51.5084376171785,0,0,0,0,0,1,1,0,0,0,0,0,0,1,0,1,0,0
1315,1,5,57.19958782835928,0,1,5,68.57072292860758,0,0,0,0,0,1,0,0,1,0,1,0,0,0,0,0,1,0
1316,1,5,80.54323292999864,0,0,4,64.95324310653898,0,0,0,0,0,1,0,1,0,0,1,0,0,0,0,0,0,1
1317,1,4,76.01609297901591,1,0,4,42.424570320658006,0,1,0,0,1,0,0,0,0,1,0,0,1,0,0,0,1,0
1318,1,1,15.389990469377368,0,1,1,42.49952404198633,0,0,0,0,1,0,1,0,0,0,0,0,0,1,0,0,0,1
1319,0,1,14.92494697414739,0,1,4,14.077834001223199,1,1,0,1,0,0,0,0,1,0,0,1,0,0,0,0,1,0
1320,1,4,26.817436774491334,1,1,2,51.323857209645915,0,0,0,0,0,1,0,1,0,0,0,0,1,0,1,0,0,0
1321,0,3,36.10747263410372,0,0,3,58.717912813569676,1,1,0,0,1,0,1,0,0,0,1,0,0,0,0,1,0,0
1322,0,2,40.84555814084826,0,1,2,47.648939735382626,1,0,1,0,0,0,0,1,0,0,0,1,0,0,1,0,0,0
1323,1,1,67.96972168333453,0,0,4,32.5707335086999,1,0,0,0,0,1,0,1,0,0,1,0,0,0,0,1,0,0
1324,0,2,5.66804321658354,0,0,5,72.16485442517359,0,0,0,1,0,0,1,0,0,0,0,1,0,0,0,0,0,1
1325,0,4,3.4672704226066386,1,1,2,7.466164464522407,1,0,0,1,0,0,1,0,0,0,0,0,1,0,0,1,0,0
1326,0,3,39.191056294390904,0,0,5,91.44403697540473,1,1,0,1,0,0,1,0,0,0,0,1,0,0,0,0,1,0
1327,0,3,69.71636921379805,1,1,2,2.0643439545793285,1,0,1,0,0,0,0,1,0,0,0,0,1,0,0,0,1,0
1328,1,3,19.343534295648258,0,0,5,96.23501334382779,0,0,0,0,1,0,0,1,0,0,1,0,0,0,1,0,0,0
1329,0,4,64.15044812562518,1,1,2,46.23556009346624,1,1,1,0,0,0,0,0,1,0,0,1,0,0,0,1,0,0
1330,1,5,25.982813794029948,0,0,5,41.266994400354115,0,0,0,0,0,1,0,0,0,1,0,0,0,1,0,0,0,1
1331,1,5,88.60861088135164,1,0,3,25.644401746318813,1,1,0,1,0,0,0,1,0,0,0,0,0,1,0,0,0,1
1332,0,2,89.56899442666165,0,1,1,1.0071134832283168,1,0,1,0,0,0,0,0,0,1,1,0,0,0,0,0,1,0
1333,1,5,29.72872042813265,1,0,2,27.479026442179975,0,1,1,0,0,0,1,0,0,0,0,1,0,0,0,0,0,1
1334,1,5,22.99937539632405,1,1,3,10.939992546033395,0,0,0,0,1,0,0,1,0,0,0,0,0,1,0,0,1,0
1335,1,3,41.13039720662313,0,0,1,65.98208426933947,1,1,0,0,1,0,0,0,1,0,0,0,1,0,0,0,1,0
1336,0,3,24.05315851801487,1,0,2,31.907497232072622,1,0,0,1,0,0,0,0,1,0,0,1,0,0,0,0,1,0
1337,1,2,67.23838432917036,0,0,3,76.71793284036616,1,0,1,0,0,0,0,0,0,1,0,1,0,0,1,0,0,0
1338,1,1,82.60646845482856,0,1,3,20.691618734611694,0,0,1,0,0,0,1,0,0,0,0,0,0,1,1,0,0,0
1339,1,2,67.3092130911217,0,1,3,90.02348574321095,0,0,0,0,1,0,0,0,0,1,0,0,1,0,0,0,1,0
1340,0,2,82.43504472493495,0,1,4,52.29815151058326,1,0,1,0,0,0,1,0,0,0,0,0,1,0,0,0,1,0
1341,1,4,39.69921622074742,0,1,5,11.450619646898142,1,0,1,0,0,0,0,0,1,0,0,0,1,0,0,0,1,0
1342,0,4,15.631697070886085,1,1,1,40.084523565347894,0,0,1,0,0,0,0,0,0,1,0,1,0,0,0,0,0,1
1343,0,2,73.79509473975922,0,0,5,20.676052406976165,0,1,0,0,1,0,0,0,1,0,1,0,0,0,0,0,1,0
1344,0,2,36.047450514155386,0,0,5,19.96854261681792,1,0,0,1,0,0,0,0,1,0,0,1,0,0,0,0,1,0
1345,0,2,67.12708252291326,0,1,5,50.636973765220894,0,1,0,0,0,1,1,0,0,0,0,1,0,0,0,1,0,0
1346,0,5,27.064394198176565,0,0,3,67.18920156363725,1,0,0,1,0,0,0,0,0,1,0,0,0,1,0,1,0,0
1347,0,4,8.122963480667266,0,0,5,91.16182055034282,0,0,0,0,0,1,0,0,0,1,1,0,0,0,0,1,0,0
1348,1,2,99.25817954877634,0,0,4,50.216201076365344,1,1,1,0,0,0,0,0,1,0,0,0,1,0,0,1,0,0
1349,0,3,15.620150793059928,1,0,2,96.58387750583302,1,1,0,1,0,0,0,0,1,0,0,0,0,1,0,0,1,0
1350,1,3,98.8420993963481,1,1,3,94.16348520733688,1,0,0,0,0,1,1,0,0,0,0,1,0,0,0,1,0,0
1351,1,5,97.72799325664472,0,0,1,86.50625299843604,0,0,0,0,1,0,0,1,0,0,1,0,0,0,0,0,0,1
1352,0,5,79.38181039080396,1,1,2,49.99772649624185,1,0,0,0,1,0,0,1,0,0,0,0,1,0,0,0,0,1
1353,1,1,65.94229620819976,0,1,2,14.090394368798353,1,0,0,1,0,0,0,0,1,0,0,0,1,0,0,1,0,0
1354,1,1,57.78070502510847,0,0,2,21.79044698153849,0,0,0,1,0,0,0,1,0,0,0,1,0,0,1,0,0,0
1355,1,1,86.61015453778347,0,1,5,64.76700027119756,1,0,1,0,0,0,0,1,0,0,0,0,1,0,0,0,0,1
1356,1,5,28.943952161948793,0,0,5,42.17549802841961,1,0,0,1,0,0,0,1,0,0,0,0,1,0,0,0,0,1
1357,0,5,46.7681212484877,0,0,3,14.680163175399642,1,0,1,0,0,0,0,1,0,0,1,0,0,0,0,1,0,0
1358,1,5,61.93899693665019,1,0,5,47.89939336393104,0,1,1,0,0,0,0,0,1,0,0,0,0,1,0,1,0,0
1359,0,3,41.11904758694911,1,1,5,1.7430545502045924,0,1,0,0,1,0,0,1,0,0,1,0,0,0,0,0,1,0
1360,1,5,42.7486454090268,1,1,5,73.38953708995932,0,0,0,0,1,0,0,1,0,0,0,0,0,1,0,0,0,1
1361,1,3,33.02846675020844,1,1,3,7.358129448969086,0,0,0,0,0,1,1,0,0,0,0,0,0,1,0,1,0,0
1362,0,1,56.4231816684536,0,0,3,62.9113619912119,1,0,0,0,1,0,0,0,1,0,0,0,0,1,0,1,0,0
1363,1,1,85.0574528015116,1,0,4,79.30103076255995,0,1,0,0,1,0,0,0,0,1,0,0,1,0,0,0,1,0
1364,1,1,20.152837800631286,0,0,4,13.264387445396553,0,0,0,1,0,0,0,0,0,1,1,0,0,0,0,0,0,1
1365,1,2,93.44330387534414,1,1,4,51.863869066601254,0,0,0,0,1,0,1,0,0,0,0,0,1,0,0,1,0,0
1366,0,2,68.90876537482296,1,0,4,77.90675143594696,1,0,0,0,0,1,1,0,0,0,0,1,0,0,0,0,1,0
1367,1,4,82.32732126800302,1,0,2,26.06334547570014,1,0,0,1,0,0,0,0,1,0,1,0,0,0,0,1,0,0
1368,0,4,55.619069263001165,1,1,2,16.29165930016191,1,0,0,0,0,1,0,0,0,1,0,0,0,1,1,0,0,0
1369,1,4,77.95167014240634,0,1,4,33.68191109674569,0,1,0,0,1,0,0,1,0,0,0,0,1,0,1,0,0,0
1370,0,2,1.620039733946721,1,1,4,55.46991765833158,1,0,0,0,0,1,1,0,0,0,0,0,1,0,0,1,0,0
1371,0,2,81.83804247795352,1,0,1,57.527959485475,1,0,0,1,0,0,0,0,0,1,1,0,0,0,0,0,0,1
1372,1,4,4.013885908536652,0,0,2,13.087633345768701,0,0,1,0,0,0,0,0,1,0,1,0,0,0,1,0,0,0
1373,1,4,88.99133763628625,0,0,1,45.75688476739717,1,0,0,0,0,1,0,1,0,0,0,0,0,1,0,0,1,0
1374,0,5,99.19627472386433,1,1,1,26.828219553948784,0,0,0,0,0,1,0,0,1,0,0,0,0,1,0,1,0,0
1375,0,4,29.40674621767778,0,1,5,84.20242180649508,0,0,0,1,0,0,1,0,0,0,0,1,0,0,0,0,1,0
1376,1,5,21.031855628579365,0,1,3,31.357513206403077,1,0,0,1,0,0,0,0,0,1,0,0,0,1,1,0,0,0
1377,0,3,76.53633638580408,0,1,2,83.87045245338595,0,1,0,0,0,1,0,0,0,1,0,0,1,0,0,0,0,1
1378,1,2,25.302634092025322,1,0,4,42.856461260179216,0,1,0,0,1,0,0,0,0,1,0,1,0,0,0,0,1,0
1379,1,4,86.55623831722035,0,0,4,72.65857658264532,0,0,0,0,0,1,0,0,0,1,0,1,0,0,1,0,0,0
1380,1,2,10.28425921574767,1,0,3,51.00602285441437,0,1,0,1,0,0,0,1,0,0,0,1,0,0,1,0,0,0
1381,1,2,12.595519637935826,1,0,2,62.19626241309765,0,1,1,0,0,0,0,1,0,0,1,0,0,0,1,0,0,0
1382,0,2,97.91515551006155,1,0,4,39.535651086138316,0,0,1,0,0,0,0,0,1,0,0,0,0,1,0,0,1,0
1383,1,3,67.38388982700046,1,0,4,76.82067678074908,1,0,0,0,1,0,0,1,0,0,0,1,0,0,1,0,0,0
1384,0,1,84.68872244289528,0,0,5,42.51893835736583,0,0,0,0,0,1,1,0,0,0,1,0,0,0,0,1,0,0
1385,1,4,32.4329377351518,1,0,1,45.74616465858219,0,0,1,0,0,0,1,0,0,0,1,0,0,0,1,0,0,0
1386,0,1,67.64837495206044,0,1,4,51.76786682309572,0,1,0,0,0,1,0,0,0,1,0,1,0,0,0,1,0,0
1387,1,1,59.42418273085972,1,1,2,83.18241183859834,0,0,0,1,0,0,1,0,0,0,0,1,0,0,0,0,0,1
1388,0,1,60.3150120122947,0,0,3,65.93789286014649,1,0,1,0,0,0,0,0,1,0,0,0,1,0,0,1,0,0
1389,0,2,68.25324595377215,1,1,5,34.916038656574976,1,0,0,0,1,0,0,1,0,0,0,1,0,0,0,0,0,1
1390,1,5,57.53591731290986,0,0,2,67.03196339815428,0,0,0,1,0,0,0,1,0,0,0,0,1,0,0,0,0,1
1391,1,2,42.906236930266594,1,0,5,64.24265730085773,1,0,0,0,1,0,0,1,0,0,0,1,0,0,0,1,0,0
1392,1,2,27.592269438054686,1,1,1,93.10192758797044,0,0,0,1,0,0,1,0,0,0,0,1,0,0,0,0,0,1
1393,1,1,76.8581330913202,0,0,4,84.141643602535,0,0,1,0,0,0,0,1,0,0,0,0,0,1,0,1,0,0
1394,0,2,22.62724300031862,1,0,2,64.74469237512481,0,1,0,0,1,0,0,0,0,1,0,1,0,0,0,0,1,0
1395,1,1,69.23543061544142,1,0,3,34.15071106840436,0,1,0,0,1,0,0,0,0,1,0,1,0,0,0,0,0,1
1396,0,5,23.333282264932663,1,0,1,77.95764488612696,1,1,0,1,0,0,0,0,0,1,0,0,1,0,0,1,0,0
1397,0,4,62.53301699544539,0,0,1,57.5208293062801,1,1,0,0,1,0,1,0,0,0,0,0,1,0,0,0,0,1
1398,1,1,74.70782671290289,1,0,5,98.52699881009016,0,1,0,1,0,0,0,1,0,0,0,0,0,1,1,0,0,0
1399,0,5,21.87138889065392,1,0,1,24.750612856980403,0,0,0,1,0,0,1,0,0,0,0,1,0,0,0,1,0,0
1400,0,4,5.994330086130828,0,1,2,7.965584093088696,1,0,0,1,0,0,0,1,0,0,0,1,0,0,1,0,0,0
1401,0,3,13.097374299417408,0,1,5,6.989181188794769,1,0,0,1,0,0,0,0,1,0,0,0,1,0,0,0,0,1
1402,0,1,60.59969672710255,0,0,1,64.00303883516804,0,0,1,0,0,0,0,0,1,0,1,0,0,0,0,0,0,1
1403,1,1,84.94464062257356,0,1,3,93.92602289115239,1,0,0,1,0,0,1,0,0,0,1,0,0,0,0,0,1,0
1404,1,3,4.499682123542437,0,0,2,0.1931914291505188,0,1,0,0,0,1,0,0,0,1,1,0,0,0,0,1,0,0
1405,1,3,73.41512590416463,1,0,3,72.57710469577773,1,0,0,0,1,0,1,0,0,0,0,0,1,0,1,0,0,0
1406,1,1,34.13186459500521,1,0,3,65.70651825329455,1,0,0,0,0,1,0,0,0,1,0,0,1,0,0,0,1,0
1407,0,3,47.85283699195225,1,0,5,73.23041922194659,1,0,1,0,0,0,0,1,0,0,1,0,0,0,0,0,0,1
1408,0,2,92.88595498455656,0,1,4,35.540540676233555,1,0,0,0,0,1,0,0,0,1,1,0,0,0,0,0,0,1
1409,1,4,33.19715047358455,1,1,5,82.0496444657855,0,1,0,0,1,0,0,0,0,1,0,1,0,0,0,0,1,0
1410,1,4,46.5336933939486,0,1,2,4.470693141886195,0,0,0,0,0,1,0,1,0,0,0,0,1,0,1,0,0,0
1411,1,4,1.3682414760681105,0,1,2,75.54311006220276,1,0,1,0,0,0,0,0,1,0,0,0,1,0,0,0,0,1
1412,0,2,8.159872000483837,1,0,5,26.707194134908775,0,0,0,1,0,0,0,1,0,0,1,0,0,0,0,0,0,1
1413,1,3,25.859159113478402,0,1,4,47.683777485807155,1,1,0,0,0,1,1,0,0,0,1,0,0,0,0,1,0,0
1414,1,5,2.7852240821074403,0,0,5,82.26362715572205,1,0,1,0,0,0,1,0,0,0,0,0,0,1,0,0,1,0
1415,1,3,63.1375326048251,1,0,2,27.135903519113704,0,0,1,0,0,0,1,0,0,0,0,0,1,0,0,0,0,1
1416,0,1,42.63983568016225,0,1,4,18.52075116438935,0,1,0,0,1,0,1,0,0,0,0,0,0,1,1,0,0,0
1417,0,4,54.814520272802206,0,0,2,68.13131853478842,0,0,0,0,1,0,1,0,0,0,0,1,0,0,0,1,0,0
1418,0,3,17.464718589632955,1,1,4,53.33948915068045,1,0,0,0,0,1,0,0,1,0,0,0,0,1,0,0,1,0
1419,0,5,29.593202943661613,0,1,4,51.44038687461845,0,0,0,1,0,0,0,0,1,0,1,0,0,0,1,0,0,0
1420,0,1,66.38244748527251,0,1,5,25.676951553791316,0,1,1,0,0,0,0,0,0,1,0,0,1,0,0,0,0,1
1421,0,2,96.53027236303998,1,1,5,3.4880305820027657,0,0,0,0,0,1,1,0,0,0,0,0,1,0,0,0,1,0
1422,0,2,5.04167736022092,1,1,5,41.02691383317168,0,0,1,0,0,0,0,1,0,0,0,0,0,1,0,0,1,0
1423,0,5,89.03843208552661,1,0,4,10.655948046776798,1,0,1,0,0,0,1,0,0,0,0,0,0,1,1,0,0,0
1424,1,1,57.68812013112085,1,1,4,90.59891506492022,1,0,0,1,0,0,0,0,1,0,0,1,0,0,0,0,1,0
1425,1,4,56.39195667556237,0,1,2,4.125032347173052,1,0,0,1,0,0,1,0,0,0,0,1,0,0,1,0,0,0
1426,0,3,50.027853520776034,0,0,3,43.165085418438146,1,0,0,0,0,1,0,0,1,0,1,0,0,0,0,0,0,1
1427,0,1,6.9394085904183385,1,1,5,5.224558370082788,1,0,0,1,0,0,0,0,0,1,1,0,0,0,0,1,0,0
1428,1,2,8.987685173616066,0,1,2,9.554387456476633,1,0,0,1,0,0,0,0,0,1,1,0,0,0,1,0,0,0
1429,0,5,60.09120056590861,0,0,2,65.8866666922022,1,0,0,0,0,1,0,0,0,1,0,0,0,1,0,1,0,0
1430,0,5,34.09585714355583,1,0,1,64.71112609740945,0,0,0,1,0,0,0,0,1,0,0,0,0,1,0,0,1,0
1431,0,3,91.72680665776807,1,1,5,3.305219487943978,1,0,0,0,1,0,1,0,0,0,0,0,1,0,1,0,0,0
1432,1,5,40.659053735947225,0,0,2,0.11314751208701956,1,0,1,0,0,0,1,0,0,0,1,0,0,0,0,0,0,1
1433,1,5,14.328145870264109,1,1,1,7.8818077242784,1,0,1,0,0,0,0,1,0,0,0,0,0,1,1,0,0,0
1434,1,1,71.4718833502036,1,0,5,76.29988977119422,1,1,1,0,0,0,0,0,1,0,0,0,1,0,1,0,0,0
1435,1,4,29.335342144100984,1,1,4,58.45764727515071,0,0,1,0,0,0,0,1,0,0,1,0,0,0,1,0,0,0
1436,1,3,52.54703073558932,0,1,1,3.8118245188491606,1,0,0,0,0,1,0,0,0,1,0,1,0,0,0,1,0,0
1437,0,1,69.783278550517,1,1,4,48.80970158728273,1,0,1,0,0,0,1,0,0,0,0,1,0,0,0,1,0,0
1438,1,4,90.02641112020704,0,0,3,71.20293570544514,0,0,1,0,0,0,0,0,1,0,0,0,0,1,0,0,1,0
1439,0,1,79.2191194801676,0,1,3,86.89513946008063,1,1,1,0,0,0,0,1,0,0,0,0,1,0,0,0,1,0
1440,0,1,67.63610678727241,0,0,3,93.40364906590105,1,0,1,0,0,0,0,1,0,0,0,1,0,0,0,0,1,0
1441,1,5,67.96331823951436,1,1,3,32.744056295406665,1,0,0,0,1,0,0,1,0,0,0,0,1,0,0,0,1,0
1442,1,4,94.59246440320865,1,1,2,13.58324284132657,1,0,1,0,0,0,1,0,0,0,0,0,1,0,1,0,0,0
1443,0,3,29.582409749653603,1,1,3,23.69259207314475,1,0,0,0,1,0,1,0,0,0,0,1,0,0,0,1,0,0
1444,0,3,0.11120941961874076,1,1,2,77.61714920402237,1,0,0,0,0,1,1,0,0,0,0,0,1,0,0,1,0,0
1445,0,4,27.19545593981987,1,1,2,97.14842150423107,1,0,0,1,0,0,0,0,1,0,0,1,0,0,0,1,0,0
1446,1,5,21.7891379626744,0,0,5,46.639361736038055,0,1,1,0,0,0,1,0,0,0,0,0,0,1,0,1,0,0
1447,1,2,66.18345851139982,0,0,2,30.535321354778976,0,1,0,1,0,0,0,0,1,0,1,0,0,0,0,0,1,0
1448,1,1,63.3711599765529,0,0,2,42.91905819600345,1,0,0,1,0,0,0,1,0,0,1,0,0,0,1,0,0,0
1449,1,5,59.34613827047238,1,1,3,30.481314464513243,0,0,0,0,0,1,0,1,0,0,0,0,0,1,0,1,0,0
1450,1,4,1.62434432094537,0,1,2,25.648752320715428,1,1,0,1,0,0,0,0,0,1,0,1,0,0,0,0,0,1
1451,0,1,72.87780544506475,0,0,4,59.375075240717955,0,0,0,0,1,0,1,0,0,0,0,1,0,0,1,0,0,0
1452,1,3,32.353041248549154,1,1,3,1.57359803735444,1,0,0,1,0,0,0,1,0,0,0,1,0,0,0,0,0,1
1453,0,2,66.50559890066312,1,1,1,25.955224866498817,0,1,0,1,0,0,1,0,0,0,0,1,0,0,1,0,0,0
1454,0,3,55.65784285021533,0,1,3,66.1382077844989,1,0,0,1,0,0,0,0,1,0,0,0,0,1,1,0,0,0
1455,0,4,34.27309254279072,0,0,2,3.2062696306805027,0,0,1,0,0,0,0,1,0,0,1,0,0,0,1,0,0,0
1456,1,1,13.457626710410775,1,0,4,8.320181650893499,0,0,1,0,0,0,1,0,0,0,0,0,1,0,0,0,0,1
1457,1,4,9.441889766048096,1,0,3,29.33961447857848,1,0,0,0,1,0,0,1,0,0,0,0,1,0,0,1,0,0
1458,1,1,83.15183331122236,1,0,4,87.78047986089848,1,1,0,0,1,0,0,1,0,0,1,0,0,0,0,1,0,0
1459,0,5,91.8397542081558,1,0,1,76.48861601652962,0,0,1,0,0,0,1,0,0,0,0,0,0,1,0,0,0,1
1460,0,2,64.97880467642996,0,1,1,2.2156629416243523,0,1,0,0,1,0,0,1,0,0,0,0,1,0,0,1,0,0
1461,0,5,10.343411486048337,0,1,5,50.17128166884919,1,0,1,0,0,0,0,1,0,0,1,0,0,0,0,0,1,0
1462,0,5,40.20272168882407,1,1,5,27.468749398741675,0,0,0,0,0,1,0,1,0,0,0,0,0,1,0,1,0,0
1463,0,4,72.89392001051573,0,1,3,64.8645659062063,1,0,0,1,0,0,0,1,0,0,0,0,1,0,0,0,1,0
1464,0,2,77.9820884010068,0,0,5,72.15538825934613,0,0,0,1,0,0,0,0,1,0,0,1,0,0,0,0,1,0
1465,1,1,11.82186222910886,1,0,4,86.28625771292825,0,0,0,0,1,0,0,1,0,0,0,1,0,0,0,0,1,0
1466,1,1,0.003071884538241587,0,1,5,47.541623710401424,1,0,1,0,0,0,0,0,0,1,0,0,0,1,0,0,0,1
1467,1,3,71.2137045880605,0,0,4,99.44500885455845,1,1,1,0,0,0,0,1,0,0,0,1,0,0,0,1,0,0
1468,1,1,35.659617598620564,0,1,5,97.99861072871093,1,1,0,0,1,0,1,0,0,0,0,0,0,1,0,1,0,0
1469,0,4,25.448133161826025,1,1,5,88.21667244710332,0,0,1,0,0,0,0,0,0,1,1,0,0,0,0,0,0,1
1470,0,5,1.289746978952544,1,1,5,57.48694951580708,0,0,0,0,0,1,0,0,1,0,1,0,0,0,0,0,0,1
1471,1,5,54.02994067614997,0,1,2,39.800643750381504,0,1,0,1,0,0,0,0,0,1,0,0,1,0,0,1,0,0
1472,0,5,85.11507354259817,1,0,2,36.438631013978494,1,0,0,0,1,0,0,0,0,1,0,0,0,1,0,0,0,1
1473,1,2,95.76316462725879,1,1,5,1.2124750087744829,0,0,0,0,1,0,0,0,0,1,0,0,1,0,0,0,0,1
1474,1,1,56.574495061328925,1,0,4,24.91744972423665,0,1,1,0,0,0,1,0,0,0,0,0,1,0,0,0,1,0
1475,1,4,51.44613277398942,0,1,3,71.88082349491646,1,0,0,0,1,0,1,0,0,0,1,0,0,0,0,0,0,1
1476,0,2,8.50563854892411,0,1,1,60.363209989306654,0,0,0,0,0,1,1,0,0,0,0,0,1,0,0,0,1,0
1477,1,3,54.887280154259976,1,1,2,91.64221891675336,0,0,1,0,0,0,0,0,1,0,0,1,0,0,1,0,0,0
1478,1,4,37.99790789653946,0,1,5,5.002226691655787,1,0,1,0,0,0,1,0,0,0,0,0,1,0,0,0,1,0
1479,1,4,60.71352808835769,0,0,1,15.52766031773306,1,0,1,0,0,0,1,0,0,0,0,0,0,1,0,0,1,0
1480,0,4,38.87263478765467,0,1,2,78.92437893521301,1,0,1,0,0,0,0,0,0,1,0,1,0,0,0,0,0,1
1481,0,5,24.029912345036674,0,0,3,35.85076311953338,1,1,0,0,0,1,1,0,0,0,1,0,0,0,0,1,0,0
1482,1,4,9.49652752283765,0,1,4,11.834533371787792,1,0,1,0,0,0,0,1,0,0,0,0,0,1,1,0,0,0
1483,0,1,31.491844458889574,1,1,5,99.64505051000891,1,0,0,0,1,0,1,0,0,0,0,1,0,0,1,0,0,0
1484,0,4,9.664483428775227,0,1,3,78.72503026693629,1,0,0,0,0,1,0,0,1,0,0,0,0,1,1,0,0,0
1485,0,5,17.689695082398394,0,0,2,40.87410367581226,1,1,0,1,0,0,0,0,1,0,0,1,0,0,0,1,0,0
1486,0,4,98.73361585795459,0,1,5,82.33474769461402,1,1,0,1,0,0,0,1,0,0,0,0,0,1,1,0,0,0
1487,0,3,44.41035569066186,1,1,1,68.06038701191534,0,1,0,0,1,0,0,0,1,0,0,0,0,1,1,0,0,0
1488,0,3,53.187176650501655,1,1,4,78.99747595698334,1,0,0,0,1,0,0,0,1,0,0,1,0,0,0,1,0,0
1489,0,5,87.36185287372153,1,1,2,81.52063775656498,1,1,0,0,0,1,0,0,0,1,1,0,0,0,1,0,0,0
1490,0,1,99.55689004906878,0,1,4,8.47286832903179,0,0,0,1,0,0,0,1,0,0,1,0,0,0,0,0,0,1
1491,0,1,58.27144493446815,1,0,5,62.297288768809565,1,0,0,1,0,0,0,0,0,1,0,0,0,1,0,0,0,1
1492,0,2,81.24738210441717,1,0,3,0.6785552976827591,0,0,0,1,0,0,0,0,0,1,0,0,0,1,0,0,1,0
1493,1,5,32.694102433667524,1,1,4,4.345624630117062,0,0,0,1,0,0,1,0,0,0,1,0,0,0,0,0,1,0
1494,1,4,30.57439574472911,1,1,1,90.39800090558408,1,1,0,1,0,0,0,1,0,0,1,0,0,0,0,0,1,0
1495,0,5,40.27037209945602,0,0,2,52.75637213568055,0,0,1,0,0,0,1,0,0,0,0,0,1,0,0,0,0,1
1496,1,2,67.25072626736491,1,1,1,73.59019858685248,1,0,0,0,1,0,1,0,0,0,1,0,0,0,0,0,0,1
1497,1,5,68.21916892550988,1,0,4,83.85009904431459,1,0,1,0,0,0,0,0,0,1,0,0,0,1,0,0,0,1
1498,0,5,31.52394346494508,0,1,3,94.9586767564585,0,0,0,1,0,0,0,0,1,0,0,1,0,0,0,0,1,0
1499,0,2,13.320992413662868,0,1,3,86.93528479227959,0,0,0,0,0,1,0,1,0,0,1,0,0,0,0,0,1,0
