public_petition_text,reason_category
"На газоне разбросан различный мусор. 
Просьба вывезти на утилизацию. 
Координаты 60.064334, 30.314389",Благоустройство
"Конструкции, препятствующие парковке",Благоустройство
Лестницу убирают раз в три месяца и просто выливают ведро воды это не уборка,Содержание МКД
мусор с задней стороны дома,Благоустройство
"Снова не работает уличный фонарь у входной двери в парадную.
ХЭУ ранее (07 апреля 2021) отчитался о проведенном ремонте",Содержание МКД
объявление,Благоустройство
"Просьба навести уборку в парадной и на лестничной клетке , не убирались больше двух недель вообще !!!!график заполнили еще в сентябре.",Содержание МКД
"Неисправно освещение в подъезде 6, 8 и 9 этаж",Содержание МКД
"Просьба закрасить рисунок на пятом этаже, заменить сломанную ручку на пятом этаже, также на четвертом этаже отваливается штукатурка",Содержание МКД
"Просьба убрать мусор с территории дома, газона и второго двора по 16-й линии, д.75, лит. Б. По возможность прибрать и небольшие камни",Благоустройство
Ветки на газоне,Благоустройство
"парадная #4 (вход с ул Кирилловская).
прошу зафиксировать малую сторону парадной двери (отремонтировать механизм запирания)",Содержание МКД
"Кто-то хранит вещи на лестничной площадке перед входом на чердак. На чердак не попасть - мешают вещи и мусор. 
Просьба выкинуть их.
P.S. Заявление в полицию написали на возможное незаконное проживание там.
Адрес: Искровский проспект, д. 3, корп. 2, лит. д (парадная 6, этаж 14, вход на чердак)",Содержание МКД
Прошу убрать надписи,Благоустройство
"Прошу оборудовать съезд с дорожки для обеспечения доступности объекта для маломобильных групп населения
Примеры простого и быстрого решения представлены в сообщениях проблем №№ 2332944, 2412690, 2482219 и 2482225.",Благоустройство
мусор на газоне,Благоустройство
объявления на знаках,Благоустройство
"не работает лифт (лестница №9),  с начала года ломался уже несколько раз!!! почините уже наконец, пожалуйста.",Содержание МКД
Возле 1 подъезда неисправно освещение.,Содержание МКД
неудовлетворительное состояние покрытия               возле люка,Повреждения или неисправность элементов уличной инфраструктуры
не очищена дорога,Благоустройство
Убрать с дорожного ограждения всю рекламу.,Благоустройство
Установлена незаконная конструкция.,Незаконная информационная и (или) рекламная конструкция
Грязь 1 этаж,Содержание МКД
"Очистите
От торговли елками остался мусор.",Благоустройство
несанкционированная торговля,"Незаконная реализация товаров с торгового оборудования (прилавок, ящик, с земли)"
В результате вспучивания асфальта не открывается дверь в парадную № 1,Содержание МКД
наледь на крыше,Кровля
Незаконная решетка. Повторное нарушение.,Нарушение правил пользования общим имуществом
Плохое дорожно-пешеходное покрытие,Благоустройство
Мусор,Благоустройство
объявления на знаках,Благоустройство
Нет заглушек,Содержание МКД
"На 1 этаже возле лифта стены изуродовали граффитисты. 
Просьба привести парадную в надлежащее состояние.",Содержание МКД
"Окно находиться в ужасном состоянии, прошу зашкурить и окрасить в цвет 13 этаж",Содержание МКД
присадка а. б. покрытия у люка,Повреждения или неисправность элементов уличной инфраструктуры
не расчищена дорога,Благоустройство
уберите крупногабаритный мусор с газона,Благоустройство
Не работает освещение. Необходимо заменить лампу на этаже. 5 этаж.,Содержание МКД
Надписи на дверях в подвал парадная 3,Благоустройство
"6 этаж 2 парадная дом по адресу Дыбенко 4 корпус 2 строение 1.
Повреждены соединение подведения ХВС, ГВС - мокрые соединения ХВС, подтекание, следы коррозии на соединениях ГВС.
В шкафу хвс, гвс на лестничной площадке присутствуют микропротечки и коррозия на деталях и соединительной арматуре - видны наросты и позеленение. Сильный конденсат.",Водоснабжение
Несанкционированные объявления на опоре освещения,Благоустройство
Плакат на павильоне,Благоустройство
Добрый день! Просьба закрасить надпись на доме,Благоустройство
уберите,Благоустройство
"на дереве прикреплена реклама, требуется её снять",Благоустройство
Не работают светофоры. Проблема имеет системный характер.,Благоустройство
Незаконное размещение информационной и (или) рекламной конструкции на территории Санкт-Петербурга,Незаконная информационная и (или) рекламная конструкция
прошу восстановить освещение,Благоустройство
Мусор на тротуаре,Благоустройство
у дома отсутствует контейнерная площадка. контейнеры брошены на асфальте без ограждения в нарушение СанПиН. полная антисанитария,Благоустройство
демонтировать рольставню,Нарушение правил пользования общим имуществом
надписи на стенах,Благоустройство
"Много  крыс в подвале. Крысы проникают на лестничные клетки и в квартиры.  В доме находится детский сад!!!
Слабые крысы погибли, их приходится убирать жителям. А сильные только окрепли. Надо мероприятия проводить более тщательно и качественно!  После чего отчитаться где, на какой площади, и какими средствами проводились работы. Жители тоже своими силами травили крыс, возможно это наши результаты. Но крысы на сегодня остались, и это недопустимо!",Санитарное состояние
демонтировать рекламную конструкцию,Незаконная информационная и (или) рекламная конструкция
Подстричь кусты,Благоустройство
объявления на фонаре,Благоустройство
"Здравствуйте.
 Повреждения дорожного покрытия проезжей части (59.861458, 29.955402).
Спасибо.",Благоустройство
мусор вдоль Рехколовского шоссе,Благоустройство
Окно заколочено,Благоустройство
Грязь! Никто не убирает без жалоб!,Содержание МКД
"В подъезде N2 магнит замка не зафиксирован, дверь открывается без ключа.",Содержание МКД
разбито стекло на переходной двери 14 этаж 2 парадная,Содержание МКД
Прошу закрасить граффити,Благоустройство
ул. Окраинная д.9 литер Б во дворе со стороны парадных огромная яма!,Благоустройство
Реклама на фонарном столбе.,Благоустройство
возможно незаконная вывеска на магазине,Незаконная информационная и (или) рекламная конструкция
"На газоне мусор, куски асфальта, бетонная плита.",Благоустройство
"На втором этаже в ненадлежащем состоянии содержится мусоропровод. В стволе находится сквозное отверстие. За стволом, в полу ещё два отверстия через которые проникает неприятный устойчивый запах из мусорной камеры в места общего пользования второго этажа дома. Вентиляция помещений отсутствует, предположительно из-за засорившийся  решетки вентиляционного канала. Просьба, провести ремонт ствола мусоропровода, загерметизировать отверстия в полу за ним, восстановить вентиляцию помещения. Провести проверку санитарного состояния мусорной камеры с целью определения источника неприятного запаха.",Содержание МКД
"Неудовлетворительное состояние Люка у здания Военно-Морской академии им Кузнецова, со стороны Ушаковской набережной",Повреждения или неисправность элементов уличной инфраструктуры
Самовольное размещение роллет,Нарушение правил пользования общим имуществом
"энгельса 129 кор 1 парадная 1 этаж 1
сбита плитка согласно фотофиксации",Содержание МКД
Мусор на газоне. Необходимо убрать.,Благоустройство
Нет освещения детской площадки,Благоустройство
"После замены напольного покрытия надо восстановить окраску стен рядом с плинтусами. Парадная 6, этаж 2.",Содержание МКД
"двери на 22 этаже и пожарной лестнице не закрываются, притирают об пол",Содержание МКД
снег на дороге,Благоустройство
"Реклама 
XXXXXXXXXX
 на стене дома, Кирочная, 14",Благоустройство
Надписи на стенах,Благоустройство
"Плохо горит свет 
Просьба заменить лампочку
Со стороны улицы , где магазин торговый центр",Содержание МКД
Повреждения дорожного покрытия проезжей части,Благоустройство
"За домом №3 Придорожная аллея отсутствует крышка люка. Открытый люк находится на газоне, за забором, 
почти напротив входа на детскую площадку",Повреждения или неисправность элементов уличной инфраструктуры
"Прошу очистить асфальт от песка, грязи и пыли",Благоустройство
Надписи на стенде.,Состояние рекламных или информационных конструкций
мусор в виде покрышки. нужно убрать,Благоустройство
"Вазон без цветов.
Необходимо насыпать плодородный грунт и посадить многолетние цветы.",Благоустройство
"незаконная глухая решетка на фасаде в нарушении противопожарной ТБ.
подьезд 1.",Нарушение правил пользования общим имуществом
неубранный снег,Благоустройство
Убрать,Благоустройство
прошу заделать ямы,Благоустройство
Во дворе снег не убран. Теперь еще - гололед и лужи.,Благоустройство
"В 2019 году проводились работы по благоустройству и на этом участке нет ни отводов, ни дренажа, эти работы проводил отдел благоустройства местной администрации (муниципалы), они потом пытались исправить, но без результата. Сейчас все хуже – топит и топит, колодец, который у самого угла – дренажный, он никуда не ведет, а они просверлили в люке дырки, в результате он переполняется, и вода только прибывает. Дальше течет в подвал, а оттуда уже распространяется сырость и плесень.",Благоустройство
"Очистить дорожные знаки от самоклея, не оставляя следов бумаги и клея.",Благоустройство
"Обледеневшие тротуары, необходимо посыпать песком",Благоустройство
Мусор на газоне в виде покрышек,Благоустройство
валяется бум.мусор,Благоустройство
Предложение по установке ограждения газона для ограничения заезда машин,Благоустройство
Покрасить лавочки,Благоустройство
уберите,Благоустройство
сильный запах помойки на всех этажах.,Санитарное состояние
Проверить законность рекламной вывески,Незаконная информационная и (или) рекламная конструкция
Мусор около университета. Прошу разобраться и предотвратить складирование мусора,Благоустройство
"Надпись на стене дома при входе в арку со стороны ул. Стремянная. 
XXXXXXXXXXXXXXXXX XXXXXXX XXXXXXX X XXXXXXXXXXXXXXXX XXXXXXXXXXXXX XXXXXXXXX",Благоустройство
Прошу убрать мусор,Благоустройство
Мусор на лестнице лежит уже три дня.,Содержание МКД
Необходимо демонтировать незаконную рекламную конструкцию,Незаконная информационная и (или) рекламная конструкция
Несанкционированные надписи на стенах домов.,Благоустройство
очистите,Благоустройство
"безобразное состояние проезжей части по Галерному проезду, на перекрестке с Парусной улицей. машинам не проехать по направлению к ул. Нахимова. на остановке не подойти к институтском у автобусу",Благоустройство
14 этаж. Отваливается штукатурка в общем коридоре.,Содержание МКД
"предлагаю оградить газон , забором. т.к здесь регулярно паркуются авто.",Благоустройство
прочистить замёрзшую водоотводящую трубу паром (как показывают по ТВ это делает Водоканал!),Благоустройство
Надписи на фасаде дома / у ворот 1 двора,Благоустройство
Трещина,Благоустройство
ямы на дороге,Благоустройство
Надписи на стенде.,Состояние рекламных или информационных конструкций
граффити на стенах дома со стороны литейного проспекта,Благоустройство
"Отсутствуют доводчики на дверях. 7 парадная, 1 этаж, входные двери. Михаила Дудина, 12",Содержание МКД
"Не убран снег на остановках Орлово-Денисовский пр., из за невозможности подъехать вплотную к остановке, людям не войти в автобус, особенно с коляской и пожилым людям, хотя начиная с Парашютной ул. ,Выборгское шоссе, Хошимина все убрано, а Суздальское шоссе и наша остановка нет. Непонятна логистика уборки. Прошу принять меры по постоянной уборке остановок Орлово - Денисовский пр",Благоустройство
Требуется проверить законность размещения выделенной рекламной (информационной) конструкции на здании.,Незаконная информационная и (или) рекламная конструкция
"кустарник перед домом давно не подстригался, выглядит не ухоженно, угрожает безопасности прохожих",Благоустройство
Надписи на информационной табличке. Фотофиксация- 06.04.2021г.,Благоустройство
Мусор,Благоустройство
"15.02.2021г уже было обращение, вхN3206115, по поводу выставления стритлайна с рекламой скупки на газон. 
18.02.2021 получен ответ с фотофиксацией об устранении проблемы. 
На сегодняшний день незаконная рекламная конструкция опять выставлена на газон. Прошу привлечь к административной ответственности данную организацию и руководителя за игнорирование требований и законодательства.",Незаконная информационная и (или) рекламная конструкция
Несанкционированные надписи.,Благоустройство
Мусор на газоне у дома №39 на улице Моховая,Благоустройство
Убрать мусор у 1-го подъезда.,Благоустройство
"На въезде во двор находится огромная яма, которую некоторое время назад засыпали гравием, но это ни к чему не привело",Благоустройство
Прошу восстановить лестницу,Благоустройство
Граффити,Благоустройство
Мжеду 5 и 4 этажами необходима влажная уборка перил,Содержание МКД
Требуется удалить надписи,Благоустройство
Разбита напольная плитка в холле первого этажа 3 парадной возле грузового лифта.,Содержание МКД
самовольная камера видео наблюдения.,Нарушение правил пользования общим имуществом
"Неубранный снег на Московском проспекте, правая крайняя полоса и места парковки вдоль проспекта. Невозможно выехать с места парковки. Невозможно заехать на место парковки. Отсутствии реакции в течении в 2-х дней на жалобу по горячей линии комитета благоустройства (жалоба N 2413)",Благоустройство
"Наледь на аллее парка.
Фото в ответе сделаны с другого места парка, там дорога с асфальтом, на указанной мною аллее-гравий. По всем сообщениям ответчик даёт 2 фото сделанные в центре парка.",Благоустройство
Мусор в приямке,Благоустройство
Прошу убрать загромождения из складируемых вещей с лестницы ведущей в подвал! 2 Парадная,Содержание МКД
Убрать горы мелкого мусора с газона!,Благоустройство
Несанкционированные объявления борделей на опоре освещения,Благоустройство
очистите,Благоустройство
На чердаке над парадной 3 течет вентиль на системе отопления,Центральное отопление
очистить,Благоустройство
"В единственной парадной дома на ветеранов 150, на лестничных площадках присутствуют недостатки изоляции отопительных магистралей: некоторые повреждены, некоторые отсутствуют. Прошу принять меры.
Проблема не устранена.
Работы выполнены бездумно и лишь бы отстали. Старую теплоизоляцию не удосужились вынести и кинули в 3х метрах от места замены. Замены проведены некачественно, на фотографиях в приложении видны прогалины в теплоизоляции.
Полагаю, что помимо замены изоляционного материала стоило нанести защитное покрытие на изоляцию.
Замены произведены только в тех местах, которые были сфотографированы при подаче жалобы, в остальных местах посмотреть и заменить не догадались. 
Прошу провести работы качественно.",Водоснабжение
Отсутствует освещение на 1 этаже 2 подезда,Содержание МКД
"На колонне в арке между 7 и 8 секцией светлая заплатка краски, которая выделяется на фоне цвета фасада (на фото выделено овалом). Прошу убрать.",Фасад
"Энгельса 140, газель госномер Н577МС47. Отсутствует передняя оптика (штатная противотуманка). Требую убрать автохлам.",Благоустройство
ямы в асфальте вдоль поребрика,Благоустройство
Мусор вне контейнера.,Содержание МКД
Рисунки (ближе к 20 дому),Благоустройство
"Неудовлетворительное состояние парадной

Грязные стены, нужно помыть (7 парадная)",Содержание МКД
"Привести в порядок со всех сторон от рекламы, не оставляя следов бумаги и клея.",Состояние рекламных или информационных конструкций
переполнен мусоропровод в 11 парадной между 1 и 2 этажом,Санитарное состояние
Просьба решить данную проблему.,Благоустройство
"люк просел, образовалась яма. требуется переустановить люк ровно.",Повреждения или неисправность элементов уличной инфраструктуры
"Требуется произвести работы по качественному ремонту асфальтового покрытия Картой, соблюдая технологии. 

Фотофиксация от 31.10.прилагается.",Благоустройство
ямы во дворе,Благоустройство
очистите о о,Благоустройство
объявления и рисунки на знаках,Благоустройство
Неубранный снег,Благоустройство
нелегальная торговля мимозами,"Незаконная реализация товаров с торгового оборудования (прилавок, ящик, с земли)"
"неисправности оборудования на детской площадке, ( сломаны ручки , прогнившие либо оторваны элементы, качели жутко скрипят)",Благоустройство
новоизмайловский проспект в районе дома #3. крайняя правая полоса засыпана снегом. Мешает проезду и парковке транспортных средств,Благоустройство
бесхозная металлоконструкция. Нужно демонтировать,Благоустройство
"несанкционированная реклама на облицовке шахты лифта, 9 этаж, парадная 6",Содержание МКД
"неубранный снег, требуется посыпка",Благоустройство
Прошу очистить дорожку от льда,Благоустройство
8 парадная. Сломаны почтовые ящики,Содержание МКД
"Пятая парадная, межквартирный холл второго этажа. Из-за плохой укладки проводов не закрывается ревизионный люк. И похоже неисправен замок люка.",Содержание МКД
"Самовольно установили кондиционер, ни с кем не согласовывали, прошу принять меры.",Нарушение правил пользования общим имуществом
Просьба убрать мусор. Спасибо,Благоустройство
"Гранитная д.52: вдоль всего дома многочисленные ямы, выбоины глубиной до 10 см в асфальтом покрытии.
Необходимо произвести качественный ремонт придомовых дорог. Частичное ""латание"" дыр не работает!!!
Спасибо!",Благоустройство
"Во время уборки наледей с крыши дома разбили единственный источник света во всем дворе. В ночное время приходится заходить в парадную на ощупь. Кроме этого, должное освещение отсутствует во всех дворах дома. Страшно и опасно ходить в темное время суток как в сторону Невского проспекта, так и в сторону улицы Восстания (двор проходной).",Содержание МКД
"много мусора, бутылок, листвы",Благоустройство
гололед о о,Благоустройство
"Прошу убрать незаконно установленную рекламу. Прошу учесть, что после каждой Вашей проверки хозяин магазина перевешивает свою рекламу на новое место!",Незаконная информационная и (или) рекламная конструкция
Убрать,Благоустройство
Мусор на газоне вдоль забора,Благоустройство
Мусор на внутридворовой территории.,Благоустройство
"надписи, бремя содержания собственником не выполняется, прошу обязать собственника своевременно устранять надписи, а не раз в 3 месяца

Согласно ст. 210 Гражданского Кодекса Российской Федерации (часть первая) 30.11.1994 №51-ФЗ (ред. от 16.12.2019) собственник несет бремя содержания принадлежащего ему имущества, если иное не предусмотрено законом или договором.",Благоустройство
Яма на проездной части . Прошу привести полотно в надлежащее состояние,Благоустройство
провал грунта у колодца,Повреждения или неисправность элементов уличной инфраструктуры
5 этаж отсутствует опломбировка пожарных щитков,Содержание МКД
граффити на заборе,Благоустройство
Мелкий мусор ( бычки/ предметы гигиены). Просьба УК убрать,Благоустройство
"Требуется произвести работы по качественной очистке дорожного знака от несанкционированного рекламного объявления, не оставляя следов. 

Фотофиксация от 18.03.прилагается.",Благоустройство
песок,Благоустройство
"В обозначенном месте, длительное время стоит разукомплектованный автомобиль с отсутствующим боковым стеклом.

В соответствии с подпунктом 1 пункта 3 статьи 30 Закона Санкт-Петербурга от 12.05.2010 № 273-70 «Об административных правонарушениях в Санкт-Петербурге» под разукомплектованным транспортным средством понимается:

1) транспортное средство, у которого отсутствуют одна или несколько кузовных деталей (предусмотренные конструкцией капот, дверь, замок двери кузова или кабины, запор горловин цистерн, пробки топливного бака) и(или) ОТСУТСТВУЮТ ОДНО ИЛИ НЕСКОЛЬКО СТЕКОЛ, внешних световых приборов, колес, шин;

2) сгоревшее транспортное средство.
В соответствии с вышеуказанным данный автомобиль считается разукомплектованным и подлежит вывозу с объекта благоустройства.",Благоустройство
"На территории земельного участка кадастровый номер 78:14:0007546:6154 предназначенного для размещения образовательного учреждения осуществляется стихийная парковка транспортных средств. В результате заезда автотранспорта происходит нарушение грунтового покрытия в результате чего налипающий на колеса  грунт разносится по прилегающей территории и Варшавской улице.
 Въезд на участок осуществляется с двух сторон - из дворового проезда между домами 23 к. 3 и 23 к. 2 по Варшавской ул., а также между д.23 к. 2 и 23 к.1.
Прошу принять меры по предотвращению стихийной парковки и установить газонные ограждения в зонах въездов со стороны дворовых проездов (места обозначены на прилагаемой схеме).",Благоустройство
"Добрый день! Двор дома по адресу Курляндская улица 29-31 в очень загрязнённом состоянии. В нем куча песка, пожухлых листьев и мусора",Благоустройство
"Около 3 недель назад обращалась с проблемой в ЖЭК. Суть в том, чтобы пошла горячая вода, надо было ожидать с включенным краном 10 минут, при этом счётчики крутятся. После этих ожиданий, душ принимали под контрастным душем-никогда не знаешь, какая вода польется, кипяток или ледяная. На данный момент ничего не изменилось. Я до сих пор не могу сходить в душ без приключений, ситуация стала еще хуже. Вода льется так же ледяная, что утром, что вечером.",Водоснабжение
Сломан лифт  парадная 24,Содержание МКД
Реклама на трубе.,Благоустройство
очистить,Благоустройство
Граффити,Благоустройство
"1 парадная. Разбито зеркало в лифте первой парадной. Лифт у нас временно облицован фанерой, зеркало разбито под фанерой, за ручкой лифта.  
1 фотография самого лифта, на второй фотографии под ручкой виден кусок разбитого зеркала. Просьба заменить разбитое зеркало.",Содержание МКД
В 3 парадной пассажирский лифт стоит на 9 этаже без движения вторые сутки.,Содержание МКД
не убрана осеняя листва. просьба убрать,Благоустройство
граффити на заборе,Благоустройство
лужи,Благоустройство
"Зеленый низ дома, надо помыть.",Фасад
Мусор на детской площадке не убирается,Благоустройство
Нет уборки дворовой территории от снега. Подзоды к паралным не расчищены,Благоустройство
Отсутствие горячей воды в течение 5 календарных дней.,Водоснабжение
"Не убрана спортивная площадка, листья, подушка, одеяло...",Благоустройство
"Мусор, листва, грязь",Благоустройство
Кондиционер,Нарушение правил пользования общим имуществом
"Закрасьте, пожалуйста, граффити вандалов. Подъезд №1.",Благоустройство
граффити на отдельно стоящей рекламной конструкции,Состояние рекламных или информационных конструкций
"2 парадная 12 этаж,прилифтовой холл выход на общий балкон,сломан доводчик на входную дверь",Содержание МКД
между 2 и 3 этажами. грязные стены,Содержание МКД
"требуется установить ещё один оградительный камень, так как между установленными большое пространство и  на тротуар всё равно ставят автомобили. с коляской приходится обходить их по дороге .",Благоустройство
Прошу восстановить освещение на пандусе,Благоустройство
демонтировать провода,Благоустройство
надписи,Благоустройство
"кольцо люка сдвинуто, опасно",Повреждения или неисправность элементов уличной инфраструктуры
"Нет стекла на дверях, черная лестница , этаж #9",Содержание МКД
"X XX XXXXXXX X X XXX XXXXX XXXX XXXXXXXXX XXXX XXXXX XX XXX XXX XX XXXXXXXX XXXX X XXXXXXXX XX X XXX XXXXX X XXXXXXXXX XXXXX XXXXXXXXXXXXXXXXX XXXXXXXXXXXX XXXXXXXXX X XXXXX XXXXXXXXXXXXXX XXXXXXX XXXXXXXXXXXXXXX XXXXXX XXXXXXXXXXXXXXXX XXX XXXXXXXXXXXXXX X XXXXX XXX XXXXX X XXX XXXX XXXXXXX XXXXXXX X XXX XXXXXXXXXXXXXX X XXX XXXXXXXXXXXX XXXXXXXXX X XXXXXXXXXXXX XX XXXXX X XXX XX XXXXXXXXX XXXXXXXX X XXXXXXXXXXXXX XXXXXXXX XXXXX X XXXXXXXXXX


Свет в подвале парадной 2 ПРОДОЛЖАЕТ ГОРЕТЬ КРУГЛОСУТОЧНО с момента опубликования 12 ноября 2020 г. проблемы № 3010355. 

А ещё жкс-3 ставит во все последующие отчёты по данной проблеме фото, которыми отчитался за выполнение сообщения от 12 ноября 2020 г. проблемы № 3010355
Сравните фото в отчете от 30.11.20 по проблеме  № 3031680 и фото в отчете от 10.12.20 по проблеме № 3053505",Содержание МКД
В подъезде 19 в малом пассажирском лифте уже несколько дней при остановке и открытии дверей выдается голосовое сообщение из динамика на английском языке: «Лифт безопасно остановился на нижнем этаже. Пожалуйста покиньте лифт!». Просьба проверить безопасность эксплуатации лифта и отключить это голосовое сообщение.,Содержание МКД
"Просьба убрать рекламу интернета 
30 пар",Содержание МКД
"несанкционированные надписи на трансформаторной будке прикрепленной к стене дома 10 к1Г (дворовая сторона дома, к школе и стадиону)",Благоустройство
Мусорная свалка,Благоустройство
Наледи и сосули,Кровля
снег на дороге,Благоустройство
Открыт вход в подвал. Закрыть на замок.,Подвалы
Граффити на светофоре,Благоустройство
Просьба стереть надписи. Спасибо,Благоустройство
"значит по правилам пожарной безопасности перегородки надо сносит а что значит короб для электро проводки из дерева. пусть управляющая компания переделывает, за что мы деньги им платим",Содержание МКД
не горит одна лампочка в арке,Содержание МКД
"Адрес ул Большая Посадская дом 9/5, лестница 10. Не соблюдается график уборки подъезда",Содержание МКД
Сломана коробка вокруг лифтового оборудования,Содержание МКД
На 9 этаже секции А моп уже месяц не убирают,Содержание МКД
"Висит график на октябрь, уборка не производится. Мусор, грязь на подоконниках, следы краски на полу.",Содержание МКД
Надписи на стенах.,Благоустройство
мусор возле дома,Благоустройство
очистите о о,Благоустройство
"Прошу проверить законность размещения / установки информационной и (или) рекламной конструкции, изображенной на прилагаемых фото и в случае несоответствия принять меры по его устранению.

Примечание - рекламная информация (конструкция) представляет собой виниловую пленку на наружной поверхности стеклопакета 

Адрес: Автовская, 15",Незаконная информационная и (или) рекламная конструкция
"Железобетонные изделия на территории двора.
Фото прилагается.",Благоустройство
Дворовая территория не убирается совсем.,Благоустройство
надписи,Состояние рекламных или информационных конструкций
Разрушается асфальтовое и плиточное покрытие тротуара.,Благоустройство
мусор на дороге,Благоустройство
Мусор на газоне шины. Прошу очистить территорию без повреждений зелёных насаждений.,Благоустройство
"6 парадная, реклама в лифте",Нарушение порядка пользования общим имуществом
не горит один фонарь,Благоустройство
"необходимо приведение в порядок газона, а именно уборка мусора. спасибо",Благоустройство
Нет уборки лестничной клетки,Содержание МКД
мусор,Благоустройство
Необходимо восстановить целостность переключателя (сейчас нет клавиш),Содержание МКД
На пожарной(черной) лестнице хранятся вещи.,Содержание МКД
Граффити на фасаде.,Благоустройство
"Добрый день, на протяжении длительного времени наблюдаю отвратительную картину. Урны с мусором стоят переполненными. Даже после того как мысор рассыпается вокруг, их не торопятся убирать. Прошу повлиять на ситуацию с целью надлежащего содержания указанной территории. Из трёх урн все три переполнены постоянно.",Благоустройство
"Требуется произвести работы по качественной очистке дорожного знака от несанкционированных рекламных объявлений, не оставляя следов.
Знак ВООБЩЕ не прочитать.

Фотофиксация от 11.11.прилагается.",Благоустройство
"На втором этаже из ящика постоянно свисают провода интернет провайдеров, антенны и т.д. Открывают его постоянно. Прошу рассмотреть вопрос об установке замков на эти ящики во избежание использования их криминальными элементами для передачи  наркотических и иных веществ.",Содержание МКД
"Детская площадка, которая построена по адресу: во дворе дома номер 3 по ул Аэродромная, в жутком состоянии, качели непригодны для эксплуатации. Никто ничего не делает, поменяли пару прогнивших досок в скамейках и на этом все( Дети гуляя на данной площадке могут получить травму. Просим Вас принять меры, отремонтировать все необходимые качели, все смазать. В некоторых качелях вырваны ручки, где дети должны держаться. На деревянной горке, наверху, прогнили доски, дети пытаются их дальше расковырять, кто-то уже получил занозу. Заранее благодарим за решение данной проблемы. С уважением, Марина А.",Благоустройство
"Добрый день! Мусор сваливают рядом с помойкой, которая закрыта на ключ. Каждый день его все больше...",Благоустройство
Покрышка на обочине !! Возмутительно!,Благоустройство
"Неубранная листва
Простите, но Вы даже в ответ шлёте листву",Благоустройство
Граффити на фасаде дома,Благоустройство
Проверить законность вывески,Незаконная информационная и (или) рекламная конструкция
"В подвале течет канализация, подвал затапливает, вход из шестой парадной.",Водоснабжение
Повреждена (царапина) дверь лифтового оборудования.,Содержание МКД
незаконная решетка на фасаде,Нарушение правил пользования общим имуществом
"отсутствует информация о длительном проведении ремонтных работ в первой парадной, строители появляется очень редко.",Содержание МКД
мусор на дороге,Благоустройство
Надписи,Благоустройство
"Надписи на фасаде. Фотофиксация- 16.03.2021г., 18:59.",Благоустройство
"По адресу город Колпино, Заводской проспект, дом 52, литера А, неудовлетворительное состояние асфальтового покрытия на придомовой территории. Данное покрытие было повреждено сотрудниками управляющей компании при демонтаже урны. Разберитесь пожалуйста!",Благоустройство
"Промерзает стена на стыке панелей. Начала появляться плесень и, возможно, грибок. Проблема возникла после капремонта фасада в холодное время года. Ремонт фасада производили примерно год назад. Так же скапливается конденсат в нижней части окон во всех комнатах и на кухне. 
XXXXXX XXXXXXXX XXX XXXXX XXX XXXX XXXXXXXX XXXXXXXXXXX XXXX XXXXXXXXXXXXX",Фасад
Объявление на дорожном знаке.,Благоустройство
прошу покрасить доску в цвет стены на черной лестнице на 8 этаже,Содержание МКД
Прошу устранить.,Благоустройство
Не вывозится мусор с контейнерной площадки,Содержание МКД
"На нескольких этажах в подъезде №8 одним из жильцов самовольно размещены бумажные принты на стенах общедомового имущества. Принты приклеены скотчем, который портит краску на стенах подъезда, необходимо очистить стены от самовольно размещенных принтов и привести в порядок общедомовое имущество. Клеить картинки следует в своей квартире, но не в подъезде дома. ТСЖ ""Суворовский-61"" не следит за состоянием общедомового имущества. 

Должностные лица ТСЖ обязаны обеспечить выполнение всеми собственниками устава ТСЖ, в частности пунктов устава по содержанию общего домового имущества. В обязанности ТСЖ (по действующему уставу ТСЖ) входит обеспечение выполнения требований действующего законодательства. 

Прошу очистить стены подъезда от принтов и провести ремонт.
Стены верхних этажей не очищены от самовольно размещенных принтов (фото №1 в первоначальном сообщении). Необходимо полностью очистить от макулатуры на стенах все этажи в подъезде, а не только первый этаж!  

Новые фотографии от 3.12.20  демонстрируют, что проблема все еще не решена. Содержание общедомового имущества и контроль за соблюдением устава ТСЖ всеми собственниками МКД находится в ведении ТСЖ ""Суворовский-61"" (см. копию устава). Необходимо привести в порядок подъезд, осмотрев и очистив стены с 7 по 1 этаж полностью.",Содержание МКД
Не работает освещение на черной лестнице между 9 и 8 этажами в 3 подъезде.,Содержание МКД
Брошенный пакет в Митрополичем саду,Благоустройство
Надписи на будке.,Благоустройство
Самовольное размещение кондиционера (указано стрелкой) на дворовом фасаде дома рядом с лк17. Согласование с КГА и решение собственников отсутствуют.,Нарушение правил пользования общим имуществом
Роллет,Нарушение правил пользования общим имуществом
Неубранные лестничные клетки,Содержание МКД
"гора грунта на асфальтовом покрытии тротуара
просьба убрать источник грязи и препятствие на пути пешеходов",Благоустройство
Подъезд 1. Возле входа в подъезд мусор.,Благоустройство
Реклама в парадной,Содержание МКД
"В сотый раз закалённые дешёвым скотчем утеплители труб на этажах разошлись! Сколько ещё будет переделываться данная работа и списываться деньги с нашего Домового счета на это безобразие?! Количество сообщений на Портале по этому поводу уже превысило десяток! Видимо, пора обратиться в Прокуратуру! Фото прилагаю! Для примера один из этажей!",Содержание МКД
удалить Роллет,Нарушение правил пользования общим имуществом
Завален фонарь,Благоустройство
Лужи на проезжей части подъезда к домам и рядом с контейнерной площадкой. Обходятся и объезжаются по газонам. А там просто грязь.,Благоустройство
Незаконная рекламная конструкция.,Незаконная информационная и (или) рекламная конструкция
очистите,Благоустройство
Скопление бытового мусора на территории парка,Благоустройство
Фрагментарная окраска запрещена,Фасад
"Незаконные конструкции снова на прежнем месте.

XXXXXX XXXXXXXXXX X XXXX XXX XXXXXXXXXXX XXXX XXXXX XXXXXXXXXXXXX XX XXXXXXXXXXXX XXXXXX XXXXX XXXXX XXXXXXXXXXXX",Благоустройство
Горячая вода ржавого цвета,Водоснабжение
Граффити на фасаде дома,Благоустройство
граффити на знаке и столбе,Благоустройство
Несанкционированные надписи.,Благоустройство
Очистить дорожный знак от надписей!,Благоустройство
Незаконная рекламная конструкция,Незаконная информационная и (или) рекламная конструкция
"строители 
XX XXXXXXXXXX XXXXXXXXX
постоянно специально выводят из строя доводчик входной двери в парадную #10, чтобы дверь не закрывалась",Содержание МКД
Нет уборки парадной длительное время. Куча песка и грязь в парадной на 6 им этаже. Окурки на лестнице. С 3-6 эт.,Содержание МКД
Мусорный контейнер переполнен. Мусор на контейнерной площадке.,Содержание МКД
"не выполнена заявка по уборке лестничных клеток в парадной( всего 1 подъезд)за что ЖКС взимает плату с жильцов,площадка лифта в грязнейшем состоянии,график уборки парадной вообще не соблюдается,пока не сделаю сама заявку",Содержание МКД
"Во дворе дома Московский проспект 140, снег кое как чистят, но абсолютно не вывозят, а складируют кучами, где им удобно, чтобы себя не перетруждать. И все эти кучи уже неделю лишь увеличиваются. Засыпают даже автомобили, парковки, проходы. Мой авто засыпали снегом, что я не могу выехать и благополучно сбрасывают на него снег и лёд с крыши дома 138, тем самым наносят повреждения(придётся разбираться в суде). Просьба вывезти снег в срочном порядке.",Благоустройство
Яма на асфальте.,Благоустройство
Необходимо демонтировать конструкции препятствующие парковке,Благоустройство
Необходимо произвести уборку снега,Благоустройство
НА СТЕНДАХ  РЕКЛАМА,Содержание МКД
Прошу проверить законность установки конструкции.,Незаконная информационная и (или) рекламная конструкция
"Несанкционированная свалка мусора,  которая постоянно возобновляется. В десяти метрах от наших окон) снимки из окна)",Благоустройство
"Постоянные лужи на тротуаре, сделайте водоотвод ,невозможно ходить !!!",Благоустройство
Мусор у парадной!,Благоустройство
большая лужа на пешеходном переходе,Благоустройство
"Отсутствует часть ограждения. 
Просьба провести работы по восстановлению ограждения.",Благоустройство
Граффити на заборе,Благоустройство
мусор на газоне и у дерева вдоль гаражей,Благоустройство
Необходимо очистить дорожный знак от надписей,Благоустройство
сломаны продухи в подвал,Подвалы
незаконная решетка на фасаде,Нарушение правил пользования общим имуществом
демонтировать рекламу,Благоустройство
разукомплектованый автомобиль,Благоустройство
"За конструкцией собственник не следит от слова совсем...
В таком состоянии конструкция находится очень давно!
Требуется привести конструкцию в надлежащее состояние. 

Фотофиксация от 01.02.прилагается.",Состояние рекламных или информационных конструкций
"Мелкий бытовой мусор на газонах вдоль проезжей части(Морская наб.25, к.1).",Благоустройство
"вал неубранного снега и наледь на части тротуара вдоль газона
просьба выполнить уборку на данном участке",Благоустройство
Фактически самоклей на жд мосту. Очистить и закрасить граффити.,Благоустройство
Требуется очистить проезжую часть от песка,Благоустройство
Необходимо очистить опору освещения от объявлений,Благоустройство
Мусор на дереве,Благоустройство
В парадной № 17 на этаже 13 провисают провода на лестничной клетке.,Содержание МКД
разрушение плитки крылец 3 парадная,Благоустройство
"Не могут убрать ограждения и старый асфальт 
Уже 2 уж неделю все это находится во дворе",Благоустройство
"В третьей,слева от первой,центральной,парадной жилого дома по адресу : Гражданский проспект дом 27, корпус 1, литера А,- между ПЕРВЫМ И ВТОРЫМ этажами этой парадной,на промежуточной лестничной площадке,расположенной между этими этажами, - ПОЛ этой площадки,в месте где над этим полом на стене висят почтовые ящики с №18-25, -  пол заляпан пятном темного цвета неизвестного происхождения диаметром около 0,2 метра .Прошу очистить пол площадки от этого пятна.
Ответом НЕ УДОВЛЕТВОРЕН,так как он не соответствует действительности.В своем Сообщении я писал о пятне темного цвета на полу под почтовыми ящиками 18-25 в третьей парадной дома.Как было это пятно на полу,так оно по состоянию на 10.04.21. там на полу и осталось, приложенные к данному тексту фото это доказывают.И сколько бы не ссылалась в приложенным к Ответу письме председатель правления ЖСК № 459 Батанина  на солидный возраст дома и возникшую вследствие этого пористость пола,загрязненного этим пятном,как ни вывешивала бы она графики уборки парадных,но ФАКТ ОСТАЕТСЯ ФАКТОМ :  пятно НЕ УБРАНО, А ПОЛ ОТ ПЯТНА НЕ ОЧИЩЕН.При нынешнем уровне развития бытовой химии очистить каменный пол от грязи любого происхождения не составляет особого труда.И вполне возможно дело не пористости загрязненного пола и не в возрасте дома - в Питере есть дома намного старше и намного чише,а дело в профессиональных качествах того,кто должен следить за чистотой пола,но не делает этого и пишет вместо этого отписки.",Содержание МКД
"Не производится уборка лестницы №3, график уборки просрочен.
Прошу привести лестничную клетку в надлежащее санитарное состояние, работы по уборке выполнять в соответствии с графиком, разместить актуальный график уборки на информационном стенде.",Содержание МКД
демонтировать рекламную конструкцию,Незаконная информационная и (или) рекламная конструкция
"Позорище. Горы мусора. Свалка, а не придомовая территория",Благоустройство
прошу проверить правильность установки дорожного знака в части расстояния от нижней кромки знака до поверхности тротуара,Благоустройство
"Объявления на подстанции, необходимо убрать",Благоустройство
Нет светильника. Установите пожалуйста. Подъезд второй. Рядом с квартирой 19,Содержание МКД
реклама на электрошкафу большом,Благоустройство
Надписи,Благоустройство
"В подьезде 4 голые провода.
разломана и вывернута с проводами распред.коробка.
необходимо убрать и проверить правильность подключения света(с фотореле) на входе.
Также необходимо убрать зел.выкл.(свет в тамбуре) и подключить свет в тамбуре в постоянный режим, т.к в тамбуре темно круглосуточно.",Содержание МКД
мусор около арки,Благоустройство
"Провалился асфальт у придомовой территории, нужно заделать!",Благоустройство
Закрасить надписи,Благоустройство
Очень много мелкого мусора￼,Благоустройство
смыть надписи и граффити.,Благоустройство
Мусор на тротуаре Требуется уборка,Благоустройство
Очистить дорожный знак от самоклея.,Благоустройство
большие ветки от упавшего дерева лежат на газоне и мусор.уберите пожалуйста,Благоустройство
"Уборка лестницы в парадной с кв. 9,27,28,29 не производится вообще. В начале месяца вывешивается график с уже подписанной первой неделей!. При этом уборка не производится вообще. Графики до конца месяца висят пустые. В связи с ковид обработки не производятся вообще. Фото парадной и график уборки прилагаю.",Содержание МКД
Очистить дорожный знак,Благоустройство
граффити на стене,Благоустройство
Мусор около входа,Благоустройство
Сломан ветка дерева и мусор на соседнем дереве.,Благоустройство
Не убраны листья,Благоустройство
На тротуаре возле 4 парадной наблюдается просадка асфальтобетонного покрытия рядом с люком. Просьба восстановить покрытие в нормативное состояние.,Повреждения или неисправность элементов уличной инфраструктуры
Граффити на стене в пассажирском лифте. 3я парадная.,Содержание МКД
"Бытовой мусор около шестой парадной ( рекламные бумажки, окурки и т.д.)",Благоустройство
яма,Благоустройство
незаконный сдвоенный кондиционер,Нарушение правил пользования общим имуществом
"Пол в коридоре 9 этажа, 13 секции давно не мылся",Содержание МКД
Просьба стереть надписи. Спасибо,Благоустройство
"Повреждение красочного слоя во дворе дома, стена во дворе, 3ий двор наб реки Фонтанки дом 103",Фасад
Несанкционированные объявления,Благоустройство
Героев 24 к 2 подъезд 4 на 17 этаже повреждён оконный откос,Содержание МКД
Рисунки,Благоустройство
Мусор вдоль дороги,Благоустройство
Реклама на фасаде метро,Благоустройство
Прошу убрать надписи,Благоустройство
Несанкционированные надписи на знаке,Благоустройство
Очистить,Благоустройство
Проверить разрешение на торговлю,"Незаконная реализация товаров с торгового оборудования (прилавок, ящик, с земли)"
мусор,Благоустройство
Прошу убрать мусор,Благоустройство
Конструкция препятствующая парковке￼ авто,Благоустройство
Реклама на светофоре,Благоустройство
Прошу заменить разбитый шкафчик.,Содержание МКД
демонтировать громкоговоритель-колонку,Нарушение правил пользования общим имуществом
"мощение рядом с люком провалилось. нарушен проектный уклон и ровность покрытия. требуется укрепить основание, переложить мощение восстановив проектную плоскость, ровность и проектный уклон.",Повреждения или неисправность элементов уличной инфраструктуры
Снова весь двор в мусоре! Не работают дворники!,Благоустройство
незаконная торговля товаром носящими признаки контрафакта в не положенном месте,"Незаконная реализация товаров с торгового оборудования (прилавок, ящик, с земли)"
уберите пакет с мусором с газона,Благоустройство
Течь в подвале возле парадной с,Водоснабжение
"пр. Солидарности, дом 5, парадная №5

Просьба восстановить стёкла в щиток в парадной",Содержание МКД
"Придомовая территория не убирается. Повсюду мусор, грязь. Подъезд 4",Благоустройство
"Перваяч парадная, изрисованы стены и окна на пятом этаже на левой лестнице
Проблема не устранена! Надписи остались на левой лестнице в первой парадной между 5 и 6 этажом. 
Фотографии, приложенные в результате отличаются, от приложенных в обращении, на фотографиях разные лестничные пролеты!",Содержание МКД
"В течение как минимум шести месяцев на площадке за лифтом на последнем этаже свалены крупногабаритные строительные отходы, картон и прочий хлам. Парадная 1, этаж 8, из лифта направо (площадка за лифтовой шахтой).",Содержание МКД
очистите,Благоустройство
снег на дороге,Благоустройство
Мусор на проезде,Благоустройство
деформирована (помята и искривлена) водосточная труба,Кровля
"Огромные сосульки во дворе висят над входом в помещение 1-Н , 4-Н и над входом в парадную , начинается оттепель и они сейчас полетят вниз! 
Это прямая Угроза жизни человека",Кровля
На сооружении надписи.,Благоустройство
В помещении на первом этаже рядом с тепловым пунктом протекает труба диаметром 100мм,Водоснабжение
Крупногабаритный мусор в виде покрышек и двух куч строительного мусора,Благоустройство
Надписи на стенде,Состояние рекламных или информационных конструкций
не работает ТСОДД индикация пешеходного перехода на ПП в г. Пушкин пересечение ул. Московской и ул. Церковной  у д. 6/14 по Московской ул.,Благоустройство
На первом этаже 5 парадной отваливаются гофры. Прошу произвести ремонт.,Содержание МКД
реклама на знаках,Благоустройство
сломано ограждение газона,Благоустройство
"Неудовлетворительное состояние парадной - открытая проводка подъезд 1 этаж 2: нижний щиток постоянно открытый, требуется закрыть на замок; у верхних шкафчиков стенки выгнуты наружу, требуется вогнуть их обратно и обеспечить закрытость и герметичность, необходимо закрыть на замок",Содержание МКД
Бумажные объявления на опоре,Благоустройство
"в подъезде не было ремонта более 5 лет, не смотря на требования госстроя. со всех поверхностей откалывается краска. отходит штукатурка со стен. требую провести ремонт!",Содержание МКД
"Как таит снег или на улице дождь перед парадной 4 по адресу ул. Гданьская д. 6 настоящий потоп, из парадной не выйти. Поднимите асфальтное покрытие и сделайте качественную систему водоотведения. Прошу устранить данную проблему. Заранее спасибо
Проблема как была, так и осталась! Никуда вода не уходит, образуется большая лужа у входа в парадную. Просьба поднять асфальтное покрытие. Фото прилагаю
Проблема есть и она появляется, когда идет сильный дождь! Маленьким детям и бабушкам сложно обойти такую лужу. Прошу принять какие-то меры, чтобы устранить нашу проблему. 
Фото сделано сегодня 30 марта утром",Благоустройство
"Газон загрязнен. Просьба устранить проблему, а также сообщить наименование ответственной за уборку организации.",Благоустройство
Песок на амфальте,Благоустройство
"При устранении последствий некачественного косметического ремонта, силами СитиСервис произведена покраска двери на 9 этаже. Покраска произведена двери не полностью, а кусками поверхности, что визуально видно. Дверь в результате испорчена.
Необходимо покрасить дверь полностью в один цвет,",Содержание МКД
На газоне перед окнами парадной №5 бытовой мусор и уборочный инвентарь. Уборочный инвентарь лежит на газоне с осени.,Благоустройство
"1 парадная,не удовлетворительное состояние помещения общего пользования где лифты,сломаны и сколы на наличниках.",Содержание МКД
Провалы плитки во дворе. Прошу восстановить в ближайший агротехнический период.,Благоустройство
Помята труба,Кровля
"Отсутствует исторический элемент оконного заполнения - часть витражного остекления в оконной раме на лестничной площадке между 1 и 2 этажами в парадной 6.
Витражное остекление охраняемый элемент дома, указанный в распоряжении Комитета по охране памятников (КГИОП). 
Прошу в кооперации с компетентным органом власти (КГИОП) в рамках текущего ремонта восстановить витраж.
Выписку Распоржения КГИОП прилагаю.",Содержание МКД
Вырван светильник. Между первым и вторым этажами.,Содержание МКД
Требуется уборка мусора,Благоустройство
Очистить,Благоустройство
в 1 подъезде на входе в подьезд не горит лампа,Содержание МКД
"по адресу: ул. Тельмана, д. 32, корп. 1, пар. № 1

Просьба восстановить накладку на поручни в парадной",Содержание МКД
"Добрый день, необходимо убрать бетонный столб, лежит на газоне (См. фото).",Благоустройство
"Самовольное размещение роллет по адресу: Всеволода Вишневского 10, ближе к проспекту Левашовского. Необходимо убрать роллеты.",Нарушение правил пользования общим имуществом
"Надписи на ТСДД.
Заранее спасибо.",Благоустройство
Требуется проверить законность размещения выделенной рекламной (информационной) конструкции на здании.,Незаконная информационная и (или) рекламная конструкция
Здравствуйте.  Окраска потолока и двери грузопассажирского лифта 1 подьезда повреждена. Прошу покрасить. Спасибо.,Содержание МКД
Мусор в виде кусков бетона,Благоустройство
Прошу убрать мусор,Благоустройство
Огромные сосульки вдоль дома у магазинов,Кровля
"Придорожная аллея 21, 14 парадная, требую убрать рекламные наклейки с почтовых ящиков!",Содержание МКД
"бетонные и тп конструкции на газоне, за помойкой около детского садика",Благоустройство
В арке дома Энгельса 111 несанкционированный трафарет. Требуется закрасить.,Благоустройство
Несанкционированные надписи,Благоустройство
Надписи на щитовой. Удалить надписи.,Благоустройство
Просьба отмыть рекламу в лифте.,Содержание МКД
"необходимо произвести промывку проезда от смета и грязи
не поливку А именно промывку",Благоустройство
Отсутствие фактической уборки на 1 этаже.,Содержание МКД
"Неудовлетворительное состояние стен, надписи. 4 этаж",Содержание МКД
на 6 этаже в 1 парадной  на эвакуационной лестнице нет поэтажной нумерации-необходимо пронумеровать этажи,Содержание МКД
"Все газоны у остановки общественного транспорта по улице Седова 164, с торцов домов по улице Седова 164 и пр. Александровской Фермы 13 превращены в грязь регулярно пракующимися здесь машинами. На прилагающихся фото виден масштаб катастрофы.",Благоустройство
"Прошу снять объявление с дерева, находящегося у северного края газона, разделяющего корпуса 1 и 2 дома 5 по ул. Будапештской",Благоустройство
Гниющие листья.,Благоустройство
Не восстановлен газон после земляных работ. Просто зарыли и разровняли.,Благоустройство
"Двор по адресу ул.Бабушкина, д.27 совершенно не убирается, весь двор покрыт льдом и снегом, песком не посыпается.",Благоустройство
Необходимо удалить граффити в подземном переходе,Благоустройство
"Парадная №10 по адресу: переулок Каховского, дом 7, литера А находится в ужасном состоянии (см. фото). Прошу организовать ремонтные работы в парадной №10 с первого по второй этажи включительно и  
привести в надлежащий вид стены и потолки парадной. А именно: удалить отваливающиеся куски краски и штукатурки, провести обработку против грибка, заштукатурить дефекты и дыры, окрасить равномерно стены, окрасить равномерно плинтусы, побелить стены выше окрашивания и потолки.",Содержание МКД
3 секция. При входе неисправно 2 осветительных прибора.,Содержание МКД
"Сооружение в надписях плохо закрашенных и не закрашенных, устранить все!",Благоустройство
объявление на опоре освещения,Благоустройство
"Входная дверь обшарпана, облупилась штукатурка.",Содержание МКД
Несанкционированные надписи в лифте 7-ой парадной.,Содержание МКД
Перегорела лампочка,Благоустройство
"Не работает лифт 
СПб, п. Шушары, вилеровский пер. д.6, парадная №13",Содержание МКД
не работает освещение перед входом в 2 парадную,Содержание МКД
Надписи на территории детской площадки,Благоустройство
"Во дворе дома по адресу город Колпино, улица Загородная д. 37к2 строение 1 подъезд №3 на детской площадке урна наполнена бутылками. Фото прилагается. Прошу произвести очистку урны.",Благоустройство
не убран снег на дороге и пешеходном переходе,Благоустройство
"Сегодня 19.02 по графику была уборка.
 По факту - её не было. 
Состояние парадной - см на фото.",Содержание МКД
очистить приямок от грязи.,Благоустройство
Надписи на стене.,Благоустройство
"совсем недавно был ремонт тротуара и уже мощение деформировалось, просело, нарушен проектный уклон.
требуется в рамках гарантийных обязательств провести вскрытие мощение, укрепление основания и восстановления ровного покрытия с проектным уклоном в сторону проезжей части.",Благоустройство
Реклама на фонарном столбе.,Благоустройство
Мусор на придомовой территории,Благоустройство
"На газоне железобетонный мусор, надо вывести.",Благоустройство
Много окурков вокруг остановки,Благоустройство
Отваливается краска на стене.,Фасад
"Не выметены поребрики и газон, все в листве.",Благоустройство
Необходимо произвести очистку дорожного знака от объявлений,Благоустройство
реклама на столбе,Благоустройство
"Разноцветный фасад, маляр не попал в цвет. Также не окрашены трубы.",Фасад
"Стоял доводчик на внутренней двери, потом сломался, теперь его совсем нет. на улице холодно, поэтому из-за неисправной внутренней двери в подъезде тоже холодно. Необходим ремонт доводчика. 4 подъезд.",Содержание МКД
"Неухоженный вид деревьев, переросшие ветки висят над проезжей частью, торчат сухие коряги.",Благоустройство
объявления,Благоустройство
"Мусор за всей территории парковки, вдоль кармана на северном проспекте, напротив стоянки дпс",Благоустройство
Просьба очистить. ((,Благоустройство
"В парадной не убирают, висит график за октябрь 2020
Банка каки стояла, так и стоит. Хабарики так и остались лежать там же за лифтом.
Вывешенный график уборки уже отмечен на 19.11.! Адрес на графике указан Новгородская. д.5!!! Убрали хорошо один раз после моего сообщения. Ежедневная влажная уборка со второго этажа каждый день не делается.",Содержание МКД
Реклама на знаке.,Благоустройство
"мусор на придомовой территории
Не до конца убрали грязь ( первый снимок ,что осталось ,последний в первоначальном заявлении ) .И это не всё и вообще мусор не закапывают ,а убирают .",Благоустройство
множество мелкого мусора,Благоустройство
Глубокие ямы с острыми краями. В этом месте часто собирается лужа и ям не видно!,Благоустройство
Просьба прикрепить смягчающую резинку,Благоустройство
"Здравствуйте.

На фасаде указанного многоквартирного дома (МКД)
на уровне третьего этажа
была установлена спутниковая антенна (см. фото)
БЕЗ согласования с КГА
(с Комитетом по градостроительству и архитектуре).

Прошу принять соответствующие меры для демонтажа данной антенны
по аналогии с теми мерами, которые были предприняты
для УСПЕШНОЙ отработки АНАЛОГИЧНЫХ сообщений
по соответствующим УСПЕШНО решённым АНАЛОГИЧНЫМ проблемам:
http://gorod.gov.spb.ru/problems/411323
http://gorod.gov.spb.ru/problems/540305
http://gorod.gov.spb.ru/problems/542973
http://gorod.gov.spb.ru/problems/607403
http://gorod.gov.spb.ru/problems/544572
http://gorod.gov.spb.ru/problems/542839
http://gorod.gov.spb.ru/problems/933708
http://gorod.gov.spb.ru/problems/933710
http://gorod.gov.spb.ru/problems/933713
http://gorod.gov.spb.ru/problems/933716
http://gorod.gov.spb.ru/problems/1966974
Спасибо.",Нарушение правил пользования общим имуществом
Прошу убрать мусор( картонки и бумажки различные),Благоустройство
Надписи на стенах дома.,Благоустройство
Надписи и реклама на будке.,Благоустройство
демонтировать рольставню,Нарушение правил пользования общим имуществом
Бумажные объявления на ТСОДД,Благоустройство
"Надписи на воротах.Фотофиксация- 22.04.2021г., 20:34.",Благоустройство
закрепить провисающий провода ровно и надёжно.,Благоустройство
почините,Благоустройство
Убрать,Благоустройство
"В нашем доме по адресу Санкт-Петербург, ул. Серпуховская, д.6, лестница №3, квартиры с 13 по 30 не работает домофон. Дверь подъезда открывается без магнитного ключа.",Содержание МКД
Повреждение дорожного покрытия тротуара,Благоустройство
очистите о о,Содержание МКД
Разбито зеркало в лифте.,Содержание МКД
"необходимо снять подпорки с деревьев, они уже большие",Благоустройство
"Не работает оборудование в крайнем левом пассажирском лифте. Вишерская 1,к1, Парадная 1. А именно кнопка закрытия дверей не срабатывает уже около года, никто не ремонтирует, хотя счёт в  графе «то лифтов» в квитанции приходит каждый месяц!",Содержание МКД
"Незаконные надписи/объявления на павильоне. 
Просьба очистить.",Благоустройство
Крупногабаритный мусор (железобетон),Благоустройство
Просьба устранить погашение на опоре освещения,Благоустройство
"представитель компании ""чистый город""  мусор с газона переложил на площадку, под скамейки и рядом с урной. необходимо убрать с площадки мусор.",Благоустройство
"не производится уборка, грязно, песок
помыли очень плохо, грязные разводы.",Содержание МКД
"На фасаде нашего дома установлены 4 бетонных вазона, как архитектурный элемент. Две из них от ветра крошились, поэтому были два года назад обмотаны сеткой. Представители ЖКС заверяли, что без проекта ничего больше сделать не могут. Сегодня 24.11.2020 пришли представители ""ЖКС N1 Выборгского района"" с целью демонтировать эти вазоны. Не было предоставлено ни одного разрешающего документа не из районной Администрации, не из Комитета по градостроительству. Убедительная просьба отреставрировать вазоны по всем правилам предусмотренными законодательством РФ с предоставлением собственникам МКД всех проектов и актов, в том числе акта приема передачи на ответственное хранение, если таковое понадобится.",Фасад
Прошу очистить от граффити,Благоустройство
Реклама на стенде.,Состояние рекламных или информационных конструкций
Торговцы продолжают выставлять гнилье на внутридворовую территорию,Благоустройство
Лестницы грязные. Уборщица ужасно выполняет свою работу. Пройдёт проведёт тряпкой и только разводы подставляет. Уборки на 6 и 7 этажах не происходило уже больше месяца. Парадная в ужасном состоянии.,Содержание МКД
Прошу очистить,Благоустройство
Асфальт вокруг люка ужасен,Повреждения или неисправность элементов уличной инфраструктуры
"не работает освещение в подъезде и не работает уличное освещение перед подъездом. подъезд 1
освещение было восстановлено на 1 час 15/12 на фасаде дома, потом сново отключено. И отсутствует освещение сразу после входной двери в подъезд. В самом подъезде свет есть.",Содержание МКД
Засор мусоропровода на 9 этаже парадная номер 7.,Санитарное состояние
"на полосе шириной около метра и длинной порядка 5 метров отсутствует асфальтовое покрытие дворового проезда у здания электроподстанции.
просьба привести покрытие в порядок.",Благоустройство
"Кондакопшино, на углу ул. Полевой и 2-го проезда  мусор на обочине: покрышки от автомобилей и т.п.",Благоустройство
Сломана крышка песочницы на детской площадке: оторваны петли. просьба поменять петли.,Благоустройство
Систематическое нарушение графика уборки подъезда. Подъезд №3.,Содержание МКД
не убран снег,Благоустройство
"В парадной №3 на лестничной площадке у двери на чердак окурки, мусор.",Содержание МКД
"2 парадная.4-й день горячий пар в идет из закрытой двери подвала. Стены, пол, потолки мокрые, с потолков капает вода. Пришлось открыть окна что бы вода испарялась. Отопление отключено.",Водоснабжение
несоблюдение графика уборки,Содержание МКД
Оборванные провода на опоре,Благоустройство
Не производиться ежедневная уборка первого этажа. Последний раз убирали 04.02.2021,Содержание МКД
Не выполняется уборка в 4й парадной,Содержание МКД
"Реализация товаров в местах, не предназначенных для торговли","Незаконная реализация товаров с торгового оборудования (прилавок, ящик, с земли)"
"Сейчас конец апреля, график на МАРТ. В подъезде не убрано. Паутина и мусор. О влажном подметании вообще речи нет.
Какой-то работник регулярно ходит срывает рекламные объявления и БРОСАЕТ НА ПОЛ! Если уж срываете, то будьте добры уносите с собой! Благодарю.
Подъезд 7",Содержание МКД
Не горят лампы в лифте в парадной 2,Содержание МКД
Люк в потолке лифта не на месте. парадная 5.,Содержание МКД
Мусор,Благоустройство
щебёнка,Благоустройство
Грязный лифт. Следы строительного мусора на стенах и панели лифта. Нецензурные надписи на информационном объявлении.,Содержание МКД
"Добрый день! На Суздальском шоссе на мосту через железнодорожные пути  лежит деталь бокового ограждения. Заранее благодарю. С уважением, Ольга.",Благоустройство
В нескольких мусорных урнах отсутствуют внутренние металлические ведра. Одна из мусорных урн повреждена.,Благоустройство
Просьба произвести покраску фасада,Фасад
"Добрый день! После текущего ремонта, в первой парадной (№1) не работает домофон, который обслуживается ООО ""Цифрал"". 02.02. 2020 обратился в вышеуказанную организацию с заявкой о ремонте. 08.02 повторно обратился по поводу ремонта домофона. Мне ответили что мастера были, но так как ведется текущий ремонт парадной, возможности выполнить ремонт не представляется возможным.(ремонт закончился 31.01). 10.02 еще раз поинтересовался ходом выполнения заявки, ответ получил тот же что и 08.02. Запись разговора имеется.",Содержание МКД
Необходимо своевременно убирать урну. Фото от 6 марта 2021 г.,Благоустройство
"Несогласованная решетка.
Первый двор, справа.",Нарушение правил пользования общим имуществом
Провал,Повреждения или неисправность элементов уличной инфраструктуры
"Требуется произвести работы по качественной очистке дорожных знаков и их опоры от несанкционированных рекламных объявлений, не оставляя следов. 

Фотофиксация прилагается.",Благоустройство
"После проведения работ по прокладке канализации уничтожен газон, бордюр и край дорожного покрытия. Застройщик с сентября обещает устранить проблемы, но до сих пор ничего не сделано. На участках находящихся рядом, где также проводились работы газон и бордюр восстановлены.",Благоустройство
"Не убран снег с тротуара, образуется слякоть",Благоустройство
"В течении двух недель отсутствует влажное подметание и мытьё лестниц, присутствует только подпись в листе-графике уборки",Содержание МКД
Бытовой мусор,Благоустройство
Роллет,Нарушение правил пользования общим имуществом
очистите о о,Благоустройство
прошу убрать рекламу,Благоустройство
Просьба убрать граффити,Благоустройство
Надписи и реклама на будке.,Благоустройство
"Возле 1 парадной всегда полные горы мусора в ёмкости для мусора.Никто толком не убирает.Было две мусорки,теперь уже осталась одна,по той причине,что никто их не чистит.Очень обидно,что толком нет дворника.",Благоустройство
"Установлены железобетонные полусферы вдоль жилого дома. Они мешают разъезжаться автомобилям двигающимся по дворовому проезду. 
Места установки:
1) между 10 и 11 подъездом
2) возле 7 подъезда
3) возле 4 подъезда
4) возле контейнерной площадки 
Просьба убрать железобетонные конструкции мешающие проезду и комфортной парковке!",Благоустройство
реклама на дорожном знаке,Благоустройство
Проверить законность размещения вывески,Незаконная информационная и (или) рекламная конструкция
снег на дороге,Благоустройство
"нет освещения, 3 этаж",Содержание МКД
самовольно зашитые оконные створы фасадной части в самом центре СПб.,Нарушение правил пользования общим имуществом
незаконная реклама на опоре освещения,Благоустройство
плохо убранный снег на тротуаре,Благоустройство
"Отсутствует влажная уборка с 1 по 5 этаж лестничной клетки. Просьба помыть качественно всю лестницу, а не расстереть грязь по углам. Влажное подметание не осуществлятся ежедневно первых двух этажей. Спасибо.",Содержание МКД
"Абсолютно грязный лифт. Пол, стены и кнопки необходимо вымыть с антибактериальным раствором! Придорожная 21, 15 парадная.",Содержание МКД
Отсутствие уборки,Содержание МКД
"21 этаж. Нет личинки в замке двери, ведущей с общего балкона на лестницу. Продувание и сквозняк. Прошу устранить.",Содержание МКД
"Здравствуйте. 7 парадная, 3 этаж, дверь из лифтового холла не закрывается, задевает о кафель, требуется починить.",Содержание МКД
"В проезде возле домов 11к1, 15к1 по проспекту испытателей на обочинах большое количество мусора и грязи. Прошу провести механическую очистку.",Благоустройство
нет давления холодной воды,Водоснабжение
На доме 154 по пр. Ветеранов находится несогласованная вывеска частной компании. Собрание собственников не давало разрешения на размещение данной вывески. Просьба демонтировать.,Незаконная информационная и (или) рекламная конструкция
мусор в виде покрышек. нужно убрать,Благоустройство
"Прошу отремонтировать скамейку, на детской площадке. Ребенок может получить травмы.",Благоустройство
"в результате просадки фрагмента ремонтной вставки асфальтового полотна тротуара в зоне пешеходного перехода негерметизированные стыки с основным полотном  раздвинулись и образовались широкие поперечные  разломы/ступеньки со смещениями по вертикали и по горизонтали на всю ширину тротуара
просьба устранить дефекты, создающие препятствия для пешеходов (движении на роликах или самокатах в данном месте очень травмоопасно)",Благоустройство
Большое количество мусора и листвы на газоне.,Благоустройство
"Засорены все стоки для воды. Невозможно пройти от подъезда к подъезду.Вода стоит по , щиколотку. 9 -й подъезд. Под водой лёд, очень опасно ходить.",Благоустройство
Роллет,Нарушение правил пользования общим имуществом
"Неисправен домофон на черной лестнице, дверь не закрывается
Парадная 2",Содержание МКД
"верните часы, крестики-нолики  и ступеньку",Благоустройство
"2 этаж. Пожарная лестница. Осыпается штукатурка в районе батареи, требуется косметический ремонт.",Содержание МКД
дыра в земле возле люка,Повреждения или неисправность элементов уличной инфраструктуры
В пандемию отсутствует уборка в парадной,Содержание МКД
"На фасаде дома, незаконно и без разрешающих документов установлена наружная решётка (на фото выделена графически). Нужно демонтировать незаконно установленную решётку.",Нарушение правил пользования общим имуществом
Неудовлетворительное санитарное состояние лифта. Прошу убрать.,Содержание МКД
Мусор на асфальте,Благоустройство
нет адресной таблички дом Индустриальный пр. 35/1,Фасад
Надписи,Благоустройство
"на 9 этаже, в 1 парадной , в лифтовом холле  наклейки на двери пассажирского лифта-отмыть",Содержание МКД
Закрыт для общего доступа этаж. Нет решения собрания собственников. 2 парадная. 5 этаж. Кв 195-200,Нарушение правил пользования общим имуществом
"Повреждена изоляция: 4 парадная: 2 этаж, 3 этаж, 4 этаж
Между 2 и 3 этажом проблема не устранена!!! Фото прикреплено. В тексте первичного Сообщения указан этот этаж!! 
Прошу Отрабатывать обращение целиком!!",Водоснабжение
Необходимо убрать надписи с дома,Благоустройство
Просел асфальт вокруг люка,Повреждения или неисправность элементов уличной инфраструктуры
"Автомобиль стоит давно, без номеров, с открытыми дверьми и снятым капотом, также продавлена крыша, фары разбиты, стекла опущены, последние время очень активно ломается/разбирается детьми. просьба убрать его с территории.",Благоустройство
демонтировать незаконную рекламную конструкцию,Незаконная информационная и (или) рекламная конструкция
"Здравствуйте ! 
Одесская улица, дом 2, литера А, лестница № 3
Необходимо срочно ( до наступления морозов ) очистить лед у подхода к парадной. Очень надеюсь на вашу помощь. Обращения в Жилкомсервис № 3 никаких результатов не дают. Обработка против-гололедными смесями производиться также не регулярно.
Заранее спасибо ! Фотографии прилагаются.",Благоустройство
не горит,Благоустройство
опять площадка для мусора переполнена. прошу привести площадку в нормативное состояние,Содержание МКД
упавший дорожный знак на въезде во двор между домом 23 и 25 по пр. Косыгина,Благоустройство
Отсутствует занижение бордюрного камня с обеих сторон пешеходного перехода,Благоустройство
Прошу проверить законность установки вывески организации.,Незаконная информационная и (или) рекламная конструкция
Мусор и листва на газоне,Благоустройство
рисунки на ящике,Благоустройство
"Комендантский 64/1 2я парадная

Лестничные пролеты и балконы испачканы строительными материалами и предположительно жидкостью от бытовых отходов, которые раскидывали по лестнице

До сих пор не уложена плитка, хотя дом сдан больше года назад",Содержание МКД
"По адресу ул. Ильюшина д.1, к.1, 3 парадная доводчик и магнит на входной двери находятся в неудовлетворительном состоянии. А именно магнит слабо закреплен, болтается и создает угрозу здоровью жильцов парадной.
Работы не производились. Акт вызывает сомнения.
Ситуация с магнитным замком остается прежним. Он закреплен так же плохо как и до ""акта от РСУ Приморского района"". Люфт и его размер остался прежним. 
Угроза жизни и здоровью, в следствии падения магнита сохранена.

Подтверждаю фотографиями",Содержание МКД
Реклама наркотиков на щите на доме по ул. Крупской д. 8,Благоустройство
"Полностью очистить весь дорожный столб от самоклеящейся рекламы, не оставляя следов бумаги и клея.",Благоустройство
"15 января 2021 года были обнаружены следы протечки в принадлежащей мне Квартире по адресу г.Санкт-Петербург, Светлановский проспект, дом 36, корпус 1, литера А, квартира 
XXX
. Следы протекания обнаружены в коридоре (течет из отверстий межэтажных перекрытий), а также в вентиляционной шахте санузла. О факте протечки незамедлительно сообщено в аварийно-диспетчерскую службу ЖКС №2 Калининского района (241-69-09). Приехавшая бригада обнаружила протечку водостока (трубы отвода дождевой воды с крыши дома). Было обещано передать заявку на ремонт в ЖКС №2. Вода проникает сквозь незаделанную дыру (отверстие) в полу чердака рядом с вент.шахтой (фото приложено). Также отмечено повреждение водостоков (фото приложено).
По состоянию на 22.01.2021 протечка не устранена, есть риск намокания и повреждения электропроводки, в вентиляционной шахте образовался грибок, в квартире отмечается повышенная влажность.
Весь акт - сплошная отписка: 
1) Доступ в квартиру не запрашивался (номер телефона для связи сообщался в аварийку).
2) В изначальном обращении не было речи про лестничную клетку. Натекло в квартиру (несколько ведер) и в вентиляционный канал.
3) Написано, что чердак сухой, но на прикрепленном фото видна лужа под манжетой.
4) Влажность до сих пор повышенная, в вентиляционном канале бело-желтые наросты грибка. Плюс появился резкий неприятный запах.",Кровля
"По обращениям 2187029, 2187022, 2187016 и 3051934 нам обещали проведение ремонта парадной в марте 2021 года в соответствии с адресной программой. На дворе апрель, ремонта нет.

4 этаж. Полоса краски на стене.",Содержание МКД
Незаконно установленный шлагбаум к приезду проверки демонтировали и к 11.12.2020 утру следующего дня установили заново,Благоустройство
"С 25 декабря 2020 года, обращались в   Жилкомсервис Колпинского р-на номер 1, В ГУЖА Колпинского р-на,, в службу 004 , в Администрацию Колпинского р-на, по поводу низкого отопления в квартире по адресу: Бульвар Трудящихся д 36 кв.5. Но всё безрезультатно. Кроме как замера температуры в квартире, никаких действий по устранению неполадки не предпринято.. В квартире холодно, 15 °. Стояки и батареи еле теплые. Квартира угловая. Просим разобраться в данной ситуации.",Центральное отопление
Плохой напор воды в водопроводе.,Водоснабжение
снег на дороге,Благоустройство
Уже неделю перед дверью в подъезд лежит мусор.,Благоустройство
очистите  о о,Благоустройство
рекламная конструкция,Незаконная информационная и (или) рекламная конструкция
"Добрый день. Треснула плитка, обрамляющая домофон. Адрес: проспект Героев, 34, строение 1, 4 подъезд, выход на проспект Героев",Фасад
упавшее дерево,Благоустройство
"2 парадная, 25 этаж: холодный полотенцесушитель уже третий день! В ук поданы три заявки (9, 10 и 11 ноября): стояк развоздушивают, но толку нет, хотя ставят отметку о выполнении. Необходимо проверить насосное и нагревающее оборудование!",Водоснабжение
"сорваны отливы-2шт.
необходимо восстановление.",Кровля
"Требуется произвести работы по демонтажу несанкционированной рекламной таблички с опоры наружного освещения в полном объёме. 

Фотофиксация от 17.03.прилагается.",Благоустройство
не работает. починить фонарь.,Благоустройство
Отсутствует уборка в парадной,Содержание МКД
Все в окурках,Благоустройство
У первого подъезда на уровне 5 этажа разорвана труба. Требуется срочный ремонт.,Кровля
Разбит асфальт,Благоустройство
Не плотно прилегает дверь с лестничного (чёрного) входа в 10-й парадной. Идёт утечка тепла. Прошу исправить.,Содержание МКД
очистить фасад всего дома,Благоустройство
лужи на тротуаре,Благоустройство
Повреждение,Фасад
"мусор, просьба убрать",Благоустройство
После ремонта ЖКС № 2 остался мусор.,Содержание МКД
не убираются неделю,Содержание МКД
Лужи на проезжей части он же единственный пеший проход к дому. Лужи невозможно обойти. Появляются из-за ям в асфальте и отсутствия водостока. Прошу незамедлительно принять меры и починить данный участок дороги и прилегающую к дому территорию!,Благоустройство
"СПб, ул. Малая Митрофаньевская, д.5, корп.1, стр.1, парадная 4 (ЖК ""Галактика"").
Около двух недель не работает грузовой лифт (дом сдан в июле 2020 г.), без которого невозможно поднять на этаж крупногабаритные вещи, мебель, технику и т.п. Вынужден переносить срок заселения, либо нести повышенные расходы за привлечение грузчиков для подьема по лестнице (на 11-й этаж!).
Обращения в управляющую компанию (далее - УК) по телефону и при посещении лично результата не принесли. информация о сроках включения лифта отсутствует, не сообщается (со слов, в любое время или до 31.12.2020!).
Предложенная компенсационная мера со стороны УК - возможность размещения крупногабаритной мебели в колясочной на 1- м этаже (вероятно, с возможностью проживания ?!).
Прошу принять действенные меры по скорейшему восстановлению работы грузового лифта.
УК - АО ""Сервис-Недвижимость"" (ИНН 7814379550, адрес: СПб, Богатырский пр., д.2).
Заранее благодарю,",Содержание МКД
Нет освещения,Благоустройство
"Уберите, пожалуйста, граффити с детской спортивной площадки.",Благоустройство
Грязь на проезжей части.,Благоустройство
Не горит уличный фонарь.,Благоустройство
не убрано тбо,Благоустройство
уберите,Благоустройство
"В парадной проживает много семей с детьми , не соблюдается график уборки систематически.",Содержание МКД
скамейка установлена на газоне сломано озеленение,Благоустройство
Уберите бытовой мусор,Благоустройство
"с утра было отключение холодной воды, после чего из крана стала течь ржавая вода с осадком в виде песка, пропускали воду неоднократно, безрезультатно (!!!), данная проблема появляется периодически, в следствие чего выходит из строя сантехника (!!!). Также нет желания переплачивать за ""пропуск"" ржавой воды !!!",Водоснабжение
Огромное количество мусора,Благоустройство
Неправильно установлен подоконник у окна на черной лестнице 17го этажа 4 подъезда.,Содержание МКД
неубранный снег на дороге,Благоустройство
Большое скопление воды,Благоустройство
Мусор.,Благоустройство
"На Ново-Петергофском мосту наледь на пешеходной части, идти небезопасно.",Благоустройство
доски лежат месяц ! дворник мимо ходит и не видит .,Благоустройство
"Лестница и площадка в подъезде уже давно не убиралась,полы не мыли,график уборки отсутствует.",Содержание МКД
"Установлена незаконная наружная решётка глухого типа на фасаде МКД, со стороны парадной № 7. На фото решётка выделена.",Нарушение правил пользования общим имуществом
"Очистить дорожный знак, со всех сторон от рекламы, не оставляя следов бумаги и клея.",Благоустройство
Не убран снег на внешней  территории двора дома. Прошу убрать.,Благоустройство
"Реклама 
XXXXXXXXXX
на сооружении, рядом с домом по ул.Бабушкина, 29-1",Благоустройство
Мусор в виде покрышек,Благоустройство
сломан домофон ук не исправляет проблему. 1 парадная,Содержание МКД
Бумажные объявления на опоре,Благоустройство
"Контейнер опять переполнен, мусор летает по двору. Так происходит постоянно. Прошу пересмотреть график вывоза мусора, а не просто прислать фото вывезенного контейнера, как в прошлый раз.",Содержание МКД
Указатель скособочился,Благоустройство
"10 парадная
пассажирский лифт находится в неисправном состоянии
Скрежет, скрип и шум во время движения.
Лифт грохочет по-прежнему. 
Очень странно  читать ответ Жилкомсервиса №3  о проделанной работе  под грохот проезжающего лифта.",Содержание МКД
Реклама на заборе.,Благоустройство
Надписи на стене.,Благоустройство
"Спилена часть забора, необходимо восстановить или убрать оставшуюся часть",Благоустройство
Прошу демонтировать газонное ограждение. Газонное ограждение не нужно на данном участке!,Благоустройство
"Инфильтрация холодного воздуха через узлы примыкания створок окон к раме и откосы окон на черной лестнице со 2 по 17 этаж 1 парадной. В следствии чего идут колоссальные потери тепловой энергии, которые не соответствуют заявленному классу энергоэффективности дома как А++.",Содержание МКД
"Очень плохо почищена местами не убрана дорога -  Муринская дорога, точнее прилегающий к ней карман по стороне нечётных домов. Также плохо почищена вся Аллея Евгения Шварца, начиная от Муринской дороги д.65 и далее по Е.Шварца. Имеется колейность, валы снега, что затрудняет проезд.",Благоустройство
прошу удалить рекламу с ограждения газона,Незаконная информационная и (или) рекламная конструкция
"в лифтовом холле на 1 этаже во время ремонта не прокрашены углы и потолок на верхних частях стен, 8 парадная",Содержание МКД
Засыпать грунтом бетонную плиту конструкции колодца,Повреждения или неисправность элементов уличной инфраструктуры
Замусорены все газоны вокруг трамвайного кольца «мясокомбинат»,Благоустройство
незаконный кондиционер на фасаде,Нарушение правил пользования общим имуществом
"Фасад здания, со стороны двора, сильно поврежден. Необходимы ремонт и покраска фасада здания.",Фасад
Нарушена теплоизоляция отопильного контура на площадке и стояке (5-6 этаж) 3я парадная.,Центральное отопление
Мусор за вещевым рынком (у жд платформы) вдоль всего здания,Благоустройство
Необходимо убрать самодельную рекламу,Незаконная информационная и (или) рекламная конструкция
Остатки объявлений на светофоре и столбе,Благоустройство
"Неудовлетворительное содержание мусорного контейнера , мусор не убирается, дворник занимается только сбором макулатуры, из-за разбросанного мусора вокруг мусорного контейнера, ветром это мусор разносит по дворовой  территории в том числе на детские площадки!",Содержание МКД
"Добрый день.Большие проблемы с лифтом!Лифт скрипит громко,шумит и трясется,он явно неисправен.Уже у жильцов создается ощущение,что скоро оборвется трос.Службы не реагируют на просьбы и жалобы,никто не проводит проверку.Люди боятся ездить уже,особенно с верхних этажей!Жалобы игнорируются,помогите пожалуйста пока лифт не урал и не погибли люди.Спасибо!Подъезд номер 5",Содержание МКД
Не соблюдается график уборки. Полы не моют. Прошу принять меры.,Содержание МКД
Граффити,Благоустройство
Не работает освещение в подъезде на чёрной лестнице сразу при входе. 5 парадная( чёрная лестница),Содержание МКД
Дорожный знак погнут. Прошу привести в нормативной состояние.,Благоустройство
"3 подъезд, 24 этаж. разбито стекло в двери.",Содержание МКД
"Добрый день. В квартире при застройки был радиатор, но поневыясниным причинам был демонтирован. Осенью 2020 приходили сантехники ЖКС, и сказали что здесь должен быть радиатор, и возможно восстановить за счёт ЖКС. Я сказала что в принципе не холодно без него и этот вопрос закрыли. Но в этом году ударили морозы и тепла не хватает, ещё и приходит счёт как за все 5 радиаторов (а по факту 4) Просьба пояснить возможно ли восстановить радиатор? Или возможно ли вычесть из расчета данную батарею?",Центральное отопление
"Ободрана краска, подъезд 2, этаж 1",Содержание МКД
"улица Маршала Казакова дом 10/2, контейнер переполнен.",Содержание МКД
очистите,Благоустройство
"Плесень от протекающей с крыши кровли!  Неделю назад просто капала вода, стал таять снег и вся квартира в плесени. Акт составлен, но на руки я ничего не получала. Меня заверили только на словах! Прошу срочно решить проблему!",Кровля
"Санкт-Петербург, улица Маршала Захарова, дом 30, корпус 1, литера А ,

1 пар 
Просьба убрать рекламу от двери подъезда",Нарушение порядка пользования общим имуществом
листва,Благоустройство
Сломан замок на двери техэтажа между 1 и 3 этажами. 6 подъезд,Содержание МКД
По адресу Ленинский проспект дом 130/6 в парадной 3 на третьем этаже весит на одной петле дверца.,Содержание МКД
"Пятая лестница, третий этаж нет освещения",Содержание МКД
"Моховая, 37, на контейнерной площадке скопилось много крупногабаритного мусора.",Благоустройство
переполненная урна,Благоустройство
"На карусели на детской площадке во дворе 16к2,16к3 по ул. Шахматова сломано ручка - штырь выдернуть из цилиндра.",Благоустройство
Надписи на элементах благоустройства в парке: информационный указатель и сцена.,Благоустройство
"Пыль, грязь, песок. Уберите, пожалуйста",Благоустройство
Необходимо установить ограждения для предотвращения стихийной парковки.,Благоустройство
Несанкционированные надписи,Благоустройство
Объявление на опоре освещения,Благоустройство
"цвет фасада за рекламной конструкцией чёрный, что не соответствует колерному бланку здания, фрагментарная окраска в другие цвета запрещена. закрасить чёрный цвет в цвет фасада согласно колерному бланку здания.",Фасад
"лестничная клетка ПЕРВОГО этажа - многолетние органические отложения на напольном покрытии. Указанные нарушения не были устранены исполнителем по ранее размещенной заявке №2496588 от 01.03.2020

ООО «Жилкомсерис №1 Пушкинского района» произведено не целевое использование денежных средств жителей МКД по статье «Текущий ремонт МКД» в результате НЕУДОВЛЕТВОРИТЕЛЬНО проведенных строительных работ.",Содержание МКД
Брошенный разукомплектованный автомобиль. Разбито боковое водительское стекло и внутри уже свалка.,Благоустройство
Скамейка у 4 парадной в неудовлетворительном состоянии.  Заменить,Благоустройство
Сломан и разрисован  инвентарь на детской площадке ( дельные колечки в домике заменить и закрасить хвост самолёта от надписей),Благоустройство
Прошу закрасить граффити,Благоустройство
Необходимо произвести очистку опоры от незаконных объявлений,Благоустройство
"Нет отопления в 2 парадной, радиаторы холодные",Центральное отопление
"Установлены конструкции припятствующие вьезду, парковке и входу во двор, просьба разобраться в самозахвате территории и демонтировать все конструкции если они установлены незаконно.",Благоустройство
Не светит,Благоустройство
"самовольное размещение камер видеонабл.,",Нарушение правил пользования общим имуществом
объявления на деревьях,Благоустройство
Роллет,Нарушение правил пользования общим имуществом
неудовлетворительное состояние парадной - трещина в стене слева от дверного проема у выхода во двор подъезд №1,Содержание МКД
Дорога не очищена от снега,Благоустройство
Незаконное размещение камеры видеонаблюдения на фасаде здания,Нарушение правил пользования общим имуществом
скопление мусорных баков,Благоустройство
"установка столбиков ограждения парковки. прошу демонтировать. адрес Большая Монетная, 5.",Благоустройство
"Рисунки, объявления",Благоустройство
гололед о о,Благоустройство
"слой песка и грунта на асфальтовом покрытии тротура вдоль газона на участке шириной около 1 метра протяженностью порядка 50 метров от рекламного щита до въезда в боковой проезд напротив д.124 по ул.Бухарестская
просьба выполнить уборку",Благоустройство
"По адресу: ул. Коммунаров, д 118, пар. 1

Просьба привести в заводское состояние панель лифта с кнопками 
Покрасить",Содержание МКД
Объявление,Благоустройство
прошу убрать 2 бетонных блока,Благоустройство
"в 10 парадной на 1 этаже многочисленные повреждения стен, отваливается экран батареи и облицовочная плитка",Содержание МКД
"Улица Ленина,д.25.Угол с Малым проспектом Петроградской стороны.Полное игнорирование деятельности по уборке лотковой и прилотковой зон проезжей части улицы Ленина.Уборка от грязи и пыли ГУДП ""Центр"" отсутствует.Накопленная грязь лежит с зимнего периода .Предпринимаемые ГУДП ""Центр"" поливы проезжей части улицы Ленина водой размывают неубранную уличную зимнюю пыль в  широкую грязевую полосу на проезжей части,как видно на снимках от 05.04.2021г.Приведите улицу Ленина в нормативное состояние.",Благоустройство
На лестнице между 6 и 7 этажом разбит плафон и нет освещения.,Содержание МКД
рисунки на стенах дома,Благоустройство
"Придомовой газон очень сильно замусорен - мелкий бытовой мусор, горы опавших листьев. 
Делаю вывод, что газон ВООБЩЕ не убирался как минимум с прошлой осени!
Листья разлетаются по всей территории!
Требуется произвести работы по качественной уборке газона от всего мусора, в том числе от листьев. 
*Для достижения наилучшего результата рекомендую использовать грабли. 

Фотофиксация от 11.04.прилагается.",Благоустройство
"необходимо убрать проезд от песка, мусора и отсева",Благоустройство
Вся территория двора в мусоре.,Благоустройство
С улицы Осипенко не вывозят сугробы с проезжей части.,Благоустройство
"Уборка подъезда неудовлетворительна, уборка не соответствует графику. 
В подъезде хранятся тряпки, ведра.",Содержание МКД
"Необходимо очистить лицевой фасад от грязи и пятен краски, не соответствующей колерному бланку, восстановить штукатурный слой и окрасить водосточные трубы. Фасад и его элементы (водосточные трубы) должны быть окрашены ровно, без пятен, в строгом соответствии с колерным бланком фасада. Промывка фасада осуществляется не реже одного раза в год.",Фасад
"стекло, следы от обуви, шин и потёки на стенах.",Содержание МКД
Сломана труба,Кровля
"Мусор на земле , уборка не осуществлялась давно. Особенно много мусора во дворах между ул.Тракторной и ул. Ивана Черных в окрестностях мусорного бака. Много мусора, который уже въелся в землю.",Благоустройство
"В парке неисправный фонарь мигает уже месяца 3, и никому нет дела. Находится со стороны пр. Обуховской Обороны, недалеко от рекламного щита.",Благоустройство
"Необходим косметический ремонт в парадной №1. Ранее была заявка, работы должны были быть выполнены во 2 квартале 2020 года. Ничего не сделано",Содержание МКД
в шестой парадной холодно на лестнице,Центральное отопление
"Подтекает труба центрального отопления, на втором этаже, в связи с этим потолок первого этажа имеет протечность. Обращались: в аварийную службу г.Кронштадта, в диспетчерскую ЖКС, администрацию района г.Кронштадта, заявки везде прининяли, но никаких ремонтных работ не проводилось
г.Кронштадт, ул.Ленинградская дом 3 кв.1 ( 1парадная)",Центральное отопление
Неубранный снег на внутриквартальном проезде,Благоустройство
"По адресу Хошимина 13, корпус 2, на парадной 8 со стороны двора отсутствует уличный фонарь.",Благоустройство
Убрать все надписи на территории мусорной площадке!,Содержание МКД
Синий мост от песка не убирают.,Благоустройство
"Не убран мусор после покоса и рубки кустарников.
По всей набережной Дудергофского канала со стороны ЖК Duderhof Club от дома 43/2 по Петергофскому шоссе до дома 6/2 по ул. Катерников имеет место быть не до конца скошенная трава, не убранный срубленный кустарник и не убранная сухая трава, в том числе вдоль бортового камня на ступенях лестничных спусков на набережную со стороны ул. Катерников.
Прошу все убрать и навести порядок.
фото прилагаю.",Благоустройство
"г.СПб, ул.Книпович дом 1 (со стороны парка) вдоль гостиницы ""Обухов""
асфальт разбитый, ямы по 40 см",Благоустройство
очистите о о,Благоустройство
Демонтировать рекламную вывеску,Незаконная информационная и (или) рекламная конструкция
Выбоина в асфальтовом покрытии.,Благоустройство
"Снег с дороги переложили на тротуар, невозможно пройти. Необходимо очистить.",Благоустройство
"Мы ещё раз убедительно просим Управляющую Компанию Сити Сервис снимать рекламу с дома № 39 по ул. Кораблестроителей.
Фото с подъездов №3,4,5.",Благоустройство
"Проржавело ограждение, часть пролетов отсутствует.",Благоустройство
Мусор на газоне в виде покрышек,Благоустройство
"Не соблюдается график уборки , грязь , уборка по звонку , моют раз в месяц. Просим принять меры.
Помыли плохо. Грязь осталась . Просто помочили водой . Надо помыть чтобы была чистая парадная.",Содержание МКД
Необходимо очистить фасад от надписей,Благоустройство
"после недавно произведенного ремонта, во всех входных группах с пандусом, отслоение краски, просьба устранить.",Благоустройство
Не работает лампочка у подъезда.,Содержание МКД
Прошу заменить.,Кровля
"опасные элементы сломанного детского оборудования: торчат гвозди от ранее установленного светофора на детской площадке рядом со школой 639. В предыдущей проблеме был получен ответ, что травмоопасные элементы убраны, а они теперь на другой конструкции, есть риск травмирования детей",Благоустройство
Мусор на газоне.,Благоустройство
Прошу убрать лужу,Благоустройство
объявления,Состояние рекламных или информационных конструкций
"Добрый день, обращаюсь с проблемой разбитой дороги, очень глубокие ямы и лужи. Само дорожное покрытие в связи с влажной погодой представляет из себя сплошную грязь, перемещаться пешком также неудобно. Качество дорожного покрытия не соответствует требованиям к покрытию даже самой низшей категории (В) стандарта ГОСТ Р 50597-93, что видно по фотографиям невооруженным взглядом а также выявляется эмпирическим путем при перемещении как на легковом а/м, так и пешком. Текущее состояние дорожного покрытия также не позволяет перемещаться а/м с максимально разрешенной скоростью 20 км/ч (легковые машины порой цепляются днищем о землю). Считаю необходимым, в связи с вышеизложенным, реконструкцию улицы Дружбы с нанесением на дорогу асфальтового покрытия вместо земли и щебенки.",Благоустройство
граффити,Благоустройство
"Необходимо привести в порядок потолок и стены рядом с трубой в первой парадной (1, 2, 3 этажи) д.1, кор.2 по ул. Маршала Казакова.",Содержание МКД
граффити на стенде,Содержание МКД
"Прошу произвести очистку урны во дворе дома 86 по Обводному каналу, после выполнения работ представить фото урны не сбоку, а сверху.",Благоустройство
Мусор валяется,Благоустройство
надписи на доме,Благоустройство
Перегорела лампа в лифте,Содержание МКД
"У магазина ""Пятерочка"" на ул. Савушкина 115 (со стороны ул. Школьной) проживает женщина без определенного места жительства, которая захламляет территорию нашего квартала всяким крупногабаритным мусором. 
Просьба принять меры по устранению захламления территории.",Благоустройство
"Грязно в подъезде. В холле не мыли полы очень давно, ковры грязные. Общий коридор на этаже вообще не моют, хотя график уборки есть. В частности 19 этаж. Парадная номер 2",Содержание МКД
"водосточные козырьки над первым и над вторым этажом искривились, поэтому вода льется на фасад, что ведёт к намоканию кирпича и дальнейшему разрушению. часть козырька над вторым этажом и вовсе то ли отсутствует, то ли примялась (рядом со стыком с домом 11)",Кровля
Надписи на знаке.,Благоустройство
"Очень скользко, не убран лед, не посыпан песком",Благоустройство
"Наследят за состоянием контейнерной площадки
Необходимо убрать граффити со стены и с контейнеров",Содержание МКД
"Несанкционированные надписи / объявления на сооружениях (в т.ч. заборах, гаражах, торговых павильонах)",Благоустройство
"корпус В Строгановском парке ,вдоль Ушаковской набережной, ближе  к дому 9/1 , деревья находятся в неудовлетворительном состоянии",Благоустройство
незаконное размещение кондиционеров,Нарушение правил пользования общим имуществом
Объявления,Состояние рекламных или информационных конструкций
Надписи на контейнере.,Благоустройство
"Во дворе, между 6 и 7 подъездами, на тротуаре около бордюра, провал асфальта с глубокой и объемной пустотой в грунте.",Благоустройство
"уберите покрышку с газона: Согласно Федеральному классификационному каталогу отходов (ФККО), утвержденному приказом Министерства природных ресурсов от 02.12.2002 № 786, отработанные и потерявшие свойства автомобильные покрышки относятся к отходам 4-го класса опасности, так как являются пожароопасными, а их использование в целях благоустройства не рекомендовано.",Благоустройство
"7 этаж сломанные перила и находятся в неудовоетаррителтном травмоопасном состоянии, необходимо принять меры",Содержание МКД
восстановить выломанный элемент мощения,Благоустройство
Необходимо очистить сооружение от надписей и объявлений,Благоустройство
Героев 24 к 2 подъезд 4 на 6 этаже испачкан подоконник,Содержание МКД
не убран снег на дороге,Благоустройство
незаконная торговля,"Незаконная реализация товаров с торгового оборудования (прилавок, ящик, с земли)"
Надписи на стене.,Благоустройство
"Требуется произвести работы по качественной очистке дорожного знака от несанкционированного рекламного объявления, не оставляя следов. 

Фотофиксация прилагается.",Благоустройство
просадка грунта у люка,Повреждения или неисправность элементов уличной инфраструктуры
Реклама на стене.,Благоустройство
снег на дороге,Благоустройство
в последней парадной неубирают уже больше месяца. на лестнице мусор и кучи песка,Содержание МКД
Второй день не убираеться и не посыпается тротуар у дома! В ук обращались. Результат на фото.,Благоустройство
граффити. прошу закрасить,Содержание МКД
Отремонтировать ступеньки.,Благоустройство
Листва грязь,Благоустройство
"нет света на 4 этаже, 3 пар",Содержание МКД
"по адресу: пр.Большевиков, дом 33/4, парадная 1

Просьба покрасить почтовые ящики ржавые",Содержание МКД
"Прошу УК Технопарк N1 провести обследование всех окон парадной 6 на наличие неисправностей (они сильно сквозят, т.е. не соответствуют теплоизоляционным требованиям), и привести их в надлежащее состояние.  На данный момент в парадной не выше 15 градусов, следовательно за отопление жильцы платят больше! В парадной должников нет! Фотофиксация выборочная, но по всем этажам стоят такие же окна",Содержание МКД
надписи на стенах,Благоустройство
прошу убрать рекламу,Благоустройство
Граффити,Благоустройство
мусор,Благоустройство
грязный лоток,Благоустройство
Много мусора на придомовой территории.,Благоустройство
Надписи на остановочном павильоне.,Благоустройство
"Возле остановки куча окурков, много листьев и мелкого мусора чуток",Благоустройство
"За декабрь, январь и февраль 2021 г. уборка лкл производилась один раз.",Содержание МКД
По графику во втором подъезде должна быть уборка МОПов. Уборка очередной раз не выполнена,Содержание МКД
незаконная рекламная конструкция,Незаконная информационная и (или) рекламная конструкция
"Тротуар вдоль Лабораторной улицы по нечётной стороне очень плохо очищен от снега и наледи.

В вечернее время идти по нему некомфортно и опасно — за 5 минут я поскользнулся на льду три раза.

Прошу проконтролировать качество уборки указанного участка тротуара.",Благоустройство
дырка рядом со вторым подъездом,Благоустройство
Отсутствует адресная вывеска с названием улицы и номером дома.,Фасад
Течёт кровля напротив 47 машиноместа.,Кровля
"Самовольная установка решеток на наружной части окон нежилого помещения 7Н на первом этаже широкого торца здания, выходящем на школу-сад Менахем.",Нарушение правил пользования общим имуществом
"проспект Стачек  дом 17 ,не убирают перед домам листву.",Благоустройство
С внутренней стороны двора Л1 отваливается штукатурка с элементами кирпичной кладки.  Для избежания преждевременного износа дома требуется простукивание штукатурного слоя с последующим восстановлением фасада специальным раствором. Также нужно установить причину промокания мансардной части фасада.,Фасад
разрушение штукатурки фасада жилого дома,Фасад
мусор,Благоустройство
Много мелкого мусора и окурков,Благоустройство
Идет разрушение штукатурки и кирпичной кладки.,Фасад
"На площадках лестничной клетки в парадной №5,  имеются механические повреждения на полу в месте прохождения вытяжной трубы мусоросборника на 4-ом, 5-ом, 6-ом, 7-ом и 8-ом этажах!",Содержание МКД
"Не оборудована площадка под мусор. Бачки без крышек, нет навеса над площадкой.",Благоустройство
"Отсутствует светильники на площадке мусоропровода. 1 подъезд, 5 этаж",Содержание МКД
"Битая машина, без бамперов и фар.",Благоустройство
Проржавел гараж,Благоустройство
"Необходимо очистить фасад от ржавого основания оборудования, которое больше не используется.",Содержание МКД
"Незаконное размещение рекламной стойки на газоне на территории общего имущества собственников дома. Находится на газоне возле выезда из паркинга на улицу Парфёновская, возле цветочного магазина",Незаконная информационная и (или) рекламная конструкция
снег на дороге,Благоустройство
Отсутствует песок в песочнице на детской площадке,Благоустройство
"по адресу: ул. Маршала Захарова д. 14 корп.2, парадная №2

Уберите рекламу из лифта",Нарушение порядка пользования общим имуществом
после проезда снегоуборочной техники завалило снегом всю парковку. машинам не выехать. высота снежной насыпи вдоль парковки после уборки более 40 см. необходимо срочно убрать снег с парковки.,Благоустройство
в парадной № 2 13 градусов,Центральное отопление
Граффити,Благоустройство
Просьба стереть надписи. Спасибо,Благоустройство
Проверить законность размещения вывески.,Незаконная информационная и (или) рекламная конструкция
реклама на электро будке,Благоустройство
Прошу заменить.,Кровля
Сломан забор,Благоустройство
"Нечищена кровля от снега. Все 4 дома Жилой городок Стрельна. Снег свисает. Там люди ходят в магазин, идут на работу, возвращаются домой, дети идут в школу мимо этих домов, родители ведут детей в сад. Скоро потепление и вся эта масса снега может рухнуть на кого-нибудь.
ЖКС ещё полторы недели назад передало информацию в ответственную организацию, но ничего не изменилось.",Кровля
Неработающий подвесной фонарь на въезде \ выезде во \ из двора.,Благоустройство
граффити на фасаде,Благоустройство
Неудовлетворительное состояние малых архитектурных форм,Благоустройство
граффити на столбе,Благоустройство
Роллет,Нарушение правил пользования общим имуществом
"Неудовлетворительное состояние детской , требуется покраска",Благоустройство
"Нет козырька над входом в парадную 2. 
Он снят и лежит под лестницей на 1м этаже.",Кровля
"незаконные рольставни аптеки.
все рольставни относятся к одному помещению.",Нарушение правил пользования общим имуществом
мусор на дороге,Благоустройство
Наледь на тротуаре.,Благоустройство
"Деревянная конструкция из гвоздей и досок мешает парковке машин. Координаты: 59.874931, 30.385212",Благоустройство
"1я парадная.
Ужасный запах с подвала/мусоропровода в подъезде и на этажах, до 3го этажа.",Санитарное состояние
"22.11.20 была отключена горячая и холодная вода в 16 секции по причине протечки в квартире по стояку ниже. 25.11.20 дозвонились до собственника, вскрыли квартиру с помощью МЧС, вечером включили водоснабжение. Подписали акт об устранении данной ситуации. Утром 26.11.20 вновь отключена горячая вода по той же причине - протечки в квартире, то есть проблема не устранена.",Водоснабжение
"Просим  отмыть от следов клея арку дома, возле подъезда №8.",Фасад
с торца дома металлистов 92 на газоне много мусора с осени прошлого года.,Благоустройство
"Урны во дворе не чистят, либо чистят очень плохо, что в них начинает расти трава. Просьба разобраться. Спасибо!",Благоустройство
"Бесхозный авто, без движения более 2х лет. Стоит рядом с детским садом, просьба проверить и принять меры.

Отсутсвует замок двери, открыт капот.",Благоустройство
"Повреждения дорожного покрытия проезжей части в зоне ДАЛЬНЕГО люка. 
Требуется произвести регулировку уровня колодца, качественно отремонтировать асфальтовое покрытие. 

Фотофиксация от 28.03.прилагается.",Повреждения или неисправность элементов уличной инфраструктуры
объявления на дорожном знаке,Благоустройство
Граффити,Благоустройство
Смещена крышка люка,Повреждения или неисправность элементов уличной инфраструктуры
Просадка асфальта влияющая на безопасность,Благоустройство
Мусор на газонах вдоль проезжей части,Благоустройство
здравствуйте. не горят 2 фонаря на 1 столбе. актуальное фото прилагаю. местоположение на карте. спасибо.,Благоустройство
снег не убран,Благоустройство
мусор на площадке,Содержание МКД
Отваливается штукатурка на стене.,Фасад
граффити на фасаде,Благоустройство
мусор и куча песка,Благоустройство
мешки с мусором на газоне,Благоустройство
"Двинская 15, по тротуару вдоль дома неубранные листья вперемешку с мусором, самое большое скопление - напротив входа в отделение почты России.",Благоустройство
"Неисправен  доводчик  на  второй  двери, при  входе. Дверь невозможно открыть. Парадная № 1 . ЖКС № 2  не  реагирует  на  просьбу  уже  2  месяца  решить  вопрос  с доводчиком.
Во  вложенном  фото,  доводчик,  который  как был  нерабочим так и  остался.  Доводчик,  который  якобы  починили   работал как до  так и  после  обращения  в  ЖКС.",Содержание МКД
"с момента выпадения осадков, снег не убирается",Благоустройство
Неисправно освещение в арке дома.,Содержание МКД
Роллет,Нарушение правил пользования общим имуществом
Предлагаю установить около 2 парадной скамейку.,Благоустройство
"Ввиду неудовлетворительного состояния асфальтового покрытия и постоянного скапливания воды в ямах во время выпадения осадков  во дворе дома 32б литер А по Суворовском у проспекту, прошу сообщить о возможности проведения ямочного ремонта.",Благоустройство
Граффити на стене во дворе.,Благоустройство
Объявления,Благоустройство
"3-ий подьезд. Личные вещи на территории подьезда
фото 1 - на чердаке
фото 2-3 - на последнеднем лестничном пролете перед чердаком",Содержание МКД
Разбит асфальт вокруг люка,Повреждения или неисправность элементов уличной инфраструктуры
В нарушение законодательства отсутствует ежедневная влажная уборка парадной до 2 этажа и кабины лифта. Последняя уборка проводилась 31.03.2021г. На информационном стенде отсутствует график уборки парадной на апрель 2021г. и висит старый график на март 2021г.,Содержание МКД
"Кушелевская дор. д. 7 к. 3, 2 парадная, 1 этаж. В лифтовом холле стоит рекламный стенд интернет-магазина. 
Фото прилагается",Нарушение порядка пользования общим имуществом
Некачественная уборка снега привела к подтоплению дворовых проездов.,Благоустройство
Просел асфальт вокруг люка,Повреждения или неисправность элементов уличной инфраструктуры
грязь на улице,Благоустройство
"первая парадная.
неисправен левый лифт.",Содержание МКД
"во дворе дома по адресу: Маршала Говорова дом 22/10 находятся контейнера для сбора отходов. к ним не подойти, отходы не возможно выкинуть!!!",Благоустройство
Мусор в виде песка на проезжей части ул. Ботаническая напротив 5к1. Пыль от проезжающих автомобилей поднимается в воздух.,Благоустройство
Просьбу убрать граффити на светофоре,Благоустройство
"На регулярной основе отсутствует уборка парадной 3 (Новочеркасский пр., 62) - отсутствие как сухой, так и влажной уборки на ВСЕХ ЭТАЖАХ. На площадке 1 этажа валяется мусор и окурки. Влажная уборка отсутсвует в парадной на протяжении месяцев В ПРИНЦИПЕ.
Согласно общим техническим условиям ГОСТа РФ 51617-2000 о жилищных и коммунальных услугах уборщица должна выполнять следующие работы:
- влажно подметать лестничные марши и площадки на двух первых этажах каждый день, исключая воскресенье, а также праздничные дни; 
- те же виды деятельности, только на следующих этажах, начиная с третьего, если в здании: не находится мусоропровод и лифт, частота уборки составляет не менее двух раз в течение одной недели
Обращаю внимание, что вопросы уборки решаются только через данный портал, свои обязанности иным способом ЕвроСити видимо исполнять не готовы.",Содержание МКД
реклама так и висит,Незаконная информационная и (или) рекламная конструкция
"Абсолютно не перейти по пешеходному переходу через дорогу!
Постоянно скапливается огромная лужа!
Пешеходы мочат обувь, вынуждены огибать через проезжую часть.
Требуется ликвидировать лужу и ПРИЧИНЫ её образования в полном объёме.

Фотофиксация от 21.03.прилагается.",Благоустройство
прошу закрасить,Благоустройство
Убрать провода,Благоустройство
"В доме 51 по проспекту Народного ополчения с регулярность раз в неделю ломается лифт. Постоянно обращаемся в обслуживающую организацию, приезжает мастер, ремонтирует, через несколько дней лифт опять ломается. Требуем произвести КАЧЕСТВЕННЫЙ ремонт!",Содержание МКД
"Добрый день! Я являюсь собственником квартиры 
XX
 по Московскому проспекту,157, 4 парадная. В нашем доме систематически отсутствует уборка парадной. Прошу принять меры",Содержание МКД
"Просьба заменить дверь по гарантии. Это проектное нарушение. Дверь открывается в сторону пандуса, затруднен выезд на пандус коляскам и маломобильным группам граждан.",Содержание МКД
Опасный тротуар,Благоустройство
необходимо занижение бордюра с двух сторон на въезде на заправку с пр. Космонавтов,Благоустройство
Прошу проверить законность установки вывески.,Незаконная информационная и (или) рекламная конструкция
Мусор у детской площадки,Благоустройство
Мусор в канаве и вокруг неё.,Благоустройство
Ямы в асфальте,Благоустройство
Реклама на светофоре.,Благоустройство
"Требуется произвести работы по качественной очистке столба (сооружения) от несанкционированных рекламных объявлений, не оставляя следов. 

XXXXXXXXXXX XXX XXXXXX XXXXXXX XXXX XXXXXXXX XXX XXX XXXXXX X XXXXXXXXXXXXX XXXXX XXXXXXXXXX XXX XXXXXX X XXXXX XXXXXXXXX XX XXXXXXXXX X XXXX XXXXXXXXXX XXXXXXXXXXX XXXXX XX XX XXXXXXXXXXXXX XXXXXXX XXXXXXX XXXXXX XXX XXXXXXXX XXXXXXXXXXX XXXX XX X XXXXXX XXXXXXXX XXX XXX XXXXXXXXXXXX X


Фотофиксация от 26.01.прилагается.",Благоустройство
"Ленинский проспект, дом 67, корп.2
Ранее было обращение под номером 2943201.
По нему была установлена урна у продуктового магазины. Видимо отсутствие желания убирать мусор привели к демонтажу урны. Прошу вернуть урну, для поддержания чистоты и порядка.",Благоустройство
Граффити,Благоустройство
"Вообще не убирается снег на тротуарах вдоль улицы Бутлерова близ дома с адресом пр. Непокоренных 49, корп. 2. Карту с отмеченным местом «безхозных» тротуаров прилагаю. Прошу найти ответственного за уборку снега на данном участке и включить  данные тротуары в график уборки.",Благоустройство
объявления на знаках,Благоустройство
"сильное повреждение асфальта, прошу отремонтировать",Благоустройство
Просьба установить ограничения газона для предотвращения постоянной парковки на газоне и ЕГО ПОРЧУ! ПОВСЮДУ ГРЯЗЬ ИЗ ЗА ЭТОГО! И просьба не делать идиотских отписок! СКОРО ВЫБОРЫ!!!,Благоустройство
рекламная конструкция возле входа в кофейню,Незаконная информационная и (или) рекламная конструкция
"Рядом с 1 парадной установлена бетонная клумба, которая используются не по назначению. Она  превращена в пепельницу,  прошу её убрать, т.к. в ней нет никакой пользы, а вот вред упавшему на неё человеку может нанести существенный вдобавок из неё торчит арматура.",Благоустройство
требуется обработка пгм,Благоустройство
на 6 этаже в 1 парадной  в квартирном холле реклама-удалить,Содержание МКД
Опасная веревка на горке. Надо убрать,Благоустройство
"Парадная №5. Неисправная работа лифта в 5 подъезде дома привела к перелому руки пожилой гражданки( руку которой ударила и зажала дверь лифта01.12.2020 г. около 18.00). При закрытии дверь лифта обнаружив препятствие на пути не открывается плавно, автоматически, а  с силой захлопывается защемляя разные части тела, что приводит к травмам. Отчитываясь на портал сотрудник 
XX XXXXXXXX XX XX
 постоянно врет, предоставляет липовые акты, справки 
,что лифт находится в правном состоянии . Так в этот же день 01.12.20г. был составлен акт ООО ""СМУ-55"" в котором указано, что лифт находится в исправном состоянии, угрозу жизни не представляет, параметры шума не превышают нормы. (акт проверки размещен на портале в сообщении №3027912).",Содержание МКД
"2 парадная, урна не очищена!",Благоустройство
Столб опасно наклонился,Благоустройство
"По адресу: ул. Гаванская, д 43, уже 4 месяца на производится уборка в подъездах. Грязь, пыль, инфекция. На обращение в жил. Компанию, не было никаких ответных действий( кроме того как повесили рекламный щит, и наклеили новый график уборки. Пожалуйста, примите меры. Ул.Гаванская, д.43, подъезд 3.",Содержание МКД
"Постановление № 961.
4.14. Уборка лотковой зоны в зимнее время должна предусматривать:
4.14.1. Очистку верха бордюрного камня и усовершенствованного покрытия от него в сторону снежного вала на расстоянии не менее 0,5 м.

Лотковая зона это территория проезжей части вдоль бордюрного камня тротуара, газона шириной 0,5 м.",Благоустройство
"Лестница не убиралась давно, лесница не парадная, но выход на лесницу с 6 квартиры",Содержание МКД
Течет горячая вода из шланга из окна. Гололед!,Водоснабжение
Ужасный напор холодной воды. Из-за этого перестала зажигаться газовая колонка.,Водоснабжение
мусор вне баков,Содержание МКД
Убрать бытовой мусор с пня в Митрополичим саду,Благоустройство
Дорожный знак накренён. Прошу восстановить.,Благоустройство
почините трубу о,Кровля
Не убрана листва,Благоустройство
"Горячая вода плохого качества, цвет коричневый, прошу принять меры !",Водоснабжение
ямы на дороге,Благоустройство
Просьба очистить. ((,Благоустройство
на 8 этаже в 1 парадной  в лифтовом холле неисправно освещение-восстановить,Содержание МКД
Повреждение асфальта на дорожном покрытии.,Благоустройство
"Сломана крышка люка. Как минимум это опасно, т.к. люк практически на детской площадке. Двор дома №61 по Кондратьевскому пр.",Повреждения или неисправность элементов уличной инфраструктуры
рисунки на остановке,Благоустройство
"Отсутствует горячее водоснабжение в многоквартирном доме  № 12 корп. 2  по ул. Гренадерская , г. Пушкин , СПБ .
17. 12. 2020 г. с 11 утра прекратилась подача горячей воды в дом.
Объявления о причинах нет , работы не ведутся ,это видно на  фото входа в подвал , на снегу нет следов.",Водоснабжение
Здравствуйте. Мусор на внутреннем дворе. Различный бытовой мусор.,Благоустройство
"По адресу: Будапештская улица, дом 15, корпус 3, литера А, парадная №3

Просьба покрасить дверную ручку в цвет двери",Содержание МКД
Прошу демонтировать рекламу.,Незаконная информационная и (или) рекламная конструкция
"Не работают фонари вокруг дома, почему люди должны ходить чуть ли не с фонариками к своему дому.
Освещение включают для проверок и фотоотчета, наглое вранье! Свет был несколько дней и снова достаём фонарики, что за безобразие и скотское отношение к людям?!",Благоустройство
демонтировать рекламу,Незаконная информационная и (или) рекламная конструкция
снег на дороге,Благоустройство
яма на дороге,Благоустройство
не горит свет,Благоустройство
Надпись на заборе,Благоустройство
"Урна у 1 подъезда Народная 87. Не очищена, грязь.",Благоустройство
"Провал брусчатки, воде некуда уходить",Благоустройство
"Заклинивает двери, издается громкий неприятный скрип маленького лифта именно на 18 этаже (последний) 3 парадной. Явно где-то что-то трет. Соседи и женщины бояться ездить",Содержание МКД
Требуется очисть проезжую часть от песка,Благоустройство
"Добрый день!
пр-кт Луначарского 78 корпус 5 парадная 4 (вход через почтовые ящики, не на лифт).
На входе в парадную голая кафельная плитка - очень скользко!
Это ОЧЕНЬ травмоопасно сейчас, когда выпал снег и мокро! Просим принять меры, хотя бы коврик резиновый постелить.
Будем очень благодарны!",Содержание МКД
незаконная решетка на фасаде,Нарушение правил пользования общим имуществом
"Не неудовлетворительно состоянии парадной, испорченн пол, 2 эт",Содержание МКД
яма в асфальте,Благоустройство
"Не убираются места общего пользования (лифтовое помещение и коридор) с нового года. Дата уборки по графику прошла, но уборка проведена не была. 23 этаж.",Содержание МКД
"Перед пухто натянут стальной тросс. Жители близлежащих домов (особенно, пожилые) неоднократно травмировались. Требование убрать тросс, т. к. это противоречит требованиям ОТ и ТБ.",Содержание МКД
Труба на первом этаже не в порядке. Четвёртая  парадная,Водоснабжение
"Украден/снял светильник. Прошу восстановить

Выход на сторону Приморского шоссе",Содержание МКД
"Двор как помойка, других слов нету. Двор не убирается месяц.",Благоустройство
"Регулярное не соблюдение графика уборки! Уборка проводится только после обращения в ЖКС. Грязь в подъезде #6. 
Фото от 22.04.2021 прилагаю.",Содержание МКД
"набережная канала Грибоедова, дом 152. из магазина цветов регулярно выбрасывают мусор, все разнесло ветром или птицами и никто не убирает всю зиму.",Благоустройство
надписи,Благоустройство
"самовольная огромная вывеска ""кофейня#1"" с полным игнорированием размерного регламента вывесок на фасаде памятника архитектуры.
Висит в центре уже 3й год ,
никакой реакции КГА. ! ! !",Незаконная информационная и (или) рекламная конструкция
Проверить законность размещения вывески,Незаконная информационная и (или) рекламная конструкция
"В 1 парадной дверцы  несколько почтовых ящиков сломаны, грязные, исписанные. Многие дверцы неплотно прилегают, замки можно открыть любым острым предметом. Просьба к управляющей компании провести замену почтовых ящиков, тем более что во 2 парадной осенью произвели замену. Наши ящики тоже пришли в негодность в следствии естественного износа.",Содержание МКД
Требуется проверить законность размещения выделенной рекламной (информационной) конструкции на здании.,Незаконная информационная и (или) рекламная конструкция
"Добрый вечер! На колонне во дворе нарисовано граффити, просьба его закрасить.",Благоустройство
"Несанкционированный рисунок на стекле конструкции. Фотофиксация- 31.12.2020г., 23:30.",Состояние рекламных или информационных конструкций
"Энгельса 128 5 парадная.
Грузовой лифт неисправен. С прошлого ""устранения неисправности"" прошло 4 дня и снова стоит сломанный.",Содержание МКД
незаконный рекламный щит,Незаконная информационная и (или) рекламная конструкция
Необходимо демонтировать незаконную рекламную конструкцию,Незаконная информационная и (или) рекламная конструкция
Освещение неисправно,Благоустройство
Прошу спилить мертвое дерево.,Благоустройство
рисунки на знаках,Благоустройство
На проезде напротив дома по адресу пр. Раевского 10 организована свалка на газоне.,Благоустройство
"Не работает освещение
С левой стороны не светит. (Ориентир — опора со знаком)",Благоустройство
После недавнего ремонта гипсовыми материалами опять обваливается балкон,Фасад
"Парадная №1.
Середина месяца, уборки в подъезде нет.

ПС в прошлом месяце убрали один раз, прошу не писать, что уборка проведена согласно графику это ложь
Простите, но это не правда, 21ое число марта в подъезде висит график уборки за февраль с подложными подписями задним числом, и то что проводит ЖКС-1 уборкой назвать нельзя, смотрите фото.

ПС мне стыдно за то, что оплачиваю счета и пишу тут ""жалобы""",Содержание МКД
Мусор песок пластик окурки на газоне на всей длине  всего газона.,Благоустройство
Постоянный мусор во дворе,Благоустройство
"Несанкционированные надписи / объявления на сооружениях (в т.ч. заборах, гаражах, торговых павильонах)",Благоустройство
Прошу убрать мусор,Благоустройство
Листья,Благоустройство
Прошу сделать скат на входе в сквер,Благоустройство
"Санкт-Петербург г. Пушкин , Павловское шоссе д.31 парадная 3   отсутствует освещение под козырьком",Содержание МКД
Мусорные урны рядом с домом не убирают,Благоустройство
"График уборки присутствует, но парадная не убирается. Грязь на лестнице и в лифте. Парадная №1.",Содержание МКД
Надписи в грузовом лифте. Прошу устранить.,Содержание МКД
"Перегорела лампы освещения, пешеходный переход в Шушарах, переход к жд станций Шушары.
Не работают с декабря 2020 года.",Благоустройство
мусор на газоне,Благоустройство
Мусор во дворе,Благоустройство
"Требуется произвести работы по качественной очистке рекламной конструкции от несанкционированных рекламных объявлений и надписей. 

Фотофиксация от 10.04.прилагается.",Состояние рекламных или информационных конструкций
во въезд во двор с улицы лётчика пилютова на против дома 34к1 ужасные ямы.,Благоустройство
Объявление на дорожном знаке,Благоустройство
"На прошлой недели поставили стеклопакеты на всех 9 этажах, во второй парадной дома. Почему то из двух створок окна можно открыть только одну, установив закрывающую ручку только на одной створке. Ограничили проветривание парадной. У собственников никто, ничего не спросили, сделали как  захотели.",Содержание МКД
очистите,Благоустройство
неудовлетворительное состояние асфальтового покрытия,Благоустройство
Лужа,Благоустройство
"Неудовлетворительное состояние фасада. Козырёк над входной дверью в очень не удовлетворительном состоянии, куски бетона отваливаются. Козырёк наклонён вниз, при дожде или снеге свои функции не выполняет. 6 Парадная",Содержание МКД
Объявления,Благоустройство
"Мусор на газоне вокруг остановочного павильона, скопление мусора на газоне у проезжей части, прошу убрать.",Благоустройство
"Частично не работает освещение напротив дома по адресу Кингисеппское шоссе, дом 12",Благоустройство
Надпись. 5 парадная,Благоустройство
"Незаконная рекламная/информационная конструкция (виниловое полотно) отвратительного содержания


XXXXXXXXX XXXXXXXXXXXX XXXX XXXXXXXXXXXX XXXXXXXXXXXXX XX XXXXXXX XXXXXX XXXXXXXXXXX XXXXXX XXXXXXXX XXXXX XXXXXXXXXXXXXXX",Незаконная информационная и (или) рекламная конструкция
"Перед входом в парадную отсутствует асфальт , глубокие ямы и не ровное покрытие . Во время дождей и больших осадков собирается больше и глубокое количество воды. Когда несколько лет назад заделывали это место положили не понятный раствор с большим количеством песка ,и его очень быстро размыло. Почему тратят наши деньги ,а делают не качественно!!! Вторая парадная.",Благоустройство
объявления на знаках,Благоустройство
Прошу очистить от граффити рекламы наркотического магазина,Благоустройство
Добрый день! Куча мусора на протяжении 2х недель разбросана по газонам и тротуару. Уборка видимо не проводится вообще.,Благоустройство
мусор на дороге,Благоустройство
снег на дороге,Благоустройство
Необходимо восстановить лепной карниз,Фасад
"Незаконный рекламный баннер на историческом фасаде дома на Невском проспекте. (Аналогичные незаконные баннеры висят на каждом объекте этой кампании. Почему не применяются штрафные меры, чтобы отучить наглецов...)

Баннер необходимо демонтировать и оштрафовать нарушителей.",Незаконная информационная и (или) рекламная конструкция
Упавшее дерево.,Благоустройство
Уборщица не убирает в подъезде самостоятельно. График не соблюдается. Уборка производится только по жалобе на данном портале.,Содержание МКД
"Надписи на грантиных камнях-держателях ограды. Фотофиксация- 01.03.2021г., 14:18.",Благоустройство
снежная каша,Благоустройство
реклама так и стоит,Незаконная информационная и (или) рекламная конструкция
"Разбитые и грязные оконные блоки за шахтой лифта. Уборка там не производится. Прошу произвести окна в соответствии с ГОСТ, починить фурнитуру, произвести уборку поверностей. Фото приложить можно всего 5, но проблема присвтствует на КАЖДОМ этаже.",Содержание МКД
объявления на знаках,Благоустройство
Убрать объявления не оставляя следов бумаги и клея,Благоустройство
На протяжении двух месяцев не проводилась уборка в подъезде,Содержание МКД
"Выезд из двора на улице Писарева дом 5 из года в год не убирается, дворник не убирает говорит что это территория города и она не должна ее убирать, водитель трактора говорит что это должен делать дворник, в итоге убирают жители дома у кого машины стоят во дворе, среди них инвалид 3 группы, если выезд не почистить то просто не заехать/выехать из двора",Благоустройство
"Требуется произвести работы по качественной очистке фасада здания от несанкционированного рекламного объявления, не оставляя следов. 

Фотофиксация прилагается.",Благоустройство
Снег на тротуаре не убран. И не посыпано песком.,Благоустройство
Очистить,Благоустройство
В первой парадной на 6 этаже разбито окно,Содержание МКД
Просьба покрасить пандус у парадной 3,Содержание МКД
"незаконная торговля вне магазина не прекращалась
    Администрация  московского района не справляется со своей работой","Незаконная реализация товаров с торгового оборудования (прилавок, ящик, с земли)"
"Контейнеры стоят не на контейнерной площадке, в нашем дворе это постоянная проблема! Мне таким образом поцарапал машину, так как жителям приходиться самостоятельно их передвигать что бы проехать на парковку! Разберитесь пожалуйста регулярно обращаемся результата нет!!!",Благоустройство
"множественные повреждения бордюрного камня вдоль газона в зоне погрузки магазина 
просьба устранить дефекты",Благоустройство
"Галерный пр.д.5,на фасаде дома расположен обратный блок кондиционера требуется проверка на законность размещения данного оборудования",Нарушение правил пользования общим имуществом
Мусор в виде покрышек и сухих веток деревьев,Благоустройство
Неисправна группа фонарей,Благоустройство
Незаконные полусферы,Благоустройство
На доме надписи.,Благоустройство
Необходимо удалить несанкционированные надписи с фасада МКД.,Благоустройство
рисунки на знаках,Благоустройство
"Повреждено напольное покрытие около лифта и мусоропровода на первом этаже парадной #1. Визуально повреждение составляет порядка 50% от площади, требуется обновление напольного покрытия",Содержание МКД
реклама на доме,Благоустройство
Более 3-х недель не производится уборка лестничной клетки в 3 парадной -Павловская ул. д. 60!!! Уборка производится только  после жалобы на портал!!! Сколько можно!!!! Лестница в крайне неудовлетворительном состоянии.,Содержание МКД
Неисправна карусель. Не крутится,Благоустройство
"Нет освещения на этаже у лифта.
Адрес: Искровский проспект, д. 3, корп. 2, лит. Д (парадная 7, этаж 5)",Содержание МКД
Квартирный/лифтовой холл 10-й этаж неудовлетворительное состояние освещения,Содержание МКД
"На лестнице в 4 парадной не светит ни одна лампочка по причине отсутствия их в плафонах . Сегодня , спускаясь  с верхнего этажа, с учетом неисправности лифтов, ребёнок упал и получил ссадины с ушибом.
Требую установить лампочки по  всей «чёрной» лестнице от 1 до 14 этажа.  Нормальной фотографии темноты естественно нет",Содержание МКД
"Не санкционированная торговля сигаретами у станции метро Проспект Большевиков. Никаких разрешающих документов нет, торговля только за наличные. Сигареты могут купить все, вне зависимости от возраста, даже дети. Необходимо в экстренном порядке прекратить данную торговлю сигаретами у станции метро Проспект Большевиков, её окрестностях и территории Санкт-Петербурга.","Незаконная реализация товаров с торгового оборудования (прилавок, ящик, с земли)"
"На первом этаже в 3 парадной при в ходе в подъезд неприяный запах мочи и нечистот.Решите,пожалуйста,вопрос.",Санитарное состояние
необходимо уточнить законность установку кондиционера на фасад дома. при несоблюдение правил установки принудить собственника помещения к демонтажу данной конструкции,Нарушение правил пользования общим имуществом
"Мусор у мусоропровода крупногабаритный и на пожарном балконе. 
4 парадная, 12 этаж.",Содержание МКД
"На остановке общественного транспорта ""ул. Маршала Тухачевского"", первая остановка на выезде из кольца, наблюдается, с каждым днём, становящаяся все глубже яма на стыке с дренажным колодцем. Троллейбусы уже прямо ныряют в неё, а объехать её им никак. И сам люк колодца перекосило уже, градусов на 10.",Повреждения или неисправность элементов уличной инфраструктуры
"Парадная опять не убирается
Вымыто плохо, просто намочили. По углам мусор.",Содержание МКД
уберите,Благоустройство
"Ржавые почтовые ящики. Во многих сломаны замки, то есть, ящики не закрываются. Хотелось бы их заменить. Второй подъезд.",Содержание МКД
"Реализация товаров в местах, не предназначенных для торговли","Незаконная реализация товаров с торгового оборудования (прилавок, ящик, с земли)"
Наледь на тротуаре.,Благоустройство
"Вблизи остановки общественного транспорта ""Проспект Ветеранов"" ведутся строительные работы с нарушением правил безопасности на момент наблюдения 13.12.2020 приостановленные. Данные нарушения заключаются в следующем: пробуренные скважины оставлены до периода возобновления работ в состоянии не соответствующем требованию пункта 6.1.11 СНиП 12-04-2002 ""Безопасность труда в строительстве"",согласно которому : цитата -""Пробуренные скважины при прекращении работ должны быть закрыты щитами или ограждены. На щитах и ограждениях должны быть установлены предупреждающие знаки безопасности и сигнальное освещение."" Указанные шахты находятся на уровне грунта и прикрыты легко смещающимися и с виду непрочным материалом ,предупреждающие знаки безопасности и сигнальное освещение отсутствуют, что представляет опасность для неосторожных или случайно забредших на участок граждан и животных.",Благоустройство
"по адресу шлиссельбургский 17/2 все дорожки во льду. Дворника нет с понедельника14.12 точно, а вообде не помню когда он там был. За домом детский сад 130,  все дорожки во льду, опасно ходить, через дорогу школа все падают постоянно. Срочно, хотя бы песком посыпать везде, только НЕ солью",Благоустройство
посторонняя реклама и граффити. конструкция СЛЕВА на фото,Состояние рекламных или информационных конструкций
"Лужи, просьба подсыпать гранитной крошкой",Благоустройство
"Лист,мусор на газонах. Просьба убрать.",Благоустройство
Отваливается штукатурка на стене.,Фасад
"Пушкин, Красносельское ш. д. 33
 
Просьба покрасить входную дверь",Содержание МКД
прошу убрать несанкционированные объявления,Состояние рекламных или информационных конструкций
"Не работает доводчик входной двери. Испытателей 15к1, парадная 10",Содержание МКД
лужа на тротуаре,Благоустройство
надписи на стенах,Благоустройство
"ТСЖ указанного дома самовольно захватил территорию и огородила её для парковки автомобилей, о данной ситуации неоднократно сообщалось на портал, после проверок и демонтажа ограждений управляющий ТСЖ вновь выставляют ограждение для парковки￼.
Данный незаконные парковки располагаются напротив 8-й и 10-й парадных￼ со стороны двора.",Благоустройство
снег на дороге,Благоустройство
Осыпается фасад над парадной.,Фасад
"Здравствуйте. Прошу поставить на место смещенные экскаватором полусферы у первой парадной, установленные администрацией кировского района по письменной просьбе жильцов дома. В связи с постоянно паркующимися автомобилями на тротуаре возле дома и не дающие пройти и тем более проехать с коляской. На данный момент одна полусфер лежит в кустах, а другая на газоне-клумбе.
Прошу поставить полусферы так, чтобы автотранспорта не смог заезжать на тротуар",Благоустройство
"Заявление.
Я 
 инвалид колясочник 1-ой группы (ДЦП) Детский Церебральный Паралич. Проживающая по адресу ул. Корнея Чуковского дом 7 корпус 2 

Возле подъезда моего дома с весны 2020 года разобрано крыльцо. Весной подавали заявку в диспетчерскую и в группу скв-возрождение в письменном виде.
За лето и осень крыльцо еще больше пришло в негодность, плиты все отвалились. Учитывая то что передвигаюсь на инвалидной коляске (меня возит моя мама маме уже 80 лет) выйти из дома мы не можем. Прошу разобраться в сложившейся и ситуации и обеспечить мне свободный доступ на выход и вход.
Ответ прошу отправить письмо, в какие сроки будет отремонтировано крыльцо в подъезд, где я проживаю.
Так же у нас в доме не закрывается в подъезде центральная дверь из-за этого в квартире холодно. Высылаю вам фото и видео...

",Содержание МКД
"В квартире 
XX
 лестница №3, ванной по стояку течет вода с потолка.",Кровля
Не чистят двор!,Благоустройство
Испачкана стена,Содержание МКД
огромная лужа у входа в ТЦ,Благоустройство
"10 дней назад по моей просьбе через портал «Наш Санкт-Петербург» Сотрудники нашей обслуживающей компании ЖКС 1 сделали уборку первого этажа и заполнили график уборки. Сегодня вечер 28 ноября. Судя по состоянию пола и по графику с тех пор больше не убирались. Очень недовольна работой обслуживающей компании. Что жильцы дома должны сделать, чтобы правила санитарной обработки исполнялись? ЖКС 1 за уборку деньги получают с жильцов, а эффект только после жалобы и то на один раз хватило.",Содержание МКД
Не работает домофон. Отключен работниками ЖКС№1 Центрального района. Парадная 5,Содержание МКД
Граффити на оборудовании спортивной площадки.,Благоустройство
граффити,Благоустройство
"4 этаж, отсутствуют кабель каналы, проводка положена открытым образом, что не допустимо!",Содержание МКД
Мусор у дома 25/1 по ул.Караваевской.,Благоустройство
В 1 парадной на лестнице на 5 этаже 3 дня уже лежит труп мыши и никто не убрал. Обращались по номеру 318-01-01 Единая диспетчерская служба. Результата нет.,Санитарное состояние
Мусор за контейнерной площадкой!,Благоустройство
На гаражах надписи.,Благоустройство
"Требуется произвести работы по качественной очистке рекламной конструкции от несанкционированных рекламных объявлений, не оставляя следов.  

Фотофиксация прилагается.",Состояние рекламных или информационных конструкций
Много мелкого мусора,Благоустройство
11 этаж. Балкон. Требуется закрасить ржавую дверь.,Содержание МКД
Сломаны почтовые ящики в 5 парадной. Требуется ремонт,Содержание МКД
Отсутствуют и утрачены элементы лепного декора фасада. Обваливается штукатурка с фасада.,Фасад
В подъезде 5 на третьем этаже у квартиры 65 постоянно моргает лампочка освещения.,Содержание МКД
Граффити на контейнере.,Содержание МКД
мусор у парадной,Благоустройство
Граффити.,Благоустройство
очистить,Благоустройство
Повреждение асфальтового покрытия,Благоустройство
Необходимо удалить несанкционированную надпись с фасада 9-го этажа третьего подъезда МКД.,Содержание МКД
Упавшая ветка дерева.,Благоустройство
"Установлены почтовые ящики и ящик для спама. Повесили очень криво. Прошу повесить по уровню. Если у ЖКС нет строительного уровня, я могу дать свой личный, но закрепите пожалуйста по уровню!
Установлены почтовые ящики и ящик для спама. Повесили очень криво. Прошу повесить по уровню. Если у ЖКС нет строительного уровня, я могу дать свой личный, но закрепите пожалуйста по уровню!",Содержание МКД
Переполненные урны с выходных (субботы) вдоль дома. Состояние актуально на среду,Благоустройство
Убрать,Благоустройство
реклама так и  висит,Незаконная информационная и (или) рекламная конструкция
"третий день как в подъезде перегорела половина ламп .
теперь тут темно и ничего невидно
 жкс1 совсем перестали работать в доме?",Содержание МКД
"С тех пор, как была увеличена температура в системе отопления, напор горячей воды резко снизился, а в системе водоснабжения происходят постоянные перепады температуры-при принятии душа и настроенной нормальной температурой происходит то снижение температуры от прохладной до горячей. Проблема не только в нашей квартире, я спрашивала у соседей. Сегодня, когда я мыла детей, одного из них обожгла до розового пятна на коже.
Я звонила в аварийную службу ЖКС (999-99-81),если правильно помню, 23.02.21., оставила заявку по этому вопросу. К сожалению, номер заявки потеряла, где записала. 
Прошу решить эту проблему немедленно, в противном случае буду писать жалобы куда только возможно.",Водоснабжение
"На дереве висит пакет, надо бы убрать.",Благоустройство
"Предыдущее обращение так и не рассмотрено! Тем не менее не убирается снег, превратившийся в гололёд, на тротуаре между домами 42к2 и 40к6В по улице Пограничника Гарькавого",Благоустройство
"Просьба покрасить стены на лестнице, установить ручки, отмыть надписи, заменить испорченные двери",Содержание МКД
на 16 этаже торчат непонятные гвозди. прошу убрать,Содержание МКД
Детские качели скрипят,Благоустройство
Снег на пешеходном переходе - с коляской не пройти. Декабристов/Писарева,Благоустройство
листва,Благоустройство
"Битый вазон, надо вывести.",Благоустройство
Ямы,Благоустройство
"Добрый день! Прошу вас активно посодействовать в решении проблемы нашего дома. Зачастую при приёме душа или чистке зубов или иных процедурах - из крана течёт горячая вода ужасного качества (2-3 раза в неделю).  Подача такой воды, создаёт существенный риск для здоровья и безопасности жизни жильцов нашего дома. Такая вода ухудшает кожу, зубы и не может быть подана жильцам дома со стороны УК в составе коммунальных услуг. В ванной остаются механические и иные примеси. Прошу вас обязать управляющую компанию дома установить магистральные и иные необходимые фильтры, для подачи жильцам дома горячей воды надлежащего качества.",Водоснабжение
"Необходимо установить искусственную неровность, взамен сломанной неровности, сделанной из асфальта",Благоустройство
Грязная дверь помещения мусороприемника.,Содержание МКД
Прошу устранить просадку на проезжей части.,Благоустройство
Открытый люк на тротуаре,Повреждения или неисправность элементов уличной инфраструктуры
Мусор на газоне,Благоустройство
"Требуется замена почтовых ящиков. 
Большая часть из них сломана, дверцы просто прижаты (пример кв.42, просто прикрыт, на кв. 38 замок отсутствует полностью). Прошу заменить секцию почтовых ящиков на исправные 
Благодарю.",Содержание МКД
Мусор в виде песка на внутридворовой территории. УК Дворцовая бездействует. Территория до камней в кадастре МКД,Благоустройство
Мусор на газоне.,Благоустройство
"Реклама на столбе, очистить без остатка следов.",Благоустройство
Неисправен пешеходный светофор. Фотоэлемент упал. Не мигает теперь.,Благоустройство
"асфальтное покрытие разрушено, в ямах, трещинах. от пешеходного перехода вдоль всего дома. переасфальтировать.",Благоустройство
"Отваливается кусок плитки над доводчиком, держится только благодаря ему. 5 парадная",Содержание МКД
Листва на газоне,Благоустройство
объявление на опоре освещения,Благоустройство
Идёт просадка,Повреждения или неисправность элементов уличной инфраструктуры
"В Удельном парке не работают светильники. Перегорели лампы. 
Просьба поставить светодиодные светильники/лампы.
Координаты светильников: 60.006059, 30.325725, 60.006250, 30.324909, 60.005861, 30.324888, 60.006078, 30.323450 соотвественно",Благоустройство
"Надписи на стеклах. Фотофиксация- 09.02.2021г., 18:54.",Благоустройство
Отсутствует освещение в малом лифте 7 парадной,Содержание МКД
снег на дороге,Благоустройство
Повреждения дорожного покрытия проезжей части,Благоустройство
прошу убрать рекламу со столба,Благоустройство
Прошу демонтировать незаконную рекламу,Благоустройство
"Неудовлетворительное состояние 1-ой  парадной. Падает штукатурка,  небезопасно.",Содержание МКД
Не убран снег на тратуаре. Очень скользко.,Благоустройство
Грязь на проезжей части по улице Русановская,Благоустройство
Прошу очистить от рекламы.,Благоустройство
песок и листья на дороге,Благоустройство
"Комментарий к ПРОБЛЕМЕ №3162296: ответ ЖКС №1 Пушкинского р-на не соответствует действительности. Проблема является аварийной! При любом потеплении или выпадении осадков крыша/потолок в квартире протекает. После обращения №3162296 протечки повторялись неоднократно в результате межпанельные швы на потолке, швы между потолком и стенами разрушаются, на потолке и стенах в местах постоянных протечек обильно появилась плесень/грибок. В приложении акт о последней протечке от 16/03/2021, фото фиксация протечки.
По первому обращению ЖКС №1 не предпринял никаких мер по временной промазке примыканий кровли, только счистил мокрый снег, что имело эффект ровно до следующего выпадения осадков (несколько часов). Со стороны ЖКС №1 контроль за своевременной расчисткой снежных образований не ведется.
В связи с тем, что неотложная проблема не решается силами ЖКС №1 уже год, в приложении акт от 18/03/2020!!!, прошу устранить проблему в течение ближайших 2 недель, не ожидая начала агротехнического периода",Кровля
Неудовлетворительное состояние окраски фасада МКД,Фасад
"Незаконная рекламная конструкция снова стоит в том же месте.
Демонтаж в добровольном порядке оказался неэффективен.",Незаконная информационная и (или) рекламная конструкция
Очистить,Благоустройство
Открыт колодец около трамвайного кольца,Повреждения или неисправность элементов уличной инфраструктуры
"мох, плесень, отслоение штукатурки у 8 подъезда",Фасад
парадная не убирается 2 месяца,Содержание МКД
"Переполненная урна. Вход в магазин «Пятёрочка» 2-ой Муринский, 10, корп 1",Благоустройство
снег на дорогах не убран,Благоустройство
"открыт ящик с проводами. доступен для самых маленьких детей и животных, что может быть опасным.",Благоустройство
"Вторая фотография была приложена специально, для большей информативности о столбе, а не о дор. знаке. О дор.знаке создано др. сообщение и оно на рассм. А этот столб нужно очистить от позорной рекламы.",Благоустройство
"Парадная 3.
Рекламные наклейки на дверях и стенах лифта внутри и снаружи. Рекламная наклейка на секле внутренней деревянной двери парадной",Содержание МКД
"Надписи на фасаде, рекламные листовки на водопроводных трубах со стороны дороги.",Благоустройство
"Отсутствует примыкание входной двери 
сильные теплопотери 
Дверь внутри парадной морозится. Первый подъезд.",Содержание МКД
Очистить,Благоустройство
просьба убрать мусор в виде брошенного торчащую из земли металлического изделия на газоне вдоль проезжей части,Благоустройство
не соблюдается график уборки,Содержание МКД
наледь на крыше,Кровля
"Требуется произвести работы по качественной очистке рекламной конструкции от несанкционированных надписей, не оставляя следов. 

Фотофиксация от 17.12.прилагается.",Состояние рекламных или информационных конструкций
Надпись на доме. Прошу устранить,Благоустройство
"На дорогах во дворах между домами 17 и 19 по Приморскому проспекту появились многочисленные глубокие ямы.
Просим устранить.

Обращаю внимание, что часть ям появились на местах, где проводился ремонт дорожного полотна (если не ошибаюсь, в 2019 г.). Это говорит о низком качестве реализованного ранее ремонта.",Благоустройство
Не работает домофон . 4 парадная.,Содержание МКД
Надписи,Благоустройство
полная мусорка у парадной,Содержание МКД
Несанкционированные надписи на стене здания Пражская 35 (возможно - реклама и распространение наркотиков).,Благоустройство
Требуется замена фасадной плитки на торце дома корпуса А (ближайший к корпусу Б),Фасад
Яма глубиной с колесо автомобиля. Сегодня при парковке машины попала именно в эту яму. Чуть не осталась без колеса,Повреждения или неисправность элементов уличной инфраструктуры
"Здравствуйте. В 1 парадной опять много крыс у лифта,под лестницей  и у лестничного пролета,если пешком подниматься между 2 и 3 этажами). Наглые, днем 3 штуки сидели, даже не разбегаются.",Санитарное состояние
"Во дворе постоянно грязно, нет регулярной уборки.",Благоустройство
Отсутствует секция ограждения,Благоустройство
Испачканы стены дома и газовая желтая труба в арке на входе с улицы Малая Конюшенная дом 10 с правой стороны.,Фасад
"У исторического здания повреждена водосточная труба, отсутствует её нижняя отводящая (изогнутая) часть. Необходим ремонт водосточной трубы.
(Просьба не путать с другим сообщением)",Кровля
"Добрый день, купили квартиру в доме Ленинский проспект 53 к1 квартира 
XX
, когда стали вселяться, то выяснилось, что дом просто кишит тараканами, а что ещё страшнее, клопами.  И эты проблема не в одной парадной. Люди пытаются избавиться в своих квартирах, поэтому происходит их постоянная миграция. А также существуют квартиры-рассадники. В подтверждение есть скрины с чата дома от соседей. В управляющую написала письмо, но ответа нет. Помогите избавить дом от вредных насекомых.",Санитарное состояние
Неудовлетворительное состояние 3 парадной. Следы протечек и отваливающаяся штукатурка на потолке 1 этажа.,Содержание МКД
Повреждения,Благоустройство
Не работает аварийное и основное освещение на 22 этаже.,Содержание МКД
Мусор,Благоустройство
"Не убирается внутридворовая территория, нет ручной подборки мусора на проездах.",Благоустройство
прошу убрать надписи на стеклах,Благоустройство
Мусор никто не убирает уже больше недели.,Благоустройство
Заменить правила пользования лифтом. Неудовлетворительное состояние стен.,Содержание МКД
Граффити на ограждении контейнерной площадки.,Содержание МКД
"отслоение стены, прошу устранить",Содержание МКД
Уберите надписи под мостом.,Благоустройство
Прошу проверить приборы освещения на фасаде МКД.,Содержание МКД
Листья на детской площадке. Необходимо убрать.,Благоустройство
Нелегальная реклама на щите,Состояние рекламных или информационных конструкций
Просьба заделать ямы. Спасибо,Благоустройство
"неудовлетворительное состояние парадной ,стены требуют ремонта",Содержание МКД
надписи на стене сооружения. просьба закрасить.,Благоустройство
"В дворовом проезде наблюдается просадка покрытия рядом с люком. 
Просьба провести ремонтно-восстановительные работы. 
Координаты 60.008978, 30.357031",Повреждения или неисправность элементов уличной инфраструктуры
Очистить газон от листвы.,Благоустройство
"Огромная лужа через которую не пройти, проблема существует уже не первый год и никак не решается, пока не потеплеет и она не испортится",Благоустройство
"Не убран снег на тротуаре с асфальтовым покрытием. Прошу провести нормальную уборку территории.
Правительство Санкт-Петербурга
ЖИЛИЩНЫЙ КОМИТЕТ

РАСПОРЯЖЕНИЕ

от 18 июля 2016 года N 897-р

Об утверждении технологического регламента выполнения работ по уборке внутриквартальных территорий Санкт-Петербурга, входящих в состав земель общего пользования
""Участки территорий, покрытые уплотненным снегом или льдом, убираются при помощи машин со скалывающим устройством или вручную. Удаление скола производится одновременно со скалыванием или немедленно после него с помощью плужно-щеточных машин или вручную.""


Прошу убрать гололёд, как того требует регламент,",Благоустройство
Прошу убрать мусор.,Благоустройство
смят светильник после сосулек.,Содержание МКД
"необходимо установить ограждения газонов, чтобы не парковали автомобили",Благоустройство
повреждение дорожного покрытия,Благоустройство
Ступени в наледи,Благоустройство
снег на дороге,Благоустройство
отмойте о о,Благоустройство
"С пятницы не убирается территория относящаяся к дому. Второй день пошёл. Специально для управляющего, который любит писать что никто не обращался в Диспетчерскую. Сообщаю, что вчера вечером 18 декабря оставил заявку на отсутствие уборки диспетчеру. Заявка номер 957. Получил ответ что дворники работают до 16 часов! Отвратительная работа по уборке снега! Заявления поступают постоянно!",Благоустройство
не работает табло светофора со стороны магазина 5ка,Благоустройство
"Неисправно освещение, ул. Дачная (Горелово) на против дома 188",Благоустройство
Оборванный провод,Благоустройство
"Подъезд номер 2 два. 

Необходимо эту старую исклеенную доску заменить на новую доску для объявлений на этой парадной в ближайшее время.",Содержание МКД
13 этаж отсутствует опломбировка пожарных щитков,Содержание МКД
Снег на лестнице.,Благоустройство
"Красногвардейский район,МО Малая Охота, пр-т Шаумяна д.54 .Со стороны проспекта вдоль дома на пешеходной зоне на асфальтированной дороге стоят большие лужи,мешают движегию пешеходов!",Благоустройство
Парадная 1 требует ремонта.,Содержание МКД
Пропало часть дорожного ограждение.,Благоустройство
"Монтировали люк, как в прошлом году бросили, так все и находится в неподобающем состоянии",Благоустройство
Не горит лампа в темное время,Содержание МКД
С опоры освещения свисает провод с распределительной коробкой.,Благоустройство
"черная грязь, окурки и огромное количество мусооа вдоль тротуара на проезжей части и на самом тротуаре 8 советской улицы.",Благоустройство
"Прошу 
1 обязать подрядчика убрать вокруг бытовки строительный мусор",Благоустройство
Закрасить не понятные граффити в цвет стен здания.,Благоустройство
"Не работают светильники. В одном перегорела лампа, а на второй опоре светильника нет вовсе. 
Просьба установить современные светодиодные светильники. 
Координаты места 60.032988, 30.309876",Благоустройство
"Добрый день

Прошу рассмотреть вопрос о благоустройстве внутридомового двора по адресу: г. Санкт-Петербург, 6-ая линия В.О., д. 3/10. 

Бетонная плитка во внутреннем дворе местами провалилась, местами раскололась, а так же поребрик, разделяющий газон и плитку слишком сильно прикопан в землю, что способствует во время дождя проникновению грязи с газона на плитку. 

В связи с этим прошу:
1) демонтировать всю плитку во дворе и поребрик, разделяющий плитку и газон;
2) выровнять поверхность песчано-цементным слоем;
3) положить плитку обратно, заменив треснутые элементы на целые, а также предусмотрев уклон плитки для дождевой воды в колодцы;
4) смонтировать поребрики, разделяющие плитку и газон с возвышением над плиткой в районе 5-10 см.",Благоустройство
"Неудовлетворительное содержание козырька над входом в парадную дома (свисающая балка). Фотофиксация- 04.04.2021г., 11:19(20).",Кровля
Требуется проверить законность размещения выделенной рекламной (информационной) конструкции на здании.,Незаконная информационная и (или) рекламная конструкция
необходимо убрать следы объявлений с двери парадной. привести дверь в надлежащее состояние,Содержание МКД
Отсутствует искусственное освещение игровой площадки в детском саду,Благоустройство
"Отсутствует разметка на футбольном поле 
необходимо нанести",Благоустройство
"огромные ямы в асфальте у парадных. в темноте ноги переломать можно. с детской коляской проехать проблематично, машины днищем об асфальт бьются. вечно лужи. почините асфальтовое покрытие чтобы было ровно и без ям",Благоустройство
"Не убирают в подъезде уже 1.5 месяца. Совсем. Убираем сами, но так же не должно быть.",Содержание МКД
"Провалился пол в арке. С каждым днём все больше и больше становится яма. Это арка ведёт к детскому саду, там ходят дети!",Повреждения или неисправность элементов уличной инфраструктуры
Просел люк .Дыра в земле,Повреждения или неисправность элементов уличной инфраструктуры
"Сломан короб для проводов,1 этаж",Содержание МКД
"Реклама наркотиков на стене дома, ул.Ольминского, 8",Благоустройство
лужи на асфальте во дворе,Благоустройство
Бумажные объявления на сооружении,Благоустройство
Очистить козырек от снега.,Кровля
Объявления на дорожном знаке.,Благоустройство
Смята крыша у будки.,Благоустройство
Грязно в подъезде,Содержание МКД
Повреждена информационная табличка общественного транспорта!,Благоустройство
Граффити в подземном переходе,Благоустройство
Неудовлетворительное состояние парадной. Отваливается краска после капитального ремонта подъезда между 2ым и 3тьим и 3тьим и 4ым этажом на лестничкой клетке. Отваливается краска с ливнестока на 3тьем этаже. Требуется зачистка и покраска.,Содержание МКД
"Заменить клавиши на выключателе с однофазного на двухфазный, как было до его порчи и в соответствии с функциями, которые он выполняет. 
24.11.2020, 14:28 СПб ГКУ ЖА Фрунзенского района закрыла обращение по поданной заявке на ремонт выключателя как устраненную проблему. Спасибо. Но, к сожалению, на двухфазный выключатель, который выкл./вкл. свет на 1-м этаже подъезде и выкл./вкл. свет на улице была установлена клавиша однофазного - теперь либо нет света в подъезде, либо днем горит свет на улице. 
30.11.2020 мы оставили заявку по телефону ЖКС№1, но по состоянию на 09.12.2020 проблема не устранена.",Содержание МКД
Прошу убрать мусор,Благоустройство
На скамейке во дворе собираются бомжи. Прошу её демонтировать.,Благоустройство
"Чёрная лестница первый этаж третья парадная, правое окно не плотно прилегает в закрытом состоянии, зазор почти 10 мм￼",Содержание МКД
На работает магнитный замок на калитке уже месяц. Выход из двора на Адмирала Трибуца,Благоустройство
"Не работает домофон, дверь постоянно открыта, Невский район,пр.Большевиков д. 71 Корп.2, лестница 6.",Содержание МКД
"1. Не работает нижняя правая секция табло. 
2. Повернут ""пешеход"".",Благоустройство
надписи на электробудке,Благоустройство
гололед о о,Благоустройство
рисунки на фасаде здания,Благоустройство
Прошу устранить гололед на пути к остановкам общественного транспорта,Благоустройство
Надписи на стене.,Благоустройство
"Галерный пр.д.5,на фасаде дома расположен обратный блок кондиционера требуется проверка на законность размещения данного оборудования",Нарушение правил пользования общим имуществом
"Удалите, пожалуйста, 2 надписи в арке дома.",Благоустройство
Просьба выполнить работы по восстановлению покрытия брусчаткой.,Благоустройство
"Несанкционированные надписи (граффити-теги), требуется удалить надписи, либо при помощи растворителя, либо путём нанесения краски однотонного с закрашиваемой поверхностью оттенка согласно колера дома !",Благоустройство
мусор,Благоустройство
"Ивановская, 12. Газон вокруг дома полностью замусорен, уборка не проводится. Около 3-х недель стоят мусорные мешки, на траве валяются отходы различного рода - пластиковые, бумажные, включая разные упаковки, пакеты, бутылки.",Благоустройство
ступени лестницы сильно обломаны. требуется восстановить ступени лестницы на всех этажах парадной.,Содержание МКД
очистите о о,Благоустройство
Неудовлетворительное состояние парадной,Содержание МКД
Подъезд номер 1. Лестничную клетку и лифт не убирают вообще.,Содержание МКД
мусор на дороге,Благоустройство
С моего предыдущего Сообщения подъезд 8 никто не убирает!!!,Содержание МКД
Листва,Благоустройство
Прошу убрать и помыть,Благоустройство
Не исправно освещение,Благоустройство
прошу убрать мусор и бетонный столб,Благоустройство
уже около двух недель пищит открытый домофон.,Содержание МКД
"11 парадная. Пассажирские лифты зачастую проезжают нужный этаж. Например нужен 19, он проскочил до 20, затем не открывая двери спустился на 18, и затем уже поднялся на 19 этаж. Прошу устранить",Содержание МКД
Перегорела лампочка на лестничной площадке первого этажа... опять,Содержание МКД
Прошу закрасить граффити,Благоустройство
"Повреждения дорожного покрытия проезжей части - выкрашивания, выбоины. 
В агротехнический период требуется запланировать работы по качественному ремонту асфальтового покрытия Картой, соблюдая технологии. 

Фотофиксация от 03.01.прилагается.",Благоустройство
Снег на тротуаре,Благоустройство
"Железобетонные строительные отходы надо убрать, а не засыпать землей.",Благоустройство
"на детской площадке архитектурные формы в ужасном состоянии, покрытие все в лужах",Благоустройство
Не работает ливневая канализация.,Благоустройство
Собран снег в одну кучу две недели назад и не вывозится со двора. Есть опасность затопления подвала в результате таяния такого большого количества снега.,Благоустройство
"Дворовая урна возле подъезда №3 находится в неудовлетворительном состоянии:
покрытие очень грязное, как снаружи, так и внутри, отслоения окрасочного слоя, копоть.
Требуется произвести работы по приведению урны в надлежащее состояние, а именно:
1. В рамках подготовки поверхностей произвести промывку всей урны с использованием моющих средств и струи высокого давления;
2. Удалить оставшиеся после помывки неровности. 
Произвести качественную окраску урны, в том числе и внутри.
*Для достижения наилучшего эффекта рекомендуется окрашивать в несколько слоёв.

Фотофиксация от 14.04.прилагается.",Благоустройство
граффити,Благоустройство
Массовые повреждения,Благоустройство
Провалился грунт и бордюр,Повреждения или неисправность элементов уличной инфраструктуры
Земля лежит на тротуаре. Прошу очистить тротуар от земли,Благоустройство
реклама на столбе,Благоустройство
"мусор по дворе старо-петергофский 39 
Фото от 28.02 и от  02.03",Благоустройство
Самовольно установлена решётка на лицевом фасаде по Дойникову переулку,Нарушение правил пользования общим имуществом
неубранный мусор,Благоустройство
"Новочеркасский 12,подъезд 2,лифт...
низкое качество покрасочных работ.",Содержание МКД
Поднят асфальт,Благоустройство
не работает одна лампа в лифте в 6 парадной,Содержание МКД
мусор и грязь на лестнице.  требуется влажная уборка,Содержание МКД
Неубраный снег.,Благоустройство
"Дверь грузового лифта закрывается со скрежетом, что-то ей мешает, также он раскачивается во время движения.

Парадная 1",Содержание МКД
В 3 подъезде на ул. Сантьяго де куба д.10 к.1 на лестничной площадке большое количество мусора.,Содержание МКД
"Очень сильны грохот при открытии/закрытии дверей лифтовой кабины, независимо от этажа. Русановская 19к2, здание паркинга",Содержание МКД
мусор,Благоустройство
Несанкционированные надписи на сооружении.,Благоустройство
Надписи на щитке.,Благоустройство
"Улица Демьяна Бедного 26 к.1А. автомобиль Audi. отсутсвие нескольких стёкол, внешних световых приборов.",Благоустройство
"По адресу ул. Можайская д.12:
- обрушение штукатурки (во дворе);
- обрушение штукатурки с потолка арки.",Фасад
"Ненадлежащее состояние ограждения газона -  в некоторых местах решетка отсутствует вовсе, в одном месте сломана, две отдельно стоящие секции решетки повалились на бок и не совсем понятно их назначение в месте установки. В местах отсутствия решетки люди хотят через газон (видны следы на газоне).",Благоустройство
Прошу очистить газон от мусора,Благоустройство
"В 5 подъезде температура на лестничной клетке 4 градуса, на площадке около лифта на 12 этаже всего 7 градусов. Очень холодно",Центральное отопление
"Уборка в январе не производилась. Каждый месяц одно и то же. Полы уже чёрные и не отмываются. Плата начисляется в полном объёме.
Состояние подъезда на всех этажах ужасное. Темные полы от грязи. На подоконниках окурки, шприцы, мусор и тд.",Содержание МКД
Очистить,Благоустройство
Удалить лишние ветки придать растениям во дворе ухоженный декоративный вид.,Благоустройство
грунт уходит под люк,Повреждения или неисправность элементов уличной инфраструктуры
Слома площадка,Содержание МКД
"Добрый день. 
Неисправно освещение в арке.",Содержание МКД
несанкционированная торговля,"Незаконная реализация товаров с торгового оборудования (прилавок, ящик, с земли)"
из крана бежит ржавая горячая вода,Водоснабжение
Мусор на дороге у школы №253,Благоустройство
"проспект Просвещения, дом 53, корпус 1, литера А
12 пар 

Просьба убрать рекламу",Нарушение порядка пользования общим имуществом
Бетонные блоки на газоне парка.,Благоустройство
Ямы во дворе по проспекту Испытателей 15к1. Между парадными 10 и 11 на проезде в арке,Благоустройство
Отсутствуют крышки щитков. 6 этаж,Содержание МКД
1этаж Облупилась краска,Содержание МКД
"уберите покрышку с газона: Согласно Федеральному классификационному каталогу отходов (ФККО), утвержденному приказом Министерства природных ресурсов от 02.12.2002 № 786, отработанные и потерявшие свойства автомобильные покрышки относятся к отходам 4-го класса опасности, так как являются пожароопасными, а их использование в целях благоустройства не рекомендовано.",Благоустройство
Повреждения дорожного покрытия проезжей части,Благоустройство
"Повреждена обшивка труб отопиьельных. Вероятно из-за того, что в парадную сломана дверь и заходят все, кому не лень. Просим починить обшивку. Парадная 1.",Центральное отопление
граффити на велосипедной парковке,Благоустройство
Мусор на придомовой территории.,Благоустройство
Мусор на газоне: у трансформатора по адресу ул. Карпинского 21/2 в Калининском районе Санкт-Петербурга.,Благоустройство
"Несанкционированные объявления 
XXXXXXXX
 на опоре освещения",Благоустройство
Нет Доводчиков на дверях на 18 этаже в 4 парадной по Королева д 64 копус1,Содержание МКД
Очистить,Благоустройство
Разбито стекло 18 этаж,Содержание МКД
Прошу очистить стены от грязи и зеленого налета( растительности),Фасад
поломана детская площадка,Благоустройство
"Почему не убирают улицы от зимней грязи? Улица пыльная и грязная, валяется мусор, который неделями не убирают... почистите улицу",Благоустройство
восстановить лестницу и перила на выходе из первой парадной во двор,Благоустройство
"Отсутствует ежедневная  уборка на 1,2 этажах.",Содержание МКД
прошу закрасить граффити,Благоустройство
снег на дороге,Благоустройство
"5 парадная 
5 этаж 
Квартирный холл 
Отсутствуют пластроны в щитке",Содержание МКД
несанкционированные надписи,Благоустройство
"убрать весь мусор, грязь, листья, пыль, отмыть.",Благоустройство
Необходимо очистить дорожный знак от надписей,Благоустройство
"2 парадная черная лестница,пролет между 8 и 9 этажами,разбит плафон.",Содержание МКД
1 Парадная центральный вход прилифтовой Холл сломанный почтовые ящики и отсутствует номерация на них,Содержание МКД
"Ранее обращалась с заявкой по поводу жёлтой горячей воды . Был получен ответ, что вода соответствует параметрам и она прозрачная. Но вода желтая!!!! Примите меры! Фото прикладываю .
Вода в 32 квартире. Такая вода не всегда. Если пропустить ее минут 15-20 и разбавить холодной, то она прозрачная. Обращалась в ЖЭК, проблему зафиксировали.",Водоснабжение
не очищена дорога,Благоустройство
"Много мусора мелкого, окурков. Битых кирпичей, которые портят вид.",Благоустройство
"краска в пятнах, местами облезла. требуется нормальный перекрас всего лифта.",Содержание МКД
Плохое освещение в лифте в 4 подъезде.,Содержание МКД
очень мнон мусора,Благоустройство
"После урагана обломилась большая часть дерева и его ни кто не убрал до сих пор.
Вы серьёзно считаете, что перенести ветки на соседний участок, это решение проблемы???!!!!  ""МОЛОДЦЫ""! Всё людям под окна положили! Проблема вывоза веток с территории не решён.",Благоустройство
"Повреждён асфальт на парковке у т/к ""Южный полюс""",Благоустройство
Добрый день. Очень скользко на тротуаре.,Благоустройство
надписи на доме 1 парадная,Благоустройство
"Отмойте, пожалуйста, от рекламы дорожные знаки.",Благоустройство
Хлам на лестничной площадке,Содержание МКД
неубранный снег на дороге,Благоустройство
"Добрый день. Перегорели лампы. На мою заявку в УК поменять лампы ответ: они закупаются,а в это время можно споткнуться и получить травму. Прошу вас разобраться. Третий корпус. Этажи 3,5,8,12,11,14,18,13,10и9",Содержание МКД
Не светит,Благоустройство
снег на дороге,Благоустройство
Проверить наличие разрешения на вывеску,Незаконная информационная и (или) рекламная конструкция
Прошу закрасить граффити,Состояние рекламных или информационных конструкций
Несанкционированные надписи.,Благоустройство
Прошу убрать покрышку,Благоустройство
неудовлетворительное состояние покрытия,Благоустройство
надписи,Состояние рекламных или информационных конструкций
"Облупленный фасад, нужен ремонт.",Фасад
"Прошу починить ручку на тамбурной двери которую сломал вандал. 
Богатырский пр. 52 к.1, 6 подъезд, 10 этаж.",Содержание МКД
"Требуется произвести работы по качественной очистке фасада здания от многочисленных несанкционированных рекламных объявлений, не оставляя следов. 

Фотофиксация от 18.03.прилагается.",Благоустройство
"незаконная торговля не прекращалась
    Администрация  Центрального района не справляется со своей работой","Незаконная реализация товаров с торгового оборудования (прилавок, ящик, с земли)"
"Стены лифта разрисованы
Протерли моющим средством,и всё,не отмыли,вонь в лифте стоит!",Содержание МКД
В окне между 1 и 2 этаже выбито стекло. Лестница №6,Содержание МКД
реклама на дорожном знаке,Благоустройство
очистите,Благоустройство
Реклама на стенде.,Состояние рекламных или информационных конструкций
Самовольно установлена решётка на окне на лицевом фасаде,Нарушение правил пользования общим имуществом
Не вывозится мусор,Содержание МКД
"большая поперечная нервность (трещина) на негерметизированном стыке дорожных полотен на всю ширину тротуара у д.112 по ул.Бухарестская

просьба устранить дефект, создающий препятствие на пути пешеходов",Благоустройство
снег на дороге,Благоустройство
доп секция светофора отвалилась и может упасть на пешехода,Благоустройство
"По данному адресу отсутствует уборка лестничной клетки. На графике отмечается уборка каждый день, но по факту уборка не производится . В парадной очень грязно, влажная уборка была один раз.",Содержание МКД
"Огромная лужа на тратуаре.
Требую устранить.",Благоустройство
Реклама на водосточных трубах,Благоустройство
Сломанное ограждение газона,Благоустройство
очистите о о,Благоустройство
"Раньше у парковки была ограда, потом её сняли, и теперь водители оставляют машины на газоне, оставляя (в более тёплую погоду) за собой грязное месиво.",Благоустройство
"Сломан люк на проезжей части ул.Захарьевская д.12. 
возможно линии водопровода или канализации",Повреждения или неисправность элементов уличной инфраструктуры
снова граффити на контейнерной площадке,Содержание МКД
"Здраствуйте! Вдоль домов по Советскому проспекту с д.12 по д.20 невозможно пройти по тротуару, образовалась огромная лужа, необходимо проведение работ по устройству водоотвода.",Благоустройство
"Большая яма вдоль дома по адресу: СПБ, Коммуны д 28к2, которая постоянно затрудняет проезд транспортным средствам, очень сложно объезжать, когда вдоль дома с двух сторон припаркованы автомобили.",Благоустройство
"Вдоль всей проезжей части и тротуаре Фермского шоссе (от улицы Аккуратова до Фермского шоссе д.10) имеется толстый слой пыли, грязи и песка. Норма 30 гр/кв.метр явно превышена. Прошу провести тщательную уборку территории, включая подметание и мойку с использованием моющих средств - в соответствии с распоряжением Коммитета по благоустройству Санкт-Петербурга от 24.05.2016 #105-р",Благоустройство
"Необходимо произвести работы по комплексной мойке и уборке мусора с проезжей части и тротуаров на улице Легковая (завод Ниссан) участок от Комендантского проспекта в сторону ЗСД:  вся дорога и тротуары покрыты мелким мусором, битым стеклом, песком и другой грязью. Дорогу сначала надо вычистить, а затем тщательно помыть.
Фотографии приложенные в качестве ответа не соответствуют участку который заявлялся в качестве проблемы - фотографии сделаны на другом участке из другого ответа. По этому участку фотографий не вижу.",Благоустройство
Убрать упавшие стволы деревьев.,Благоустройство
"Контейнер находится не границах контейнерной площадки, на дороге.По адресу: Колпино, улица Загородная, дом 48",Благоустройство
"У пешеходного перехода со стороны магазина ""Перекрёсток"", на рекламной конструкции надписи, рекламирующие работу, предположительно связанную с нарушением закона",Состояние рекламных или информационных конструкций
Оторвана часть водосточной трубы.,Кровля
объявления,Благоустройство
Надо вывести железобетонный мусор.,Благоустройство
Демонтировать рекламную Вывеску.,Незаконная информационная и (или) рекламная конструкция
граффити на гараже,Благоустройство
Нет номера пожарного шкафа.,Содержание МКД
Убрать объявления не оставляя следов бумаги и клея,Благоустройство
прошу закрасить граффити,Благоустройство
Неухоженный вид деревьев.,Благоустройство
"Чёрная лестница седьмой этаж третья парадная, лестница в неудовлетворительном состоянии, испачкана￼",Содержание МКД
Неисправен выключатель освещения под козырьком,Содержание МКД
Надписи на стене.,Благоустройство
Граффити на стене с торца дома,Благоустройство
Рисунки. Арка на Невском проспекте,Благоустройство
Мост неустойчивая деревянная конструкция которая разваливается и в историческом месте г Петергофе выглядит не достойно. Просим заменить .,Благоустройство
Не выполняется уборка подъезда 11. Мёртвые насекомые на подоконниках. Мусор на полу,Содержание МКД
Надписи,Благоустройство
С газона не убирают мусорные пакеты,Благоустройство
"Прошу освободить земельный участок от конструкций, препятствующих парковке. Не передвинуть, как это делали всегда, а именно утилизировать и срезать замок!",Благоустройство
"Надписи на щите. Фотофиксация- 22.02.2021г., 21:00.",Благоустройство
"прошу расставить полусферы так, чтобы от них был толк.",Благоустройство
Из горячего крана идёт чуть тёплая вода,Водоснабжение
незаконная камнра видео наблюдения,Нарушение правил пользования общим имуществом
мусор в парке,Благоустройство
Убрать,Благоустройство
упавшие ветки в зноп,Благоустройство
не убран снег на дороге,Благоустройство
Не светит,Благоустройство
Отключен стояк горячей воды на кухне.,Водоснабжение
Реклама,Благоустройство
"граффити на остановочном павильоне, совмещённом с рекламной конструкцией",Благоустройство
Не освещается вход в парадную.,Содержание МКД
"Несанкционированная надпись на архитектурной форме.

Согласно ст. 37_1 Закона Санкт-Петербурга от 12 мая 2010 года № 273-70 ""Об административных правонарушениях в Санкт-Петербурге"": ""Самовольное нанесение надписей и рисунков, вывешивание, установка и расклеивание объявлений ... в не установленных для этого местах влекут наложение административного штрафа на граждан в размере от трех тысяч до пяти тысяч рублей; на должностных лиц - от тридцати тысяч до пятидесяти тысяч рублей; на юридических лиц - от семидесяти тысяч до ста тысяч рублей"" (в редакции, введенной в действие с 19 мая 2019 года Законом Санкт-Петербурга от 7 мая 2019 года N 217-51).

Администрация Невского района и Комитет по вопросам законности, правопорядка и безопасности уполномочены привлекать нарушителей к административной ответственности (см. статьи 48 и 51 Закона СПб № 273-70).",Благоустройство
разрушено асфальтовое покрытие,Благоустройство
требуется уборка мусороа с газона,Благоустройство
"Добрый день, в грузовом лифте дверь при закрытие/открытие треться об кабину, что привело к стиранию покраски лифта. Просим помощи в решении данного вопроса. 4 парадная.",Содержание МКД
"лужа на всю ширину тротуара. в прошлый раз ее осушили, прошу устранить должным образом яму в которой скапливается вода.
ближайшая арка в левашовскому",Благоустройство
"Мусор на газоне
По вашему ответу это не мусор?
Требуется уборка территории",Благоустройство
"Мусор на проезжей части, в разделительной полосе, сплошная разметка не видна, вся в грязи",Благоустройство
Убрать,Благоустройство
"Доводчик не закрывает полностью дверь между лифтовым холлом и мусоропроводом, этаж 17.
Садовая ул., д.6, подъезд 3, этаж 17.",Содержание МКД
знак направления одностороннего движения повернут не в ту сторону,Благоустройство
в отбойнике не хватает дух опор,Благоустройство
"В парадной #3 график уборки не соблюдаеться.Видимо график висит просто так на стенде.Мытье лест.площадок выше 3 этажа должен был быть ещё 24 го числа.,а подметание нижних 3 этажей и мытье кабины лифта вообще ежедневно.Примите меры.",Содержание МКД
"Здравствуйте!!! Происходит уже какой-то ужас, долго терпели, но уже решили оставить жалобу.
Больше месяца нет уборки по адресу ул. Писарева, д. 5. где кв 1,2,3!
Просьба приложить все меры, и усилить контроль за графиком уборки подъезда!!!
Прошу ответить мне в установленный законом срок.",Содержание МКД
"Мусор на дворовой территории
Никто не убирает",Благоустройство
Не убирается карман от снега от ВЕТЕРАНОВ 52 до ВЕТЕРАНОВ 38.,Благоустройство
"Требуется произвести работы по качественной очистке дорожных знаков от несанкционированных рекламных объявлений, не оставляя следов; удалить надписи со светофорной колонки. 

Фотофиксация от 15.01.прилагается.",Благоустройство
"Автомобиль после ДТП, капот смят, отсутствует бампер и часть крыла, виднеется бачек омывателя, это разве не видно?",Благоустройство
"Мусор на детской площадке, урны переполнены",Благоустройство
Отсутствует качеля. На этом месте была качеля для малышей люлька.,Благоустройство
Мусор,Благоустройство
"Улица Кирочная, дом 23. Лестница № 2. Несанкционированная надпись на двери. Прошу очистить дверь.",Благоустройство
обширное разрушение асфальта,Благоустройство
Грязь на лестнице. Нет ежедневного подметания. Требуется влажная уборка всей лестницы.,Содержание МКД
Со стороны голубого универсама на входной двери второго подъезда размещена реклама на металлических пластинах. Просьба убрать незаконную рекламу.,Нарушение порядка пользования общим имуществом
Прошу закрасить граффити,Благоустройство
"Уберите мусор с газона и дорог, мусор из ПУХТО летает  по двору.",Благоустройство
грязные стены и окна,Содержание МКД
наледь на крыше,Кровля
снег на дороге,Благоустройство
надписи,Благоустройство
"Лестничная площадка 4-го этажа 6 парадная не была произведена генеральная уборка лестничной площадки после принятия дома УК. Остатки цемента, сухих смесей после строительства.",Содержание МКД
"Мусор на детской площадке ул.Крупской, 25, вход на детскую площадку.",Благоустройство
Несанкционированные надписи на сооружении,Благоустройство
Плохая уборка двора и свалка мусора,Содержание МКД
"Вокруг дома 16, корпус 6 по улице Пограничника Гарькавого много неухоженных деревьев, кустарников. 
Читайте ВНИМАТЕЛЬНО!!! Вокруг дома, это значит, что такие насаждения находятся не с какой-то определённой стороны, а по всему периметру здания (это значит, что со всех сторон здания находятся неухоженные насаждения). 
Эти неухоженные насаждения мешают проникновению света в летний период времени (это значит не сейчас, сейчас зима. Это значит летом, т.е. когда на календаре июнь, июль или август месяц). Также данные насаждения мешают проходу людей от дома (16, корп. 6) до территории Ленфильма. 
Убедительная просьба, обратить внимание не только на насаждения, что есть в приложенных к обращению фотографиях, а обойти вокруг всего дома и глазками, желательно открытыми и трезвыми посмотреть, какие именно насаждения требуют внимания! 

XXXXXX X XXXXXXXXXXXX XXXXXXXXXXXX XXXXXXX XX XXXXXXX XXXXXX X XXXXXX XXXXXX XXXXXXXXXXXX XXXXXXXXXXX XXXXXXX XXXXXXXXXXX XXXXXXXXXXXX",Благоустройство
Неочищенная урна на детской площадке,Благоустройство
объявления на знаках,Благоустройство
"На 5,5 этаже находится спинка от дивана.",Содержание МКД
Разукомплектованное транспортное средство без передних световых приборов (внешних),Благоустройство
Неудовлетворительное состояние дорожного покрытия у дома рыбацкий пр.19 к.1,Благоустройство
Надписи на дорожном знаке.,Благоустройство
"Отбитые углы парадной, штукатурный слой отваливается, большими кусками в том числе. 
XXXXX XXXX XXXXXXXX XX
 парадная 1",Содержание МКД
"Прошу принять меры по демонтажу незаконно установленного рекламного короба(автомойка,химчистка,полировка).",Незаконная информационная и (или) рекламная конструкция
рекламные объявления на здании,Благоустройство
"У первого подъезда данного дома необходима установка лавочки, так как в подъезде много пожилых людей и детей.",Благоустройство
"В проезжей части просел канализационный люк.
Требуется произвести работы по регулировке уровня колодца, устранить просадку, качественно отремонтировать асфальтовое покрытие, соблюдая технологии (рекомендуется промазывать швы битумом для дольшей сохранности покрытий).

Фотофиксация от 31.03.прилагается.",Повреждения или неисправность элементов уличной инфраструктуры
"Нарушение правил пожарной безопасности п.42 Постановления Правительства РФ от 25.04.2012 N390 «О противопожарном режиме»
Открытые электрические провода на стенах первого этажа парадной 4
Пожароопасное соединение проводов и приборов освещения 
Бездействие управляющей компании",Содержание МКД
Надписи на контейнере.,Благоустройство
лужи,Благоустройство
"Двери сгнили, петли провисли,",Благоустройство
"Отсутствуют урны для мусора у подъезда N2, дома 52 Парковая ул г.Пушкин",Благоустройство
"Парадная №1
7 этаж
Отсутствуют резиновые накладки на перилах",Содержание МКД
"мусор на черной лестнице 1 парадная,9 этаж,антисанитария",Содержание МКД
"Добрый день.
Состояние нашего подъезда неудовлетворительное.
Требуется косметический ремонт парадной №5: покраска стен, потолков (след от протечки на 5 этаже), батарей, частичная замена/реставрация плитки на полу. Неудовлетворительное состояние внутридомовых дверей: требуется замена старых деревянных внутридомовых дверей (на фото) на новые стеклопакетные двери с доводчиком, т.к. двери самопроизвольно открываются и закрываются, нет возможности их либо закрыть либо открыть. Двери старые и разваливаются на части, к тому же не отвечают современным требованиям содержания дома!!! Требуется замена старых деревянных оконных рам на новые стеклопакетные окна, замена старых подоконников на новые: Из окон дует, рамы плохо закрываются и открываются, потому что на них сто слоев масляной краски, подоконники все треснутые, их невозможно помыть или протереть, потому что на них опять же много слоев краски и эта краска вся потрескалась от времени!",Содержание МКД
Завален забор у светофора. Перекресток ул. Гателло и Ленсовета.,Благоустройство
"1 парадная 9 этаж,тамбур с выходом на общий балкон,рабочие за собой не убрали",Содержание МКД
Засор ливневой канализации на улице Замшина (рядом с домом №9). Пешехода не могут безопасно перейти проезжую часть.,Благоустройство
ямы на рельсах,Благоустройство
"Надписи на стене в лифте, прошу закрасить. 3 парадная.",Содержание МКД
очистите,Благоустройство
Мусор на внутридворовой территории.,Благоустройство
Мусор на детской площадке,Благоустройство
7 этаж. Хранение личных вещей у мусоропровода.,Содержание МКД
Упавшая наледь повредила штукатурный элемент фасада во дворе дома по Б.Конюшенной ул.29,Фасад
"очистите
не убрано и нет ответа по трем фотографиям из пяти. 
Площадку не убирают вовсе.",Благоустройство
"Рисунки
Рисунки на роллетах остались. Цоколь был испорчен краской. Пескоструйное удаление применено не было.",Благоустройство
Мусор на газоне.,Благоустройство
мусор на дереве,Благоустройство
"необходимо убрать мусор, песок, отсев с дорожки",Благоустройство
поврежден знак,Благоустройство
"На перекрестке огромная лужа. Причем глубокая. 
Просьба принять меры к водоотводу.",Благоустройство
Прошу вернуть блок на место тк без него авто ездят по тратуару,Благоустройство
граффити и самоклей на входных дверях в пассажирский лифт на 4 этаже лестничной клетки,Содержание МКД
Мусор и грязь вблизи контейнерной площадки,Содержание МКД
"Добрый день во дворе набросано большое количество палок, брусков , в том числе с гвоздями.",Благоустройство
"прошу вас произвести замену стёкол во внутренней входной двери подъезда номер 4. в настоящее время все стекла заляпаные, грязные, испорченные.",Содержание МКД
Около входа (калитки) масляные пятна на асфальте,Благоустройство
Отсутствует защитный кожух у основания стойки светофора.,Благоустройство
Не убран снег с территории улицы после удаления снега с крышы дома. Прошу убрать (вывести) снег с проезжей части как того требует законодательство.,Благоустройство
незаконная решетка на фасаде,Нарушение правил пользования общим имуществом
Систематический Отсутствует уборка первого этажа третьего подъезда - лестничной площадки и лестничных маршей. Сильно загрязнена площадка около подвала.,Содержание МКД
"Незаконные надписи на информационном стенде МО Шувалово Озерки. 
Просьба привести стенд в надлежащее состояние. 
Координаты 60.049198, 30.321929",Благоустройство
"3 этаж. У 
XXX
 кв. неисправно освещение.",Содержание МКД
Убирать,Благоустройство
прошу убрать надписи на щитке у дома,Благоустройство
"Разрушение цоколя, большая трещина, наклон конструкции",Благоустройство
"по адресу: ул. Тельмана, д. 54, пар. №1

Просьба восстановить поручни в парадной 
Пример фото 2",Содержание МКД
Устранить рекламу со столбов,Благоустройство
Требуется заделать над щитом между 2 и 3 этажом,Содержание МКД
После ремонта скамеек не убрали старые железобетонные блоки,Благоустройство
"Караваевская 10, 8 парадная ЛИФТ, наша проблема лифт, снова ребенок застрял, когда решат проблему с лифтом. То балка упала в лифте ребонок был, он напугался. Сегодня снова 19.03.2021 в лифте сидит ребенок. Лифты давно вышли из эксплуатации срок службы 25 лет дому уже 33 года?????",Содержание МКД
Рекламная вывеска на фасаде дома.,Незаконная информационная и (или) рекламная конструкция
"стойки к перилам приварили,за собой не зачистили и не покрасили.руки пачкаются от выгоревшей краски",Содержание МКД
Мусор в виде покрышек. Нужно убрать,Благоустройство
Необходимо произвести очистку опоры освещения от незаконных объявлений,Благоустройство
очистите,Благоустройство
"Постоянная грязь. Уборка не проводится уже неделю. На этажах, в лифтах, в холлах постоянная грязь",Содержание МКД
"С потолка паркинга уже как 6 месяцев течет ржавая вода и осыпается штукатурка. Причинен вред моему и соседним автомобилям - повреждено лакокрасочное покрытие кузова и стекол въедливой ржавчиной. Химическими средствами не отмывается. Требуется полировка автомобиля. В августе 2020 писал в УК, ответа не последовало. Прошу принять меры по устранению протечки и проведению ремонта перекрытия.",Кровля
Требуется уборка грузового лифта,Содержание МКД
Незаконная информационная конструкция,Незаконная информационная и (или) рекламная конструкция
Объявление на опоре освещения,Благоустройство
"Повреждения дорожного покрытия проезжей части в зоне люка, люк просел.
Требуется произвести работы по регулировке уровня колодца, устранить просадку, качественно отремонтировать асфальтовое покрытие, соблюдая технологии (рекомендуется промазывать швы битумом для дольшей сохранности покрытий).

Фотофиксация от 01.04.прилагается.",Повреждения или неисправность элементов уличной инфраструктуры
"Прошу оборудовать съезд с дорожки для обеспечения доступности объекта маломобильными группами населения
Примеры простого и быстрого решения представлены в сообщениях проблем №№ 2332944, 2412690, 2482219 и 2482225.",Благоустройство
"Требуется ремонт с восстановлением архитектурного карниза.
Работы выполнены не завершены, выполненная часть сделана некачественно.

Карниз не восстановлен до конца (на фото: прямоугольник слева -это аутентичный карниз, прямоугольник справа - как сделали не до конца)
В той части, где он восстановлен - неровный, по объему меньше, чем аутентичный. Это указано на фото, необходимо сделать качественно, как и было (отдельное фото с указанием неровности).",Содержание МКД
"не открывается дверь входная примерзает доводчик в минусовую температуру, так как УК поменяла дверь, но дверь поставили без резинки по периметру.",Содержание МКД
"По адресу:г.Санкт-Петербург, улица Кустодиева, дом 20, корпус 2, литера А, парадная №3

Требуется заменить табличку обслуживание лифта белую",Содержание МКД
надписи,Состояние рекламных или информационных конструкций
"Несанкционированные надписи на торговом павильоне.

Согласно ст. 37_1 Закона Санкт-Петербурга от 12 мая 2010 года № 273-70 ""Об административных правонарушениях в Санкт-Петербурге"": ""Самовольное нанесение надписей и рисунков, вывешивание, установка и расклеивание объявлений ... в не установленных для этого местах влекут наложение административного штрафа на граждан в размере от трех тысяч до пяти тысяч рублей; на должностных лиц - от тридцати тысяч до пятидесяти тысяч рублей; на юридических лиц - от семидесяти тысяч до ста тысяч рублей"" (в редакции, введенной в действие с 19 мая 2019 года Законом Санкт-Петербурга от 7 мая 2019 года N 217-51).

Администрация Невского района и Комитет по вопросам законности, правопорядка и безопасности уполномочены привлекать нарушителей к административной ответственности (см. статьи 48 и 51 Закона СПб № 273-70).",Благоустройство
"мусор вокруг детской площадки, пакеты в кустах",Благоустройство
прошу закрасить грффити7 этаж,Содержание МКД
Множественные разрушения дорожного покрытия. Глубина ям больше рпзрешенныой регламентом.,Благоустройство
"ПРОБЛЕМА НЕ УСТРАНЕНА, в очередной раз!

Администрация НЕ ЖЕЛАЕТ решать вопрос ПО КАРДИНАЛЬНОМУ УСТРАНЕНИЮ обнаглевших торговцев, которые всю территорию превратили в свалку своего хламья и помойку отходов.

Также администрация НЕ ЖЕЛАЕТ пресекать регулярную  дезинформацию по,  ЯКОБЫ, устранению данной проблемы. Т.к. всё вонючее хламье лежит, стоит, валяется круглосуточно, т.е. и днем, и ночью рядом с этими машинами-складами.

От администрации района 
ТРЕБУЕТСЯ 

ОДНО -  УБРАТЬ ВОНЮЧИЙ ХЛАМОВНИК РАЗ и НАВСЕГДА!!!",Благоустройство
уберите листву,Благоустройство
Отсутствуют пломбы на пожарных щитах 6 этаж,Содержание МКД
Объявления на стенах дома.,Благоустройство
Прошу окрасить трубы в колер дома,Фасад
"Сиреневый 16,в нарушение Законодательства и вопреки позиции Минстроя и Администрации Президента России,документов Жилищного комитета,жилищной инспекции,.. Вице-губернатора Бондаренко,закрыты продухи в подвал,. не оставлено даже единственного.Устраните нарушения.",Подвалы
Неисправен датчик освещения над входом в подъезд,Содержание МКД
Нелегальная реклама на газоне,Незаконная информационная и (или) рекламная конструкция
сломан Доводчик выход на чёрную лестницу 9 этаж,Содержание МКД
"Строительный мусор на территории, прилегающей к мусорной площадке, также наличие мусора на прилегающих газонах",Благоустройство
"не работает освещение в подъезде № 4, 1 этаж",Содержание МКД
"Парадная 2. Уборка не производится, но подписи в графике появляются",Содержание МКД
уберите мусор с внутридворовой территории,Благоустройство
После дождя и снега покрытие дороги размыло.,Благоустройство
провал грунта под асфальтом,Фасад
"6 парадная, 8 этаж. Требуется привести в нормальный вид.",Содержание МКД
снег на дороге,Благоустройство
Здравствуйте! Гололед и наледь. Пройти невозможно!,Благоустройство
строительный мусор не убран,Благоустройство
Просело дорожное покрытие тротуара,Благоустройство
уберите,Благоустройство
"В 1 парадной плохо работает динамик домофона. При входящем звонке в квартиру практически не слышно звонившего. Прошу исправить. Квартира
XX
, 1 парадная.",Содержание МКД
Листья и песок на асфальте,Благоустройство
Яма на дороге ! Аварийное состояние ! 12 дней на устранение,Благоустройство
Снег на тротуаре.,Благоустройство
разрушено асфальтовое покрытие,Благоустройство
"самоклей на д/знаках, перекресток бабушкина и матюшенко",Благоустройство
Убрать,Благоустройство
неочищенные урны. регулярная очистка урн не производится.,Благоустройство
"Дверь во 2-ю парадную не закрывается самостоятельно. Дверь сильно просела и доводчик не справляется, поэтому дверь в парадную постоянно открыта, если ее с приложением силы не закрыть самостоятельно (большинство людей этого не делают и она просто открыта).",Содержание МКД
не соблюдается график уборки мусоропровода,Содержание МКД
"Добрый день!
Прошу изыскать возможность по благоустройству дворовой территории по адресу  наб. Обводного канала дом 128, в части установки - вазонов, цветочниц, полусфер (препятствующим парковку автомобилей на внутридворовой территории), садовых скамеек и скамеек-качелей.
В настоящий момент во дворе, кроме урн у подъездов ничего к сожалению нет.
Большое спасибо!",Благоустройство
Очень много мусора на детской площадке.,Благоустройство
"Мусор во дворах домов 31, 39 по Павловскому шоссе",Благоустройство
Надпись на стене дома,Благоустройство
Не горит один из двух светильников уличного фонаря.,Благоустройство
Исписана детская площадка. Прошу отмыть ее.,Благоустройство
Отсутствует секция забора.,Благоустройство
Надписи,Благоустройство
Треснула плитка напольного покрытия в лифтовом холле 1 парадной на 1 этаже.,Содержание МКД
Отсутствует уборка в подъезде,Содержание МКД
Надписи на стене сооружения.,Благоустройство
"Добиться уборки в парадной возможно только раз в полгода и только через сайт. Заявки в УК подавать бесполезно . Краснодонская 9, 4 пар. Надоело уже платить и мыть самостоятельно.
Прилагаю фото от 18.02.2021 в 19:08. 
XXXXXXXXX XXXXXXXXXXXXX XXX XXXX XXXX XXXXXXXXXX XX XXXXXX XX XXXXXX X XXXXX",Содержание МКД
Разрушения вокруг люка,Повреждения или неисправность элементов уличной инфраструктуры
"Щиток на фасаде дома со стороны Куйбышева почти весь сгнил. 
Просто провести работы по замене щитка.",Благоустройство
"Песок с зимней посыпки и грязь лежит на проезжей части улицы Бармалеева, убрана полоса по центру, остальной уборки нет. Необходима механизированная уборка проезжей части и ручная вдоль поребриков (где машина не достает), также необходима влажная уборка (мойка проезжей части).",Благоустройство
Требуется замена водосточной трубы.,Кровля
Месяц назад закончили ремонт фасада - он уже начал трескаться и рушиться. Необходим ремонт.,Фасад
В 7-й парадной разбито стекло входной двери. В поломанном состоянии более двух месяцев.УК не реагирует.,Содержание МКД
"На всей территории Петершуле разбит асфальт, ужасные ямы.",Благоустройство
"1я парадная, дверь в щитовую. Вместо старой нормальной двери поставили вот этот ужас.",Содержание МКД
уберите,Благоустройство
Проверить законность рекламной конструкции и принять меры,Незаконная информационная и (или) рекламная конструкция
ямы на дороге,Благоустройство
"Неудовлетворительном состоянии парадной, второй этаж чёрная лестница￼, 3 пападная",Содержание МКД
"Поврежден участок отмостка цоколя вода попадает в приямок подьезда где квартира 
XX",Фасад
7 этаж. Пожарная лестница. Отсутствует зпглушка на радиаторе.,Центральное отопление
надпись и объявления,Благоустройство
"XXXXX XXXXXXXXXX XX XXXXXXXXX
 Я про граффити и пишу: его нужно убрать в соответствии с правилами, которые запрещают его закрашивание.
ДОТ времен Великой Отечественной войны изуродовали вандалы. Его изначальное состояние - железобетонный дот без какой-либо краски. Т.е. нужно убрать граффити, очистив ДОТ до бетона, а не закрашивать его, что будет очередным примером вандализма.",Благоустройство
"В квартире 237 нет воды вообще 
Уже полтора часа",Водоснабжение
"переулок  Майков  дом 5, не  убирается крупногабаритный  мусор, на контейнерной площадке.",Содержание МКД
"Необходимо занижение бордюрного камня на пересечении дорожки и проезда. Существующее занижение выполнено не по нормативам, не обеспечивает доступную среду",Благоустройство
Не работает фонарь освещения рядом с подъездом номер 2 дома номер 34 по ул. Лени Голикова,Благоустройство
"Вокруг павилиона для мусора во дворе дома залежи старой мебели кровати, стулья, матрасы.",Благоустройство
надписи на доме,Благоустройство
Течь крана на стояке в подвале центрального отопления.,Центральное отопление
Мусор в виде старых игрушек. Прошу убрать,Благоустройство
"Год не убран двор за домом 110, по Октябрьской набережной, заявка подавалась неоднократно.",Благоустройство
На детской площадке у дома по ул. М. Захарова 12 есть неисправный конструкции,Благоустройство
"Состояние парадной ужасное! Стены грязные, плитка отколота на полах , двери с облупившейся краской . Окна это вообще ужас , щели огромные и краска облупилась давно! Примите меры, мы платим за что ??!!",Содержание МКД
не горит  свет,Благоустройство
не горит один фонарь,Благоустройство
Песок мусор земля,Благоустройство
неудовлетворительное состояние контейнерной площадки. Завалена покрышками и стройтельным мусором,Содержание МКД
"Прошу закрасить.
Работы не выполнены!",Благоустройство
Перед входом во двор дома № 37 по улице Замшина постоянная лужа.,Благоустройство
снег на дороге,Благоустройство
Надписи на лифте.,Содержание МКД
Необходим ремонт плит фонтана,Благоустройство
Ямы в асфальте,Благоустройство
"Шевченко 2А
Нарушение благоустройства после проведения земляных работ.
Всё раскурочено и оставлена грязь. Асфальт положили в дождь, волнами и буграми, с дырами. Стыки не просмолены. День прошёл асфальт крошится. Газон не восстановлен.",Благоустройство
"незаконные решетки на фасаде.
все решетки однотипные, относятся к одному помещению.",Нарушение правил пользования общим имуществом
"Больше 12 месяцев в 3 подъезде дома ощущается смрадный запах (вонь, из-за которой даже дышать невозможно) из-за прорыва канализационных труб в подвале. Что привело к антисанитарному состоянию и нарушению санитарно-эпидемиологических норм, вероятность возникновения инфекционных заболеваний у жильцов. Администрацией ЖКХ проблема игнорируется. Работники ЖКХ не появляются. Жалобы и обращения в ЖКХ ""теряются"". Фотоотчет отсутствует из-за невозможности отразить в нем вонь и запах!",Водоотведение
снег на дороге,Благоустройство
"Необходимо установить полусферы вокруг участка со стороны КНС ( под снегом находятся насаждения), снег тает, а парковаться на этом месте не перестают.",Благоустройство
"Покосилось дорожное ограждение. 
Требуется выправить и укрепить. 

Фотофиксация прилагается.",Благоустройство
"Незаконная рекламная распорка мешает проходу к метро. Нарушение повторное (см. проблему 3203120). Необходимо привлечь владельца к ответственности за нарушение закона, а рекламную конструкцию изьять",Незаконная информационная и (или) рекламная конструкция
"Добрый день!
На прилегающей к нашему дому территории, где жители подъездов №6,7,8 паркуют машины, а также ходят пешеходы образовалась широкая и глубокая (сантиметров 30 в глубину и метра полтора в ширину) яма. Все 4 года, которые я здесь живу яма только растёт, жители дома как могут и чем могут её засыпают, но этого хватает на пару недель... Не знаем к кому обратиться с нашей проблемой, ЖСК-1345 говорит, что это не их территория.
Просим обратить внимание на наше обращение и заасфальтировать яму, т.к. уже много машин оставили на краях этой ямы свою краску от бамперов!!!",Благоустройство
"На территории валяется старая покрышка, опасные отходы, надо вывести.",Благоустройство
Просьба закрасить,Благоустройство
"Просьба заменить табличку, т.к порвал куртку.
Подъезд №2",Содержание МКД
Мусор - ЖБИ у дома 35 по ул.Караваевской.,Благоустройство
Бумажные объявления на сооружении,Состояние рекламных или информационных конструкций
Повреждение облицовочный плитки на спуске/подъёме к дому. Угроза падения с лестницы.,Благоустройство
незаконная решетка на фасаде,Нарушение правил пользования общим имуществом
Между 10 и 11 этажами на эвакуационной лестнице нет освещения. Требую восстановить,Содержание МКД
Постоянно собирается мусор,Содержание МКД
Объявление,Благоустройство
"У пятой парадной дома 23,корп. 2 по ул. Стойкости постоянно переполнена урна мусором, мусор высыпается и разбросан рядом. Прошу взять на контроль уборку урны!",Благоустройство
В подъезде №6 открыт вход в подвал. Выломано ушко замка.,Подвалы
"Разрушена песочница,повреждены илт отсутствуют кольца на сооружении.",Благоустройство
мусор на газоне - листья,Благоустройство
Переполненная урна. мусор не убирают. Домоуправу говорили -проигнорировал. Дворника на адресе НЕТ.,Благоустройство
"Прошу проверить правомерность размещения рекламной конструкции.
В случае выявления нарушения, прошу демонтировать и утилизировать.",Незаконная информационная и (или) рекламная конструкция
Рушится фасад,Фасад
"НЕ УБИРАЮТ ПАРАДНУЮ НОМЕР 2! КАЖДЫЙ РАЗ ПИШУ СООБЩЕНИЯ! ГРАФИК ВИСИТ, ОН НЕ СОБЛЮДАЕТСЯ! СЕГОДНЯ 31 МАРТА, ПАРАДНУЮ ДОЛЖНЫ БЫЛИ УБРАТЬ 28 ЧИСЛА (СУДЯ ПО ГРАФИКУ)!!!!! ЗА ЧТО МЫ ПЛАТИМ ДЕНЬГИ??!",Содержание МКД
Конструкции запрещающие парковку  так и стоят,Благоустройство
2 провала возле люка теплосети на пешеходной дорожке. у детской площадки.,Повреждения или неисправность элементов уличной инфраструктуры
"Прошу устранить множественные граффити на подстанции по адресу: Морская наб., д.41, к.4, лит.А",Благоустройство
Отсутствует уборка на лестнице,Содержание МКД
Прошу занизить бордюр для доступа маломобильных граждан на тротуар,Благоустройство
Надписи на двери,Благоустройство
Испорчен подоконник,Содержание МКД
"Прошу произвести гидромониторную или хотя бы механическую очистку асфальтированного проезда и тротуара от остатков  песко-соляной смеси и грязи , вдоль пр.Энгельса, 155",Благоустройство
"1 фото - Просьба закрасить надписи
2 фото - Просьба отмыть стикеры с водосточной трубы.",Благоустройство
Просьба убрать мусор с газона. Спасибо,Благоустройство
"Повреждена дверь, осыпание лакокрасочных покрытий, осыпание штукатурки под дверью. 3 этаж. В доме одна парадная",Содержание МКД
Реклама на заборе.,Благоустройство
Не убран снег на дорожке вдоль дома 30-1 по пр. Энергетиков,Благоустройство
"Неудовлетворительная уборка в первой парадной,1 этаж.",Содержание МКД
демонтировать рекламную конструкцию,Незаконная информационная и (или) рекламная конструкция
Отсутствует нижнее колено (слив) у водосточной трубы,Кровля
Самовольно размещены спутниковые антенны на фасаде здания. Прошу демонтировать.,Нарушение правил пользования общим имуществом
незаконный кондиционер на фасаде,Нарушение правил пользования общим имуществом
"гупрэп прогресс несвоевременно и некачественно выполняет уборку подъезда, вследствие чего территория вокруг мусоропремника (между 11 и 12 этажами) остаётся загрязнённой. необходимо отчистить грязь
стены и площадка не отчищены от грязи",Содержание МКД
Закрасить граффити в цвет стены дома,Благоустройство
Мусор не вывозится. Состояние неудовлетворительное.,Содержание МКД
Открыт газовый люк на проезжей части.,Повреждения или неисправность элементов уличной инфраструктуры
Отваливается  штукатурка,Фасад
Отсутствует холодное водоснабжение,Водоснабжение
В третьей парадной на первом этаже свет самопроизвольно выключается. Включается при хлопании дверью.,Содержание МКД
"Придорожная 21. Отвратительная работа дворника. Проехал трактор с щеткой - больше ничего не нужно что ли???? Берём лопату, и приводим в порядок придомовую территорию! Что за безобразие??! Живут инвалиды, старики, дети. Как так-то???",Благоустройство
"ИДН установлена не во всю ширину проезда, а также повреждена. 
Необходимо заменить ИДН на новую во всю ширину проезда.
Координаты 60.044172, 30.331913.",Благоустройство
Несанкционированные надписи,Благоустройство
"Убрать больную тую. Тую  даже зимой остаётся зелёной. Высылаю специально одну лишнюю фото, чтобы вы могли сравнить Здоровое растение и то на которое я написал.",Благоустройство
прошу во время вывозить мусор,Содержание МКД
несанкционированная торговля,"Незаконная реализация товаров с торгового оборудования (прилавок, ящик, с земли)"
"По адресу: пр Авиаконструктор, д6, первая парадная, на 11 этаже, ещё в прошлом году (2020) были начаты работы по замене труб пожарного гидранта. По состоянию работ, у нас как у жителей дома, нет никакой информации. Дверцы пожарного шкафа уже третий месяц стоят на полу, пожарный рукав вообще исчез!!!! Есть информация о том, что после индивидуально обращения жильцов 3 и 7 этажей- работы по ремонту пожарных гидрантов , на их этажах, были завершены ( вернули пожарный гидрант и дверцы на шкаф). У меня возникает вопрос: почему ремонт начинают централизованно на всех этажах, а заканчивают только на тех этажах, с которых начинают поступать жалобы.",Содержание МКД
"Не обустроена контейнерная площадка. Отсутствие контейнеров по сбору мусора. 
Наличие только одного ""ПУХТО"" не подходящего под описания контейнера. Согласно распоряжению N 410-р 30.11.18 для сбора твёрдых отходов должны быть установлены контейнеры с крышкой. Существующий на данный момент ""ПУХТО"" по своим габаритам, а именно высотой 2190 мм, не позволяет полноценное его использование людям низкого роста, пожилым людям и беременным женщинам, что в свою очередь влечет за собой ущемления их прав и риски для здоровья. 
.",Благоустройство
"В доме по адресу: Сиреневый бульвар 4к2, лит. Х, в парадной №4 на 9-м этаже на двери в машинное помещение написаны несанкционированные надписи. Пожалуйста, исправьте данную проблему!",Содержание МКД
яма в асфальте,Благоустройство
Просьба стереть надписи. Спасибо,Благоустройство
Много мусора.,Благоустройство
Прошу убрать надписи,Благоустройство
Повреждён асфальт вокруг люка,Повреждения или неисправность элементов уличной инфраструктуры
Дефект асфальтного покрытия на остановке. Стоит вода.,Благоустройство
"Неудовлетворительное состояние окрасочного слоя газовой трубы, проходящей по фасаду здания: частично окрасочный слой утрачен, на поверхностях грязь, грибок, ржавчина.
Требуется произвести работы по качественной окраске ВСЕЙ газовой трубы (на ВСЁМ протяжении), проходящей по фасаду, предварительно подготовив поверхности (удалить грязь, грибок, отслоения, ржавчину).

Фотофиксация от 11.04.прилагается.",Благоустройство
Яма в асфальте со стороны 1 парадной и садиком .,Благоустройство
Демонтировать рекламную вывеску,Незаконная информационная и (или) рекламная конструкция
Объявления таблички на фасаде здания,Благоустройство
"постоянно образовывается большая лужа,не обойти.",Благоустройство
"Реклама наркотиков на стене дома, ул. Ткачей, 42",Благоустройство
"Просьба известить владельца о необходимости вывоза транспорта в специально отведенное место. В случае  невыполнения данного требования вывезти по средствам уполномоченного должностного лица, ответственного за содержание объекта благоустройства.",Благоустройство
Просьба стереть надписи. Спасибо,Благоустройство
"В 4 парадной на первом этаже требуется замена светильников освещения с ламп накаливания на длинные люминесцентные или светодиодные. Существующие очень тусклые (что видно на фотографиях), и, даже при их наличии, их света не хватает, первый этаж парадной очень тусклый, поэтому заходить в парадную небезопасно. Обращаю внимание, что светильники установлены с нарушениями конструкции, от чего висят в воздухе на проводах.
На пролетах между этажами и на этажах со 2 по 7 предусмотрены светильники, однако в них отсутствуют лампы и плафоны, некоторые возможно не работаю.
Прошу привезти освещение в парадной в соответствии с санитарными нормами.",Содержание МКД
Надписи на знаке.,Благоустройство
Несанкционированные надписи,Благоустройство
Требуется уборка контейнерной площадки￼,Содержание МКД
Ямы около люка.,Повреждения или неисправность элементов уличной инфраструктуры
"Земля осела у колодца, необходима проверка и ремонт",Повреждения или неисправность элементов уличной инфраструктуры
"Самовольно размещенные кондиционеры уродуют фасад нашего дома. ТСЖ ""Суворовский-61"" обязано проверять согласование КГА на установку дополнительного оборудования, следить за недопущением незаконного размещения кондиционеров, антенн и прочего оборудования на стенах, на крыше, внутри дома.  

Несмотря на неоднократные обращения Администрации Центрального Района и Жилищной Инспекции к ТСЖ ""Суворовский-61"", самовольно размещенные кондиционеры так и не удалены с фасада за 6 месяцев.

Повторный осмотр дома с представителями Администрации центрального района был проведен совместно в октябре 2020 года. Необходимо принять меры в отношении должностных лиц ТСЖ ""Суворовский-61"" и удалить незаконно размещенное оборудование с фасада здания в судебном порядке.

Этот кондиционер находится на уровне 7-го этажа слева от пожарного выхода из подъезда №9 (со стороны детской площадки).",Нарушение правил пользования общим имуществом
"Температура воздуха в парадной 3 по результатам измерения от 12 марта 2021 года мастером участка составила 7 градусов тепла. Акт о замере воздуха находится у жкс номер 2 петроградского района. Мне его получить не удалось, так как на звонки не отвечают, дни приёма отсутствуют. Правила № 170 включают восстановление теплозащиты и теплоизоляции стен, перекрытий, санитарно-технических устройств, крыш и других элементов МКД в перечень работ по текущему ремонту. С учётом расхода на отопление 2,5 Гкал в месяц с каждой квартиры дома, очевидным являются теплопотери дома сверх норм. Прошу провести энергоаудит дома и принять меры по минимизации его теплопотерь.",Центральное отопление
самовольно установлена дополнительная вывеска. у компании уже есть вывеска. прошу демонтировать,Незаконная информационная и (или) рекламная конструкция
несанкционированные надписи на сооружении - туалет водоканала,Благоустройство
реклама на водосточной трубе,Благоустройство
"Каждый раз, после дождя, в теплый период года, или во время оттепели в холодный период года, образуется огромная лужа в нижней части естественного рельефа асфальтового покрытия. Это делает невозможным нормальное передвижение пешеходов и транспортных средств. Отсутствие патрубка дожеприёмника в нижней точке этого места, ведёт за собой образование лужи, даже после механической уборки. В сообщениях 3239568 от 28.02.21, 2277727 от 04.11.19, 2231452 от 14.10.19 портала "" Наш Санкт - Петербург"" уже указывалась проблема образования лужи по данному адресу. Примите меры по устранению факторов приводящих к образованию лужи. Прилагаю фотографии места и скриншоты сообщений.",Благоустройство
Несанкционированные надписи / объявления на стенах дома,Благоустройство
Воздуховод у подъезда 4,Нарушение правил пользования общим имуществом
очистите о о,Благоустройство
"Перегорела лампочка на лестничной площадке 2-го этажа по адресу ул. Жуковского, д. 15, квартиры 3, 9, 20, вход с ул. Жуковского... Просьба заменить перегоревшую лампочку на светодиодную лампу длительного срока службы.",Содержание МКД
Сколоты куски и разбиты траурные плитки,Благоустройство
Тротуар умеет просадки и частичные разрушения,Благоустройство
Повреждения дорожного покрытия проезжей части,Благоустройство
"Бетонная урна  сикось-накось брошена прямо на многострадальный куст.

Требуется 
1.Убрать урну с газона и освободить от неё несчастное зелёное насаждение.
2.Установить урну на бетонную дорожку или на асфальт проезда",Благоустройство
Прошу убрать.,Благоустройство
Разбита облицовочная  плитка у входа во вторую парадную дома 6 корпус 1 стр.1 по улице Академика Павлова. Прошу заменить.,Фасад
Сломаны перилла,Содержание МКД
"территория Шувалово, Софийская ул., д.26-28, 
повреждение дорожного покрытия",Благоустройство
Складирование снежно-грязевых масс на проезжей части.,Благоустройство
"Некачественная уборка газонов от мусора перед домом 22 по улице Синявинская.


XXX XXXXXXXXXX XX XXXXXXX XX XXXXXXXXXXXX XXXXXXXXXX XXXXXXXX XXXXX XXXXXXXXXXX XX XXXXXXX X XX XXXXXXXXXX XXXXXXX X XXXX XXXXXXXXX XXXXXX X XXXXXXX X XXXXXXXXX XXXXXXX XXXXXX X XXXXXXXXXXXXXXXXX XXXXXXX XXX XXXXXX XXXXXXXX XXXXXXXXX X XXXXXXXX XX XXXXXXXX XXXXXX XXXXXXX X XXXXXXX XXXXXXXXXXXXX",Благоустройство
"Прошу залатать выбоины не щебнем, а асфальтной смесью! Ездить невозможно, вся подвеска убивается при езде по этой «дороге»",Благоустройство
Мусор необходимо собрать,Благоустройство
"Самовольно размещенная решетка на окне 2-го этажа (квартира в подъезде №10) уродует лицевой фасад и нарушает архитектурный облик здания.  

В отношении размещения инженерного и технического оборудования на фасаде требуется разработка листа согласования, полученного на основании обращения в Комитет по градостроительству и архитектуре. Законом Санкт-Петербурга «Об административных правонарушениях в Санкт-Петербурге» № 273-70 от 12.05.2010 статьёй 18 предусмотрена административная ответственность за самовольное переоборудование фасада здания, частью 1 статьи 16 — за самовольное размещение элемента благоустройства. 

ТСЖ ""Суворовский-61"" обязано следить за содержанием фасада. Должностные лица ТСЖ не исполняют свои прямые обязанности по содержанию общего домового имущества, что многократно подтверждено актами осмотров Администрации Центрального р-на в 2020 году, но нарушения так и не устранены в 2021 году. 

Все решетки должны быть удалены с фасада добровольно или в судебном порядке.",Нарушение правил пользования общим имуществом
Просьба убрать граффити и незаконные объявления,Благоустройство
неудовлетворительное состояние покрытия               возле люка,Повреждения или неисправность элементов уличной инфраструктуры
объявления на рекламном щите,Состояние рекламных или информационных конструкций
Отсутствие уборки лестницы уже больше месяца,Содержание МКД
разбросанный мусор нв газоне,Благоустройство
"Почтовые ящики в парадной №4 грязные, старые, поломанные. Управляющая компания не следит за состоянием дома. Просим принять меры",Содержание МКД
"На Долгозерной улице, вдоль дома 31 (по направлению от Парашютной к Маршала Новикову) по краям дорожной части песок и прочий мусор",Благоустройство
граффити на рекламной конструкции,Состояние рекламных или информационных конструкций
Мусоросборники на этажах в парадной №5 пыльные и грязные.,Содержание МКД
"Перегоревшая лампа в фонаре на внешней стороне дома, со стороны детской площадки, рядом с аркой.",Содержание МКД
"В арке перегорела лампа. В темное время суток освещения недостаточно для аккуратного въезда, что может привести к повреждениям автотранспорта и фасада дома. Замена силами собственников затруднена из-за высоты на которой она расположена.",Содержание МКД
"В новогоднюю ночь кто то погнул доводчик двери, она не открывается и не закрывается полностью. Вход и выход затруднены, домофон не блокирует дверь
В новогоднюю ночь кто то погнул доводчик двери, она не открывается и не закрывается полностью. Вход и выход затруднены, домофон не блокирует дверь.

ответ не удовлетворяет, дверь не закрыта ( последннее фото с дверью) закрывается на магнит  только при значительном усилии",Содержание МКД
"Открыт канализационный люк у СТО по адресу Школьная 37. Стоит смешное ограждение, которое ни о чего не защищает. Крышка лежит вообще отдельно. Там проходит много людей, в том числе и дети. Очень опасно! Необходимо закрыть крышку люка.",Повреждения или неисправность элементов уличной инфраструктуры
Мусор не убирается. Фото от 01.04.2021 в 11.00. Ответственность несёт УК ПЕТАРА,Благоустройство
рисунки на рекламном щите,Состояние рекламных или информационных конструкций
уберите мусор,Благоустройство
снег не расчищен,Благоустройство
"Добрый день. 
Наклейка на дверце.",Благоустройство
На лестнице на 10 этаже в парадной № 2 испорчена стена,Содержание МКД
прошу очистить от надписей,Благоустройство
"Неубранный снег, нечищенные лестницы у входа в сбербанк (пандус). Не убрана придомовая территория (со стороны улицы) возле магазинов, сбербанка, дикси и т. п.",Благоустройство
Парадная №3. Отсутствие пружины на двери в тамбуре (на 2-ой двери)! Пружина была снята при ремонтных работах в подвале и не восстановлена после их окончания. Множественные ранние крепежи видны на двери.(фото прилагается).,Содержание МКД
"Не законное размещение решёток на окнах первого этажа , необходимо демонтировать!",Нарушение правил пользования общим имуществом
коробка с быт.мусором,Благоустройство
Идрицкая улица от автомобильной парковки у ЖК ЦДС Московский в наледи с водой.,Благоустройство
Убрать мусор  около дома,Благоустройство
Очистить,Благоустройство
Необходимо установить искусственную неровность в проезде между домами.,Благоустройство
дырка пробито не одно колесо,Благоустройство
очистите  о о,Благоустройство
Мусор на газоне,Благоустройство
"Так как отсутствуют вентиляционные оттдушины(отверстия, окна) в наших квартирах из вентиляционных отверстий, особенно 1-2 этаж, идёт затхлый воздух, стены 1 этажей уже пошёл грибок, люди проживающие в этом доме, имеют разные заболевания и инвалидности и дышать тяжело уже от такого воздуха в доме! Просим решить эту проблему, т.к наша ООО "" Жилкомсераис 4"" они уверяют нас, что они работу провели. Просим провести проверку! 
XXXX XXXXXXX XXXXXXXX XX XXXXXX XXX XXX XX XXXXXX XXXXXX XX XXXXXXX XXXXXXXXXXXX X XXX XXXX XX XXXXXXX",Подвалы
"Мусор в виде окурков, оставленные гражданами, которые не могут донести их 5 метров до урны вдоль ул. Ботаническая на участке между ул. Чичеринская и Старопетергофским шоссе.",Благоустройство
Очистить,Благоустройство
Лестница  номер 4.Требуется косметический ремонт,Содержание МКД
"Неисправна лампа на шестом этаже, в помещении с мусоропроводом",Содержание МКД
незаконная решетка на фасаде,Нарушение правил пользования общим имуществом
"Поваленные бордюрные камни слздают препятствие для парковки автомобилей, не выполняют своей функции по удержанию земли от попадания на внутридворовую территорию, а также создают благоприятные условия для выезда ТС на газон",Благоустройство
"разрушается штукатурка на стенах, стены раскрашены, состояние стен ужасное, требуется проведение ремонтных работ (покраска, выравнивание)
просьба сообщить на какое период запланированы работы, кто ответственный.
первая парадная с Большого проспекта, на углу",Содержание МКД
Просьба закрасить,Благоустройство
мусор,Благоустройство
объявления на опоре освещения,Благоустройство
Неисправно освещение в лифте. Парадная 11.,Содержание МКД
"Из земли торчит арматура , надо убрать .",Благоустройство
Не работает лифт в парадной №1,Содержание МКД
"добрый день.
на лестнице #2 (вход со двора) дома #5 по улице Жуковского, появились тараканы. прошу провести дезинфекцию всей лестницы с 1 по 6 этажи, а также чердачного помещения. 
спасибо",Санитарное состояние
мусор на дороге,Благоустройство
снег на дороге,Благоустройство
Незаконная реклама,Благоустройство
прошу вас установить полусферы для ограждения газона,Благоустройство
"Необоснованно огромное количество реагента на улицах.
Улицы буквально покрыты реагентом, при чем вне зависимости от осадков.
Прикрепляю фотографии, которые сделаны на ул. Правды,  По фото можно понять, что снега нет, и дорожное покрытие не требует такого (!) количества реагентов. От реагентов страдают домашние животные, с которыми просто невозможно пройти по улице, чтобы не наступить в эти химикаты. Пожалуйста, урегулируйте, этот вопрос. 
Зачем посыпать сухие улицы без снега реагентом, разъедающим лапы собак и обувь жителей города??",Благоустройство
Мешки с мусором на бесхозяйной территории. Конец Орловской улицы.,Благоустройство
Незаконное использование общедомовой собственности. Без согласия 2/3 собственников общедомовая собственность сдаётся в аренду.,Нарушение порядка пользования общим имуществом
"Ветки кустарников свисают на дорогу, мешают проходу, особенно в темное время суток
Кустарники вдоль дома ул. Церковная 46, ул. Школьная 23,б",Благоустройство
Мусор на газонах,Благоустройство
"Незаконное хранение коляски на вторм этаже, а если пожар или скорая?! Любителям ставить коляски где попало не мешало бы ставить их у себя на квартире, а не загромождать проезд. Коляска также мешает сообщению между двумя квартирами. Собственники должны хранить коляски у себя в помещениях, а не захламлять и устраивать непонятно что на этажах",Содержание МКД
надписи на стенах,Благоустройство
Решетка в помещении 1 этажа,Нарушение правил пользования общим имуществом
"У бывшей школы 659 (фрунзенский район,  Софийская улица, д. 26, к.2) находится разукомплектованное транспортное средство без номеров, с выбитым боковым стеклом, отломанным зеркалом, проржавевшими дисками и спущенным колесом. Стоит там какое-то время.",Благоустройство
объявление,Благоустройство
Отсутствует влажное подметание подъезда.,Содержание МКД
"щель между косяком лифта и стеной, 1 этаж",Содержание МКД
Надписи на распределительном щитке,Благоустройство
"В нашем подъезде уже около года постоянно открыт электрощит. Периодически его посещает, подъезд, якобы электрик УК Собрание, а вместе с ним техник. Видят этот самый щит, но никаких действий не предпринимают. Хотя я обращался с заявлениями в 004 м в само УК Собрание. В подъезде проживают несовершеннолетние дети, которые не всегда находятся под присмотром взрослых. Как видно на фото - на щите висят якобы пломбы и замки :-)",Содержание МКД
"Парадная 4.
Требуется окрасить в общий тон отремонтированную часть ствола мусоропровода.",Содержание МКД
открыт люк,Повреждения или неисправность элементов уличной инфраструктуры
"ул Сердобольская,от Лисичанской до Белоостровской не  убирается снег,нет трактора",Благоустройство
"Лермонтовский 20, парадная 3.  Протекает в парадной угол и стена.",Кровля
"в 1 подъезде на 19 этаже в холле напротив лифта неудовлетворительное состояние стены - дыра и куча клякс не в цвет основного фона, необходима штукатурка и окраска всей стены без помарок, однотонно",Содержание МКД
Мешки с мусором в кустарнике.,Благоустройство
Сильно накренилась дорожная ограда после зимы.,Благоустройство
"Отсутствует лампочка и  плафон, лестница , 9 этаж.",Содержание МКД
маркиза,Нарушение правил пользования общим имуществом
"Ива с несколькими стволами опасна, стволы могут упасть на граждан. Срочно примите меры угол наклона низкий, срубите и посадите новое хорошее дерево . Березку например.",Благоустройство
"У светильника, установленного над входом в подвал (водомерный узел, электрощитовая), отсутствует защитное стекло.",Содержание МКД
Нет ограничителей и защитной сетки на перилах. В парадной проживают маленькие дети. Прошу установить защиту или заменить перила.,Содержание МКД
Неисправны два фонаря на лестничной площадке первого этажа 3 подъезда. Прошу устранить.,Содержание МКД
"прошу проверить законность размещения рекламы ""ювелир""",Незаконная информационная и (или) рекламная конструкция
Незаконная реклама на дорожных ограждениях,Благоустройство
незаконная решетка на фасаде,Нарушение правил пользования общим имуществом
На твердом покрытии тротуара скапливается вода из-за отсутствия ливнестоков. Прошу организовать работы по обустройству системы водоотведения,Благоустройство
Реклама на будке.,Благоустройство
снег на дороге,Благоустройство
"Прошу объяснить, как возможно такое: подпись в графике уборки стоит, а подъезд в состоянии полной антисанитарии? Почему подъезд убирают только после жалобы? График Уборки подъезда не соблюдается перманентно! Весь подъезд грязный донельзя, а уборщица приходит, смотрит на это, подписывается в графике и уходит! Ковёр на входе лежит второй год, он уже сгнил и воняет!",Содержание МКД
Просьба произвести уборку лестницы,Содержание МКД
Прошу установить столбики или придумать иной способ ограничивающий парковку перед пешеходной дорожкой.,Благоустройство
"У 1 парадной вместо нормального ограждения газона какая-то старая труба времен первых переселенцев. Почему-то во всем районе у домов установлены аккуратные ограждения, и только у нас ничего не сделано.",Благоустройство
В течение 3-х недель не вывозится мусор с контейнерной площадки.,Содержание МКД
"Дверь на этаже не закрывается, пружина на двери растянута.
Адрес: Искровский проспект, дом 3, корп. 2, лит. Д (парадная 6, этаж 3)",Содержание МКД
"Скопление мусора. 
Прошу провести тщательную уборку территории, в соответствии с распоряжением Правительства Санкт-Петербурга от 18 июля 2016 года N 897-р",Благоустройство
Реклама на стенде.,Состояние рекламных или информационных конструкций
Необходимо произвести очистку тротуара от помёта птиц,Благоустройство
Требую убрать надписи с фасада дома.,Благоустройство
Сломано игровое оборудование. Винт отвалился,Благоустройство
Треснутые окна на 3-4 этажах в парадной 3 требуется замена,Содержание МКД
несанкционированная торговля,"Незаконная реализация товаров с торгового оборудования (прилавок, ящик, с земли)"
Рисунок на щитке.,Благоустройство
"здравствуйте)
на таврической, 27Б скользко и снег насыпало. Уберите, пожалуйста!!!",Благоустройство
"Провода к лампе провисают. Прошу привести в надлежащее состояние.
8 парадная Антонова Овсеенко 13",Благоустройство
Мусор на лестничных клетках и площадке перед подвалом. Необходима влажная уборка всего подъезда.,Содержание МКД
Мусор у парадной,Благоустройство
Граффити на стене дома в арке. Прошу при закраске соблюсти цвет фасада дома.,Благоустройство
Очистить,Благоустройство
большое граффити на здании,Благоустройство
Хранение вещей при входе в подъезд,Содержание МКД
Снег на парковке.,Благоустройство
"Требуется произвести работы по качественной очистке фасада здания (водосточная труба) от несанкционированных рекламных объявлений, не оставляя следов.

Фотофиксация прилагается.",Благоустройство
не работает уже 2 месяца. все время открыт и идёт звуковой сигнал,Содержание МКД
Требуется провести протравить крыс по всему дому!!! Фото 4 подъезд.,Санитарное состояние
Снег на дороге.,Благоустройство
"Нарушена работоспособность грузового лифта, сбиты этажи внутреннего табло, высвечиваются номера этажей неправильно.
Например, стоит лифт на 1 этаже, а на табло стоит 8, поднимается на 5 этаж, а на табло уже 14, и так далее. Датчики сбиты! Вероятно и в случае падения - не будет экстренного торможения лифта, автоматика будет считать что лифт на 8 этаже. Опасность первоочередная!
Адрес: Искровский проспект, д. 3, корп. 2, лит. Д (парадная 6)

P.S. Предыдущая заявка на тот же лифт (грузо-пассажирский) - не срабатывают датчики закрытия дверей, также не исполнения по настоящее время. Проблема с тем же лифтом
Прекратите штамповать отчеты ничего не делая!!! Предыдущие заявки на исправление лифтов написаны тем же почерком, причём фигурируют разные фамилии мастеров по ремонту.
Проблема НЕ решена, лифт неисправен. Фотографии прикладываем! Как видно по фото - лифт стоит неподвижно на 1 этаже, а на табло отображается, что он едет вверх. 
Как и было сообщено ранее - в случае падения, могут не сработать стопорные механизмы, потому что лифт физически окажется на 1 этаже, а по датчикам - ещё на 10-м. 
Отчёт о ремонте не устраивает",Содержание МКД
Несанкционированные надписи,Благоустройство
Роллет,Нарушение правил пользования общим имуществом
самовольный светильник-прожектор.,Нарушение правил пользования общим имуществом
"Мусор вокруг дома
Растаял снег  и видно , что двор давно не убирается.",Благоустройство
Надписи на двери.,Благоустройство
"ул.Костюшко д.3 , 7-ая парадная, все осталось без изменений, таже картина была и месяц назад.",Кровля
Несанкционированные надписи,Благоустройство
"Антисанитария-отсутствие должной уборки в парадных. Уборщица делает вид,что ничего не понимает по-русски, убирает 5мин в день на площади метр на метр,а вся парадная,даже первый этаж никогда не моется полностью и нормально. Замечу никогда. А графика вообще никакого нет.",Содержание МКД
в третьей парадной неисправен доводчик,Содержание МКД
Бумажные объявления на заборе,Благоустройство
Реклама на стенах парадной 4 этаж,Содержание МКД
9 этаж чёрная лестница пол в не надлежащем состоянии,Содержание МКД
"Повреждения дорожного покрытия тротуара в районе въезда/выезда - трещины, выкрашивания.
Требуется произвести работы по качественному ремонту асфальтового покрытия Картой, соблюдая технологии.

Фотофиксация от 19.04.прилагается.",Благоустройство
Требуется ремонт дорожного покрытия,Благоустройство
Нет уборки с ноября месяца!,Содержание МКД
Дырка на детской качели.,Благоустройство
"На фасаде дома (со двора) пошла трещина. Заходит на окно (фото 4). Оставлено обращение 18 сентября 2020г., но никаких «маячков» (обещанных) не поставлено.  На 27 октября 2020г. трещины становятся всё заметнее. 
Прошу разобраться в данной ситуации.",Фасад
поломана детская карусель. возможно нанесение вреда детям.,Благоустройство
"Перегорела лампа в уличном фонаре. 
Требуется заменить лампу на новую. 

Фотофиксация от 26.01.прилагается.",Благоустройство
очистите о о,Благоустройство
Неудовлетворительное техническое и санитарное состояние парадной. Требуется косметический ремонт стен и окраска батареи.,Содержание МКД
"На кабельном киоске отсутствует сигнальный знак ""опасность поражения электрическим током"" код W08 в соответствии с ГОСТ 12.4.026-2015 (в ред., введённой в действие с 01.03.2017).

На фото №2 приведён пример удовлетворительной отработки подобного сообщения.",Благоустройство
"за гипермаркетом сезон д 40  по Пулковскому шоссе проезд находится в неудовлетворительном состоянии. 
Грязь, песок, щебень. Прошу произвести уборку в соответствии с правилами благоустройства СПб. Очистить прилотковые зоны и стоки ливневой канализации. Произвести помывку проезда. В случае невозможности использования технических средств уборки, привлечь для очистки проезда работников ручного труда.",Благоустройство
"Часть парадной №13 на первом этаже отгорожена, используется неизвестными лицами с непонятными целями. Висят замки.",Нарушение порядка пользования общим имуществом
"Рекламные конструкции в обоих лифтах в третьем подъезде. В лифтах уже установлены заводские зеркала. Дополнительные зеркала от компании Скайнет являются лишними и не предусмотренны заводской комплектацией лифтов.

Прошу проверить легальность их установки и обязать Сканер демонтировать их с очисткой поверхности до идеального состояния, если проверка подтвердит их несанкционированный монтаж.",Нарушение порядка пользования общим имуществом
Реклама на светофоре.,Благоустройство
вновь надпись возле кнопки вызова лифта на 1 этаже 4 парадной,Содержание МКД
"Требуется уборка газона вокруг детской площадки, между домами",Благоустройство
незаконная решетка на фасаде,Нарушение правил пользования общим имуществом
"Нет огорождения мусорного контейнера. Около контейнера всегда свалка, уборка осуществляется крайне редко или вообще не осуществляется. Не эстетично, неприятно и санитарно опасно.",Содержание МКД
"В подвале 1й парадной дома разрушен канализационный  выпуск, требуется незамедлительная замена, в последнее время засоры происходит  ежемесячно. В связи с вышеизложенным,   сложилась неблагоприятная эпидобстановка - в парадной стоит невыносимый зловонный запах фекальных вод в течении последних 3х недель, который проникает в квартиру. В УК  заявка закрыта - прочищена городская приемная сеть  27 марта 2021г.  Однако на сегодня запах усилился в разы.",Водоотведение
"1 этаж, уборка не производится более 3х месяцев",Содержание МКД
Кондиционер,Нарушение правил пользования общим имуществом
Убрать листву,Благоустройство
"Несанкционированные объявления борделей на опоре освещения.

Согласно ст. 37_1 Закона Санкт-Петербурга от 12 мая 2010 года № 273-70 ""Об административных правонарушениях в Санкт-Петербурге"": ""Самовольное нанесение надписей и рисунков, вывешивание, установка и расклеивание объявлений ... в не установленных для этого местах влекут наложение административного штрафа на граждан в размере от трех тысяч до пяти тысяч рублей; на должностных лиц - от тридцати тысяч до пятидесяти тысяч рублей; на юридических лиц - от семидесяти тысяч до ста тысяч рублей"" (в редакции, введенной в действие с 19 мая 2019 года Законом Санкт-Петербурга от 7 мая 2019 года N 217-51).

Администрация Невского района и Комитет по вопросам законности, правопорядка и безопасности уполномочены привлекать нарушителей к административной ответственности (см. статьи 48 и 51 Закона СПб № 273-70).",Благоустройство
"На фасаде дома со стороны улицы висит камера, направленная на заезд на стройку!",Нарушение правил пользования общим имуществом
Мусор (железобетонные изделия),Благоустройство
граффити,Благоустройство
"На улице Союзный проспект 8(на правой стороне, где песчаный ров) огромные бетонные строительные блоки, прошу принять меры по их устранению.",Благоустройство
листья и мешки,Благоустройство
"сгнившие дерево, держится за щёт соседнего  дерева",Благоустройство
"Парадная #3. Грузопассажирский лифт. Очистить панель от грязи , нанесенной жильцами-вандалами",Содержание МКД
Россыпь окурков,Благоустройство
"Уборка согласно графику не производится. Так же нет ежедневной санитарной обработки в рамках предупреждения распространения Covid-19. Вымыть подъезд на всех этажах: полы, перила, стены, радиаторы, почтовые шкафы, подоконники с применением дезинфицирующих средств.",Содержание МКД
Отсутствие горячей воды (5 парадная),Водоснабжение
Лужа,Благоустройство
Не убран снег с проезжей части дороги,Благоустройство
"На тротуаре в очередной раз образовалась большая лужа. 
Требуется ликвидировать. 
Требуется наконец устранить ПРИЧИНЫ её постоянного образования. 

Фотофиксация от 24.03.прилагается.",Благоустройство
Требуется уборка грузового лифта,Содержание МКД
На пожарной лестнице 1 парадной на 3 этаже доводчик не закрывает до конца дверь. Прошу устранить.,Содержание МКД
"Не работает освещение лестничной клетки 5 этаж, 4 парадная",Содержание МКД
Просьба очистить входную дверь лестницы № 11 от остатков объявлений.,Содержание МКД
просьба убрать большое количество песка и грязи с проезжей части,Благоустройство
Мусор,Благоустройство
объявления на опоре освещения,Благоустройство
Прошу демонтировать незаконную рекламу,Благоустройство
Глубокая яма у дома Гастелло 20,Благоустройство
"Не соблюдается график уборки парадная 4, песок на лестницах горой лежит, окурки, бумажки.",Содержание МКД
Демонтированная секция ограждения лежит на газоне. Удалите с газона и восстановите отсутствующую секцию,Благоустройство
"1 парадная: в лифте очень грязно, горы песка и лужи, просьба провести уборку, так как согласно вывешенному графику уборку не производят.",Содержание МКД
объявление на опоре освещения,Благоустройство
снег на дороге,Благоустройство
Несанкционированные объявления на опоре освещения,Благоустройство
"График уборки 11 парадной не соблюдается. Последний визит дворника был 18 февраля, а мастер, выполнявший ремонт домофона, оставил после себя мусор. Прошу навести порядок",Содержание МКД
"1 парадная 21 этаж,отсутствует ручка на двери",Содержание МКД
Разрушен свол мусаропровода. Проникновение мусора на 2й этаж! Улица Пионерстроя 20 2 этаж. 1 подъезд.,Содержание МКД
необходимо сделать занижение бордюрного камня перед входом на детскую площадку,Благоустройство
Мусор на газоне.,Благоустройство
"В нарушение п.4 статьи 36 Жилищного кодекса Российской Федерации без решения собственников помещений в многоквартирном доме произведено оборудование маркизы и крыльца с лестницей у фасада дома. К обращению прилагаются фотография проблемы, план дома (без переоборудования) и данные РГИС.",Нарушение правил пользования общим имуществом
снег не убран,Благоустройство
"Очистить ж/д пути от несанкционированной рекламы, не оставляя следов.",Благоустройство
мусор в тамбуре 2 этажа. парадная № 1,Содержание МКД
"Добрый день!
Неудовлетворительное состояние крыльца парадной № 3.
Разрушено бетонное покрытие.",Содержание МКД
Прошу проверить законность установки вывески.,Незаконная информационная и (или) рекламная конструкция
неочищенная урна,Благоустройство
очистить стойки знаков от рекламы и знаки,Благоустройство
Мусор на дереве,Благоустройство
дерево во дворе скоро упадет. снова. ветку с проезжей части убрали на сколько смогли прохожие,Благоустройство
Переполнены урны на детской площадке,Благоустройство
Обветшало ограждение стадиона. Необходим капитальный ремонт.,Благоустройство
Неудовлетворительное состояние асфальтового покрытия.,Благоустройство
"Неудовлетворительное состояние подъезда.
С 1ого по 3ий этаж: отваливается побелка с потолка, отваливается краска со стен и около пола (Красный цвет). Стена между 2 и 3 этажами, сток на 3 этаже: некачественно выполненный предыдущий ремонт, стены оштукатурены и окрашены без выравнивания и шлифования (Синий цвет).",Содержание МКД
не работает фонарь. починить.,Содержание МКД
очистите,Благоустройство
весь двор в мусоре!  очень грязно.,Благоустройство
"с 10.12.2020 г. разлив воды на проезжей части около д. №25 по улице Центральной, пос Лисий Нос. Работы не выполнил Водоканал. Автомобили объезжают повреждение по благоустроенному газону около дома № 28 по улице Центральной, пос Лисий Нос. образовалась высокая наледь, проход пешеходов затруднен и опасен из-за скользкой поверхности. Вода продолжает течь.",Благоустройство
"Необходимо привести в порядок поврежденный участок декоративной плиты цоколя между подъездами №8 и №9. Собственники ежемесячно оплачивают услуги ТСЖ ""Суворовский-61"" по текущему ремонту, данная проблема НЕ относится к капитальному ремонту фасада. Необходимо выполнить текущий ремонт.   

Методическим пособием по содержанию и ремонту жилищного фонда предусмотрен перечень обязательных работ, входящих в плату за текущий ремонт, осуществляемый ТСЖ. Состояние облицовочных плит входит в перечень. Содержание и текущий ремонт общего домового имущества ежемесячно оплачивается собственниками (скан квитанции ТСЖ с соответствующими статьями расходов см. в приложении).",Фасад
"Проезд рядом с 7 корпусом университета путей сообщения не очищен от снега/слякоти. 
Просьба провести комплексные работы по очистке с вывозом снега на снегоплавилку. 
Особое внимание уделить местам между припаркованными авто и вдоль бордюров. 
Фото сняты 20.01.2021.",Благоустройство
"Длинная трещина в асфальте, дефект.",Благоустройство
"провал асфальта, из за этого всегда лужи",Благоустройство
"Наблюдается аварийное разрушение асфальтобетонного покрытия проезжей части. Яма, выбоины, трещины. 
Просьба провести работы по замене покрытия. 
Координаты 60.072187, 30.285273",Благоустройство
"низкий напор воды,нет возможности полноценно использовать газовую колонку,т.к. нагрев воды слабый,нет возможности принять горячий душ и помыть посуду горячей водой.",Водоснабжение
"Доброго вечера. По адресу: Индустриальный проспект, 29 очень плохо проходить, скользко, снег.",Благоустройство
на площадке для выгула собак полная урна. без заявки не реагирует,Благоустройство
"Не осуществляется уборка муниципальной территории от веток и листьев на регулярной основе.
Работы выполнены не в полном объеме, двор убирается не регулярно.
Фото в приложении.",Благоустройство
Полусферы необходимо убрать на часть тротуарной дорожки на которой припаркована тёмное машина изображенная на фото￼￼.,Благоустройство
Незаконная рекламная вывеска,Незаконная информационная и (или) рекламная конструкция
"сломанная доска объявлений, 3 парадная",Содержание МКД
"Грязь и мусор на газоне и пешеходной дорожке по адресу: спб, улица Парашютная, дом 61 корпус 4 строение 2",Благоустройство
Как и в прошлом году магазин лента  складирует длительное время снег! Требую принять  меры!,Благоустройство
"Очистить столб от рекламы, не оставляя следов бумаги и клея.",Благоустройство
помятая труба,Кровля
убрать бум.мусор,Благоустройство
Необходимо очистить сооружение от надписей,Благоустройство
неочищенные урны,Благоустройство
"Нет ни графика, ни уборки с начала месяца. Сегодня 30 декабря",Содержание МКД
из дыры мусоропровода вываливается мусор. дыра. на тех этаже. мусор не убирается,Содержание МКД
Надписи на обратной стороне знака.,Благоустройство
уберите мусор,Благоустройство
лужи на тротуаре,Благоустройство
незаконная решетка на фасаде,Нарушение правил пользования общим имуществом
Требуется замена бордюров во дворе дома,Благоустройство
Реклама на стенде.,Состояние рекламных или информационных конструкций
Лужи,Благоустройство
"Не закрывается (сорвана) правая дверца электро щитка на лестничной площадке первого этажа третьего подъезда по адресу ул. Евдокима Огнева, д.8 корп. 1.",Содержание МКД
"между 1 и 4 секцией Шуваловского дуэта срезанный забор с острыми краями, который не убрали при сдаче дома",Благоустройство
Не соблюдается график уборки. Пыль на лестнице лежит комками.,Содержание МКД
"Во дворе дома 37 корп.1 по улице пограничника Гарькавого отсутствуют ограждения газонов. Машины заезжают на газон, из-за этого вид его очень неприглядный. И это все совсем рядом с районной поликлиникой.",Благоустройство
на зеленой фазе светофора нету таймера,Благоустройство
снег на дороге,Благоустройство
Требуется  произвести уборку,Содержание МКД
Люк находится выше асфальта,Повреждения или неисправность элементов уличной инфраструктуры
Периодично течет масло с потолка по панелям с кнопками и без.,Содержание МКД
Необходимо очистить улицу от мусора,Благоустройство
мусор,Благоустройство
Мусор,Благоустройство
"Мусор перед домом, уже разлетается по всему двору",Благоустройство
реклама на столбе и светофоре,Благоустройство
Снег на дороге.,Благоустройство
Разрушен асфальт на проезжей части вдоль рельс,Благоустройство
"Юнтоловский проспект, дом 49, корпус 5, 6 подъезд, 5 этаж.  Неизвестные лица установили кабель на 5 этаже, который проходит по общедомовому имуществу, при этом частично разрушили штукатурку в стене и на потолке. Кабель ничем не прикрыт. Прошу разобраться чей это кабель, привести в порядок место установки кабеля, прикрыть его пластиковой накладкой, отремонтировать штукатурку (если кабель установлен на законном основании), либо демонтировать кабель и сделать все как было (если установка кабеля незаконна).",Содержание МКД
"Парадная не убирается, отметки в графике уборки фиктивные. Фото графика с отметкой о влажной уборке пролетов 1 и 2 этажа от 11-01-2021 прилагаю. Так же прилагаю фото пола пролетов первого и творого этажа со следами грязи. Влажной уборки в параодной не производилось с начала декабря, не смотря на то, что графики заполняются исправно.",Содержание МКД
ул. Заречная 45/1. На углу дома со стороны Толубеевского проезда и ул. Заречная на придомовом газоне магазин Магнит организовал погрузочную зону товара и испортил газон и его ограждение большегрузными машинами. Требуется восстановить ограждение газона согласно плана благоустройства придомовой территории.,Благоустройство
незаконная решетка на фасаде,Нарушение правил пользования общим имуществом
снег на дороге,Благоустройство
неудовлетворительное состояние асфальта,Благоустройство
очистите о о,Благоустройство
"Сломано устройство, 4 парадная.27этаж лифтовой холл",Содержание МКД
Прошу привести в нормативной состояние бетонный блок препятствующий заезду автотранспорта на тротуар перед почтой,Благоустройство
Необходимо отмыть пассажирский лифт от различных пятен.,Содержание МКД
"Почтовые ящики все в пятнах, грязи. Полностью отмыть",Содержание МКД
Торговля вне киоска,"Незаконная реализация товаров с торгового оборудования (прилавок, ящик, с земли)"
Нарушение дорожного покрытия дворовых территорий,Повреждения или неисправность элементов уличной инфраструктуры
неубранный снег на дороге,Благоустройство
Прошу закрасить граффити,Благоустройство
детское и информационное оборудование детской площадки покрыто плесенью и грязью. требуется отмыть.,Благоустройство
"На тротуаре по нечётной стороне Заставской улицы у строения ""Заставская ул., 1Е"" между ограждением и люком повреждено твёрдое покрытие.",Благоустройство
"""УК Две столицы"" не производит механизированную уборку асфальта на придомовой территории обслуживаемых домов, что приводит к сглаживанию границы проезжей части с тротуарами и последующей парковке на тротуарах машин.",Благоустройство
"На лицо ненадлежащее состояние рекламной конструкции. Плакат видимо ветром снесло. Теперь все ржавеет. 
Просьба привести все в нормативное состояние.",Состояние рекламных или информационных конструкций
Здравствуйте. На газоне вокруг дома деревья и кустарники одичали из-за отсутствия ухода. имеют запущенный вид. Прошу привести в порядок. Спасибо.,Благоустройство
"Что красили в лифте,если стены как были облупившиеся в лифте,так и остались.И после снятия рекламной доски в лифте стена размалеванная",Содержание МКД
Не работает освещение,Благоустройство
"проспект Славы, дом 27, литера А, парадная № 4

Просьба убрать рекламу интернета",Нарушение порядка пользования общим имуществом
"В 4 парадной между 1 и 2 этажами не обеспечено плотное закрывание крышки люка мусоропровода по причине застревания мусора под загрузочным ковшом, в следствие чего появление неприятного запаха в парадной.",Содержание МКД
Слогана горка на детской площадке,Благоустройство
Снег на дороге.,Благоустройство
Несоблюдение графика уборки. Этаж 10.,Содержание МКД
Неудовлетворительное состояние парадной,Содержание МКД
Окрасить фасад,Фасад
"Отсутствует горячая вода на Вилеровском пер., д.8, 2 парадная",Водоснабжение
"По ул. Подвойского д.50 Корп.1 литЧ вторая парадная. В кабине лифта установлен рекламный щит(зеркало), что не соответствует требованиям безопасной эксплуатации лифта. Также не предусмотрено заводом изготовителем и не входит в конструкцию купе кабины пассажирского лифта. Необходимо демонтировать рекламный щит(зеркало) в кабине лифта!",Нарушение порядка пользования общим имуществом
"8 парадная , грязно",Содержание МКД
несанкционированные объявления на электрощите,Благоустройство
первый подъезд 5 этаж вход с лестницы на общий балкон - отсутствует доводчик,Содержание МКД
Просьба закрасить надписи.,Благоустройство
"Холодная батарея отопления. Нижняя часть батареи
При входе в парадную с квартирами 1-10, там, где размещен водомерный узел",Центральное отопление
"На площадке возле мусорного контейнера домов 2к1 и 2к2 по улице  Торжковской не вывозится строительный мусор. Систематически мусорный контейнер переполнен бытовым мусором, жители вынуждены складывать мусор на землю возле контейнера. 
Сейчас уже более двух недель на площадке стоит габаритный строительный мусор (старые окна, двери и т.д.).
XXXXXXXXX XXXXXXXXXX XXXXXXXXXXXX XXXXX XXXXXXXX XX XXXXXXX XXX XXXXX XXXXXXXXXXXXXXX XXXXXXXXX XXXXXXXXXXXX XXXXXXXXXX XXXXXX XXXXX XX XXXXXXXXXX XXX XXXXXXX XX XXXXXX XXXX XXXXXXX X XX XXXXXX XXXXXX X XXXXXXXX XXXXXXXXX X XXXXXXXXXXXXXXX XXXXXX XXX XXXXXX X XXXX XXX XXXXXXXX XX XXXXXXXXXX


Часть мусора вывезена, а часть (старые ели) просто свалена за забор. Кроме того, по состоянию на 09.04.21 вся площадка заставлена старой мебелью, а контейнер опять переполнен.",Содержание МКД
Урна переполнена. 3 парадная,Благоустройство
"Проспект Александровской фермы д9, покрышки со стороны дома 13 на газоне. Домонтировали покрышки у нашего дома со стороны парадных, вокруг дома нельзя было сразу пройти и все убрать одним разом. Необходимо убрать",Благоустройство
"На фасаде дома, незаконно и без разрешающих документов установлена наружная решётка (на фото выделена графически). Нужно демонтировать незаконно установленную решётку.",Нарушение правил пользования общим имуществом
"Не убран мусор, вывозят только контейнер, остальной мусор два дня лежит прямо на земле!",Содержание МКД
"1 парадная черная лестница,19 этаж. отсутствие освещения!!!",Содержание МКД
"Наличие снега на крышах балконов, существует угроза падения на людей т. к. под балконами находится тротуар. Прошу убрать снег с кровли балконов со всего дома.",Кровля
надписи на заборе,Благоустройство
"Вода затопила перекресток между домами 47/5 и 47/6 и 47/4 и не уходит  в специальные люки. Люди вынуждены ходить по грязным, мокрым газонам или пересекать эту лужу в брод. Просьба принять меры по устранению данной ситуации.",Благоустройство
"Занижение бордюрного камня упирается в лужу. Прошу провести соотвествующие работы по приведению съезда с тротуар на переход через Морскую набережную в нормативное состояние, чтобы инвалиду-колясочнику не приходилось заезжать на тротуар или съезжать на переход через лужу.",Благоустройство
Требуется замена сломанной урны на детской площадке во дворе дома,Благоустройство
Просьба заделать отверстие в доме,Благоустройство
В конце сентября порезали дерево и не убрали срезанные ветки. Так и лежат. При сильном ветре разлетаются по двору.,Благоустройство
"Дверь цепляет за плитку, прошу отрегулировать просевшую дверь в квартирном холле на 6 этаже 10 парадной.
Проблема не устранена, просевшая дверь цепляет за плитку при открытии, после чего не закрывается.  На фотофиксации показано положение в котором дверь цепляет за плитку нижней частью. Прошу отрегулировать просевшую дверь в квартирном холле на 6 этаже 10 парадной.",Содержание МКД
реклама на столбе,Благоустройство
"необходимо убрать песок, мусор и отсев с проезда между домами",Благоустройство
"Реклама наркотиков на стене дома, Ивановская ,7",Благоустройство
Не убирается контейнерная площадка,Содержание МКД
"Просьба установить ограждения газона для предотвращения парковки автомобилей на газоне. А/М портять газон, тротуары все в грязи. Мешают пешеходам.",Благоустройство
"Незаконная наружная решётка (выделена на фото) на окне первого этажа, с тыльной стороны, в середине дома.",Нарушение правил пользования общим имуществом
Протекает труба на стыке с радиатором. Лестница №6. Первый этаж.,Центральное отопление
"Очистить дорожный знак от несанкционированной рекламы, не оставляя следов.",Благоустройство
Очистить,Благоустройство
"5 парадная 
21 этаж
Выход с лестницы на общий балкон 
Не закреплена накладка дверной ручки",Содержание МКД
реклама на дереве,Благоустройство
Самовольно установлен кондиционер на лицевом фасаде по Загородному проспекту 47.,Нарушение правил пользования общим имуществом
"Разрушена лестница, ведущая от дома к пешеходной дорожке. Оголена арматура",Благоустройство
"Пешеходный переход с обеих сторон ул М Захаров, что напротив ТК Ракита... Пешеходный переход... Невозможно пройти людям..
Пешеходный переход на стороне ТК Ракиты дорога вздыбилась...",Благоустройство
не убран снег на проезжей части,Благоустройство
Реклама на дорожных знаках,Благоустройство
"На детской площадке напротив д. 8 по ул. Кр. Партизан, г. Колпино, сломана детская качель ""Паутинка"", оборван крюк. Прошу Вас,устранить причину поломки в возможно короткий срок.",Благоустройство
"Убэри надписи с ворот Военно-Морской академии (сторона д. Ушаковская наб. 17, которая выходит на ул. Академика Крылова)",Благоустройство
"Очистить дорожный знак от самоклея, не оставляя следов бумаги и клея.",Благоустройство
Тряпки на дереве. Нужно убрать,Благоустройство
жб конструкция,Благоустройство
"Щербаков переулок совершенно не очищен от снега/слякоти. 
Просьба наладить регулярную уборку переулка. Особенно в период обильного выпадения осадков в осенне-зимний сезон. 
Особое внимание уделить пешеходным переходам и местам между припаркованных авто. 
Фото сняты 23.12.2020.",Благоустройство
Прежая часть покрыта грязью. Грузовики выезжают на дорогу минуя помывочный пост и разносят грязь по всему району.,Благоустройство
Мусор на контейнерной площадке,Содержание МКД
Ремонт в парадной не делался более 5 лет. Состояние ужасное.,Содержание МКД
"Провода, выделенные графически, ведут из ниоткуда никуда.
Требуется демонтировать неиспользуемые провода с фасада в полном объёме.

Фотофиксация прилагается.",Благоустройство
"На газоне старые покрышки, опасные отходы, надо вывести.",Благоустройство
Роллет,Нарушение правил пользования общим имуществом
"Во втором подъезде на черной лестнице  из-за сырости  и неплотно закрывающийся дверей отваливается штукатурка  , на 1 , 2 ,3, 4,5,6,7,8,9,10,11,12 фото прилагаю. Я  обращалась в Жилкомсервис 1  они написали что проблемы не выявили может хватит отписывать будем делать?",Содержание МКД
"Две огромные лужи появляющиеся каждый сезон дождей мешают проходу. Перебраться можно по луже намочив обувь или же по газону, уничтожив остатки травы и утопая в грязи.
После дождя, спустя сутки лужа на своем месте. Пройти по асфальту не замочив  ноги не возможно, по газону грязными ноги будут до колена! Вода теперь стоит и в дренажных канавах! 
P.S. Дайте ответ сколько по ГОСТу должно быть трещин на асфальте, если он соответствует требованиям?!",Благоустройство
Складирование грязной наледи и  снега прямо на тротуаре,Благоустройство
"Грязь и свалка на газонах
Грязь и свалка на газонах",Благоустройство
Необходимо убрать мусор(разбитую плитку) на придомовой территории с тыльной стороны дома по ул. О.Берггольц д.17. Фото от 30 марта прилагается.,Благоустройство
"13 этаж приквартирный холл,щиток находится в ненадлежащем состоянии.",Содержание МКД
"тусклое освещение в лифте, подъезд 3",Содержание МКД
"Мусор на внутридворовой территории на газоне и тротуаре напротив 5,6,7,8 парадной. Когда дворники дойдут до уборки нашего дома?
Снег сам растаял. Мусор сам не уберётся.",Благоустройство
Неубранная осенняя листва и мелкий мусор на газоне.,Благоустройство
Сломано ограждение,Благоустройство
"Светильники на стене дома. Московский пр.,31",Нарушение правил пользования общим имуществом
"Здравствуйте. По адресу: Новочеркасский проспект, 47 корпус 1 очень скользко. Песок не помогает. Обратите внимание.",Благоустройство
"Надписи на детской площадке, сломан информационный щит",Благоустройство
"Добрый день.
Я бы хотел обратить внимание на отвратительную уборку снега на мостовом переходе. Часть моста почищена, а спуски с обеих сторон в мокрой и скользкой гуще из снега и песка. Прошу принять соответствующие меры. Спасибо",Благоустройство
мусор на газоне,Благоустройство
Требуется покраска стен лифтах,Содержание МКД
"Несанкционированные надписи (граффити-теги), требуется удалить надписи, либо при помощи растворителя, либо путём нанесения краски однотонного с закрашиваемой поверхностью оттенка согласно колера дома !",Благоустройство
Добрый день ! Нет влажной уборки в парадной вообще . За год мыли один раз и то до 3- го этажа . Прошу привлечь к соблюдению графика ! Все таки мы платим за это .,Содержание МКД
незаконная решетка на фасаде,Нарушение правил пользования общим имуществом
Забыли убрать крупногабаритный мусор (кирпичи) с газона.,Благоустройство
Провисают(неподвязаны) провода на крыше дома.,Благоустройство
"Опасный угол наклона ступени лестницы. Первая парадная лестница на стадион. Степени скользкие, жители подскальзываются и падают, возможны получения серьезных травм.",Благоустройство
"отсутствует освещение (не горят фонари) , особенно в арке дома 11 литер В по улице Михайловна",Благоустройство
Отсутствует козырек над входной дверью от защиты от снега и дождя,Благоустройство
Бытовой мусор в парке,Благоустройство
мусор у парадной,Благоустройство
"Некдовлетворительное состояние внешнего вида дверей,которые находятся со стороны двора,а не со стороны улицы ,двери ведут в подвал или в неизвестное мне помещение...",Благоустройство
Ямы на дороге,Благоустройство
демонтировать решетку,Нарушение правил пользования общим имуществом
Неудовлетворительное состояние проезжай части Муромской улицы. Большие лужи и ямы,Благоустройство
"Управляющая компания не устраняет дефект после выполнения текущего ремонта. После косметического ремонта общего коридора Заречная 35 к 1, 3 парадная 20 этаж, не устранен скол места крепления электро щита. По заявке в УК Работы не выполнены, но заявка закрыта от 17.12.20.
Прошу разобраться в проблеме.",Содержание МКД
неухоженный вид кустарников и деревьев,Благоустройство
Убрать листву с газона.,Благоустройство
Мусор на площадке,Благоустройство
Реклама на дереве,Благоустройство
"Улица Марата и прилегающие к ней улицы обработаны крупными кристаллами чистой соли без песка, что нарушает регламент зимней уборки снега.
Прошу убрать соль и проконтролировать выполнение всех регламентов и  требований зимней уборки.",Благоустройство
Прошу восстановить освещение.,Благоустройство
Свалка покрышек на крыше и рядом со зданием,Благоустройство
"Очистить столб от несанкционированной рекламы, не оставляя следов.",Благоустройство
ямы на дороге. аварийные,Благоустройство
Все газоны вдоль тротуара от дома по ул. Крыленко 1-1 до выезда из Крыленко 3-1 и далее до территории завода Проммонолит замусорены,Благоустройство
Надписи на стене возле 3 парадной,Благоустройство
Мусор вдоль Среднерогатской улицы 8 в сторону Дунайского проспекта,Благоустройство
"не убранный снег на тротуаре, невозможно проехать на инвалидных колясках",Благоустройство
Мусор на остановках общественно транспорта. Остановка - «ул генерала Кравченко»,Благоустройство
Мусор в парадной 6,Санитарное состояние
Убрать ветки возле первой парадной,Благоустройство
"Здравствуйте.

По аналогии с УСПЕШНО отработанным сообщением:
http://gorod.gov.spb.ru/problems/533233
прошу установить, а затем полностью, надлежащим образом
устранить ПРИЧИНУ образования огромной лужи-долгожителя
в период выпадения осадков либо таяния снега на проезде,
пролегающем вдоль восточного фасада здания, расположенного по адресу:
город Петергоф, Разводная улица, дом 45, литера А.

Такой причиной может быть, например,
засорение ближайшего дождеприёмного колодца,
неправильно оборудованный уклон к ближайшему дождеприёмному колодцу,
отсутствие такого уклона либо отсутствие такого колодца поблизости и т.п.

Обращаю внимание исполнителей !!!
Прошу устранить НЕ саму (текущую) лужу , а ПРИЧИНУ её появления !!!
(например, оборудовать НАДЛЕЖАЩИЙ водосток
либо уклон для её оттока в сторону ближайшего дождеприёмного колодца
либо в иное надлежащее место).

Спасибо.",Благоустройство
Просьба стереть надписи. Спасибо,Благоустройство
"Лестница 5. 
Дверь сломана, не закрывается.
Прошу отремонтировать доводчик , иначе дверь всегда открыта-доступ в парадную 24 часа для любого желающего.",Содержание МКД
"ул. Димитрова, дом 10, корпус 1, 4 парадная.
Больше месяца не подметается и не моется. Грязь на всех этажах. Захламление не убирают. 
График уборки парадной отсутствует.",Содержание МКД
глубокие ямы.,Благоустройство
"Жильцы 
XX
 и 
XX
 квартир используют парадную в качестве места хранения бытовых отходов.",Содержание МКД
Надписи на знаке.,Благоустройство
"Провал в асфальте на углу дома Новоизмайловский проспект, 37",Повреждения или неисправность элементов уличной инфраструктуры
объявления на знаках,Благоустройство
Проверить законность размещения вывески,Незаконная информационная и (или) рекламная конструкция
на дороге много снега,Благоустройство
Мусор. Просьба решить проблему,Благоустройство
"Песок, окурки на газонах",Благоустройство
Мусор на проезжей части,Благоустройство
Граффити на ТСОДД.,Благоустройство
"5 парадная, 11 этаж, квартирный холл, отсутствуют защитные вставки в пластроне щитка.",Содержание МКД
"Установлена межлестничная дверь на 2 квартиры. 6 парадная, 7 этаж, кв 
XXXXXXX",Нарушение правил пользования общим имуществом
Из двери торчат гвозди. Есть жертвы.,Содержание МКД
незаконная решетка на фасаде памятника архитектуры-искажён арочный фриз оконного проёма.,Нарушение правил пользования общим имуществом
"Здравствуйте. Средний проспект 49 со стороны проходного двора, между гаражами - граффити!",Благоустройство
"В квартире давно (примерно лет 10) отсутствует холодная вода в час пик. В последний месяц холодная вода есть только по ночам. Утром и вечером холодной воды нет совсем, даже слабого напора. 24.02.21 я позвонила в аварийную службу Невского района, они оформили мне заявку на 25.02.21 с 14:00 до 18:00. Но никто не пришел и не позвонил. Диспетчер аварийной службы оставила мне номер тел, по которому мне надо было позвонить, чтобы узнать почему никто не пришел. По этому номеру никто не берет трубку, звонила 5 раз в течение всего утра 26.02.21. -  88124461098. У моих соседей, этажом ниже  (по стояку) такая же проблема. Прошу помочь в решении данной проблемы.",Водоснабжение
Пешеходная дорожка и детская площадка завалена снегом по самые качели. Прошу принять меры,Благоустройство
Косыгина д 31 к 3 Лестница 1. Несколько дней не убирают.,Содержание МКД
незаконная решетка на фасаде,Нарушение правил пользования общим имуществом
Граффити и объявления на щите,Состояние рекламных или информационных конструкций
Снег на дороге.,Благоустройство
Сугроб на дороге.,Благоустройство
"Развёрнут дорожный знак ""Дети"".",Благоустройство
Несанкционированные объявления на опоре освещения,Благоустройство
Самовольно установленные ролл ставни на фасад исторического МКД. Требуется демонтаж. Вид с Апраксина переулка.,Нарушение правил пользования общим имуществом
"Подвальные окна дома заложили кирпичной кладкой, нарушение!",Подвалы
Надписи на трансформаторной подстанции. Реклама запрещённых веществ.,Благоустройство
Необходимо восстановить окраску фасада в едином колерном бланке,Фасад
"Разукомплектованное, разбитое транспортное средство на газоне. Разбито стекло в пассажирской двери, вставлена картонка.",Благоустройство
очистите о о,Благоустройство
Нет регулярной уборки снега,Благоустройство
"Сильный неприятный канализационный запах во 2 парадной дома 105 по Лиговскому проспекту. Прошу устранить причину запаха, невозможно находиться в парадной",Водоотведение
объявления,Благоустройство
неудовлетворительное состояние покрытия,Благоустройство
тротуар не чистили от снега вообще ни разу,Благоустройство
Отсутствие заглушки на описании квартира 8 парадной,Содержание МКД
Реклама наркотиков на стене дома,Благоустройство
Надписи на заборе.,Благоустройство
Бетонные блоки на газоне.,Благоустройство
"Я,
XXXXXXXX XXXXXXX XXXXXXXXXXX
 проживающей по адресу ул.Лётчика Пилютова д.5, кВ.
XX
,3 подъезд,являюсь представителем маломобильной группы населения с малолетним ребёнком,использующим детскую коляску. В нашем подъезде отсутствует пандус для спуска коляски.Прошу в срочном порядке установить откидной пандус металлической конструкции.",Содержание МКД
Прошу разъяснить почему на этой городской территории не горит наружное освещение.,Благоустройство
Мусор на газоне вдоль проезжей части.,Благоустройство
"По адресу: улица Подвойского, дом 14, корпус 1, литера И

30 Парадная 

Просьба привести стены парадной в порядок",Содержание МКД
Необходимо очистить улицу от конструкций препятствующих парковке,Благоустройство
"незаконная,решетка на фасаде",Нарушение правил пользования общим имуществом
Решётка нарушает нормы пожарной безопасности,Нарушение правил пользования общим имуществом
уберите рекламное объявление с опоры освещения,Благоустройство
"Требуется произвести работы по качественной очистке фасада здания от несанкционированных рекламных объявлений, не оставляя следов. 

Фотофиксация от 14.02.прилагается.",Благоустройство
"По адресу г.Санкт-Петербург, Ленинский проспект, дом 64, корпус 1, литера А, парадная 3, 19-й этаж, плохо закрывается дверь ведущая из лифтовог холла на переходной балкон. Дверь снизу задевает порог и не закрывается до конца. Разберитесь пожалуйста. Спасибо!",Содержание МКД
Реклама на стенде.,Благоустройство
не работает запирающий магнит у домофона. первая парадная,Содержание МКД
"мусор на придомовом газоне 
УК собрание 
XXXXXXXXX
 
работы не выполняют",Благоустройство
очень глубокие ямы. которые с каждым автомобилем все больше разрушается. когда яма наполнена водой не всегда видно и каждая машина попадает туда. лично я получил по шишке на каждое колесо по правой стороне. которые заметил только утром.,Благоустройство
Убрать неэстетичные остатки старого стенда управляющей компании Универсальный страж.,Содержание МКД
Антена,Нарушение правил пользования общим имуществом
неисправное освещение в 3- ей парадной при входе в тамбур 1 этаж,Содержание МКД
Урна неочищенная около парадной 6.,Благоустройство
Гора камней посреди тротуара,Благоустройство
После косметического ремонта в подъезде остались не закрыты крышки распределительных эл. щитков слаботочных эл.сетей. Распределительные щитки замазучены краской.,Содержание МКД
"Надписи на стекле окна, отсутствует оконный водоотлив
6 этаж",Содержание МКД
"Неудовлетворительное состояние водосточной трубы ( часть элемента водосточной трубы имеет вмятины ), требуется восстановить надлежащее состояние водосточной трубы !!",Кровля
Прошу установить урны вдоль северной стороны дома 46 к.1 по Заставской ул. Ввиду отсутствия урн арендаторы коммерческих помещений скидывают окурки на газон.,Благоустройство
Мусор на газоне,Благоустройство
"Во втором подъезде на 12 этаже дверной блок с лестницы на переходной балкон имеет щели по всему периметру двери - не обеспечивается плотный притвор и теплосбережение.
Во втором подъезде на 12 этаже дверной блок с лестницы на переходной балкон имеет щели по всему периметру двери - не обеспечивается плотный притвор и теплосбережение.
Щели стали меньше, но тем не менее плотный притвор не обеспечивается.
Во втором подъезде на 12 этаже дверной блок с лестницы на переходной балкон имеет щели по всему периметру двери - не обеспечивается плотный притвор и теплосбережение.
Щели стали меньше, но тем не менее плотный притвор не обеспечивается. На данный момент ситуация не улучшилась.",Содержание МКД
Девятый этаж чёрная лестница вся входная группа в неудовлетворительном состоянии￼,Содержание МКД
Не убранный мусор вокруг контейнера. Просьба привести в порядок.,Содержание МКД
уберите мусор и шины,Благоустройство
мусор на газоне. по измерениям трёх сторон больше 2 метров,Благоустройство
Много мусора на газонах,Благоустройство
Не горит уличный фонарь,Благоустройство
мусор на газонах,Благоустройство
"Мелкий бытовой мусор на внутридворовоц территории, просьба привести в порядок газоны.",Благоустройство
"плохая уборка на 17 этаже, балкон вообще не убирается.",Содержание МКД
"Прошу тщательно отмыть и очистить от мусора, песка и пыли асфальтовое покрытие Глушко. Крайние ряды, под автомобилями, особенно вдоль поребриков.",Благоустройство
Не убран лёд на дороге,Благоустройство
Нет графика уборки как и самой уборки. 1 подьезд,Содержание МКД
граффити на дорожном знаке,Благоустройство
"1 парадная 19 этаж,ручка двери в ненадлежащем состоянии",Содержание МКД
Надписи на будке.,Благоустройство
Надписи на будке.,Благоустройство
"необходимо ПОЛНОСТЬЮ заделать прорубленную дыру в арке после ""недоремонта"" памятника архитектуры, ориентир-правая сторона арки.",Фасад
"Почти полностью разрушено дорожное покрытие, на фото видно, что раньше здесь была дорога и парковка машин. В данный момент дорога почти полностью разрушена.",Благоустройство
мусор и грязь у входа в подъезд,Благоустройство
Неисправен пассажирский лифт в 7 подъезде,Содержание МКД
Очистить,Благоустройство
Сломана скамейка,Благоустройство
"Мусорный контейнер переполнен, вовремя не вывезен, во дворе уже валяется куча мусора рядом с контейнером, так как он не помещается в контейнер",Содержание МКД
Разбросан мусор,Благоустройство
"просим осуществить уборку лестничной клетки, последний раз убирали в августе 2020г, что недопустимо!",Содержание МКД
"Восстановить асфальт, как было, а не засыпать просто камнями.",Благоустройство
"После устранения аварии водоканалом 6.03.2023 дыру на 1 этаже Парадной по Чайковского 22, литер А, вход с улицы, зацементировали. При этом в Парадной не проводилась ни влажная, ни сухая уборка. Просим привести парадную в надлежавшее состояние.",Содержание МКД
"1 парадная черная лестница пролет с 18 на 19 этаж,отсутствует освещение",Содержание МКД
"Оледеневшие ступеньки на крыльце у парадной #5. С 10.12 все во льду. Ходить страшно, можно упасть и разбить себе что-либо.",Благоустройство
"Металлические рольставни уродующие лицевой фасад нашего дома принадлежат Почте России (отделение на Суворовского проспекте). 

В отношении размещения инженерного и технического оборудования на фасаде требуется разработка листа согласования, полученного на основании обращения в Комитет по градостроительству и архитектуре. Законом Санкт-Петербурга «Об административных правонарушениях в Санкт-Петербурге» № 273-70 от 12.05.2010 статьёй 18 предусмотрена административная ответственность за самовольное переоборудование фасада здания, строения, ограждения и их элементов, частью 1 статьи 16 — за самовольное размещение (установку) элемента благоустройства. 

Необходимо проверить наличие согласования в КГА, так как ТСЖ ""Суворовский-61"" свои обязанности по проверке согласований не исполняет. Самовольно размещенное оборудование на фасаде должно быть удалено в судебном порядке.",Нарушение правил пользования общим имуществом
Просьба сделать герметизацию,Фасад
"Просевший асфальт на тротуаре, постоянно заполняется водой и грязью",Благоустройство
Проржавел гараж,Благоустройство
В дворе находится разукомплектованный легковой автомобиль.,Благоустройство
"Из за отсутствия дренажной системы и мелиорации напротив дома 9Б на Боровой в посёлке Солнечное постоянно образовывается огромная лужа.
По данной улице осуществляется не только проход к пляжу но и проход в детский санаторий Солнечное.
Родители с маленькими детьми вынуждены перелезать через ограждение и идти по газонам в санаторий.",Благоустройство
"парадная 1 находится в ужасном состоянии, все грязное, все стены в ужасном состоянии",Содержание МКД
мусор,Благоустройство
"Сильно замусорен газон перед домом 14 от магазина ""Магнит"" до конца здания.",Благоустройство
Покрышки и пластик,Благоустройство
"Упавший дорожный знак. Фотофиксация- 10.04.2021г., 19:10.",Благоустройство
"Моховая улица, дом 4, лестница 3.

Перегорела лампа в светильнике на 5-ом этаже.

Прошу заменить лампу в светильнике. Спасибо!",Содержание МКД
Бумажные объявления на ТСОДД,Благоустройство
"Над окном 4-го этажа в подъезд №10 (кв. 178), на фасаде здания со стороны детской площадки самовольно установлен кондиционер. 

В связи с невыполнением должностными лицами ТСЖ ""Суворовский-61"" обязанностей по содержанию дома (что подтверждается судебным иском Администрации к ТСЖ о неисполнении обязанностей по содержанию МКД), прошу Администрацию Центрального р-на СПб принять дополнительные меры и проверить у собственников помещения наличие разрешительной документации, согласованной в установленном законом порядке, о размещении дополнительного оборудования на фасаде МКД. В случае отсутствия у собственников разрешительной документации прошу принять меры административного воздействия в отношении нарушителей в соответствии со статьей 18 Закона Санкт-Петербурга от 31.05.2010 № 273-70.",Нарушение правил пользования общим имуществом
"Прошло меньше месяца, а освещение у входа в подъезд N 5 отсутствует. Вечером также темно подходить к подъездам. Фотографии сделаны с учётом режима ночной съёмки (иначе совсем темно). Также открыты элементы, от которых идут включатели света (до ремонта так не было). Прошу разобраться и сделать так, чтобы в вечернее и ночное время свет горел.",Содержание МКД
прошу убрать надпись,Благоустройство
"В доме по адресу: Сиреневый бульвар 4к2, лит. Х, в парадной №4 на 7-м этаже не работают лампы. Пожалуйста, исправьте данную проблему!",Содержание МКД
надписи,Благоустройство
рисунки на ящике,Благоустройство
оторвалась часть двери на черной лестнице на 12 этаже,Содержание МКД
снег на дороге,Благоустройство
"улица Геологическая 75 возле корпуса 6, мусор на детской площадке убирают кране редко.",Благоустройство
возможно незаконная вывеска,Незаконная информационная и (или) рекламная конструкция
Оторван почтовый ящик в парадной #2,Содержание МКД
Уберите мусор с газона вдоль проезжей части.,Благоустройство
Проверить законность размещения вывески,Незаконная информационная и (или) рекламная конструкция
"Парадная 4.
 Управляющая компания окрасила только одну тамбурную дверь. Краской другого колера. Теперь двери разного цвета, это портит внешний вид парадной.

 Согласно Постановлению Госстроя 170 п 3.2.8. Окраску лестничных клеток допускается производить улучшенными высококачественными, безводными составами; поверхности, окрашенные малярными, безводными составами, должны иметь однотонную глянцевую или матовую поверхность; не допускается просвечивание нижележащих слоев краски, отслоения, пятна, потеки; не допускается окраска в различные цвета.

Требуется качественно окрасить двери в один тон.",Содержание МКД
реклама на первом этаже у выхода,Содержание МКД
"Неудовлетворительное состояние фасада, сколы слоя штукатурки, выпадение кирпичей около дверного проема подъезда.",Фасад
Надписи на будке.,Благоустройство
"в парадной не проводится уборка, мусор не подметается, влажную уборку ни делали даже по окончании проведения ремонтных работ (в начале ноября).Что бы не зарости в грязи, жители парадной производят уборку своими силами.",Содержание МКД
"Дом Охраняется Государством, так как является объектом культурного наследия.
Фасад дома имеет множественные трещины и разрушения штукатурного слоя. Также есть следы промерзания. что свидетельствует о капиллярном подсосе воды из-за нарушения гидроизоляционного слоя фундамента.",Фасад
Ненадлежащее состояние игрового оборудования на детской площадке на территории ЗНОП. Граффити на подводной лодке,Благоустройство
"Не работает и функционально неисправно переговорно-замочное устройство/домофон - не активно запорное устройство на входной двери.
1-ая парадная.
Требуется устранение неисправности.",Содержание МКД
"Синявинская улица, дом 16, 1 и 2 парадная. Засор канализации. Неделю в подвале стоят нечистоты. Запах проникает в квартиры. Антисанитария. ЖЭК не принимает шагов по ремонту канализации. Фото из подвала 2 парадной, в подвал 1 парадной не пройти без сапог.",Водоотведение
около дома 61 куча мусора. надо убрать!,Благоустройство
"Прогнил киоск, внизу дыра.",Благоустройство
"Мусор на детской площадке, все дорожки и покрытие детской площадки в песке",Благоустройство
Повалены и не убраны деревья.,Благоустройство
Образовалась яма в тротуаре,Благоустройство
Не соблюдается график уборки подъезда. Последний раз убирали после заявки на портал в марте 2020 года. Прошу провести уборку и впредь соблюдать график 7 парадная 10 этаж,Содержание МКД
демонтировать рольставни,Нарушение правил пользования общим имуществом
"Со стороны южного фасада, с улицы, неисправен фонарь (мерцает), требуется привести в надлежащее состояние. Выходы подъездов с противоположного фасада, со двора",Содержание МКД
Надписи на стене.,Благоустройство
тротуар и крайняя полоса проезжей части засыпаны грязью. очистить.,Благоустройство
мусор на территории,Благоустройство
гололед о о,Благоустройство
Сломан забор у дороги.,Благоустройство
"к сожалению таже проблема,  что и  от 03.01.21. , неужели нет решения ? Мало того, что на дорогах грязь, зимой ! , так ещё и продолжают сбрасывать её на пешеходную часть - тротуар. Пока ничего не меняется, к сожалению. адрес : Красное Село, тротуар от ул.Семёновской до ул. Дальняя, правая сторона в направлении к Спб.",Благоустройство
Песок на асфальте,Благоустройство
сломана лавка,Благоустройство
"Разбито покрытие у входа в подъезд, не возможно выходить с коляской на прогулку (опасно)",Содержание МКД
Надписи в арке дома,Благоустройство
Хранение вещей на лестничной площадке - 9 этаж подъезд 1,Содержание МКД
Песок и грязь напротив магазина Перекресток. Необходимо тщателтно подмести плитку и асфальт. Пыль летит в глаза и рот.,Благоустройство
"В обозначенном месте, в районе парадной № 9 имеется Неудовлетворительное состояние колодца, люка. Бетонный корпус люка на газоне значительно выступает относительно уровня газона, в том числе часть люка выступает в зону пешеходной дорожки и находится выше относительно уровня дорожного покрытия дорожки, люди спотыкаются о выступающий люк.
В соответствии с п. 6.3.7 Свода Правил 32.13330.2012:
""Установку люков необходимо предусматривать в одном уровне с поверхностью проезжей части или тротуара при усовершенствованном покрытии; на 50-70 мм выше поверхности земли в зеленой зоне"".
Необходимо установить люк строго в соответствии с указанными нормативами.",Повреждения или неисправность элементов уличной инфраструктуры
Металлический мусор на газоне,Благоустройство
Очистить,Благоустройство
"Отсутствуют ручки на окнах. 2 парадная, 3 и 2 этаж",Содержание МКД
Множество мелкого мусора на газоне,Благоустройство
Прошу восстановить дорожное покрытие.,Благоустройство
неубранный снег,Благоустройство
Необходимо удалить несанкционированную рекламу.,Содержание МКД
не убран снег на обочинах дорог,Благоустройство
"На входной деревянной двери прибанника подъезда №1 обнаружены трещины, не окрашенные участки и отверстия. ПРОШУ срочно устранить!",Содержание МКД
Надписи на стене.,Благоустройство
"В январе 2021г произошло 2протечки стояка с подтоплением квартир 60и 54. Стояк не менялся с момента постройки нашего дома. Кап.ремонт внутридомовых инженерных систем хвс нашего дома запланирован на период с 2018 по 2020гг, но так и не был произведён. Трубы в доме находятся в аварийном состоянии. Мы, жильцы квартир 54,57,60,63,66 постоянно и своевременно вносим плату за содержание и ремонт жилого дома. Просим произвести замену труб стояка в счёт оплаты за техническое обслуживание, то есть без взимания дополнительной платы. Гарантируем доступ в квартиры и содействие в проведении работ.
 Во время ремонта стояка был вырезан кусок трубы длиной 20см, внутренний диаметр которого 3мм. Что говорит об отсутствии какого-либо напора воды, и по этой же причине не включается колонка. 
Кусок этой трубы находится у нас. Фото приложу. 
Проблема напора воды для нас болезненна, скажите пожалуйста куда еще я могу отправить групповое обращение для замены стояка.  
Заранее спасибо!",Водоснабжение
Снова не горит освещение по фасаду и у подъездов. 20:11 26 марта 2021 года.,Содержание МКД
Граффити на здании,Благоустройство
нет света на площадке 8 этажа,Содержание МКД
"на 2 этаже на переходном балконе дверь окрашена в разные цвета и имеет следы расслоения краски. Требую окрасить в тон
2 парадная",Содержание МКД
перенесите урну к лавочке,Благоустройство
Повреждение водосточных труб,Кровля
Сломано звено перильного ограждения эвакуационной лестницы между 1 и 2 этажом эвакуационной лестницы,Содержание МКД
граффити на жалюзи,Благоустройство
Требуется уборка территории вокруг Корпуса 3 Кубинская 70.,Благоустройство
Множественные повреждения асфальтового покрытия.,Благоустройство
рисунки на фасаде здания,Благоустройство
Мусор на тротуаре,Благоустройство
Испорчена решётка пожарной шахты вандальными действиями на 18 этаже 1 парадной. Прошу установить новую в соответствии с требаваниями ПБ.,Содержание МКД
"На газон под окном свалены трубы неизвестного происхождения, ограждение и информационный щит отсутствуют.",Благоустройство
"Скопившаяся листва (мусор). Фотофиксация-11.11.2020г,, 14:23.",Благоустройство
Мусор во дворе.,Благоустройство
На газоне напротив дома ул. Вавиловых д.9 к.3 уже больше двух недель лежит куча бумаги и стекол,Благоустройство
Прошу демонтировать рекламный штендер,Незаконная информационная и (или) рекламная конструкция
забит люк отвода воды,Благоустройство
снег на дороге,Благоустройство
"В кустах свалка мусора, прошлогодней листвы, шин.",Благоустройство
Уборка в подъезде не проводится на регулярной основе. Убирают только после обращений на портал. Сейчас в подъезде на всей лестнице опять грязь.,Содержание МКД
Альпийский переулок почистите от снега,Благоустройство
"Прошу удалить все ""Сопли"" по всему подъезду проводов провайдеров и телевидения.",Содержание МКД
"Следы коррозии, отсутствует порядковый номер и контакт эксплуатирующей организации.",Благоустройство
Реклама на дорожных знаках,Благоустройство
"Разрушена облицовка в парадной №7 16 этаж, повреждены стены, разрушено апольное покрытие
Проблема устранена не качественно:
1) Ремонт сделан не качественно( перепутаны цвета, ремонтированная часть сильно отличается от исходной, фото с отметками после ремонта, фото без отметок как сделано у соседней двери)
2) Ремонт был произведен более чем в 45 дневный срок.",Содержание МКД
"Добрый день!

XXX XXXXXXXX XXX

Регулярно обращаюсь на счет проблемы протечек, но проблема не решается окончательно. Потолок над стеной между туалетом и кухней протекает. Постоянно образуется плесень, которая появляется и после покраски, и после обработки биоцидами. Невозможно сделать ремонт в помещении. Прошу сделать капитальный ремонт этого участка. Уже 5 лет продолжается данная проблема.",Кровля
реклама КФС на столбе,Незаконная информационная и (или) рекламная конструкция
"При нажатии кнопки 20 этажа на пульте, кабина не приходит в движение, лифт на 20 этаже не останавливается. Грузовой лифт № 253, 2 подъезд.",Содержание МКД
"предлагаю сделать парковочные места, тут (на фото показываю). Заезд во двор однополосный и имеется только с одной стороны у дома (проспект космонавтов 92).",Благоустройство
"Требуем привести в порядок подвальное помещение ,осушить !!! Затоплен водой весь подвал!!! В ближайшие дни будут направлены жалобы от жильцов дома в Администрацию Президента и Губернатору СПб!!!
Под кВ 
XXXXX X
 вода ни куда не делась",Водоснабжение
"несанкционированная реклама на столбе освещения, во дворе, напротив спортивной школы",Благоустройство
скользко на тротуаре,Благоустройство
Повалены ветки кустов  прям на дорожку,Благоустройство
Сломана труба,Кровля
"1 подъезд. Нет освещения у мусоропровода на 6,7,8 этажах .",Содержание МКД
"Должностными лицами ТСЖ ""Суворовский-61"" при демонтаже бывшего помещения диспетчерской службы (15 января) была повреждена кирпичная стена слева от входной двери внутри подъезда. Необходимо удалить следы повреждений штукатурного слоя и краски.",Содержание МКД
"Прошу заделать дыры в стенах после демонтированных светильников в лифтовом холле, а именно заштукатурить и покрасить. 286 дом, 5 этаж, подъезд 2.
На данное сообщение Управляющая компания написала отписку, мол это не несет угрозу жизни и здоровью людей и стоит больших затрат. Затраты на небольшой мешок штукатурки за 300 рублей и банки краски за эту же сумму посильная трата за наши не маленькие деньги каждый месяц. А ждать год как они пишут в отписке, на мой взгляд абсурдно. Светильники сняли они, а доделать работу не удосужились. И наблюдать за этим я не намерен. Прошу устранить в кратчайшие сроки!!",Содержание МКД
"Несоблюдение графика. Кажется, не так должен выглядеть подъезд, который сегодня должны были помыть. Белые разводы на пятом вообще не могут вымыть с конца сентября.",Содержание МКД
в третьей парадной гнилостный запах,Санитарное состояние
"Здравствуйте, с новым годом Вас! В подвале опять протечка канализации, очень сильный соответствующий запах, конденсат на стёклах от испарений. Под сливной решёткой стоит вода. Прошу исправить.",Водоотведение
"в первой парадной на 21 этаже над дверью отсутствует таблица ""выход""",Содержание МКД
"поврежден цоколь.сырость в помещении.
необходим ремонт :
1.снятие осолачивания.
2.штукатуривание.
3.покраска.
ТОЛЬКО в ТАКОМ ПОРЯДКЕ,
иначе ремонта хватит на месяц.",Фасад
Прошу проверить законность установки вывески.,Незаконная информационная и (или) рекламная конструкция
"Необходимо отмыть стены лифтовой кабины от грязи, надписей, наклеек рекламы.",Содержание МКД
"Вот фото с 5 этажа той территории. В первый раз я приложил фото, вам не понравилось. Вы все время отклоняете предложения под разными предлогами. Не понятно для чего существует этот портал и для чего вы работаете. Позор вам.


Добрый день! Есть возможность увеличить ширину проезда во дворе буквально на пол метра, как это сделано в соседних дворах и домах, чтобы могли разъехаться 2 машины, или организовать дополнительное пространство для парковки авто как на 2 фото, чтобы все было в рамках закона? Очень большие проблемы с парковкой именно в нашем дворе. Одно из предложений на 3 фото.  Предложения Зои Б. по установке ограждения поддерживаю, но только после расширения зоны. И машины по газону не ездят, там ездит трактор, который чистит снег, видно по следам протектора.",Благоустройство
"Многочисленные повреждения дорожного покрытия проезжей части - многочисленные глубокие выбоины, неровности, выкрашивания, колейность, перепады уровней покрытия.
Машины портят себе колёса и подвески, скорость потока замедляется.
Требуется произвести работы по качественному ремонту асфальтового покрытия (устранить аварийность).
По информации КРТИ, в 2021-2022 годах запланирован ремонт пр.Обуховской Обороны, в том числе в указанном месте.
При возможности - перенести ответ в промежуточный до всестороннего и комплексного устранения дефектов.
*По аналогии с обращениями - https://gorod.gov.spb.ru/problems/3086433/
https://gorod.gov.spb.ru/problems/3254945/
https://gorod.gov.spb.ru/problems/3254944/
https://gorod.gov.spb.ru/problems/3249711/
https://gorod.gov.spb.ru/problems/3249703/.

Фотофиксация от 18.03.прилагается.",Благоустройство
ненадлежащее состояние кровли,Кровля
"Скользко, травматично, отмостка и подходы к парадным не обработаны песком, требуется это исправить",Благоустройство
"Неудовлетворительное состояние двери, отсутствует притвор. Подъезд 4, этаж 1.",Содержание МКД
Несанкционированные надписи,Благоустройство
Песок и грязь на проезжей части,Благоустройство
Надписи на стене дома,Благоустройство
"Во 2-ой парадной со стороны двора сломана входная дверь. Полотно двери изогнуто настолько, что в закрытом состоянии внизу щель шириной 5 см, вследствие перекоса потрескалось стекло двери. Требуется замена полотна двери.",Содержание МКД
Провалилась земля,Повреждения или неисправность элементов уличной инфраструктуры
Надписи на гараже,Благоустройство
"В уличном фонаре повторно перегорела лампа. 
Требуется заменить на новую. 

Фотофиксация от 07.11.прилагается.",Благоустройство
"Не горит фонарь, расположенный на площадке между домами 24 к 3 и 24 к 1 по Северному проспекту. Номер на столбе 37...(третья цифра оторвана).",Благоустройство
объявления на знаках,Благоустройство
Реклама на стенде.,Состояние рекламных или информационных конструкций
"Во входной зоне в парадную есть обширная трещина, которая проходит по потолку и стене, существует угроза обрушения штукатурки. Кроме того, разрушаются ступеньки на первом этаже лестничной клетки.",Содержание МКД
Мусор на газоне в виде покрышки и бесхозной самодельной будки,Благоустройство
объявления на знаках,Благоустройство
"Пешеходные дорожки на улице Будапештской. Между домом #4, детской поликлиникой #19 и ЖК «Твин Хаус». После возведения трансформаторной будки дорожки не привели в порядок. В осенне-зимний сезон по ним не возможно пройти, везде грязь и лужи. Фото прилагаются.",Благоустройство
уберите мусор на газоне вдоль проезжей части,Благоустройство
"На фасаде дома, незаконно и без разрешающих документов установлена наружная решётка на окне первого этажа (на фото выделена графически).
Обращение не отработано, ответ дан не по существу проблемы, указанной в первичном сообщении, сама решётка не демонтирована. Обращение было отправлено по вопросу незаконности установки наружной решётки на фасаде, а НЕ по вопросу её соответствия требованиям пожарной безопасности. Решётка может соответствовать требованиям пожарной безопасности, но при этом быть незаконно установленной. Абсолютно никакого внятного ответа и документов по вопросу законности/незаконности установки данной решётки не предоставлено, ответ дан абсолютно не по существу проблемы указанной в первичном сообщении, в связи с чем необходимо вернуть на доработку.",Нарушение правил пользования общим имуществом
"нет мытья лестничной клетки долгое время. Грязь, песок по всем этажам. Необходимо вымыть все этажи, вымывая грязь и песок с лестницыв том числе у основания перилл и в углах у стены.",Содержание МКД
Отсутствует график уборки. Уборка не производится до подачи жалобы на портал. В подъезде грязно.,Содержание МКД
незаконный рекламный щит,Незаконная информационная и (или) рекламная конструкция
объявления на знаках,Благоустройство
Наклейка и граффити (в т.ч. внутри паровозика),Благоустройство
граффити на площадке,Благоустройство
Возле магнита на газоне много мелкого мусора,Благоустройство
Прошу убрать сор.,Благоустройство
Проезжая часть и дорога во дворе очень грязные. Уборка производится неудовлетворительно. До сих пор на асфальте остатки песчаной смеси которую рассыпают зимой. Сейчас середина апреля. Прошу провести уборку и отмыть дорогу во дворе от песка и грязи.,Благоустройство
Не работает освещение первого этажа в подъезде № 8.,Содержание МКД
Загрязнение  павильона остановки,Благоустройство
"Надписи на стене.
В сообщении № 3097178 указаны надписи на двери, а здесь на стене. 
XX XXXXXXXXX XXX XXX XXXXXXXXX XXXXXXXXX XXXXXXXXXX XX XXXXXXX XXXXXXX XXXXXXXXX XXXXXXXXXX XXX X X XXXXXX",Благоустройство
Прошу очистить от граффити,Благоустройство
"адм. Кал.р-на обязана не допускать незаконную торговлю, а в данном месте у ст. М. Академическая ПРОДОЛЖАЕТ БЕЗНАКАЗАННО процветать безобразная НЕЗАКОННАЯ ТОРГОВЛЯ с вонючих столов, досок, тележек, коробок и ящиков товаром НЕ ВЫРАЩЕННЫМ СВОИМ ТРУДОМ на садовом участке...
Данная торговка на этой территории организовала два места незаконной реализации продуктов питания. 
Помимо этого на парковке стоит авто, где торговка хранит в АНТИСАНИТАРНЫХ условиях свой товар и рядом с которым, она устроила хламовник, куда сбрасывает гнильё, ящики, коробки, тележки.
ТРЕБУЕТСЯ 
1.Освободить  пр. Науки и территорию у  ст. М. Академическая от этой безобразной незаконной  и нецивилизованной торговли.

2. Прекратить НЕЗАКОННУЮ ЕЖЕДНЕВНУЮ торговлю продуктами питания:
а. без сроков его производства и годности, 
б. без сертификатов качества, документов санитаного и фито контроля 
в. без разрешений на место торговли
г. без налоговых платежей в бюджет города.","Незаконная реализация товаров с торгового оборудования (прилавок, ящик, с земли)"
Просьба помыть пол до 5 этажа и вывесить график уборки на текущий месяц. Последняя влажная уборка проводилась 17 ноября 2020.,Содержание МКД
"Около метро проспект Ветеранов (выход на дачный проспект ) территория не обработана элементарно песком ,сплошной гололёд ,ходить невозможно !!!
Чего ждём ?? Травм ??",Благоустройство
"Санкт-Петербург, проспект Косыгина, дом 28, корпус 1, литера А 
пар. 6

Просьба убрать остатки клея в лифте после рекламы",Содержание МКД
"Реклама (на асфальте конструкция), проверить законность",Незаконная информационная и (или) рекламная конструкция
рисунки на знаках,Благоустройство
Повреждён асфальт вокруг люка,Повреждения или неисправность элементов уличной инфраструктуры
не работает доводчик входной двери  тамбура.4 подъезд.вохдная группа со стороны двора.просьба заменить на рабочий.,Содержание МКД
"Нарушение графика уборки.
Не убирают месяцами.",Содержание МКД
"Мусор на газоне и на детской площадке, с двух сторон от ограды",Благоустройство
Отсутствие уборки в подъезде/ лестницу не моют!,Содержание МКД
"Прошу исправить опасное состояние люка, судя по всему, треснуло жб кольцо, люк полуоткрыт!",Повреждения или неисправность элементов уличной инфраструктуры
"Туристская 28к1, 6 подъезд, 15 этаж.
Сегодня утром появились надписи, явно сделанные школьниками. Помимо того, что я прошу их убрать, так и провести работы по предотвращению попаданий таких людей в дом. Спасибо",Содержание МКД
объявление,Благоустройство
много мусора на площадке,Содержание МКД
"XXXXXXXXX XXXXXXX XXXXXX XXXXXXX X X XXXXXXXXX XXX XXXXXXXX XX XXX XXX XX XXXXXXXXXXXXX XXXXXXXX X XXXXX XXXXXXXXX
Ранее уже по этой машине было заявление, ее просто перегнали на 100 метров в другое место. У машины разбита задняя часть, отсутствуют номера и нет переднего бампера!
XXXXXXXX XXXXXXX XXXXX X XX XXXXXXXXXX XXXXXXXXXXX XXX XXXXXX XXXXXXXX
Требую вывезти разукомплектованное транспортное средство!",Благоустройство
Деформированы трубы,Кровля
"Неубранный снег на автомобильных дорогах и прилегающих к ним тротуарах, спусках к воде, подземных и надземных пешеходных переходах",Благоустройство
прошу провести ремонт асфальта,Повреждения или неисправность элементов уличной инфраструктуры
рисунки на знаках,Благоустройство
Вся территория в грязи и мусоре и листве,Благоустройство
Очистить,Благоустройство
Нарушено асфальтовое покрытие,Благоустройство
"Работали рабочие Россети. Испортили газон, срезали ограждение, сломали кусты, вырубили деревья, клумбу поставили посередине прохода к парадной, теперь машины разворачиваются на нашем газоне, т.к. нет ограждения. Просим исправить ситуацию!!!",Благоустройство
Придать форму кустам,Благоустройство
Незаконная реклама,Незаконная информационная и (или) рекламная конструкция
"Добрый день!
В подъезде не производилась уборка с декабря 2020 года, влажная уборка выше второго этажа, судя по графику, не производилась в декабре в принципе. Требую обязать УК выполнять обязательства по содержанию МКД в соответствии с действующим законодательством.",Содержание МКД
не очищена дорога,Благоустройство
надписи,Благоустройство
прошу проверить законность размещения на фасаде МКД антенны!,Нарушение правил пользования общим имуществом
Развернут дорожный знак.,Благоустройство
Мало песка в песочнице,Благоустройство
граффити в лифте,Содержание МКД
Реклама на дорожном знаке,Благоустройство
Мусор,Благоустройство
Вывести старую покрышку.,Благоустройство
этаж 3 нависающие электропровода,Содержание МКД
Граффити на фасаде,Благоустройство
На 4этаже Облупилась краска,Содержание МКД
Развернут дорожный знак,Благоустройство
срач,Благоустройство
Надпись на ограждении контейнерной площадки.,Содержание МКД
Грязная парадная. В октябре мыли и подметали всего один раз. Вывешенный график уборки парадной не соответсвует действительности.,Содержание МКД
"По всей территории лежат покрышки и стоят бутылки с водой, тем самым занят парковочные места.",Благоустройство
"В субботу дворники провели субботник и собрали листву, мусор и ветки в кучи и мешки. Мешки увезли, а кучи оставили. Прошу увезти кучи, пока их не разнесло ветром по территории",Благоустройство
"Пожалуйста, восстановите полуразрушенный бетонный вазон во дворе. Адрес : улица Тухачевского, д. 3 а",Благоустройство
"Огромные выбоины до метра длинной,глубина 20-25 см.
Уже года полтора без изменений,люди убивают машины,особенно ночью и в дождь.",Благоустройство
Сломаны качели,Благоустройство
"Не убран мусор в кустах, а также мелкий мусор  на площадке",Благоустройство
"На улице Танкиста Хрустицкого 106,/110,/104
Куча мусора.
Помойку кидают прямо не тротуар.
Это нормально???..
Срочно примите меры!!",Содержание МКД
Не светит,Благоустройство
ямы на дороге,Благоустройство
Надписи на сооружении,Содержание МКД
"В доме по адресу: Сиреневый бульвар 4к2, лит. Х, в парадной №4 на первом этаже, на дверях лифта изображена несанкционированная надпись. Пожалуйста, исправьте данную проблему!",Содержание МКД
Нет радиаторов отопления на 3 и 4 этажах лестницы 3.,Центральное отопление
"Неисправный светильник, просьба заменить",Благоустройство
реклама на опоре освещения,Благоустройство
обрушение гранитной плитки на фасаде. Восстановить гранитную плитку.,Благоустройство
Убрать газету со скамейки,Благоустройство
"Во дворе, с права от подъезда №5, открыт продух.
Требуется установить решётку (жалюзи), чтобы не проникали животные (крысы).",Подвалы
снег не убран,Благоустройство
Неубранный снег ! Просьба счистить. До пешеходного покрытия в виде плитки,Благоустройство
По всей парадной рекламные объявления! На входной двери металлическое приклеенное объявление не убирают!,Содержание МКД
неочищенные урны,Благоустройство
Несанкционированные объявления,Благоустройство
"Жизнь в ПОМОЙКЕ продолжается.
Урны жкс-3 принципиально ОЧИЩАТЬ 
СВОЕВРЕМЕННО  НЕ ЖЕЛАЕТ.",Благоустройство
Склад макулатуры №5 в зоне мусорной площадки.,Содержание МКД
"Не освобождают мусорный бак. Должны это делать КАЖДЫЙ день, но на выходных этого не делают. Мусоропровод забивается до 1 этажа, иногда и выше. На фото мусоропровод 10 парадной на 1 этаже в воскресенье. 
Мусоропровод почистят в понедельник независимо от того, что я пишу Вам обращение(3-е уже). Суть в том, чтобы мусор вывозили не только по будням, но и по выходным,то есть, КАЖДЫЙ ДЕНЬ, как это положено.",Санитарное состояние
Листья мусор,Благоустройство
"Контейнерная площадка в плохом состоянии. Рядом стихийно складируют ветки, мебель, сантехнику. Тут же сидят бомжи.",Содержание МКД
Отваливается плитка на стене.,Фасад
уберите,Благоустройство
Закрасить граффити в цвет дома,Благоустройство
Прошу убрать мусор,Благоустройство
Несанкционированные надписи на стенах пассажирского лифта.,Содержание МКД
"Требуется произвести работы по качественной очистке опоры рекламной конструкции от несанкционированных рекламных объявлений, не оставляя следов. 

Фотофиксация от 30.01.прилагается.",Состояние рекламных или информационных конструкций
"Мусор, окурки, грязь",Благоустройство
незаконная решетка на фасаде,Нарушение правил пользования общим имуществом
"Не закрывается мусоросборник, выпадает мусор, между 3 и 4 этажом",Содержание МКД
Во дворе у дома 8 (со стороны входа в подъезды) по Кузнецовской улице не работает освещение 2-х фонарных столбов.,Благоустройство
"Неисправно освещение в арке, не работает. Устранить. В арке в темноте распивают алкоголь",Содержание МКД
"На газоне валяется железобетонный мусор, надо вывести.",Благоустройство
"ул. Коллонтай, дом 43,

Пар 5

Просьба отмыть от краски синюю табличку",Содержание МКД
не работает светильник над входом в парадную №2.,Содержание МКД
Складирование снега во дворе вне специально установленных или согласованных мест во дворе.,Благоустройство
яма на внутридворовом проезде,Благоустройство
"Не исправен доводчик входной двери. Фасадная парадна, квартиры 7,8,9",Содержание МКД
"Здание (архитектурный памятник Музыкальный павильон арх-р Росси) в аварийном состоянии - следы намокания, плесени по всему периметру, трещины в штукатурном слое, отслоение окрасочного слоя, намокание на потолке. Частичная утрата мраморных фрагментов колонн. Необходимо начать реставрацию.",Фасад
Демонтировать световую бегущую строку,Незаконная информационная и (или) рекламная конструкция
"График заполняется, а уборки нет. Ни сухой ни влажной",Содержание МКД
"Мусор в виде покрышек, коробки и сухих веток",Благоустройство
"трясёт лифт, особенно когда вниз едет
грузовой правый во 2 парадной",Содержание МКД
"Добрый день! По адресу проспект Шаумяна 73 кв. 59, 3 подъезд не работает домофон. А именно в течение дня у жильцов подъезда не получается открыть дверь своими ключами. Домофон обслуживает компания Цифрал-Сервис. По заявкам приезжает мастер, обесточивает полностью домофон, затем включает, и в моменте фиксирует, что домофон работает. Более того он передаёт не достоверную информацию по проблеме, приезжая якобы чинить он не связывается со мной, чтобы я могла проверить исполнение заявки и работу домофона. Далее с течением времени иногда через полчаса, иногда через час, он снова перестаёт работать. Сегодня по ранее созданной заявки звонил оператор и озвучил, что подъезд в 20 квартир им не интересен с точки зрения модернизации, а заменить на новое такое же оборудование возможности нет. На момент подачи этого обращения домофон НЕ РАБОТАЕТ. При этом Компания продолжает настаивать на оплате счета в размере суммарно 1500 руб. за год.",Содержание МКД
Мусор и листья на тротуаре,Благоустройство
"Торговки у ст.м.Проспект Ветеранов, рядом с входом у общественный туалет, 14 апреля с.г., 16.00","Незаконная реализация товаров с торгового оборудования (прилавок, ящик, с земли)"
"Граффити на стене чёрной лестницы.
Адрес: Искровский проспект, д. 3, корп. 2, лит. Д (парадная 6, этаж 9)",Содержание МКД
Надписи между первым и вторым этажом. Сломанное информационное табло. Отваливается штукурка.,Содержание МКД
"Требуется заделать места прохода кабелей
Предчердачное помещение",Содержание МКД
Надписи,Благоустройство
Объявления,Благоустройство
Мусор на газоне,Благоустройство
отсутствует график уборки в подъезде. уборка не проводилась длительное время. грязно до 5го этажа,Содержание МКД
"К трамваю на остановке не пройти, при чистке дороги свалили снег",Благоустройство
"Мусор на внутридворовой территории по адресу: улица Солдата Корзуна, дом 5, литера А, находящейся в зоне обслуживания ООО ""Жилкомсервис №3 Кировского района""  Скопление мусора по внешней стороны дома. Отсутствие какой-либо уборки со стороны сервисной компании, бытовой мусор ,окурки покрывают землю ковром.  Требуется провести тщательную уборку территории, в соответствии с распоряжением Правительства Санкт-Петербурга от 18 июля 2016 года N 897-р.",Благоустройство
"Самовольно размещенные кондиционеры уродуют фасад нашего дома. ТСЖ ""Суворовский-61"" обязано проверять согласование КГА на установку дополнительного оборудования, следить за недопущением незаконного размещения кондиционеров, антенн и прочего оборудования на стенах, на крыше, внутри дома.  

Несмотря на неоднократные обращения Администрации Центрального Района и Жилищной Инспекции к ТСЖ ""Суворовский-61"", самовольно размещенные кондиционеры так и не удалены с фасада за 6 месяцев.

Повторный осмотр дома с представителями Администрации центрального района был проведен совместно в октябре 2020 года. Необходимо принять меры в отношении должностных лиц ТСЖ ""Суворовский-61"" и удалить незаконно размещенное оборудование с фасада здания в судебном порядке.

Этот кондиционер находится над пешеходным проходом (на уровне 4-го этажа подъезда №7) со стороны спортивной площадки.",Нарушение правил пользования общим имуществом
"Отсутствует и не оборудована контейнерная площадка. Контейнеры с открытыми крышками постоянно выставлены на улице, придавая ей крайне неопрятный вид. Неоднократные обращения не влияют на ситуацию.",Благоустройство
брошенный автомобиль во дворе дома 35к1 по улице маршала Захарова,Благоустройство
незаконный кондиционер на фасаде,Нарушение правил пользования общим имуществом
Граффити на фасаде по Клинскому,Благоустройство
"Лифт очень медленно реагирует на нажитие кнопок, после нескольких нажатий и едет очень медленно, по сравнению с лифтами в других подъездах. 1й подъезд",Содержание МКД
"снять рекламу
не снята реклама",Благоустройство
Отваливается краска на стене.,Фасад
"В октябре приезжали какие-то люди, перекопали всё, уничтожив остатки и без того нуждающегося в ремонте асфальтового покрытия. Ни паспорта объекта, ни ограждения не наблюдалось, из чего очевидно, что это были какие-то хулиганы. Прошу восстановить асфальт во дворе в ближайший благополучный для этого климатический сезон.",Благоустройство
Не работает грузовой лифт 2 парадная.,Содержание МКД
из подвала воняет канализацией.,Водоотведение
"Большое колличество бытового мусора на газоне, а также мелкие бетонные остатки и камни",Благоустройство
"На территории гаражей на Полюстровском проспекте д19.к2, возле детского сада 32, уже несколько лет стоит брошенное разукомплектованное автотранспортное средство.",Благоустройство
Открыт колодец.,Повреждения или неисправность элементов уличной инфраструктуры
Неисправное освещение на 3 этаже 7 парадная,Содержание МКД
"Плесень и штукатурка фасада падают на головы прохожих, опасность для граждан",Фасад
"Не работает светодиодный светильник на фасаде. 
Просьба восстановить освещение.",Содержание МКД
Сломана скамейка на детской площадке,Благоустройство
Нет освещения между 10-м и 11-м этажами￼,Содержание МКД
Мусор на внутридворовой территории￼,Благоустройство
"Добрый день!  Прошу осуществить, уборку 7 подъезда . Фото прилагаю.",Содержание МКД
"Аварийное состояние элементов детской площадки. 

На площадке между домами 15 и 17 по Новоизмайловскому пр. у детского городка отсутствуют несколько досок пола (на высоте около 1,5 м)",Благоустройство
"Не работает переключение светофора. 
Оборваны провода",Благоустройство
Ямы,Благоустройство
4 парадная.Не горит лампочка освещения у лифта.,Содержание МКД
Необходимо очистить урну от мусора,Благоустройство
Проверить законность размещения вывески,Незаконная информационная и (или) рекламная конструкция
Просьба закрасить нецензурную надпись на зеркале в пассажирском лифте первого подъезда.,Содержание МКД
"25 эт., выход на ч/ л нарушена пожарная безопасность. Дверь заблокирована в открытом виде.",Содержание МКД
"4 парадная, 12 этаж. Нет доступа к щитку, установлена дверь.",Нарушение правил пользования общим имуществом
не убирают снег вообще,Благоустройство
Неисправный домофон 1й парадной,Содержание МКД
Прошу восстановить тротуар,Благоустройство
Прошу закрасить граффити,Благоустройство
Просим покрасить дверь в подъезде №1.,Содержание МКД
"реклама наркотиков на фургончике у входа в Сбербанк в доме по адресу Маршала Говорова, 12-1",Благоустройство
"Прошу оборудовать съезд с дорожки для обеспечения доступности объекта маломобильными группами населения
Примеры простого и быстрого решения представлены в сообщениях проблем №№ 2332944, 2412690, 2482219 и 2482225.",Благоустройство
Объявление,Благоустройство
"Рекламные объявления на ограде придомовой территории МКД, вот уже ве недели.см.фото",Благоустройство
Не убран снег на дороге!,Благоустройство
граффити на здании,Благоустройство
Частично облезла краска со второй (внутренней) двери в фойе второй парадной. Необходимо ее окрасить.,Содержание МКД
Просьба отмыть надписи,Благоустройство
"Неудовлетворительное состряние парадной номер 2, грязь.",Содержание МКД
"Не соблюдается график уборки лестничной клетки. Последний раз подъезд мыли в прошлом году. В графике просто расписываются, не производя ни каких работ.
Влажная уборка лестницы, подразумевает ее МЫТЬЁ, с первого по пятый этаж. А не вымыть только то, что отражено на фото в жалобе. Лестница как была грязной так и осталась, подоконники как были черные, так и остались. ВЫМЫТЬ подъезд с первого по пятый этаж!!!",Содержание МКД
"Дом сдан 5лет назад, до сих пор не доделана система пожаротушения .
Установленые безбарашковые замки в дверях МОП должны быть заменены,т.к. нарушают нормы пожарной безопасности.
УК приняв от застройщика двери МОП с нарушением, 
должна заменить замки,
что бы не допустить свободного доступа к противопожарному имуществу на этаже + заедает замок.
Подьезд 13,этаж14.",Содержание МКД
рисунки на фасаде здания,Благоустройство
возле мусоропровода на 3 этаже гора мустра,Содержание МКД
Сломаны перила,Благоустройство
Объявления,Благоустройство
Надписи,Благоустройство
несанкционированные объявления на электрощите,Благоустройство
засохшее дерево без коры,Благоустройство
"На лестничной клетке по всем этажам, где расположены пожарные шкафы, течет труба холодного водоснабжения. 
На лестничной клетке появилась плесень, в подъезде  стоит запах сырости. Так продолжается на протяжении нескольких недель.
Дом с одним подъездом.",Водоснабжение
объявления,Благоустройство
Песок земля на асфальте,Благоустройство
"17-й этаж 1я парадная, тамбур между лифтовым Холлом и общим балконом нет освещения￼",Содержание МКД
необходимо убрать арматуру с газона,Благоустройство
Несанкционированные надписи,Благоустройство
"На пешеходном переходе через трамвайные пути наблюдается разрушение асфальтобетонного покрытия тротуара и выкрашивание бетонных плит между рельсами вплоть до арматуры. Дефекты создают травмоопасность для пешеходов. 
Просьба провести работы по ямочному ремонту латками и заменить бетонные плиты на новые прорезиненные/бетонные. 
Координаты места 60.036484, 30.319977",Благоустройство
"Перед домом, по адресу:г.Санкт-Петербург, Старо-Петергофский проспект, дом 42, литера А находится разукомплектованное транспортное средство, (у автомобиля отсутствует световой прибор).",Благоустройство
"Протекает крыша над 14 лестницей. Любые осадки (мокрый снег и дождь) приводят к потокам воды на стены и лестничные пролеты (на потолке и стенах отваливается штукатурка и появилась плесень).
Необходимо устранить протечку жесткой и мягкой кровли.
(Фото сделаны сегодня).
Предыдущее обращение - №3268978 - проблема не решена.
Данная проблема не решена. Ремонт крыши над лестницей 14 не выполнен.
 Первый раз (13.08.2019) мы обращались письменно в ООО Жилкомсервис 2. Заявлению присвоен №1996--19, где указали первым пунктом - устранить протечку крыши дома, ответ на данное заявление так и не был получен, как и не был выполнен ремонт.
На данный сайт пишем 3-й раз и ответ на данные обращения-это очередные отписки. На сегодняшний день погодные условия-дождь(фото сделано сегодня), протечка  доходит до 3-го этажа( на потолке плесень, отваливается штукатурка, краска).
Руководство Жилкомсервиса 2  не желает заниматься и устранять данную протечку,   нам жильцам данного подъезда остается озвучить данную проблему и игнорирование УК до средств массовой информации, написать заявление в Жилищную инспекцию, прокуратуру.",Кровля
незаконная решетка на фасаде,Нарушение правил пользования общим имуществом
Рисунки на стенах и дверях лифта,Содержание МКД
Заложены окна,Подвалы
"прошу установить забор или иные ограждения для того, что бы автомобили не парковались и не ездили по газону. (ремонт детской площадки и прилегающей и территории был сделан не более месяца назад )",Благоустройство
"2 парадная 5 этаж. на этаже и в лифтовом холле очень грязно, уборка не производится. полы не моются месяцами.  просьба проверить фотоотчет о проделанной работе , на предмет видимости номера этажа на фото, потому что обычно фотографируют другой этаж, на котором не видно номер.",Содержание МКД
Лужа на твёрдом покрытии.,Благоустройство
"Своевременно не убираются контейнеры с пластиком, стеклом. бумагой. Фото от 29.03.2021 в 12.00 ч.",Содержание МКД
Необходимо произвести очистку фасада от надписей,Благоустройство
Листья на тротуаре,Благоустройство
Мусор на внутридворовой территории,Благоустройство
"Очень много мусора, неубранного ещё с осени 2020 года.",Благоустройство
не горит свет,Благоустройство
граффити на фасаде по Клинскому,Благоустройство
"На внутридомовой территории детской площадки по адресу пр. Ветеранов 171 корпус 2 установлены шахты вентиляции паркинга, в отличии от соседних корпусов, они ничем не огорожены. Сами конструкции имеют очень острые углы и представляют опасность для детей. Согласно ГОСТ 52160-2012 ""Оборудование и покрытие детских площадок..."", а также ряда других смежных стандартов, такие конструкции недопустимы в зоне детских площадок. УК ""Космосервис"" предпринимать какие-либо действия в данном направлении отказывается, ссылаясь на отсутствие ограждения по проекту застройщика. Застройщик Сетл Сити также ответил, что все сделано по проекту, хотя нарушения правил безопасности для детей на лицо. Неоднократно дети уже травматизировались об эти углы, пока мелко, царапинами. А ведь может быть и серьезнее травма, вплоть до потери зрения у малышей, кто ростом как раз с эти выступающие части.
Углы закрыты лишь на одной шахте, а их по периметру ПЯТЬ!!!",Благоустройство
очистите,Благоустройство
прошу убрать табличку,Благоустройство
граффити около входа в ресторан,Благоустройство
"Требуется десинсекция и дезинфекция мусоропровода, от него идёт жуткий запах. 
Согласно правилам и нормам содержания - мусоропровод должен быть подвержен обработке один раз в месяц, а этого не происходит. 
Адрес: Искровский проспект, д. 3, корп. 2, лит. Д (парадная 6)",Санитарное состояние
Дорога и тротуарв песке. Необходимо отмыть.,Благоустройство
Уборка подъезда не выполняется.,Содержание МКД
Систематическое не соблюдение графика уборки парадной!,Содержание МКД
Листья мусор песок,Благоустройство
Надписи на стене.,Благоустройство
Просьба стереть надписи. Спасибо,Состояние рекламных или информационных конструкций
рисунки на остановке,Благоустройство
Не убрано возле контейнерной площадки.,Благоустройство
"Весь лифт в графити и наклейках!
В ответ прошу прислать общий план лифта,где видны все стены!",Содержание МКД
"Размещение кондиционеров на фасаде здания запрещено. 

ООО ""Жилкомсервис №3"" обязано проверять согласование КГА на установку дополнительного оборудования, следить за недопущением незаконного размещения кондиционеров, антенн и прочего оборудования на стенах, на крыше, внутри дома.  

Несмотря на неоднократные обращения Администрации Центрального Района и Жилищной Инспекции к ООО ""Жилкомсервис №3"" в 2020 году, самовольно размещенное оборудование на фасаде не демонтировано до сих пор. 

Кондиционер на уровне 5-го этажа (над входом в парадную №1) уродует фасад дома 1912 года постройки. 

Необходимо принять меры.",Нарушение правил пользования общим имуществом
Ненадлежащие состояние элементов детской игровой площадки.,Благоустройство
Надписи на знаке.,Благоустройство
Требуется уборка территории от снега,Благоустройство
Ночью с 22 на 23 декабря был отключен стояк холодной воды на кухне.,Водоснабжение
перегорела лампочка на первом этаже у лифта. 3-я лестница,Содержание МКД
Ямы на дороге.,Благоустройство
"Лестница шестой парадной в доме по адресу Двинская 16 к 1 лит А находится в ужасном состоянии!
Ступени в подъезд - просто крошатся! Цемент отлетает кусками, металлический каркас торчит, создавая опасность при подъеме и спуске. Не говоря уже об эстетической составляющей.
 В нашем подъезде живут старые люди. При спуске и подъеме по голым арматурам они могут покалечиться. Я уже не говорю о состоянии подъема для колясок.
Прикрепляю фото парадной. И фото лестницы.",Благоустройство
"Поврежденная водосточная труба. Фотофиксация- 28.02.2021г., 14:25.",Кровля
Глубокая яма в асфальте,Повреждения или неисправность элементов уличной инфраструктуры
Хранение личных вещей на лестнице,Содержание МКД
Незаконная рекламная конструкция,Незаконная информационная и (или) рекламная конструкция
"Прошу убрать мусор с крыши девого гаража, который подлежит сносу согласно обращению https://gorod.gov.spb.ru/problems/957992/",Благоустройство
"В нашем доме в первой парадной неисправен домофон, вышло из строя общее оборудование. Общение с управляющей компанией Сити Сервис результата не дали. Выяснилось что в парадных нашего дома установлены домофоны разных компаний. Куда обращаться жильцы не знают. Просьба устранить проблему.",Содержание МКД
"Перестали проводить влажную уборку парадной, как минимум пол года ее не было, раз в месяц а то в два подметут на сухую и все.",Содержание МКД
надписи на стене,Благоустройство
незаконная решетка на фасаде с признаками вандализма.,Нарушение правил пользования общим имуществом
"Мусор вдоль улицы Русановская, напротив 19к1",Благоустройство
Тараканы в подъезде 5. На лестничной площадке,Санитарное состояние
снег на дороге,Благоустройство
Требуется проверить законность размещения выделенной рекламной (информационной) конструкции на здании.,Незаконная информационная и (или) рекламная конструкция
Украдены петли окна на 14 этаже(лифтовой холл). Сильный сквозняк.,Содержание МКД
В подъезде не убирались с нового года,Содержание МКД
"Прошу оборудовать съезд с дорожки для обеспечения доступности объекта маломобильными группами населения
Примеры простого и быстрого решения представлены в сообщениях проблем №№ 2332944, 2412690, 2482219 и 2482225.",Благоустройство
"Трактор откидывает снег в сторону, дальше снег не убирается.",Благоустройство
ямы в асфальте на местах для парковки,Благоустройство
незаконная реклама так и стоит,Незаконная информационная и (или) рекламная конструкция
Завалили отвалом проезд! Снег не убирают! Прошу сделать уборку!,Благоустройство
Песок и мусор на тратуаре,Благоустройство
Мешки с мусором на газоне,Благоустройство
починить фонарь,Благоустройство
"В парадной номер 1,2,3,4,5,6,7,8 расклеены наклейки сомнительного содержания в лифтах, на этажах. Граффити в парадных. После многочисленных обращений в ЖСК никаких действий предпринято не было. Не производиться дезинфицирующая обработка в парадных.",Содержание МКД
Многочисленные надписи на фасаде здания (южная сторона).,Благоустройство
Сосули,Кровля
Сугробы на проезжей части.,Благоустройство
"Рекламные конструкции, перегораживающие тротуар. А также звуковая реклама.",Незаконная информационная и (или) рекламная конструкция
Мусор на газоне,Благоустройство
"НА 10 этаже во 2 парадной на переходном балконе на потолке свисают куски цемента, Требую произвести демонтаж отваливающихся кусков для предотвращения  нарушения безопасности граждан",Содержание МКД
"Прошу ПОВТОРНО установить по адресу пр. Культуры дом 15 корпус 1 (в доль улицы) малые архитектурные форм-полусферы или забор для ограждения газона и предотвращения парковки транспортных средств на нем. В месте с тем мне по этой проблеме выслали ответ в котором не указанно будет ли установлен забор на данном участке(отсутствует  8-10 метров забора), сообщили что местной администрацией будет усилен ""контроль"" . Прошу УСТАНОВИТЬ  забор!",Благоустройство
Требуется установить на место или заменить поручни пвх на перилах. На лестнице.,Содержание МКД
несанкционированная торговля,"Незаконная реализация товаров с торгового оборудования (прилавок, ящик, с земли)"
Неубраннный пакет лежит за автомобилями на протяжениии 10 дней,Благоустройство
"5-ая парадная в пассажирском лифте не работает кнопка 2-ого этажа, соответственно, отсутствует возможность попасть на 2-ой этаж на этом лифте",Содержание МКД
Очистить,Благоустройство
"Стоят ограничители на въезд во двор
Стоят ограничители на въезд во двор, после прошлого ответа пришел на место и там стоят все те же ограничители.

Судя по всему исполнитель их просто снял, сфотографировал  и поставил обратно как было.",Благоустройство
"Мусор на внутридворовой территории ул.Ткачей,48.",Благоустройство
"Отсутствует уборка на этажах, очень грязные полы!",Содержание МКД
Прошу постелить напольную плитку,Содержание МКД
объявление на дереве,Благоустройство
листва,Благоустройство
"На пересечени  улиц Красноборской и Шумской, территория Новая Ижора, Пушкинского района, на тротуаре куча снега высотой около 3 метров. Снег не вывозится. Фото сделано не в период снегопада, днем.",Благоустройство
Мусор на детской площадке.,Благоустройство
"Я жилец этого дома. 21 марта 2021 года, ориентировочно в 14-00 шел к парадной 6 с пятилетним ребёнком с прогулки. Рядом шла семья с двойней возраста двух лет в коляске.  Когда мы подходили к дому сверху дома раздался шум и вниз упал камень (кусок дома) в нескольких сантиметрах от нас. Если бы мы шли немного ближе или кусок дома отлетел немного дальше он бы упал на нас. С такой высоты удар камнем такого размера - смерть - любому, малышам тем более. От данного дома с фасада и крыши регулярно отваливаются куски, но впервые столкнулся с тем что это могло привести к смерти детей которые просто находились рядом с домом, даже не у стены!",Фасад
"свалка мусора постоянно выбрасывают крупный мусор , обращаюсь не первый раз .",Благоустройство
"Хранение вещей на лестничной площадке.
Второй этаж.",Содержание МКД
"необходимо убрать мусор, песок, отсев с проезда вдоль дома Гражданский, 25, корп. 2",Благоустройство
"Мусор (опавшая , неубранная листва) на внутриквартальной территории, на газоне по периметру МКД.",Благоустройство
плесень на стене (подъезд 3),Содержание МКД
Крупногабаритный мусор от временного сооружения на газоне вдоль Дунайского проспекта между домами 38 и 36,Благоустройство
Огромное количество мусора. Огромное просьба АО «ГК «ОМЕГА»  мусор в глубь посадки не выкидывайте.,Благоустройство
"Граффити в лифте, необходимо обновить информацию в лифте, 8 парадная",Содержание МКД
Мерцает лампочка. Работает еле-кле,Содержание МКД
Аварийная яма на проезде у АЗС Лукойл,Благоустройство
Мусор во дворе.,Благоустройство
Провод  оборван,Благоустройство
Надписи на стене между 4 и 5 этажами в парадной 2 (кв. 9 – 16).,Содержание МКД
Не убран снег на дорогах,Благоустройство
график не соблюдается.,Содержание МКД
мусор,Благоустройство
плохо прокрашена плитка вокруг мусоропровода и испачкана серым соседняя стена на 10 этаже,Содержание МКД
Опасное дерево на ул. Михайловская напротив дома 3.,Благоустройство
"По адресу Суворовский пр., д.13, там где кв.25, парадная между магазинами Лакомка и Золотая рыбка, находится в неподобающем санитарном состоянии.
Прошу принять меры.",Содержание МКД
песок вдоль дороги,Благоустройство
"У входа во вторую парадную (под арку направо) неисправна лампочка (фото снято после 21:00).
Также неисправна лампочка в арке (слева ближе ко двору дома).
Прошу срочно их починить/заменить.",Содержание МКД
"На 12 этаже лестницы запасного выхода валяется оторванное с 18 этажа покрытие перил, требующее восстановления.
На 19- 20 этаже лестницы запасного выхода разбит кожух светильника.",Содержание МКД
"г.Санкт-Петербург, Шувалово, Софийская улица, дом 26-28, литера А,
повреждение дорожного покрытия проезжей части",Благоустройство
"Ранее сообщала о том, что разбросаны стёкла возле песочницы, что сделали уборщики сгребли стёкла и бытовой мусор В песочницу!!!! Это как называется!!!??? 
Теперь прошу полностью поменять песок в песочнице!",Благоустройство
Просьба закрасить,Благоустройство
прошу убрать пакет мусорный и под кустом бутылки,Благоустройство
Необходимо демонтировать незаконную рекламную конструкцию,Незаконная информационная и (или) рекламная конструкция
"2 эт. МОП, грязный пол.",Содержание МКД
"На 4 этаже, в общем коридоре, старым диваном заблокировано единственное окно, невозможно проветрить коридор при эпидемии COVID 19 и обработать пол антисептическими средствами.В коридоре стоят шкафы и полки со старыми книгами, антресоли забиты старыми вещами.В помещении мусоропровода курят и окурки бросают вокруг мусоропровода и в оконные рамы.Все это создает пожароопасную ситуацию.Прошу разобраться.",Содержание МКД
Надписи на стенде.,Состояние рекламных или информационных конструкций
после зимы дорожное покрытие испортилось,Благоустройство
"Грязный пол, стены и кнопки в лифте. Требуется замена напольного покрытия.",Содержание МКД
Лужа на пешеходном переходе,Благоустройство
"Первая парадная. Мусор и грязь. В парадной идёт ремонт. Более недели на полу лежит содранная штукатурка, краска, инвентарь. Просьба хоть один раз протереть пол.",Содержание МКД
Отсутствие сухой и влажной уборки в подъезде,Содержание МКД
"На фасаде не работают светильники. 
Просьба наладить работу светильников. Как вариант наладить работу только тех светильников, которые не находятся рядом с окнами квартир. А остальные демонтировать.",Содержание МКД
"Труба уходит вниз вместе с бордюром. Забивается быстро, садик затапливало в прошлом году. Необходим ремонт.",Благоустройство
рисунки на остановке,Благоустройство
мусор песок,Благоустройство
Требуется очистить дорогу от грязного снега вдоль Дома 115/1,Благоустройство
Просьба стереть надписи.Спасибо,Благоустройство
"Несанкционированные объявления 
XXXXXXXX
 на опоре освещения",Благоустройство
"Добрый день! 

По адресу Гаванская 11/16 подъезд 6 не производится уборка подъезда, приходится постоянно писать в ЖЕК. Сегодня 12 ноября, пока ни разу за месяц в подъезде не убирали, проблема систематическая, качество уборки оставляет желать лучшего, в те разы, когда ее проводят. 

Ранее обращалась: 
1. Напрямую в ЖЕК 
2. К мастеру на участке
3. По телефону, принимающие заявки от жителей",Содержание МКД
"Ямы на асфальте. Сфотографировано обслуживающей организацией, которая заделала лишь часть ям на асфальте, а остальные проигнорировала.",Благоустройство
Прошу закрасить граффити на зеленом гараже.,Благоустройство
Наклейки на знаке.,Благоустройство
Не стабильное давление холодной воды. Может привести к травме.,Водоснабжение
гора мусора не убрана,Благоустройство
График до сих пор за октябрь. Режим уборки не соблюдается.,Содержание МКД
прошу убрать рекламу,Благоустройство
Несанкционированные объявления на опоре освещения,Благоустройство
мусор по всей внутридомовой территории из-за мусорного бака во дворе,Благоустройство
"Нет стекла в окне 2 этаж
9 парадная
Бабушкина 135",Содержание МКД
"уберите снег до асфальта
Песок не надо сыпать",Благоустройство
Неубранный снег.,Благоустройство
Граффити в подземном переходе,Благоустройство
"Информационное табло слева (железная конструкция) сильно деформирована - погнута. 
Требуется заменить конструкцию на новую. 

Фотофиксация от 02.11.прилагается.",Благоустройство
Необходим ремонт,Фасад
У первой парадной  мусор. Просьба привести в порядок участок у парадной.,Благоустройство
Не работает освещение в подъезде. шайба 1. Прибор освещения без лампы и плафона.,Содержание МКД
"Господа!

Необходимо почистить лифт от надписей.",Содержание МКД
"роллеты
приложено актуальное фото",Нарушение правил пользования общим имуществом
"При ответе на звонок в квартиру 
XXXX
, дверь не отпирается. Парадная 16",Содержание МКД
"24.03.2021, 12:04
Комитет по печати и взаимодействию со средствами массовой отчитался № 2914673 о принудительном сносе незаконной рекламы.
 Однако незаконная конструкция вновь установлена на земле Санкт-Петербурга владельцем пекарни.",Незаконная информационная и (или) рекламная конструкция
Реклама на знаке.,Благоустройство
"Седова 162, подъезд 4.Протечка канализации. 24 февраля обращалась в УК. До сих пор засор не устранили. Вонь, словами не передать. Кто-нибудь может ответить за это? Вроде ремонтировали в прошлом году. Видимо так отремонтировали, что снова прорвало. Просьба ускорить устранение. Спасибо.",Водоотведение
объявление,Благоустройство
Граффити на здании.,Благоустройство
проверить рекламную конструкцию,Незаконная информационная и (или) рекламная конструкция
Не проводится уборка у мусоропровода и на этаже. Требуеся влажная уборка.,Содержание МКД
Несанкционированные объявления на опоре освещения,Благоустройство
"Согласно ГОСТам на детской площадке нет ударопоглащающего покрытия, выступающие концы болтовых соединений не защищены, острые углы железа, большие расстояния между ступенями, коррозия на всех элементах площадки, закрашено новым слоем краски старые шелушащиеся и отслаивающиеся слои, ботов у горок нет, ступеньки игровых конструкций не покрыты прорезиненным материалом, качели с жестким подвесом (с 2013г запрещены), спинок у качелей нет. 
Для детей до 3 лет ничего нет.",Благоустройство
Мусор на газоне,Благоустройство
"Низкая температура горячей воды в кране. Не всё время, но практически каждый день поздней ночью, в выходные почти весь день, в рабочие дни днём из крана горячей воды течёт чуть тёплая вода. Горячая вода бывает, но очень редко. Если держать кран открытым минут 20, то вода постепенно теплеет, но не всегда. Ночью иногда теплеет спустя 30 минут.",Водоснабжение
Свастика в арке дома 19/3 по улице Ростовской (арка у магазина Верный),Благоустройство
Хранение вещей на лестничной площадке парадной(парадная в доме одна).,Содержание МКД
Надписи на входной двери,Благоустройство
Со стороны Колпинской улицы не работает домофон калитки,Содержание МКД
Прошу проверить законность установки,Незаконная информационная и (или) рекламная конструкция
Прошу убрать бытовой мусор,Благоустройство
"Авиаконструкторов 6. Первая парадная со стороны детской площадки. Перед парадной асфальт кривой, в трещинах, изменил цвет, стоит вода при дожде. Просьба заменить асфальт.",Благоустройство
несанкционированные объявления на электрощите,Благоустройство
"Ограждение газона сначала обрывается, а далее вообще отсутствует.",Благоустройство
"на 15 этаже отсутствует холодная вода в трубе на кухне, уже  четвертый день. обращаясь  в службу 6040000 , заявок нет , иногда идёт горячая вода которая попадает через смеситель из других квартир ниже или выше этажами, труба на ощупь теплая не холодная как в туалете",Водоснабжение
"Незаконная реклама.
На этом месте я проезжаю каждый день. В ноябре как Вы пишете эту рекламу сняли на 2 дня, на третий день ее опять повесили даже с подсветкой, и по сегодняшный день она все еще висит. И сколько это будет продолжаться?
Их надо наказать за это.",Незаконная информационная и (или) рекламная конструкция
Незаконные полусферы,Благоустройство
граффити на стене в проходной больницы,Благоустройство
"В нашем доме по адресу: пр. Науки 12 к 1 в подъезде №3, окна в подъезде  не закрываются, со второго по пятый этаж. В принципе, нет ни одной щеколды чтобы закрыть окна.
Весной был сделан ремонт в подъезде, уже через месяц после этого, штукатурка на стенах вспучилась.
Фото прилагаются.",Содержание МКД
Убрать стекло на 9-м этаже за лифтом.,Содержание МКД
"Постоянно мусорные площадки в мусоре!!!!Хватит ставить огромные мусорные ящики,появляются крысы!!!",Содержание МКД
"Провал асфальтового покрытия на 15 см, с полостью",Благоустройство
"Незаконные объявления/надписи на опорах. 
Просьба очистить. 
Координаты 59.905388, 30.476444 и 59.905163, 30.476851.",Благоустройство
"На первом этаже в 4 парадной  на кнопке вызова лифта нет светового обозначения, что лифт вызван.",Содержание МКД
Необходим ремонт крыльца,Благоустройство
"6 подъезд. Плохо работает магнит домофона, не закрывается сама дверь",Содержание МКД
"На регулярной основе облицовочные плиты фасада и гранит цоколя закрашиваются слоями различного цвета краски. Прошу очистить, привести в нормативное состояние.


Статья 19 Закона «Об административных правонарушениях в Санкт-Петербурге» № 273-70 от 12.05.2010 г. предусматривает ответственность за окраску фасада, облицованного естественным или искусственным камнем",Фасад
"Мусор на проезжей части, грязь на покрытии, разметки не видно",Благоустройство
надписи в арках и воротах,Благоустройство
Большая лужа на пешеходной дорожке от ул.Верности к ж/к Академ-парк.,Благоустройство
заменить проржавевший и оторванный отлив над парадной,Кровля
"Неудовлетворительное состояние парадной , 26 этаж не убирают  больше недели!",Содержание МКД
требую отремонтировать почтовые ящики,Содержание МКД
Сломана качелька,Благоустройство
"Деревья и кустарники имеют неухоженный вид. Кронация деревьев выполнены не в полном об’еме, частично.",Благоустройство
"В проезжей части просел люк.
Требуется устранить просадку, произвести регулировку уровня колодца, качественно отремонтировать асфальтовое покрытие.

Фотофиксация от 21.03.прилагается.",Повреждения или неисправность элементов уличной инфраструктуры
утилизировать мелкий мусор,Благоустройство
"Требуется привести фасад здания в надлежащее состояние, а именно:
1) Качественно удалить все несанкционированные рекламные объявления, не оставляя следов;
2) Закрасить несанкционированные надписи, не оставляя следов (роллеты). 

Фотофиксация от 20.12.прилагается",Благоустройство
надписи,Состояние рекламных или информационных конструкций
"двор не убирается,подходы к подъездам завалены снегом",Благоустройство
"Отсутствует доводчик двери ведущей к мусоропроводу, 4 парадная, 10 этаж",Содержание МКД
"Повреждён тротуар, бордюрные камни просили,￼",Благоустройство
"Маршала Жукова 22, 14 этаж.

Больше 2-х недель хранятся вещи и мебель на лестничной площадке.",Содержание МКД
"И снова мусор, свалка картона.",Благоустройство
Рекламные листовки на опоре дорожного знака,Благоустройство
"Искровский пр д 3, к 2, 3 парадная. В кабине большого лифта не работает дисплей и звуковое сопровождение, что очень важно для пожилых людей. Необходимо оперативно починить.
В акте приложенном к ответу указана парадная №8. В парадной №3 в кабине большого лифта так и  не работает дисплей и звуковое сопровождение, что очень важно для пожилых людей. Необходимо оперативно починить.",Содержание МКД
Отсутствует адресная вывеска с названием улицы и номером дома.,Фасад
вечная лужа о,Благоустройство
"Малый пр. д. 72, квартиры № 1-10

график уборки висит до сих пор за декабрь
последний раз подметали в конце декабря
в январе не было вообще никакой уборки в подъезде.
очень грязный пол и лестницы на всех этажах
также грязная кабина лифта
требуется подмести и вымыть
фото прилагаю",Содержание МКД
"Ук снег не убирает, посыпки нет.",Благоустройство
Необходимо очистить улицу от нелегальной торговли с выносных столов,"Незаконная реализация товаров с торгового оборудования (прилавок, ящик, с земли)"
"Отсутсвие освещения в парадной, прошу отремонтировать светильник",Содержание МКД
"Очистить дорожные знаки, со всех сторон от рекламы, не оставляя следов бумаги и клея.",Благоустройство
Яма на дороге,Благоустройство
Кондиционер,Нарушение правил пользования общим имуществом
Прошу восстановить освещение,Благоустройство
"Тротуар на колпинском шоссе от остановки (ул. Полоцкая) к пешеходному переходу представляет из себя грязевую жижу, ходить по такому невозможно",Благоустройство
Просьба отремонтировать ливневую канализацию,Благоустройство
"Асфальт потрескался, ямы появились. Нужно положить новый.",Благоустройство
Необходим ремонт,Фасад
19.03.2021 в 9 утра был обнаружен испорченый лифт на 16 этаже в первом подъезде. В лифте стоит камера. Прошу помочь разобраться кто испортил и посодействовать в ремонте. 18.03.21 в 22:30 все было исправно.,Содержание МКД
"ямы на дороге, необходимо отремонтировать",Благоустройство
Неисправное освещение в подьезде №1 III этаж,Содержание МКД
Много неубранного мусора,Благоустройство
"Карниз над входной дверью во второй подъезд находится в состоянии разрушения, выпадают штукатурка и кирпичи.",Фасад
"Не соблюдается график уборки лестницы, не производится влажное подметание выше/ниже второго этажа и мойка лестницы согласно графика.",Содержание МКД
Разбросаны фрагменты автомобиля,Благоустройство
"полностью сгнили отливы.
необходимо восстановление",Кровля
очистите,Благоустройство
"Требуется произвести работы по качественной закраске несанкционированных надписей на фасаде здания, не оставляя следов и не создавая пятен. 

Фотофиксация от 20.10.прилагается.",Благоустройство
"большая и глубокая лужа на парковке (отмечена на фото)
просьба устранить препятствие и источник грязи пути транспорта и пешеходов",Благоустройство
Объявления,Благоустройство
Прошу убрать мусор,Благоустройство
мусор на Бутлерова вдоль всей проезжей части,Благоустройство
"Необходима дезинсекция подвала от блох после проведенной дератизации. Проживаем на 1 этаже, блохи полезли в квартиру! Прошу подтвердить фотоматериалами и предоставить все необходимые документы о проведенной дезинсекции. 8 парадная.",Санитарное состояние
Незаконная рекламная конструкция,Незаконная информационная и (или) рекламная конструкция
Мусор выносится крайне не регулярно,Благоустройство
"Незаконные надписи/объявления на павильоне. 
Просьба очистить. 
Координаты 60.053132, 30.330188",Благоустройство
Граффити. Просьба устранить,Благоустройство
со стороны Кирочной разрушилась штукатурная тяга,Фасад
Заменить старые деревянные двери при выходе на черную лестницу на новые из негорючих материалов в соответствии с требованиями пожарной безопасности как это было сделано в соседнем доме.,Содержание МКД
Надписи на фасаде дома,Благоустройство
"За гаражами находится мусор старый вазон, надо вывести.
Отклонено",Благоустройство
Надписи на стене.,Благоустройство
необходимо разровнять улицу,Благоустройство
Комендантский 42/1,Нарушение правил пользования общим имуществом
Решетка,Нарушение правил пользования общим имуществом
"Здравствуйте, прошу убрать наледь на остановочном пункте общественного транспорта ""Советский проспект, дом 43"" в сторону пос. Металлостроя. Остановка находится в Нквском районе, территория Усть-Славянка. Заранее благодарю.",Благоустройство
Проржавела конструкция шкафа,Благоустройство
очистите о о,Благоустройство
быт.мусор,Благоустройство
Много мусора по всей территории. Не убирается вообще.,Благоустройство
"Добрый день! 
По адресу улица Будапештская дом 26 на газоне паркуются автомобили, просьба установить ограждение газона.",Благоустройство
"Повреждена кровля из-за наледи на крыше. Протекает потолок в квартире 
XX
, лестница номер 3.",Кровля
Проверить законность размещения кондиционера,Нарушение правил пользования общим имуществом
"Наблюдается небольшая просадка люка между остановками. 
Просьба восстановить в уровень с покрытием тротуара.",Повреждения или неисправность элементов уличной инфраструктуры
Надписи на стенде.,Состояние рекламных или информационных конструкций
очистите о о,Благоустройство
"Мусор на придомовой территории после выполнения строительных работ.
Мусор на придомовой территории после выполнения строительных работ.

На фотофиксации мусор!

Уважаемые модераторы! Неужели вы не видите что присланная фотофиксация показывает что мусор никуда не убран? На присланной исполнителем фотографии на тротуаре справа и слева от дороги как лежал так и лежит строительный мусор, бревно и автомобильная покрышка!
Мусор на придомовой территории после выполнения строительных работ.

На фотофиксации мусор!

Уважаемые модераторы! Неужели вы не видите что присланная фотофиксация показывает что мусор никуда не убран? На присланной исполнителем фотографии на тротуаре справа и слева от дороги как лежал так и лежит строительный мусор, бревно и автомобильная покрышка!

Уважаемые модераторы, повторно: на фотофиксации от 19.04.2021 строительный мусор! Исполнитель отчитывается по выполненным работам фотографиями на которых мусор не убран!!!",Благоустройство
"Несанкционированные надписи / объявления на сооружениях (в т.ч. заборах, гаражах, торговых павильонах)",Благоустройство
Захламление помещения колясочной. Посторонним вещами. Парадная 5.,Содержание МКД
"Требуется произвести работы по качественной очистке рекламной конструкции от несанкционированных рекламных объявлений, не оставляя следов. 

Фотофиксация от 25.10.прилагается.",Состояние рекламных или информационных конструкций
"На площадке между 1 и 2 этажами в 4 парадной в стене под окном дыра, всё засыпано штукатуркой с прошлой недели",Содержание МКД
Надписи на двери на черной лестнице на 17 этаже в 4 подъезде.,Содержание МКД
Мусор на газонах,Благоустройство
Незаконная реклама,Благоустройство
"Добрый день, парадная 10 находится в неудовлетворительном состоянии, необходима уборка всего подъезда, особое внимание хотелось бы обратить на мусор перед входной дверью (фото 1) и мусор на лестничной клетке между 3 и 4 этажами (фото 2), а также на 5 этаже лестничной клетки (фото 3)",Содержание МКД
"Несанкционированные надписи на сооружении.

Согласно ст. 37_1 Закона Санкт-Петербурга от 12 мая 2010 года № 273-70 ""Об административных правонарушениях в Санкт-Петербурге"": ""Самовольное нанесение надписей и рисунков, вывешивание, установка и расклеивание объявлений ... в не установленных для этого местах влекут наложение административного штрафа на граждан в размере от трех тысяч до пяти тысяч рублей; на должностных лиц - от тридцати тысяч до пятидесяти тысяч рублей; на юридических лиц - от семидесяти тысяч до ста тысяч рублей"" (в редакции, введенной в действие с 19 мая 2019 года Законом Санкт-Петербурга от 7 мая 2019 года N 217-51).

Администрация Невского района и Комитет по вопросам законности, правопорядка и безопасности уполномочены привлекать нарушителей к административной ответственности (см. статьи 48 и 51 Закона СПб № 273-70).",Благоустройство
"Отсутствует энергосберегающее освещение на лестничном марше 14 этажа! Очень темно на лестнице, можно сломать ногу!",Содержание МКД
Сильное повреждение асфальтового покрытия провал грунта у люка,Повреждения или неисправность элементов уличной инфраструктуры
На 14 этаже на лестнице повреждена стена в парадной № 3.,Содержание МКД
графити с торца дома,Благоустройство
камера видеонаблюдения в лифте в 3 парадной разбита,Содержание МКД
Разрушен асфальт вдоль бордюра,Благоустройство
"Старые металлические конструкции, надо убрать, чтобы из земли ничего не торчало.",Благоустройство
отсутствует защитная решетка потолочная 19 этаж 3 парадная,Содержание МКД
мусор на газоне,Благоустройство
1000 и 1 окурок на газоне напротив входа в магазин,Благоустройство
"на дороге не убран снег, мешает нормальному проезду машин",Благоустройство
Не убраны территория возле дома.,Благоустройство
Надписи на стене.,Благоустройство
снег на дороге,Благоустройство
почините щит о,Благоустройство
песок,Благоустройство
Мусор на придомовой территории,Благоустройство
"В подвале (бывшая дворницкая) протекает канализационная фановая труба (запах фекалий, плеск воды). Запах просачивается в квартиру 
XX
 (второй этаж). После телефонных обращения в управляющую компанию результат был кратковременный (плеск воды прекращался на 1-2 дня).",Водоотведение
"Сломанные ветки, прошлогодняя листва на газонах на газонах у домов.",Благоустройство
Необходим ремонт гаража,Благоустройство
Антенна,Нарушение правил пользования общим имуществом
Просьба проверить законность размещения рекламной вывески. В случае незаконности провести демонтаж с фасада жилого дома.,Незаконная информационная и (или) рекламная конструкция
Остатки металлических оснований в газоне.,Благоустройство
незаконная решетка на фасаде.,Нарушение правил пользования общим имуществом
незаконная реклама,Незаконная информационная и (или) рекламная конструкция
Проводится ремонт в парадной ул.Доблести д.24 кор.1  первая парадная,Содержание МКД
Объявления на опоре освещения.,Благоустройство
неудовлетворительное состояние асфальтового покрытия,Благоустройство
"По-прежнему не удовлетворительное состояние контейнерной площадки! Грязь, антисанитария! страшно проходить мимо.
А отчитались, что все убрано.",Содержание МКД
Снег на дороге.,Благоустройство
"Парадная #3. 1-й этаж. Грубейшее нарушение противопожарной безопасности : выломаны и брошены рядом дверцы противопожарного шкафа. Противопожарная безопасность жильцов по угрозой, УК ""Красносельский Квартал"", несмотря на данное грубейшее противопожарное  нарушение, продолжает бездействовать.",Содержание МКД
"надписи, 1 парадная",Благоустройство
"У дома по адресу: ВО, ул. Кораблестроителей, д. 23, корп. 1 есть зеленый участок, на котором всегда много мусора (участок расположен между указанным домом и остановкой общественного транспорта ""Новосмоленская набережная""). Там либо не убирают, либо убирают очень редко. Знаю, что уже подавалась подобная жалоба, но при отсутствии регулярной уборки проблема остается по сути нерешенной.",Благоустройство
"демонтировать громкоговоритель (колонку), которая спрятана под маркизой, целый день играет раздражающая музыка",Нарушение правил пользования общим имуществом
"добрый день. в нашем доме по адресу дальневосточный проспект 33, корпус 1, строение 1, предусмотрен некий график уборки мопов 2 раза в месяц. мы живём в климате, где постоянно осадки и грязь, уборка 2 раза в месяц на мой взгляд как минимум недостаточно. каждый день мы ходим по грязным мопам, грязь просто хрустит под ногами, живём как в свинарнике!
в управляющую компанию было написано заявление уже ни одно, с просьбой мыть в мопах. но ответ был отрицательный (скрин прилагаю). при этом за содержание дома мы платим не малые деньги. прошу оказать содействие и/или привлечь к ответственности за ненадлежащее содержание дома (в грязи). благодарю!",Содержание МКД
Ямы на дороге.,Благоустройство
Не горит,Благоустройство
"В 9 парадной грузовой лифт дрожит и трясется  особенно сильно при подъеме проезжая 7 этаж и на подъезде к 12.
Подскажите куда я могу прикрепить видеоподтверждение?
Лифт натурально трясёт в районе указанных мной этажей. Он не находится в технически исправном состоянии.",Содержание МКД
не очищен снег на детской площадке,Благоустройство
"Парадная 3, 9этаж. При выходе из лифта с правой стороны очень опасно деформирована железная  обшивка.",Содержание МКД
Надписи на сооружении,Благоустройство
Надписи. Просьба убрать,Благоустройство
"3 парадная 7 этаж,приквартирный холл,сломана входная ручка.",Содержание МКД
"Упал строительный, временный забор. Со стройки летит строительный мусор,",Благоустройство
Очистить,Благоустройство
"При уборке с пешеходных дорожек и проезжей части во дворах придомовой территорий по адресу ул. Чайковского д. 2/7 смесь снега с мусором и противогололедными материалами складируется на газонах и в зоне зеленых насаждений (см. прилагаемые фото 01 - 02). Вывоз складируемой смеси не производится. В отдельных местах на газонах и в зоне зеленых насаждений размеры таких валов превышают по ширине и высоте отметки в 1 м (см. прилагаемые фото 03 - 04). В результате таяния подобных валов на газонах и в зоне зеленых насаждений остается мусор и песок (см. прилагаемые фото 05), а растворимые противогололедные материалы в виде раствора впитываются в землю.",Благоустройство
граффити на стене здания,Благоустройство
"Граффити на подоконниках между 1, 2 и 3 этажами в 1 парадной по адресу ул.Маршала Казакова, д.1, корпус 2",Содержание МКД
На газоне стоит деревянный ящик. Прошу утилизировать.,Благоустройство
Свалка мусора (автомобильные шины),Благоустройство
"Грязные стены на 6 этаже, сломан защитный плинтус скрывающие провода.",Содержание МКД
"Вчера провели уборку в подъезде, кто контролировать будет работу уборщицы, полы помыли так, что лучше бы вообще не трогали. Размазали грязь по ступенькам, лень было пол сначала подмести. А галочку об уборке поставили. Или если это 9 этаж, то жаловаться не будут. Ужасное обслуживание дома.",Содержание МКД
Прошу сделать парковку,Благоустройство
Прошу проверить законность рекламной конструкции,Незаконная информационная и (или) рекламная конструкция
Снова не убирают наш подъезд. Последняя уборка была 26.01. Графика уборки на февраль так и не повесили. Очень грязно.,Содержание МКД
"На деревьях натянута проволока, надо снять.",Благоустройство
Выброшенные покрышки на газоне.,Благоустройство
"Не убраны наледи возле водосточных труб,невозможно пройти по тротуару!!!",Благоустройство
Нарушение асфальтового покрытия,Благоустройство
Не работает светильник,Благоустройство
надписи на сооружении,Благоустройство
"Незаконная рекламная конструкция «Свадебный салон» в арке дома, Садовая 32. Многократное нарушение.",Незаконная информационная и (или) рекламная конструкция
"Незаконная бумажная реклама на дорожных знаках: вдоль проезжей части Гражданского проспекта, напротив жилого дома по адресу Гражданский пр. 29/1 в Калининском районе Санкт-Петербурга.",Благоустройство
Рекламные листовки на опорах освещения,Благоустройство
"Урна на газоне, просьба убрать. Рядом на детской площадке хватает урн.",Благоустройство
"Неудовлетворительное состояние окон от 1-го до 3-го этажа:
Часть окон не закрыта (невозможно их закрыть), на части сломана фурнитура (фото 3 и 4). 
Требуется произвести обследование окон с 1-го по 3-й этаж включительно: отремонтировать/заменить фурнитуру, где это необходимо, плотно закрыть окна. 
В подъезде сквозняки. 

Фотофиксация от 06.12.прилагается.
Господа, а в частности товарищ Пантелеев, Вам не стыдно так обманывать жильцов?
Уплотнители проложили, говорите? А где они, можно узнать? Хотя бы один!
Фото #2,3 - это Вы вот так заказали, ждали и установили фурнитуру?
На что был расчёт, что жильцы не заметят очевидного обмана и подлога?

Меня эта ситуация возмутила, и во вторник я съездил на приём к Вашему руководству (Шелгунова, 16), предоставил все материалы, в том числе вот эту справку и фото «выполненных» работ. 
Будем ждать результат от моего визита. 

Требуется привести окна в надлежащее состояние - отремонтировать, восстановить фурнитуру в полном объёме, проложить уплотнители в кратчайшие сроки! Жители ждут с 07.12.2020!
После публикации ответа я лично проверю КАЖДОЕ окно.

В качестве доказательства - прикладываю фото «сделанных» окон на фоне вот этой чудесной справки.",Содержание МКД
"Лужи на проезжей части, тротуаре на недавно асфальтированной улице.",Благоустройство
Крупногабаритный мусор на контейнерной площадке. Никогда во время не вывозят!!!,Содержание МКД
Свалка,Благоустройство
"Убрать рекламу с дорожного знака, она сбивает внимание водителя с дорожной обстановки.",Благоустройство
"Отсутствует уборка придомовой территории . Мусор, окурки",Благоустройство
реклама на опоре освещёния,Благоустройство
Не горит один плафон в отсеке на 10 этаже,Содержание МКД
На данном участке невозможно пройти после дождя из-за огромной лужи.,Благоустройство
"Температура горячей воды очень низкая.
Согласно пункта 2.4  СанПиН 2.1.4.2496-09 ""Гигиенические требования к обеспечению безопасности систем горячего водоснабжения""  температура горячей воды должна быть не ниже  60°С. В настоящее время во 2й парадной дома в утренние и дневные часы температура горячей воды ниже 20°С. Что нарушает санитарные нормы. Данный вопрос не решается больше года. Прошу решить данную проблему.",Водоснабжение
"На детской площадке сломпна ступенька, повреждено покрытие, отсутствует элемент конструкции, а именно второе кольцо",Благоустройство
"Безобразная унылая детская площадка.
Необходимо обновить и дополнить инвентарем - детским городком,  катальной горкой, ""лазалками"".
ПОДАРИТЕ ДЕТЯМ ДЕТСТВО ,
а не бетонный забор с пустой песочницей !",Благоустройство
очень глубокие лужи,Благоустройство
"поврежден защитный элемент (и огралит, и металл). 1 парадная со стороны заправки",Благоустройство
Сугроб на тротуаре.,Благоустройство
"надписи на двери в 2 парадной, необходимо отчистить",Содержание МКД
"лужа гудрона на асфальтовом покрытии дворового проезда.
просьба убрать.",Благоустройство
Многочисленные окурки,Благоустройство
реклама на доме,Благоустройство
"весь газон с кустами между парковкой и тротуаром усеян бытовым мусором, под каждым кустом валяются бутылки
не газон, а помойка
просьба организовать регулярную уборку",Благоустройство
"Очень грязный лифт, требуется генеральная уборка и мойка стен",Содержание МКД
"В пассажирском лифте (малый лифт) отсутствует зеркало, при этом крепления под зеркало остались.
Адрес: Искровский проспект, д. 3, корп. 2, лит. Д (парадная 8)",Содержание МКД
реклама наркотиков,Благоустройство
Надписи на сооружении,Благоустройство
"Герметизация стыков стеновых панелей вокруг нашей квартиры (№
XXX
не проводилась более 20 лет, квартира на последнем этаже угловая, стена торцевая мокрая, в углах постоянно появляется плесень.",Фасад
объявление на знаке,Благоустройство
"Отслоение штукатурного слоя от угла откоса. Нарушен эстетический вид . Прошу устранить за счёт застройщика ООО Главстрой СПБ СЗ так как дом находится на гарантии. 2 парадная, вход  в холл.",Содержание МКД
реклама на столбе,Благоустройство
Надписи на стене.,Благоустройство
незаконная решетка на фасаде,Нарушение правил пользования общим имуществом
"демонтировать рекламную конструкцию ""вам как всегда""",Незаконная информационная и (или) рекламная конструкция
В парадной #2 отсутствует покрытие на лестницах 2-го и третьего этажей. Фотографии приложены. Просьба устранить.,Содержание МКД
"Силами жильцов дома убрали мусор, подстригли деревья и скосили траву под окнами дома Леонтьевская 41, со стороны Новой улицы. Образовалась гора мусора. Её нужно убрать.",Благоустройство
Когда будет наведён порядок придомовой территории???кучи мусора и непонятно чего ещё!Куда уходят наши налоги???,Благоустройство
"неухоженный вид деревьев и кустарников.
нужно убрать пень
пень не убран",Благоустройство
"Очистить дорожный знак от самоклея, без остатка следов.",Благоустройство
"в подъезде #4 между 4 этажом и чердаком грязно,мусор!!!
Уборка не проводилась!!!!!!
На фото от ""ЖИЛКОМСЕРВИС №2 не подъезд #4.
Прошу принять меры!",Содержание МКД
Очистить,Благоустройство
"Надписи на жалюзи. Фотофиксация- 25.01.2021г., 21:24.",Благоустройство
Необходимо очистить урну от мусора,Благоустройство
"Реклама
XXXXXXXXXX
 по адресу Пушкарский переулок, дом5 . Уже неделю и никто ее не закрашивает.",Благоустройство
"Стачек 10, 1 подъезд.

Подъезд не убирается. Также нет дез. обработки для профилактики распространения Covid-19",Содержание МКД
Ямы во дворе 6к1 по ул. Шахматова.,Благоустройство
"проблема не решилась. фото фейк.
может быть мы начнем внимательно рассматривать проблемы?",Содержание МКД
Привести в должный вид провода пущенные по стене.   3.5 этаж,Содержание МКД
"2 подъезд он же средний , опять не работает лифт,
XX XXXXXXX XXXX XXXXXXX XXXXX XXXX",Содержание МКД
снег на дороге,Благоустройство
"Не убран снег. Регулярно не чистится улица, детям в сад нормально не пройти.
Брать нужно всю улицу.",Благоустройство
Мусор на газоне перед домом.,Благоустройство
вечная лужа о,Благоустройство
после пешеходного пешехода у скамейки давно уже наблюдается просадка грунта,Благоустройство
Реклама на ограждениях,Благоустройство
"Обвал штукатурного слоя, кирпичной кладки и нарушение окраски фасада. Тщательно устранить.",Фасад
Несанкционированные надписи,Благоустройство
у подъезд номер 4 требуется срочный ремонт асфальтного покрытия. так как есть разрушение.,Благоустройство
Пыль и грязь на протяжении всего кармана по богатырскому,Благоустройство
Реклама на остановке.,Благоустройство
Стены в парадной в неудовлетворительном состоянии на всех этажах,Содержание МКД
"Неубирают листву совсем!
А квартплату присылают даже без опозданий!
На придомовом газоне не убрана листва",Благоустройство
"неисправное освещение в подъезде, 2 подъезд, 1 этаж",Содержание МКД
Неудовлетворительное состояние из информационного щитка на детской площадке,Благоустройство
"4 парадная. Доводчик не обеспечивает захлопывание двери, контакт с магнитом отсутствует",Содержание МКД
"г.Кронштадт, ул. Зосимова д.42/23, подъезд №1.    Крыльцо практически полностью разрушено, в трещинах. Ступени отходят от металлического каркаса, обломаны, из них торчит металлическая арматура. Крыльцо поросло мхом.
Площадка и ступени крыльца при выходе из подъезда находятся под большим уклоном, образуя тупой угол, относительно стена/дверь-пол. При выходе из подъезда тяжело устоять на ногах, т.к. присутствует ощущение «выкатывания»  и «тяги к земле».

Представленные  фото сделаны ноябрь-декабрь 2020г, т.к. фото в зимний период 2021г. не информативно, из-за большого покрова снега.

Крыльцо подъезда находится в ужасном состоянии на протяжении нескольких лет. УК ООО ""ЖКС КРОНШТАДТСКОГО РАЙОНА"" видя аварийное крыльцо, не принимает никаких мер по устранению и предотвращению травматизма жильцов и поддержанию состояния МКД.",Благоустройство
остатки урны,Благоустройство
Произвести санитарную чистку,Благоустройство
Листва песок на асфальте,Благоустройство
"Очистить дорожные столбы от самоклеящейся рекламы, не оставляя следов бумаги и тейпа.",Благоустройство
Надписи на заборе.,Благоустройство
"Отсутствуют светильники, лампы висят на проводах.
5 этаж",Содержание МКД
Рисунок на заборе.,Благоустройство
"В 1 парадной дома по указанному адресу в лифтах появились странные надписи. УК Парковую в лице 
XXXXXXXXX XXXXXXXXXXXX XXXXXXXXX
это не интересует. В доме установлены камеры, лица, портящие имущество собственников дома, одни и те же. Но и указанное руководство 
XXXXXXXXX X XX XXX XXX
 
XXXXXXXXXX
проблема не интересует. Предупреждаю сразу: игнорировать существующие надписи и далее не позволю. В случае непринятия обращения, следущее будет в Генпрокуратуру по факту пособничества экстремизму не только на указанных лиц, но и ответственных за выполнение этой заявки жилинспекции Калининского района.",Содержание МКД
Просьба произвести долгожданную влажную уборку в парадной №2.,Содержание МКД
Надписи на рекламной конструкции,Состояние рекламных или информационных конструкций
"Вероятно, уборка 5 парадной не производится регулярно или производится недобросовестно. Загрязнения у мусоропровода первого этажа сохраняются на протяжении недели. Подоконники засорены также долгое время.",Содержание МКД
На детской  площадке нет освещения вообще. Не одного фонаря.,Благоустройство
"Парадная не убирается, везде валяется мусор, на этажах какие то деревяшки, ведра стоят никому ненужные.",Содержание МКД
"В 4 парадной холодные батареи , не топят",Центральное отопление
не исправен замок на двери черной лестнице.Замок находится в открытом состоянии.,Содержание МКД
Надписи на стене магазина,Благоустройство
хулиганские надписи,Благоустройство
"Парадная №1
1 этаж

Разбит светильник",Содержание МКД
мусор на дороге,Благоустройство
"Санкт-Петербург, ул. Ярослава Гашека, д. 30/5, подъезд 5. Несанкционированное размещение объявлений на двери. Порча общедомового имущества МКД. Все объявления должны размещатся на информационных стендах.",Содержание МКД
грязная входная дверь,Содержание МКД
Просьба убрать граффити с роллет,Благоустройство
"Автомобили паркуются на газоне. Напротив 6 подъезда. Предлагаю установить  сферы бетонные.  Купчинская 13к1, 6 подъезд,напротив.",Благоустройство
Необходимо убрать несанкционированные надписи,Состояние рекламных или информационных конструкций
Неубранный снег на дороге,Благоустройство
"На фасаде дома, непосредственно с южного торца размещена незаконная наружная решётка (на фото выделена графически).",Нарушение правил пользования общим имуществом
"Ямы (2шт. , слева и справа, в колее колёс автомобиля) на выходе из арки д. 49. Скапливается вода в периоды дождей, таяния снега/льда. Было бы хорошо убрать их",Благоустройство
Не убирается мусор!!!,Благоустройство
"Прошу вывезти на спец стоянку разукомплектованное транспортное средство:
- отсутствует задний световой фонарь
- отсутствует запор горловины бака",Благоустройство
"Уже размещено и по-моему принято на рассмотрение. 
После удаления пня, восстановить газонное ограждения.",Благоустройство
"5 парадная 
20 этаж 
Лестница
Мусор",Содержание МКД
"Не работают 2 фонарных столба!
Второй фонарь так и не починен.",Благоустройство
"Жалоба
В результате того, что в начале обустроенной пешеходной дорожки стоит только 1 полусфера, машины беспрепятственно объезжают полусферу по газону (схематично указано на фото №1), 
заезжают на дорожку, 
и беспрепятственно выезжают между 2 полусфер в конце дорожки, т.к. те стоят слишком широко.

C целью недопущения сквозного проезда грузового транспорта через жилую зону, для разгрузки (СанПин 2.1.2.2645-10 «Требования к условиям проживания в жилых зданиях и помещениях» (пункт 3.7),
необходимо симметрично установить ещё 1 полусферу в начале дорожки (схема на фото №2) и откорректировать расположение уже установленной полусферы.
Ранее поданные обращения по данной проблеме:
https://gorod.gov.spb.ru/problems/2941189/
https://gorod.gov.spb.ru/problems/2932835/
https://gorod.gov.spb.ru/problems/2924025/",Благоустройство
"Самовольно размещена Антена в виде тарелки на фасаде дома , необходимо демонтировать .",Нарушение правил пользования общим имуществом
Нанесено граффити на подстанции. Просьба привести в надлежащее состояние,Благоустройство
Бумажные объявления на ТСОДД,Благоустройство
"Не работает табло с информацией о транспорте. 
Просьба восстановить работу табло.",Благоустройство
"До конца осени СЛЕДУЮЩЕГО (2021) года
прошу полностью, НАДЛЕЖАЩИМ образом
устранить повреждение асфальтового покрытия проезда по указанному адресу
в соответствии с ОБЯЗАТЕЛЬНЫМИ для исполнения требованиями
пункта 10.7.1.1 Правил благоустройства территории Санкт-Петербурга,
утверждённых Постановлением Правительства СПб от 09.11.2016г. №961
(далее в кавычках - цитата):
""осуществление работ по ремонту должно осуществляться в !!! ТЕКУЩЕМ !!! агротехническом периоде""
(см. прилагаемые фотографии и иллюстрации законодательства).",Благоустройство
не восстановлены отсутствующие секции ограждения газона,Благоустройство
снег не расчищен,Благоустройство
Сосульки на крыше.,Кровля
Грязь на полу квартирный холл 5 этаж,Содержание МКД
Не работает освещение над аркой во дворе. Другие фонари во дворе работают,Содержание МКД
Необходимо убрать/снять скребком ротбант с пола после ремонта с 2го по 9й этаж в 1м подъезде,Содержание МКД
Повреждена окраска,Фасад
5 лет не ремонтировался фасад здания прям в центре города на Московском проспекте 14,Фасад
гололед на дороге,Благоустройство
"Не убирается листва во дворе , у садика. Братьев Радченко 25.",Благоустройство
"Нужно подпилить бордюр, выровняв с проезжей частью",Благоустройство
повреждено газонное ограждение,Благоустройство
"Неисправно освещение в парадной 2 - на 1 этаже, 4 и 5 этажах",Содержание МКД
Просьба убрать мусор с газона. Спасибо,Благоустройство
Надписи,Состояние рекламных или информационных конструкций
Тротуар в глубоких трещинах (возле памятника ) .Прошу выполнить работы по ремонту асфальтового покрытия .Обращаю внимание что вместе ранее проведённого Ямочного ремонта асфальт вздулся (фото 3),Благоустройство
мусорные пакеты на газоне. не убирают,Благоустройство
Мусор и грязь в подьезде уже давно!Мусор лежит с 28.01.2021,Содержание МКД
Граффити,Благоустройство
надписи на стенах,Благоустройство
"9 пар расчистить от снега подходы к парадной
Подход к ч ходу 9 пар не расчищен
Снег ук згрузила к 9 пар не убрали. Перед 9 пар ч ход куча снега. Ук бюро 24 сзрузила снег перед черным ходом.",Благоустройство
Реклама на знаке.,Благоустройство
мусор на газоне в виде покрышек. нужно убрать,Благоустройство
Обвал может произойти в любой момент. Отсутствует ограждение у потенциально опасного места уже 3 месяца. Но для техника ТСЖ  Сергея Валерьевича -это не проблема,Фасад
Мусор пластиковые и вредные покрышки,Благоустройство
прошу собрать песок,Благоустройство
дорогу чистят не до конца.,Благоустройство
Демонтировать вывеску с фасада,Незаконная информационная и (или) рекламная конструкция
Мусор возле детского учреждения!!!!! 2 недели как лежит!!!,Благоустройство
"незаконная ""глухая"" решетка на фасаде в нарушении противопожарной ТБ.",Нарушение правил пользования общим имуществом
Мусор на газоне!,Благоустройство
Сломан плафон освещения,Благоустройство
"Засорился люк, плюс сверху наложили снег. в итоге вода не уходит, стоят озёра. прошу прочистить люк. прикладываю фотографии текущих гор снега на люке и расположение этого люка летом.",Благоустройство
Надписи на окнах.,Благоустройство
"раскрошился бордюрный камень.
необходимо восстановление",Благоустройство
Несоблюдение графика уборки парадной .Вход с улицы Володи Ермака 1,Содержание МКД
Не горит фонарь,Благоустройство
Повреждён асфальт вокруг люка,Повреждения или неисправность элементов уличной инфраструктуры
Необходимо произвести уборку,Благоустройство
Неисправен доводчик на входной двери парадной 18(лестница 18). Просьба устранить проблему. Очень хлопает дверь. Шумно.,Содержание МКД
Повреждения дорожного покрытия проезжей части,Благоустройство
"Несанкционированные надписи / объявления на технических средствах организации дорожного движения (светофоры, дорожные знаки)",Благоустройство
В подвале протекают трубы ЦО. Прошу устранить протечки,Центральное отопление
"Граффити на киоске с фастфудом, просьба полностью очистить от следов вандализма.",Благоустройство
Повреждение цоколя дома. Необходимо восстановить покрытие/зацементировать.,Фасад
Граффити на строении,Благоустройство
Очистить,Благоустройство
"Незаконные надписи на павильоне.
Просьба очистить.",Благоустройство
"Октябрьская набережная д.124 корпус 2 1-ая парадная, дератизация крыс не помогает! Каждый день в парадной бегают крысы, кидаются на людей (детей), крысы очень больших размеров! Прошу принять меры!",Санитарное состояние
"во 2 парадной на 8 этаже на эвакуационной лестнице в ужасном состоянии стены, граффити, обрушение штукатурного слоя. Требую восстановить",Содержание МКД
Не убран снег на тротуаре,Благоустройство
"ворота мешают парковке во дворе
ворота мешают парковке во дворе
между участком и домом 23 на схеме РГИС имеется проезд (отмечен стрелкой)",Благоустройство
"Парадная 2. Объявление на двери подъезда, а именно на домофоне компании ООО Цифрал-Сервис. Надпись ""Дом.ру"" быть там не может, это не её оборудование и у жильцов дома нет договора с этой компанией",Нарушение порядка пользования общим имуществом
"сильное разрушение асфальта, просьба отремонтировать",Благоустройство
Торчащая незакрытая труба в парадной.,Водоснабжение
Необходимо очистить дорожный знак от объявлений,Благоустройство
В парадной 7 не соблюдается график влажной уборки.,Содержание МКД
закрасить граффити на фасаде,Благоустройство
"Добрый день! Уборка парадных дома заключается в постановке крестика в графике.  Не убирают вообще!!! 1 этаж и лифт состояние ужасное. Проблема уже несколько лет. Убирают только после обращерия куда либо.
А в что приведено в надлежащее состояние? Подмели кусочек лесницы? Даже мусор (пружина, лежавшая под лесницей и горы пыли и песка) на фотоотчете ЖСК-3 лежит на том же месте. А пол настолько грязный, что рисунка уже не видно. Разве это ""надлежащее"" состояние?",Содержание МКД
парадная #3 сломан доводчик входной  двери,Содержание МКД
"Не соблюдается график уборки. До сих пор не помыты некоторые этажы, а которые должны быть помыты следуя графику, вымыты безобразно, черная лестница не моется уже 2-й месяц. Деньги ща уборку жильцами платятся исправно по квитанции, но услугу должным образом не оказывают! Уборщица оставляет после себя ведра с грязной водой, которые пахнут хлоркой, оставляет она их в лифтах! Жители уже 2 дня ездят , задыхаясь в лифте от запаха хлорки. Прошу решить эту проблему. У К не может контролировать клининг, менеджеры клининга не могут контролировать своих уборщиц, страдают жильцы МКД.  Прошу решить проблему, до того, как жильцы начнут обращаться в жилищную инспекцию и роспотребнадзор.",Содержание МКД
Не работает кнопка для включения зелёного сигнала светофора,Благоустройство
"Незаконная бумажная реклама на дорожных знаках: вдоль проезжей части Гражданского проспекта, на пересечении Гражданского пр. и ул. Фаворского в Калининском районе Санкт-Петербурга.",Благоустройство
Подстричь кусты,Благоустройство
"мощение вокруг люка сильно деформировалось, просело. требуется вскрыть мощение, укрепить основание и переложить плитку ровно.",Повреждения или неисправность элементов уличной инфраструктуры
Надписи на жалюзи оконного проема. Фотофиксация- 06.04.2021г.,Благоустройство
объявления,Благоустройство
Объявления,Благоустройство
"разукомплектовано транспортное средство с разбитым стеклом, крылом, задним фонарём",Благоустройство
"Из земли торчит труба, надо убрать.",Благоустройство
открыт колодец!,Повреждения или неисправность элементов уличной инфраструктуры
"8 подъезд, 5 этаж, двери, ведущие на общий балкон с лестницы, имеют неплотный притвор. 
Дверь на лестнице вместо армированного стекла наполнена фанерой - нарушение противопожарной безопасности.",Содержание МКД
"по адресу: пр. Солидарности, д. 10, корп. 1, пар. №4.

Просьба убрать рекламу интернета",Нарушение порядка пользования общим имуществом
уберите крупногабаритный мусор с газона,Благоустройство
гололёд,Благоустройство
"Волонтёры собрали мусор, но его не вывозят.",Благоустройство
"На территории площадке СИЛЬНО повреждено покрытие.
Пражская 33 - площадка в сквере!",Благоустройство
несоблюдение графика уборки,Содержание МКД
снег на козырьке при входе на лестницу 3,Кровля
Снег на тротуаре вдоль дома.,Благоустройство
Просьба стереть надписи. Спасибо,Благоустройство
"Во второй половине февраля возле дома 16к5 по улице Б.Монетная проводились ремонтные работы со вскрытием асфальтового покрытия тротуара. Восстановление асфальтового покрытия после ремонта провели некачественно: на тротуаре ямы, асфальт не до конца прикрывает щебень, уже успели появиться дырки в заплатки (фото 3).",Благоустройство
"Здравствуйте!

При таянии снега или после дождей на тротуаре около дома 2-Муринский пр. 16 постоянно образуется большая лужа, которую приходится обходить по краю около проезжей части. Фотографию прилагаю.

Прошу как-то устранить проблему!

Спасибо!",Благоустройство
"Месяц не убирается лестничные пролёты и площадки. Не проводится не влажная не сухая уборка.
Месяц не убирается лестничные пролёты и площадки. Не проводится не влажная не сухая уборка. На фотографиях в отчёте другая порадная. В нашей парадной просто смели грязь мокрой тряпкой.",Содержание МКД
Объявления,Состояние рекламных или информационных конструкций
Управляющая компания с лета 2020 года игнорирует обращения по поводу разрушенной плитки на полу в общем коридоре. Плитка рядом так же начинает разрушаться. 4 парадная 16 этаж,Содержание МКД
Демонтировать сомнительную вывеску,Незаконная информационная и (или) рекламная конструкция
"Прошу установить полусферы, чтобы защитить газон от наездов.",Благоустройство
"Не работает фонарь освещения над подъездом (ул.Гангутская д.14, подъезд 1). Прошу устранить.",Содержание МКД
"Влажная уборка лестничной клетки не производилась уже несколько недель, да и вообще, уборка в парадной стала редким событием. Требую незамедлительно убрать лестницу и прошу сократить промежутки между уборками. Лестница N4",Содержание МКД
