id,name,description,employer,salary_from,salary_to,salary_currency,experience,employment,description_tokens
127075950,Ручной тестировщик,привет компания skif приглашать тестировщик опыт год компания разрабатывать продукт мониторинг транспорт удалённый управление входной группа условие будущее сотрудник важно работа офис гибрид москва удалённый работа зарплатный вилка руб net результат собеседование опыт год опыт работа область тестирование опыт руководство направление тестирование координация работа команда знание навык глубокий понимание жизненный цикл разработка sdlc тестирование stlc умение выстраивать эффективный процесс контроль качество этап экспертный владение различный вид тестирование функциональный регрессионный интеграционный нагрузочный безопасность usability smoke sanity exploratory опыт работа современный система управление задача тест jira testrail gitlab redmine опыт интеграция настройка этот система процесс команда умение разрабатывать комплексный тестовый документация тест план чек лист тест кейс баг репорт отчёт акцент масштабируемость повторный использование глубокий знание практический применение тест дизайн включая техника эквивалентный разбиение граничный значение попарный тестирование ортогональный массив понимание анализ архитектура распределённый клиент серверный система взаимодействие микросервис брокер сообщение api шлюз опыт тестирование веб приложение backend сервис rest grpc api также мобильный приложение ios android уверенный работа инструмент разработчик devtools профилирование производительность навык тестирование api использование postman newman аналог отличный знание формат данные json xml protobuf принцип сериализация опыт автоматизация тестирование api участие разработка поддержка автотест cypress playwright selenium junit testng опыт построение пайплайн тест интеграция тест процесс деплоить навык анализ лог метрика мониторинг kibana grafana sentry больший плюс знание javascript typescript python уровень написание ревить автотест опыт работа контейнер docker виртуальный окружение jenkins agents опыт внедрение метрика работа качество метрика продукт участие менторство младший тестировщик проведение ревить тестовый документация автотест этап первичный собеседование технический собеседование успешный прохождение оффера,Свистунова Екатерина Александровна,180000.0,230000.0,RUR,Более 6 лет,Полная занятость,"['привет', 'компания', 'skif', 'приглашать', 'тестировщик', 'опыт', 'год', 'компания', 'разрабатывать', 'продукт', 'мониторинг', 'транспорт', 'удалённый', 'управление', 'входной', 'группа', 'условие', 'будущее', 'сотрудник', 'важно', 'работа', 'офис', 'гибрид', 'москва', 'удалённый', 'работа', 'зарплатный', 'вилка', 'руб', 'net', 'результат', 'собеседование', 'опыт', 'год', 'опыт', 'работа', 'область', 'тестирование', 'опыт', 'руководство', 'направление', 'тестирование', 'координация', 'работа', 'команда', 'знание', 'навык', 'глубокий', 'понимание', 'жизненный', 'цикл', 'разработка', 'sdlc', 'тестирование', 'stlc', 'умение', 'выстраивать', 'эффективный', 'процесс', 'контроль', 'качество', 'этап', 'экспертный', 'владение', 'различный', 'вид', 'тестирование', 'функциональный', 'регрессионный', 'интеграционный', 'нагрузочный', 'безопасность', 'usability', 'smoke', 'sanity', 'exploratory', 'опыт', 'работа', 'современный', 'система', 'управление', 'задача', 'тест', 'jira', 'testrail', 'gitlab', 'redmine', 'опыт', 'интеграция', 'настройка', 'этот', 'система', 'процесс', 'команда', 'умение', 'разрабатывать', 'комплексный', 'тестовый', 'документация', 'тест', 'план', 'чек', 'лист', 'тест', 'кейс', 'баг', 'репорт', 'отчёт', 'акцент', 'масштабируемость', 'повторный', 'использование', 'глубокий', 'знание', 'практический', 'применение', 'тест', 'дизайн', 'включая', 'техника', 'эквивалентный', 'разбиение', 'граничный', 'значение', 'попарный', 'тестирование', 'ортогональный', 'массив', 'понимание', 'анализ', 'архитектура', 'распределённый', 'клиент', 'серверный', 'система', 'взаимодействие', 'микросервис', 'брокер', 'сообщение', 'api', 'шлюз', 'опыт', 'тестирование', 'веб', 'приложение', 'backend', 'сервис', 'rest', 'grpc', 'api', 'также', 'мобильный', 'приложение', 'ios', 'android', 'уверенный', 'работа', 'инструмент', 'разработчик', 'devtools', 'профилирование', 'производительность', 'навык', 'тестирование', 'api', 'использование', 'postman', 'newman', 'аналог', 'отличный', 'знание', 'формат', 'данные', 'json', 'xml', 'protobuf', 'принцип', 'сериализация', 'опыт', 'автоматизация', 'тестирование', 'api', 'участие', 'разработка', 'поддержка', 'автотест', 'cypress', 'playwright', 'selenium', 'junit', 'testng', 'опыт', 'построение', 'пайплайн', 'тест', 'интеграция', 'тест', 'процесс', 'деплоить', 'навык', 'анализ', 'лог', 'метрика', 'мониторинг', 'kibana', 'grafana', 'sentry', 'больший', 'плюс', 'знание', 'javascript', 'typescript', 'python', 'уровень', 'написание', 'ревить', 'автотест', 'опыт', 'работа', 'контейнер', 'docker', 'виртуальный', 'окружение', 'jenkins', 'agents', 'опыт', 'внедрение', 'метрика', 'работа', 'качество', 'метрика', 'продукт', 'участие', 'менторство', 'младший', 'тестировщик', 'проведение', 'ревить', 'тестовый', 'документация', 'автотест', 'этап', 'первичный', 'собеседование', 'технический', 'собеседование', 'успешный', 'прохождение', 'оффера']"
126973641,Программист (Junior - младший разработчик),наш команда требоваться программист требование знание один объектный ориентировать язык программирование пример delphi python pascal знание работа субд postgresql sql server другой знание язык sql запрос дополнительный преимущество являться опыт разработка приложение база данные знание язык программирование javascript php html знание учёт предприятие управление проект документооборот производство склад бухгалтерия управление персонал торо бюджетирование автоматизация отель pms обязанность участие интересный проект доработка разработка программный комплекс дополнительно тестирование информационный система настройка информационный система автоматизация бизнес процесс участие внедрение условие офис минута метро часовой рабочий день удобный офис удалённый оформление согласно аккредитовать минцифра компания оплачивать отпуск больничный заработный плата результат собеседование оклад премия бонус результат запуск проект,ПТМК,50000.0,70000.0,RUR,Нет опыта,Полная занятость,"['наш', 'команда', 'требоваться', 'программист', 'требование', 'знание', 'один', 'объектный', 'ориентировать', 'язык', 'программирование', 'пример', 'delphi', 'python', 'pascal', 'знание', 'работа', 'субд', 'postgresql', 'sql', 'server', 'другой', 'знание', 'язык', 'sql', 'запрос', 'дополнительный', 'преимущество', 'являться', 'опыт', 'разработка', 'приложение', 'база', 'данные', 'знание', 'язык', 'программирование', 'javascript', 'php', 'html', 'знание', 'учёт', 'предприятие', 'управление', 'проект', 'документооборот', 'производство', 'склад', 'бухгалтерия', 'управление', 'персонал', 'торо', 'бюджетирование', 'автоматизация', 'отель', 'pms', 'обязанность', 'участие', 'интересный', 'проект', 'доработка', 'разработка', 'программный', 'комплекс', 'дополнительно', 'тестирование', 'информационный', 'система', 'настройка', 'информационный', 'система', 'автоматизация', 'бизнес', 'процесс', 'участие', 'внедрение', 'условие', 'офис', 'минута', 'метро', 'часовой', 'рабочий', 'день', 'удобный', 'офис', 'удалённый', 'оформление', 'согласно', 'аккредитовать', 'минцифра', 'компания', 'оплачивать', 'отпуск', 'больничный', 'заработный', 'плата', 'результат', 'собеседование', 'оклад', 'премия', 'бонус', 'результат', 'запуск', 'проект']"
126443956,Junior\Middle Backend Python разработчик (FastAPI),технологический команда внутри один топ экспедиторский компания россия создавать продукт автоматизация логистический транспортный процесс помогать сокращать издержка повышать рентабельность делать бизнес прозрачный управляемый наш миссия построить компания который пережить ядерный апокалипсис остаться надёжный опора экономика предстоять заниматься разработка backend часть python fastapi создание поддержка rest api работа sqlalchemy pydantic httpx работа postgresql написание юнит интеграционный тест взаимодействие frontend разработчик аналитик работа git плюс понимать начинать карьера поэтому ждать сразу выделить уверенный знание python опыт работа fastapi подойти pet проект учебный знание async python async await опыт работа docker redis celery mongodb selenium aiogram telebot базовый знание html прохождение курс поколение python степик очень больший плюс предлагать наставничество опытный разработчик участие реальный проект quot тестовый задачка quot прокачка архитектурный системный мышление открытый честной команда перспектива карьерный профессиональный рост внутри компания готовый присоединиться откликаться вакансия звонить мы напрямую быть рада видеть команда,АЛТ,50000.0,70000.0,RUR,От 1 года до 3 лет,Полная занятость,"['технологический', 'команда', 'внутри', 'один', 'топ', 'экспедиторский', 'компания', 'россия', 'создавать', 'продукт', 'автоматизация', 'логистический', 'транспортный', 'процесс', 'помогать', 'сокращать', 'издержка', 'повышать', 'рентабельность', 'делать', 'бизнес', 'прозрачный', 'управляемый', 'наш', 'миссия', 'построить', 'компания', 'который', 'пережить', 'ядерный', 'апокалипсис', 'остаться', 'надёжный', 'опора', 'экономика', 'предстоять', 'заниматься', 'разработка', 'backend', 'часть', 'python', 'fastapi', 'создание', 'поддержка', 'rest', 'api', 'работа', 'sqlalchemy', 'pydantic', 'httpx', 'работа', 'postgresql', 'написание', 'юнит', 'интеграционный', 'тест', 'взаимодействие', 'frontend', 'разработчик', 'аналитик', 'работа', 'git', 'плюс', 'понимать', 'начинать', 'карьера', 'поэтому', 'ждать', 'сразу', 'выделить', 'уверенный', 'знание', 'python', 'опыт', 'работа', 'fastapi', 'подойти', 'pet', 'проект', 'учебный', 'знание', 'async', 'python', 'async', 'await', 'опыт', 'работа', 'docker', 'redis', 'celery', 'mongodb', 'selenium', 'aiogram', 'telebot', 'базовый', 'знание', 'html', 'прохождение', 'курс', 'поколение', 'python', 'степик', 'очень', 'больший', 'плюс', 'предлагать', 'наставничество', 'опытный', 'разработчик', 'участие', 'реальный', 'проект', 'quot', 'тестовый', 'задачка', 'quot', 'прокачка', 'архитектурный', 'системный', 'мышление', 'открытый', 'честной', 'команда', 'перспектива', 'карьерный', 'профессиональный', 'рост', 'внутри', 'компания', 'готовый', 'присоединиться', 'откликаться', 'вакансия', 'звонить', 'мы', 'напрямую', 'быть', 'рада', 'видеть', 'команда']"
127050528,Аналитик данных,почему стоить присоединиться влияние бизнес твой отчёт аналитика быть основа стратегический решение минимум рутина акцент автоматизация масштабировать решение современный стек работа передовой инструмент big data ждать работа клиентский данные сбор хранение глубокий анализ прогнозирование автоматизация отчётность создание интуитивный дашбордовый power tableau бизнес принимать решение основа актуальный данные разработка команда быть мост бизнес разработчик превращать запрос чёткий технический спецификация оптимизация sql запрос работа больший массив данные работать быстро сбой ждать высокий образование математика экономика смежный область опыт автоматизация отчёт создание дашбордовый визуализация данные power tableau глубокий знание sql оптимизация сложный запрос уверенный excel powerpoint умение переводить бизнес задача технический требование контролировать реализация опыт работа python ваш преимущество условие стабильный оклад квартальный премия размер один оклад работа крупный прогрессивный компания официальный оформление график работа бесплатный полис дмс социальный программа самый выгодный условие группа компания кредит автокредит страхование другой банковский страховой продукт возможность стать часть профессиональный команда единомышленник,Совкомбанк Страхование,135000.0,135000.0,RUR,От 1 года до 3 лет,Полная занятость,"['почему', 'стоить', 'присоединиться', 'влияние', 'бизнес', 'твой', 'отчёт', 'аналитика', 'быть', 'основа', 'стратегический', 'решение', 'минимум', 'рутина', 'акцент', 'автоматизация', 'масштабировать', 'решение', 'современный', 'стек', 'работа', 'передовой', 'инструмент', 'big', 'data', 'ждать', 'работа', 'клиентский', 'данные', 'сбор', 'хранение', 'глубокий', 'анализ', 'прогнозирование', 'автоматизация', 'отчётность', 'создание', 'интуитивный', 'дашбордовый', 'power', 'tableau', 'бизнес', 'принимать', 'решение', 'основа', 'актуальный', 'данные', 'разработка', 'команда', 'быть', 'мост', 'бизнес', 'разработчик', 'превращать', 'запрос', 'чёткий', 'технический', 'спецификация', 'оптимизация', 'sql', 'запрос', 'работа', 'больший', 'массив', 'данные', 'работать', 'быстро', 'сбой', 'ждать', 'высокий', 'образование', 'математика', 'экономика', 'смежный', 'область', 'опыт', 'автоматизация', 'отчёт', 'создание', 'дашбордовый', 'визуализация', 'данные', 'power', 'tableau', 'глубокий', 'знание', 'sql', 'оптимизация', 'сложный', 'запрос', 'уверенный', 'excel', 'powerpoint', 'умение', 'переводить', 'бизнес', 'задача', 'технический', 'требование', 'контролировать', 'реализация', 'опыт', 'работа', 'python', 'ваш', 'преимущество', 'условие', 'стабильный', 'оклад', 'квартальный', 'премия', 'размер', 'один', 'оклад', 'работа', 'крупный', 'прогрессивный', 'компания', 'официальный', 'оформление', 'график', 'работа', 'бесплатный', 'полис', 'дмс', 'социальный', 'программа', 'самый', 'выгодный', 'условие', 'группа', 'компания', 'кредит', 'автокредит', 'страхование', 'другой', 'банковский', 'страховой', 'продукт', 'возможность', 'стать', 'часть', 'профессиональный', 'команда', 'единомышленник']"
126963102,Стажер-исследователь/аналитик,институт статистический исследование экономика знание требоваться стажёр исследователь аналитик работа предполагать выполнение прикладной проект госзадание коммерческий проект бизнес обязанность поиск сбор статистический данные задача проект построение прогнозный модель excel руководство сотрудник исиэз написание аналитический текст визуализация результат исследование подготовка презентация инфографик иллюстрация требование высокий образование экономика статистика финансы возможность совмещение учёба последний курс бакалавриат магистратура аспирантура умение работать статистический данные поиск открытый источник сбор анализ способность систематизировать информация знание excel уровень продвинуть пользователь продвинуть навык создание презентация powerpoint сложный визуализация инфографик схема построение диаграмма опыт работа инструмент навык написание аналитический текст владение английский язык ниже уровень наличие опубликовать научный работа релевантный направление рассматриваться преимущество навык анализ данные помощь python рассматриваться преимущество условие зарплата устанавливаться результат собеседование оформление соответствие срок проведение стажировка составлять месяц окончание стажировка контракт продлить возможность профессиональный карьерный развитие экспертный трек также научный образовательный трек программа бесплатный обучение проектный управление язык программирование иностранный язык проч,Национальный исследовательский университет Высшая школа экономики,50000.0,100000.0,RUR,Нет опыта,Полная занятость,"['институт', 'статистический', 'исследование', 'экономика', 'знание', 'требоваться', 'стажёр', 'исследователь', 'аналитик', 'работа', 'предполагать', 'выполнение', 'прикладной', 'проект', 'госзадание', 'коммерческий', 'проект', 'бизнес', 'обязанность', 'поиск', 'сбор', 'статистический', 'данные', 'задача', 'проект', 'построение', 'прогнозный', 'модель', 'excel', 'руководство', 'сотрудник', 'исиэз', 'написание', 'аналитический', 'текст', 'визуализация', 'результат', 'исследование', 'подготовка', 'презентация', 'инфографик', 'иллюстрация', 'требование', 'высокий', 'образование', 'экономика', 'статистика', 'финансы', 'возможность', 'совмещение', 'учёба', 'последний', 'курс', 'бакалавриат', 'магистратура', 'аспирантура', 'умение', 'работать', 'статистический', 'данные', 'поиск', 'открытый', 'источник', 'сбор', 'анализ', 'способность', 'систематизировать', 'информация', 'знание', 'excel', 'уровень', 'продвинуть', 'пользователь', 'продвинуть', 'навык', 'создание', 'презентация', 'powerpoint', 'сложный', 'визуализация', 'инфографик', 'схема', 'построение', 'диаграмма', 'опыт', 'работа', 'инструмент', 'навык', 'написание', 'аналитический', 'текст', 'владение', 'английский', 'язык', 'ниже', 'уровень', 'наличие', 'опубликовать', 'научный', 'работа', 'релевантный', 'направление', 'рассматриваться', 'преимущество', 'навык', 'анализ', 'данные', 'помощь', 'python', 'рассматриваться', 'преимущество', 'условие', 'зарплата', 'устанавливаться', 'результат', 'собеседование', 'оформление', 'соответствие', 'срок', 'проведение', 'стажировка', 'составлять', 'месяц', 'окончание', 'стажировка', 'контракт', 'продлить', 'возможность', 'профессиональный', 'карьерный', 'развитие', 'экспертный', 'трек', 'также', 'научный', 'образовательный', 'трек', 'программа', 'бесплатный', 'обучение', 'проектный', 'управление', 'язык', 'программирование', 'иностранный', 'язык', 'проч']"
126967394,Python-разработчик,задача разработка оптимизация python приложение система данные создание архитектурный решение масштабировать анализ производительность рефакторинг улучшение код взаимодействие технический бизнес команда требование год разработка опыт linux опыт проектирование архитектура работа sql nosql опыт хранилище данные вычислительный система условие гибридный формат работа официальный оформление первый рабочий день оплата обучение транспорт питание,Offer Now,,600000.0,RUR,Более 6 лет,Полная занятость,"['задача', 'разработка', 'оптимизация', 'python', 'приложение', 'система', 'данные', 'создание', 'архитектурный', 'решение', 'масштабировать', 'анализ', 'производительность', 'рефакторинг', 'улучшение', 'код', 'взаимодействие', 'технический', 'бизнес', 'команда', 'требование', 'год', 'разработка', 'опыт', 'linux', 'опыт', 'проектирование', 'архитектура', 'работа', 'sql', 'nosql', 'опыт', 'хранилище', 'данные', 'вычислительный', 'система', 'условие', 'гибридный', 'формат', 'работа', 'официальный', 'оформление', 'первый', 'рабочий', 'день', 'оплата', 'обучение', 'транспорт', 'питание']"
127009263,Middle Backend Разработчик (Python),inline telecom solutions специализировать системный интегратор решение телекоммуникационный компания делать комплексный проект ключ российский оператор связь корпоративный заказчик являться эксперт область построение сетевой инфраструктура информационный безопасность система хранение обработка данные разработка программный обеспечение среди наш постоянный клиент ростелеком мтс вымпелком мегафон тело сбербанк многие другой объявлять конкурс позиция middle backend разработчик задача развитие поддержка один основный решение компания портал аналог сервис downdetector сервис позволять фиксировать отображать проблема популярный интернет сервис провайдер визуализировать интернет маршрут отображать аналитик смежный система заказчик расширение функциональность интеграция корпоративный сетевой сервис автоматизация тест доступность интернет сервис развитие решение соответствие роадмап требование опыт коммерческий разработка python год опыт проектирование разработка внедрение серверный приложение работа микросервисный архитектура монолит составление сложный запрос субд понимание устройство основный сетевой протокол osi приветствоваться работа опыт работа семейство linux сборка проект docker условие заработать плата net fix зависимость уровень квалификация возможный гибкий график работа час неделя современный офис пеший доступность метро марьин роща отпуск календарный день оплачивать персональный день оформление соответствие оплачивать больничный дмс возможность профессиональный рост,Inline Telecom Solutions,220000.0,250000.0,RUR,От 1 года до 3 лет,Полная занятость,"['inline', 'telecom', 'solutions', 'специализировать', 'системный', 'интегратор', 'решение', 'телекоммуникационный', 'компания', 'делать', 'комплексный', 'проект', 'ключ', 'российский', 'оператор', 'связь', 'корпоративный', 'заказчик', 'являться', 'эксперт', 'область', 'построение', 'сетевой', 'инфраструктура', 'информационный', 'безопасность', 'система', 'хранение', 'обработка', 'данные', 'разработка', 'программный', 'обеспечение', 'среди', 'наш', 'постоянный', 'клиент', 'ростелеком', 'мтс', 'вымпелком', 'мегафон', 'тело', 'сбербанк', 'многие', 'другой', 'объявлять', 'конкурс', 'позиция', 'middle', 'backend', 'разработчик', 'задача', 'развитие', 'поддержка', 'один', 'основный', 'решение', 'компания', 'портал', 'аналог', 'сервис', 'downdetector', 'сервис', 'позволять', 'фиксировать', 'отображать', 'проблема', 'популярный', 'интернет', 'сервис', 'провайдер', 'визуализировать', 'интернет', 'маршрут', 'отображать', 'аналитик', 'смежный', 'система', 'заказчик', 'расширение', 'функциональность', 'интеграция', 'корпоративный', 'сетевой', 'сервис', 'автоматизация', 'тест', 'доступность', 'интернет', 'сервис', 'развитие', 'решение', 'соответствие', 'роадмап', 'требование', 'опыт', 'коммерческий', 'разработка', 'python', 'год', 'опыт', 'проектирование', 'разработка', 'внедрение', 'серверный', 'приложение', 'работа', 'микросервисный', 'архитектура', 'монолит', 'составление', 'сложный', 'запрос', 'субд', 'понимание', 'устройство', 'основный', 'сетевой', 'протокол', 'osi', 'приветствоваться', 'работа', 'опыт', 'работа', 'семейство', 'linux', 'сборка', 'проект', 'docker', 'условие', 'заработать', 'плата', 'net', 'fix', 'зависимость', 'уровень', 'квалификация', 'возможный', 'гибкий', 'график', 'работа', 'час', 'неделя', 'современный', 'офис', 'пеший', 'доступность', 'метро', 'марьин', 'роща', 'отпуск', 'календарный', 'день', 'оплачивать', 'персональный', 'день', 'оформление', 'соответствие', 'оплачивать', 'больничный', 'дмс', 'возможность', 'профессиональный', 'рост']"
127065990,Python-разработчик,искать python разработчик разработка внедрение система сигнал ранний предупреждение система сигнал ранний предупреждение комплекс мероприятие осуществлять периодический основа цель выявление фактор риск оперативный предотвращение дефолт заёмщик стэк проект fastapi postgresql redis celery rabbitmq peewee docker обязанность разработка тестирование бэкенд включая написание юнит тест интеграция банковский система контроль качество код ревить коллега анализ требование ведение документация confluence участие принятие архитектурный решение оказание поддержка внедрение сопровождение сервис требование опыт коммерческий разработка python год знание python sql опыт работа postgresql навык использование orm sqlalchemy peewee опыт работа celery rabbitmq redis опыт работа unix подобный система опыт работа docker docker compose навык работа git английский технический документация знание базовый паттерн проектирование solid структура данные алгоритм умение коммуницировать работать команда предлагать официальный трудоустройство оклад премия итог полугодие год корпоративный обучение тренинг выездной обучение офлайн онлайн встреча эксперт регулярный основа дмс оплата занятие спорт испытательный срок график работа пятница сократить день офис город академгородок,Экспобанк,168000.0,,RUR,От 1 года до 3 лет,Полная занятость,"['искать', 'python', 'разработчик', 'разработка', 'внедрение', 'система', 'сигнал', 'ранний', 'предупреждение', 'система', 'сигнал', 'ранний', 'предупреждение', 'комплекс', 'мероприятие', 'осуществлять', 'периодический', 'основа', 'цель', 'выявление', 'фактор', 'риск', 'оперативный', 'предотвращение', 'дефолт', 'заёмщик', 'стэк', 'проект', 'fastapi', 'postgresql', 'redis', 'celery', 'rabbitmq', 'peewee', 'docker', 'обязанность', 'разработка', 'тестирование', 'бэкенд', 'включая', 'написание', 'юнит', 'тест', 'интеграция', 'банковский', 'система', 'контроль', 'качество', 'код', 'ревить', 'коллега', 'анализ', 'требование', 'ведение', 'документация', 'confluence', 'участие', 'принятие', 'архитектурный', 'решение', 'оказание', 'поддержка', 'внедрение', 'сопровождение', 'сервис', 'требование', 'опыт', 'коммерческий', 'разработка', 'python', 'год', 'знание', 'python', 'sql', 'опыт', 'работа', 'postgresql', 'навык', 'использование', 'orm', 'sqlalchemy', 'peewee', 'опыт', 'работа', 'celery', 'rabbitmq', 'redis', 'опыт', 'работа', 'unix', 'подобный', 'система', 'опыт', 'работа', 'docker', 'docker', 'compose', 'навык', 'работа', 'git', 'английский', 'технический', 'документация', 'знание', 'базовый', 'паттерн', 'проектирование', 'solid', 'структура', 'данные', 'алгоритм', 'умение', 'коммуницировать', 'работать', 'команда', 'предлагать', 'официальный', 'трудоустройство', 'оклад', 'премия', 'итог', 'полугодие', 'год', 'корпоративный', 'обучение', 'тренинг', 'выездной', 'обучение', 'офлайн', 'онлайн', 'встреча', 'эксперт', 'регулярный', 'основа', 'дмс', 'оплата', 'занятие', 'спорт', 'испытательный', 'срок', 'график', 'работа', 'пятница', 'сократить', 'день', 'офис', 'город', 'академгородок']"
126769780,Java-разработчик (middle),привет компания сrocomobi работать российский международный рынок год заниматься разработка цифровой сервис банк торговый сеть онлайн маркетплейс компания реальный сектор нефтегазовый промышленность металлургия искать java разработчик middle работа проект сфера телек предстоять разрабатывать новый функционал рефакторить существующий самостоятельно разрабатывать код тест участвовать тестирование участвовать оценка декомпозиция задача подключаться решение проблема разработка разбор инцидент требование кандидат опыт коммерческий разработка java год высокий технический образование требовать знание навык уверенный знание java groovy знание принцип ооп умение писать sql запрос средний сложность опыт работа linux опыт работа kafka rabbitmq понимание работа swagger опыт работа jira confluence понимание принцип rest протокол http плюс опыт работа система контейнеризация опыт желание писать код python готовый предложить удалённый работа график работа оформление выбор самозанятость развитие сфера анализ бизнес процесс изучение специфика различный отрасль работа масштабный проект предусмотреть система повышение присоединяться мы вместе смочь,Крокодил,140000.0,,RUR,От 1 года до 3 лет,Полная занятость,"['привет', 'компания', 'сrocomobi', 'работать', 'российский', 'международный', 'рынок', 'год', 'заниматься', 'разработка', 'цифровой', 'сервис', 'банк', 'торговый', 'сеть', 'онлайн', 'маркетплейс', 'компания', 'реальный', 'сектор', 'нефтегазовый', 'промышленность', 'металлургия', 'искать', 'java', 'разработчик', 'middle', 'работа', 'проект', 'сфера', 'телек', 'предстоять', 'разрабатывать', 'новый', 'функционал', 'рефакторить', 'существующий', 'самостоятельно', 'разрабатывать', 'код', 'тест', 'участвовать', 'тестирование', 'участвовать', 'оценка', 'декомпозиция', 'задача', 'подключаться', 'решение', 'проблема', 'разработка', 'разбор', 'инцидент', 'требование', 'кандидат', 'опыт', 'коммерческий', 'разработка', 'java', 'год', 'высокий', 'технический', 'образование', 'требовать', 'знание', 'навык', 'уверенный', 'знание', 'java', 'groovy', 'знание', 'принцип', 'ооп', 'умение', 'писать', 'sql', 'запрос', 'средний', 'сложность', 'опыт', 'работа', 'linux', 'опыт', 'работа', 'kafka', 'rabbitmq', 'понимание', 'работа', 'swagger', 'опыт', 'работа', 'jira', 'confluence', 'понимание', 'принцип', 'rest', 'протокол', 'http', 'плюс', 'опыт', 'работа', 'система', 'контейнеризация', 'опыт', 'желание', 'писать', 'код', 'python', 'готовый', 'предложить', 'удалённый', 'работа', 'график', 'работа', 'оформление', 'выбор', 'самозанятость', 'развитие', 'сфера', 'анализ', 'бизнес', 'процесс', 'изучение', 'специфика', 'различный', 'отрасль', 'работа', 'масштабный', 'проект', 'предусмотреть', 'система', 'повышение', 'присоединяться', 'мы', 'вместе', 'смочь']"
127003334,QA инженер-тестировщик (офис),пао интелтех высокотехнологичный лидер опыт год наш продукция обеспечивать связь управление безопасность оборонный комплекс критический инфраструктура промышленный автоматизация миссия компания гарантировать бесперебойность защита система который зависеть жизнь безопасность предлагать просто работа надёжный партнёрство забота стабильный динамично развивающийся компания численность профессионал обязанность разработка тест кейс проведение функциональный регрессивный тестирование требование опыт тестирование знание основа клиент сервисный технология основа работа субд навык работа документация спецификация технический задание способность корректно точно описывать выявить процесс тестирование дефект написание тест кейс владение bash python qtest тестирование сервис основа написать тест кейс проведение функциональный регрессивный тестирование предлагать официальный трудоустройство полный соответствие трудовой кодекс комфортный график пятница дополнительный оплачивать отпуск ежегодный отпуск согласно коллективный договор забота ваш семья собственный медицинский центр прямо территория предприятие внимание ваш здоровье рядом бронирование военнообязанный гражданин вкусный завтрак обед коммерческий столовая прямо предприятие частичный компенсация отдых сотрудник ребёнок программа отдых ростехома негосударственный пенсионный обеспечение нпф ростёха привлекательный корпоративный программа новикомбанк инвестиция ваш будущее программа развитие обучение непрерывный профессиональный совершенствование академия ростёха целевой обучение партнёрский вуз реальный возможность карьерный рост крупный структура дополнительный выплата льгота соответствие коллективный договор ценить наш сотрудник создавать условие успех работать уверенность развиваться поддержка строить будущее надёжный компания,Информационные Телекоммуникационные Технологии,80000.0,130000.0,RUR,От 1 года до 3 лет,Полная занятость,"['пао', 'интелтех', 'высокотехнологичный', 'лидер', 'опыт', 'год', 'наш', 'продукция', 'обеспечивать', 'связь', 'управление', 'безопасность', 'оборонный', 'комплекс', 'критический', 'инфраструктура', 'промышленный', 'автоматизация', 'миссия', 'компания', 'гарантировать', 'бесперебойность', 'защита', 'система', 'который', 'зависеть', 'жизнь', 'безопасность', 'предлагать', 'просто', 'работа', 'надёжный', 'партнёрство', 'забота', 'стабильный', 'динамично', 'развивающийся', 'компания', 'численность', 'профессионал', 'обязанность', 'разработка', 'тест', 'кейс', 'проведение', 'функциональный', 'регрессивный', 'тестирование', 'требование', 'опыт', 'тестирование', 'знание', 'основа', 'клиент', 'сервисный', 'технология', 'основа', 'работа', 'субд', 'навык', 'работа', 'документация', 'спецификация', 'технический', 'задание', 'способность', 'корректно', 'точно', 'описывать', 'выявить', 'процесс', 'тестирование', 'дефект', 'написание', 'тест', 'кейс', 'владение', 'bash', 'python', 'qtest', 'тестирование', 'сервис', 'основа', 'написать', 'тест', 'кейс', 'проведение', 'функциональный', 'регрессивный', 'тестирование', 'предлагать', 'официальный', 'трудоустройство', 'полный', 'соответствие', 'трудовой', 'кодекс', 'комфортный', 'график', 'пятница', 'дополнительный', 'оплачивать', 'отпуск', 'ежегодный', 'отпуск', 'согласно', 'коллективный', 'договор', 'забота', 'ваш', 'семья', 'собственный', 'медицинский', 'центр', 'прямо', 'территория', 'предприятие', 'внимание', 'ваш', 'здоровье', 'рядом', 'бронирование', 'военнообязанный', 'гражданин', 'вкусный', 'завтрак', 'обед', 'коммерческий', 'столовая', 'прямо', 'предприятие', 'частичный', 'компенсация', 'отдых', 'сотрудник', 'ребёнок', 'программа', 'отдых', 'ростехома', 'негосударственный', 'пенсионный', 'обеспечение', 'нпф', 'ростёха', 'привлекательный', 'корпоративный', 'программа', 'новикомбанк', 'инвестиция', 'ваш', 'будущее', 'программа', 'развитие', 'обучение', 'непрерывный', 'профессиональный', 'совершенствование', 'академия', 'ростёха', 'целевой', 'обучение', 'партнёрский', 'вуз', 'реальный', 'возможность', 'карьерный', 'рост', 'крупный', 'структура', 'дополнительный', 'выплата', 'льгота', 'соответствие', 'коллективный', 'договор', 'ценить', 'наш', 'сотрудник', 'создавать', 'условие', 'успех', 'работать', 'уверенность', 'развиваться', 'поддержка', 'строить', 'будущее', 'надёжный', 'компания']"
126879219,Backend разработчик python (junior),bnd консалтинговый компания специализироваться предоставление услуга область бизнес аналитик business intelligence риск менеджмент управление взаимоотношение клиент crm финансовый консолидация электронный бизнес один наш проект создавать система видеоаналитик реальный время крупный производственный компания дальнейший многий другой проект поиск backend разработчик python уровень junior пожалуйста откликаться прикладывать ссылка свой git проект обозначить желаемый зарплатный вилка ваш будущий задача поддержка существующий разработка новый backend сервис компонент веб приложение инфраструктурный сервис система видеоаналитик анализ требование выработка технический решение оценка ресурс срок выполнение задача рамка свой участок работа проектирование база данные анализ разработать код рефакторинг существующий код проведение code review внедрение новый технология инструмент метод разработка устранение дефект стек проект fastapi sqlalchemy flask postgresql docker kubernetes helm git rabbitmq требование высокий образование сфера рассмотреть также студент последний курс который мочь работать фултайм опыт разработка backend python приложение год опыт применение фреймворк библиотека python знание паттерн проектирование gof solid опыт разработка различный request reply api rest graphql grpc message based api amqp kafka mqtt опыт работа один несколько реляционный oracle postgresql mysql знание система git gitlab опыт работа orm sqlalchemy опыт работа fastapi плюс опыт работа flask опыт написание тест использование pytest плюс опыт использование docker docker compose знание linux готовый предложить работа интересный проект прозрачный результат возможность реально влиять проект достойный уровень компенсация оформление график дмс прохождение испытательный срок гибридный формат работа офис раз неделя офис центр москва минута новокузнецкий третьяковский,BND LLC,,120000.0,RUR,От 1 года до 3 лет,Полная занятость,"['bnd', 'консалтинговый', 'компания', 'специализироваться', 'предоставление', 'услуга', 'область', 'бизнес', 'аналитик', 'business', 'intelligence', 'риск', 'менеджмент', 'управление', 'взаимоотношение', 'клиент', 'crm', 'финансовый', 'консолидация', 'электронный', 'бизнес', 'один', 'наш', 'проект', 'создавать', 'система', 'видеоаналитик', 'реальный', 'время', 'крупный', 'производственный', 'компания', 'дальнейший', 'многий', 'другой', 'проект', 'поиск', 'backend', 'разработчик', 'python', 'уровень', 'junior', 'пожалуйста', 'откликаться', 'прикладывать', 'ссылка', 'свой', 'git', 'проект', 'обозначить', 'желаемый', 'зарплатный', 'вилка', 'ваш', 'будущий', 'задача', 'поддержка', 'существующий', 'разработка', 'новый', 'backend', 'сервис', 'компонент', 'веб', 'приложение', 'инфраструктурный', 'сервис', 'система', 'видеоаналитик', 'анализ', 'требование', 'выработка', 'технический', 'решение', 'оценка', 'ресурс', 'срок', 'выполнение', 'задача', 'рамка', 'свой', 'участок', 'работа', 'проектирование', 'база', 'данные', 'анализ', 'разработать', 'код', 'рефакторинг', 'существующий', 'код', 'проведение', 'code', 'review', 'внедрение', 'новый', 'технология', 'инструмент', 'метод', 'разработка', 'устранение', 'дефект', 'стек', 'проект', 'fastapi', 'sqlalchemy', 'flask', 'postgresql', 'docker', 'kubernetes', 'helm', 'git', 'rabbitmq', 'требование', 'высокий', 'образование', 'сфера', 'рассмотреть', 'также', 'студент', 'последний', 'курс', 'который', 'мочь', 'работать', 'фултайм', 'опыт', 'разработка', 'backend', 'python', 'приложение', 'год', 'опыт', 'применение', 'фреймворк', 'библиотека', 'python', 'знание', 'паттерн', 'проектирование', 'gof', 'solid', 'опыт', 'разработка', 'различный', 'request', 'reply', 'api', 'rest', 'graphql', 'grpc', 'message', 'based', 'api', 'amqp', 'kafka', 'mqtt', 'опыт', 'работа', 'один', 'несколько', 'реляционный', 'oracle', 'postgresql', 'mysql', 'знание', 'система', 'git', 'gitlab', 'опыт', 'работа', 'orm', 'sqlalchemy', 'опыт', 'работа', 'fastapi', 'плюс', 'опыт', 'работа', 'flask', 'опыт', 'написание', 'тест', 'использование', 'pytest', 'плюс', 'опыт', 'использование', 'docker', 'docker', 'compose', 'знание', 'linux', 'готовый', 'предложить', 'работа', 'интересный', 'проект', 'прозрачный', 'результат', 'возможность', 'реально', 'влиять', 'проект', 'достойный', 'уровень', 'компенсация', 'оформление', 'график', 'дмс', 'прохождение', 'испытательный', 'срок', 'гибридный', 'формат', 'работа', 'офис', 'раз', 'неделя', 'офис', 'центр', 'москва', 'минута', 'новокузнецкий', 'третьяковский']"
126984177,QA / Инженер e2e тестирования (EPC),протей группа российский компания полный цикл год разрабатывать производить продукт оператор мобильный фиксировать связь россия рубеж государственный заказчик корпорация расширять отдел контроль качество открывать вакансия команда заниматься тестирование собственный решение комплекс пакетный ядро мобильный сеть это решение предназначить развёртывание ядро мобильный пакетный сеть packet core стандарт формат работа офис локация санкт петербург ваш задача проведение функциональный интеграционный тестирование проведение тестирование функция эксплуатационный управление моделирование авария типовой эксплуатационный процедура анализ результат тестирование заведение баг формирование тестовый документация проработка тест развитие тестовый модель развитие окружение лаборатория интегрирование новый модуль наш ожидание понимание сетевой протокол tcp технология nat vpn обязательно опыт администрирование linux ubuntu rhel astralinux обязательно технический английский плюс опыт работа система виртуализация openstack kvm vmware контейнеризация docker compose понимание работа элемент сеть предоставляться услуга опыт работа оборудование epc опыт проведение испытание услуга оборудование ядро передача данные оператор мобильный связь знание скриптовый язык python bash опыт devops linux предлагать оформление белый заработный плата формат работа гибкий начало окончание рабочий день час неделя офис пеший доступность метро выборгский оборудовать кухня зона отдых душевой парковка велосипед здоровье расширить дмс стоматология начало работа доплата питание офис руб рабочий день спорт компенсация спортивный абонемент корпоративный занятие йога офис раз неделя вечер команда футбол волейбол обучение участие конференция профильный курс внутренний тренинг яркий корпоративный праздник,"Протей, НТЦ",115000.0,250000.0,RUR,От 3 до 6 лет,Полная занятость,"['протей', 'группа', 'российский', 'компания', 'полный', 'цикл', 'год', 'разрабатывать', 'производить', 'продукт', 'оператор', 'мобильный', 'фиксировать', 'связь', 'россия', 'рубеж', 'государственный', 'заказчик', 'корпорация', 'расширять', 'отдел', 'контроль', 'качество', 'открывать', 'вакансия', 'команда', 'заниматься', 'тестирование', 'собственный', 'решение', 'комплекс', 'пакетный', 'ядро', 'мобильный', 'сеть', 'это', 'решение', 'предназначить', 'развёртывание', 'ядро', 'мобильный', 'пакетный', 'сеть', 'packet', 'core', 'стандарт', 'формат', 'работа', 'офис', 'локация', 'санкт', 'петербург', 'ваш', 'задача', 'проведение', 'функциональный', 'интеграционный', 'тестирование', 'проведение', 'тестирование', 'функция', 'эксплуатационный', 'управление', 'моделирование', 'авария', 'типовой', 'эксплуатационный', 'процедура', 'анализ', 'результат', 'тестирование', 'заведение', 'баг', 'формирование', 'тестовый', 'документация', 'проработка', 'тест', 'развитие', 'тестовый', 'модель', 'развитие', 'окружение', 'лаборатория', 'интегрирование', 'новый', 'модуль', 'наш', 'ожидание', 'понимание', 'сетевой', 'протокол', 'tcp', 'технология', 'nat', 'vpn', 'обязательно', 'опыт', 'администрирование', 'linux', 'ubuntu', 'rhel', 'astralinux', 'обязательно', 'технический', 'английский', 'плюс', 'опыт', 'работа', 'система', 'виртуализация', 'openstack', 'kvm', 'vmware', 'контейнеризация', 'docker', 'compose', 'понимание', 'работа', 'элемент', 'сеть', 'предоставляться', 'услуга', 'опыт', 'работа', 'оборудование', 'epc', 'опыт', 'проведение', 'испытание', 'услуга', 'оборудование', 'ядро', 'передача', 'данные', 'оператор', 'мобильный', 'связь', 'знание', 'скриптовый', 'язык', 'python', 'bash', 'опыт', 'devops', 'linux', 'предлагать', 'оформление', 'белый', 'заработный', 'плата', 'формат', 'работа', 'гибкий', 'начало', 'окончание', 'рабочий', 'день', 'час', 'неделя', 'офис', 'пеший', 'доступность', 'метро', 'выборгский', 'оборудовать', 'кухня', 'зона', 'отдых', 'душевой', 'парковка', 'велосипед', 'здоровье', 'расширить', 'дмс', 'стоматология', 'начало', 'работа', 'доплата', 'питание', 'офис', 'руб', 'рабочий', 'день', 'спорт', 'компенсация', 'спортивный', 'абонемент', 'корпоративный', 'занятие', 'йога', 'офис', 'раз', 'неделя', 'вечер', 'команда', 'футбол', 'волейбол', 'обучение', 'участие', 'конференция', 'профильный', 'курс', 'внутренний', 'тренинг', 'яркий', 'корпоративный', 'праздник']"
126968140,Python developer,нужно делать разработка микросервис разработка приложение анализ сбор данные поддерживать улучшать иметься система писать новый необходимый навык опыт работа год знание python понимание ооп знание умение работать чужой код понимание работа python умение использовать различный тип объект зависимость задача работа субд mysql postgresql clickhouse аккуратность читаемый качественный код придерживаться чистый архитектура разработка предлагать оформление аккредитовать компания гибкий начало рабочий день оформление дмс год работа компания ведение задача единый система актуализация вика гайдов обучение продукт компания корпоративный библиотека возможность приобретение обучать курс счёт компания проект область информационный безопасность коммуникация,АВ Софт,200000.0,,RUR,От 3 до 6 лет,Полная занятость,"['нужно', 'делать', 'разработка', 'микросервис', 'разработка', 'приложение', 'анализ', 'сбор', 'данные', 'поддерживать', 'улучшать', 'иметься', 'система', 'писать', 'новый', 'необходимый', 'навык', 'опыт', 'работа', 'год', 'знание', 'python', 'понимание', 'ооп', 'знание', 'умение', 'работать', 'чужой', 'код', 'понимание', 'работа', 'python', 'умение', 'использовать', 'различный', 'тип', 'объект', 'зависимость', 'задача', 'работа', 'субд', 'mysql', 'postgresql', 'clickhouse', 'аккуратность', 'читаемый', 'качественный', 'код', 'придерживаться', 'чистый', 'архитектура', 'разработка', 'предлагать', 'оформление', 'аккредитовать', 'компания', 'гибкий', 'начало', 'рабочий', 'день', 'оформление', 'дмс', 'год', 'работа', 'компания', 'ведение', 'задача', 'единый', 'система', 'актуализация', 'вика', 'гайдов', 'обучение', 'продукт', 'компания', 'корпоративный', 'библиотека', 'возможность', 'приобретение', 'обучать', 'курс', 'счёт', 'компания', 'проект', 'область', 'информационный', 'безопасность', 'коммуникация']"
126792348,Python-разработчик,международный маркетинговый холдинг который год превратить идея масштабный проект страна наш команда создавать digital решение который менять правило игра инновационный платформа глобальный маркетинговый стратегия просто агентство превращать сложный задача история успех расширяться находиться поиск крутой middle python разработчик apis amp integrations предстоять заниматься разработка поддержка внутренний сервис python создание новый модуль рефакторинг оптимизация существующий решение повышение производительность проектирование реализация интеграция подключение внешний api crm система обмен данные внутренний сервис сторонний платформа работа webhooks формат данные json работа данные использование postgresql реализация поиск индексация фильтрация трансформация хранение данные оптимизация запрос масштабирование поддержка оптимизация код время отклик обеспечение стабильность отказоустойчивость сервис самостоятельный проактивный тестирование собственный код настройка мониторинг логирование инфраструктура использование docker контейнеризация развёртывание сервис важно опыт год разработка backend сервис python хороший знание sql практический опыт работа postgresql опыт разработка интеграция внешний api сервис rest webhooks telethon опыт создание внутренний сервис система обмен данные готовность рассказать свой проект опыт работа контейнеризация docker базовый devops навык уверенный core скилла работа данные понимание какой этап необходимо применять кеширование идеальный владение regex интерес развитие область автоматизация prompt engineering базовый подход построение приложение предлагать комфортный офис москва сити готовый удалёнка гибрид спустя месяц работа график гибкий начало день больший лояльный команда корпоративный занятие английский сопроводительный письмо мочь приложить ссылка github телеграм связаться быстрый вакансия найти запрос python разработчик python developer питон разработчик питонистый middle python разработчик программист разработчик backend разработчик,Космос Про Медиа,180000.0,200000.0,RUR,От 1 года до 3 лет,Полная занятость,"['международный', 'маркетинговый', 'холдинг', 'который', 'год', 'превратить', 'идея', 'масштабный', 'проект', 'страна', 'наш', 'команда', 'создавать', 'digital', 'решение', 'который', 'менять', 'правило', 'игра', 'инновационный', 'платформа', 'глобальный', 'маркетинговый', 'стратегия', 'просто', 'агентство', 'превращать', 'сложный', 'задача', 'история', 'успех', 'расширяться', 'находиться', 'поиск', 'крутой', 'middle', 'python', 'разработчик', 'apis', 'amp', 'integrations', 'предстоять', 'заниматься', 'разработка', 'поддержка', 'внутренний', 'сервис', 'python', 'создание', 'новый', 'модуль', 'рефакторинг', 'оптимизация', 'существующий', 'решение', 'повышение', 'производительность', 'проектирование', 'реализация', 'интеграция', 'подключение', 'внешний', 'api', 'crm', 'система', 'обмен', 'данные', 'внутренний', 'сервис', 'сторонний', 'платформа', 'работа', 'webhooks', 'формат', 'данные', 'json', 'работа', 'данные', 'использование', 'postgresql', 'реализация', 'поиск', 'индексация', 'фильтрация', 'трансформация', 'хранение', 'данные', 'оптимизация', 'запрос', 'масштабирование', 'поддержка', 'оптимизация', 'код', 'время', 'отклик', 'обеспечение', 'стабильность', 'отказоустойчивость', 'сервис', 'самостоятельный', 'проактивный', 'тестирование', 'собственный', 'код', 'настройка', 'мониторинг', 'логирование', 'инфраструктура', 'использование', 'docker', 'контейнеризация', 'развёртывание', 'сервис', 'важно', 'опыт', 'год', 'разработка', 'backend', 'сервис', 'python', 'хороший', 'знание', 'sql', 'практический', 'опыт', 'работа', 'postgresql', 'опыт', 'разработка', 'интеграция', 'внешний', 'api', 'сервис', 'rest', 'webhooks', 'telethon', 'опыт', 'создание', 'внутренний', 'сервис', 'система', 'обмен', 'данные', 'готовность', 'рассказать', 'свой', 'проект', 'опыт', 'работа', 'контейнеризация', 'docker', 'базовый', 'devops', 'навык', 'уверенный', 'core', 'скилла', 'работа', 'данные', 'понимание', 'какой', 'этап', 'необходимо', 'применять', 'кеширование', 'идеальный', 'владение', 'regex', 'интерес', 'развитие', 'область', 'автоматизация', 'prompt', 'engineering', 'базовый', 'подход', 'построение', 'приложение', 'предлагать', 'комфортный', 'офис', 'москва', 'сити', 'готовый', 'удалёнка', 'гибрид', 'спустя', 'месяц', 'работа', 'график', 'гибкий', 'начало', 'день', 'больший', 'лояльный', 'команда', 'корпоративный', 'занятие', 'английский', 'сопроводительный', 'письмо', 'мочь', 'приложить', 'ссылка', 'github', 'телеграм', 'связаться', 'быстрый', 'вакансия', 'найти', 'запрос', 'python', 'разработчик', 'python', 'developer', 'питон', 'разработчик', 'питонистый', 'middle', 'python', 'разработчик', 'программист', 'разработчик', 'backend', 'разработчик']"
126964430,Преподаватель,обязанность проведение учебный практика группа курс специальность сетевой системный администрирование учебный практика настройка сетевой инфраструктура учебный практика организация сетевой администрирование операционный система учебный практика эксплуатация объект сетевой инфраструктура учебный практика система виртуализация контейнеризация требование образование знание умение соответствие профстандарт владение навык работа специализированный программа также microsoft excel microsoft outlook microsoft powerpoint microsoft word интернет электронный почта история архитектура диспетчеризация планирование взаимодействие процесс работа память файловый система принцип организация установка настройка работа windows linux astra linux администрирование управление безопасность сертификат cisco huawei либо иной сетевой вендор плюс быть сертификат microsoft python astra linux иной linux дистрибутив знание модель osi принцип работа протокол tcp udp знание сетевой протокол ftp smtp pop imap dhcp ipv адресация протокол удалённый доступ ssh telnet принцип работа сеть физический уровень принцип работа технология ieee wifi понимание принцип робот локальный сеть адресация slaac dhcpv технология wpan wlan wman wwan технология беспроводный связь ble edr wimax медицинский книжка медицинский освидетельствование психиатр нарколог справка отсутствие наличие судимость условие работа территория работодатель полный социальный пакет отпуск летний время,ГБОУ СПО Колледж связи № 54,90000.0,90000.0,RUR,От 3 до 6 лет,Полная занятость,"['обязанность', 'проведение', 'учебный', 'практика', 'группа', 'курс', 'специальность', 'сетевой', 'системный', 'администрирование', 'учебный', 'практика', 'настройка', 'сетевой', 'инфраструктура', 'учебный', 'практика', 'организация', 'сетевой', 'администрирование', 'операционный', 'система', 'учебный', 'практика', 'эксплуатация', 'объект', 'сетевой', 'инфраструктура', 'учебный', 'практика', 'система', 'виртуализация', 'контейнеризация', 'требование', 'образование', 'знание', 'умение', 'соответствие', 'профстандарт', 'владение', 'навык', 'работа', 'специализированный', 'программа', 'также', 'microsoft', 'excel', 'microsoft', 'outlook', 'microsoft', 'powerpoint', 'microsoft', 'word', 'интернет', 'электронный', 'почта', 'история', 'архитектура', 'диспетчеризация', 'планирование', 'взаимодействие', 'процесс', 'работа', 'память', 'файловый', 'система', 'принцип', 'организация', 'установка', 'настройка', 'работа', 'windows', 'linux', 'astra', 'linux', 'администрирование', 'управление', 'безопасность', 'сертификат', 'cisco', 'huawei', 'либо', 'иной', 'сетевой', 'вендор', 'плюс', 'быть', 'сертификат', 'microsoft', 'python', 'astra', 'linux', 'иной', 'linux', 'дистрибутив', 'знание', 'модель', 'osi', 'принцип', 'работа', 'протокол', 'tcp', 'udp', 'знание', 'сетевой', 'протокол', 'ftp', 'smtp', 'pop', 'imap', 'dhcp', 'ipv', 'адресация', 'протокол', 'удалённый', 'доступ', 'ssh', 'telnet', 'принцип', 'работа', 'сеть', 'физический', 'уровень', 'принцип', 'работа', 'технология', 'ieee', 'wifi', 'понимание', 'принцип', 'робот', 'локальный', 'сеть', 'адресация', 'slaac', 'dhcpv', 'технология', 'wpan', 'wlan', 'wman', 'wwan', 'технология', 'беспроводный', 'связь', 'ble', 'edr', 'wimax', 'медицинский', 'книжка', 'медицинский', 'освидетельствование', 'психиатр', 'нарколог', 'справка', 'отсутствие', 'наличие', 'судимость', 'условие', 'работа', 'территория', 'работодатель', 'полный', 'социальный', 'пакет', 'отпуск', 'летний', 'время']"
126577238,Тестировщик ПО,inline telecom solutions специализировать системный интегратор решение телекоммуникационный компания делать комплексный проект ключ российский оператор связь корпоративный заказчик являться эксперт область построение сетевой инфраструктура информационный безопасность система хранение обработка данные разработка программный обеспечение среди наш постоянный клиент ростелеком мтс вымпелком мегафон тело сбербанк многие другой предстоять тестировать back end front end воспроизводить ошибка возникнуть заказчик взаимодействовать команда разработчик описывать ошибка bug tracking система использовать gitlab разрабатывать автотест использовать python pytest robot framework seleniumlibrary поддерживать инфраструктура тестирование приложение уровень gitlab docker kubernetes требование уверенный знание linux опыт работа командный строка опыт программирование знание python опыт работа фреймворк автоматизация тестирование robot framework pytest владение sql запрос знание реляционный уровень понимание основный сущность опыт работа git базовый понимание принцип работа сеть протокол tcp http умение читать документация английский язык опыт работа тестирование год умение работать команда условие интересный проект крупный клиент возможность получить разносторонний опыт повысить свой уровень позитивный рабочий атмосфера полностью белый заработный плата гибридный рабочий график офис удалёнка первый месяц вхождение должность необходимо работать офис день неделя далее договорённость современный офис минута пешком марьин роща оплачивать отпуск календарный день персональный день дмс неделя начало работа компания оплачивать больничный лист,Inline Telecom Solutions,140000.0,170000.0,RUR,От 3 до 6 лет,Полная занятость,"['inline', 'telecom', 'solutions', 'специализировать', 'системный', 'интегратор', 'решение', 'телекоммуникационный', 'компания', 'делать', 'комплексный', 'проект', 'ключ', 'российский', 'оператор', 'связь', 'корпоративный', 'заказчик', 'являться', 'эксперт', 'область', 'построение', 'сетевой', 'инфраструктура', 'информационный', 'безопасность', 'система', 'хранение', 'обработка', 'данные', 'разработка', 'программный', 'обеспечение', 'среди', 'наш', 'постоянный', 'клиент', 'ростелеком', 'мтс', 'вымпелком', 'мегафон', 'тело', 'сбербанк', 'многие', 'другой', 'предстоять', 'тестировать', 'back', 'end', 'front', 'end', 'воспроизводить', 'ошибка', 'возникнуть', 'заказчик', 'взаимодействовать', 'команда', 'разработчик', 'описывать', 'ошибка', 'bug', 'tracking', 'система', 'использовать', 'gitlab', 'разрабатывать', 'автотест', 'использовать', 'python', 'pytest', 'robot', 'framework', 'seleniumlibrary', 'поддерживать', 'инфраструктура', 'тестирование', 'приложение', 'уровень', 'gitlab', 'docker', 'kubernetes', 'требование', 'уверенный', 'знание', 'linux', 'опыт', 'работа', 'командный', 'строка', 'опыт', 'программирование', 'знание', 'python', 'опыт', 'работа', 'фреймворк', 'автоматизация', 'тестирование', 'robot', 'framework', 'pytest', 'владение', 'sql', 'запрос', 'знание', 'реляционный', 'уровень', 'понимание', 'основный', 'сущность', 'опыт', 'работа', 'git', 'базовый', 'понимание', 'принцип', 'работа', 'сеть', 'протокол', 'tcp', 'http', 'умение', 'читать', 'документация', 'английский', 'язык', 'опыт', 'работа', 'тестирование', 'год', 'умение', 'работать', 'команда', 'условие', 'интересный', 'проект', 'крупный', 'клиент', 'возможность', 'получить', 'разносторонний', 'опыт', 'повысить', 'свой', 'уровень', 'позитивный', 'рабочий', 'атмосфера', 'полностью', 'белый', 'заработный', 'плата', 'гибридный', 'рабочий', 'график', 'офис', 'удалёнка', 'первый', 'месяц', 'вхождение', 'должность', 'необходимо', 'работать', 'офис', 'день', 'неделя', 'далее', 'договорённость', 'современный', 'офис', 'минута', 'пешком', 'марьин', 'роща', 'оплачивать', 'отпуск', 'календарный', 'день', 'персональный', 'день', 'дмс', 'неделя', 'начало', 'работа', 'компания', 'оплачивать', 'больничный', 'лист']"
126879771,Тестировщик ПО (QA Engineer),ооо нетопий это аккредитовать компания который заниматься разработка платформа сетевой безопасность наш заказчик крупный организация федеральный масштаб иметь разветвить сеть поэтому искать специалист который любить сложный задача готовый погрузиться тематика являться резидент сколково наш решение зарегистрировать реестр отечественный обязанность проводить функциональный регрессионный smoke тестирование веб приложение составлять поддерживать тестовый документация тест кейс чек лист баг репорт тестировать api использование специализированный инструмент число postman активно участвовать проектирование планирование процесс тестирование тесно взаимодействовать команда разработка аналитик менеджмент участвовать матчинга баг верификация исправление работать требование анализировать полнота тестопригодность требование опыт коммерческий тестирование год уверенный знание теория тестирование вид уровень метод техника тест дизайн опыт составление тест кейс чек лист умение чётко грамотно описывать дефект навык написание баг репорт опыт работа система управление тестирование testy allure баг трекер jira понимание клиент серверный архитектура основа http https базовый знание git плюс опыт автоматизация тестирование python знание фреймворк selenium pytest знание основа нефункциональный тестирование производительность безопасность юзабилить опыт работа рамка гибкий методология разработка scrum kanban английский язык уровень pre intermediate выше чтение технический документация личный качество который ценить аналитический склад ум внимательность деталь системный мышление умение видеть картина целое навык эффективный коммуникация умение аргументировать позиция ответственность инициативность нацеленность результат способность работать команда самостоятельно условие работа аккредитовать компания резидент сколково работа гибридный графика возможность работать молодой команда который готовый свернуть гора возможность погрузиться передовой технология сетевой мониторинг система внутренний обучение развитие курс тренинг вебинар база знание достойный зарплата обсудить собеседование,Нетопия,100000.0,150000.0,RUR,От 1 года до 3 лет,Полная занятость,"['ооо', 'нетопий', 'это', 'аккредитовать', 'компания', 'который', 'заниматься', 'разработка', 'платформа', 'сетевой', 'безопасность', 'наш', 'заказчик', 'крупный', 'организация', 'федеральный', 'масштаб', 'иметь', 'разветвить', 'сеть', 'поэтому', 'искать', 'специалист', 'который', 'любить', 'сложный', 'задача', 'готовый', 'погрузиться', 'тематика', 'являться', 'резидент', 'сколково', 'наш', 'решение', 'зарегистрировать', 'реестр', 'отечественный', 'обязанность', 'проводить', 'функциональный', 'регрессионный', 'smoke', 'тестирование', 'веб', 'приложение', 'составлять', 'поддерживать', 'тестовый', 'документация', 'тест', 'кейс', 'чек', 'лист', 'баг', 'репорт', 'тестировать', 'api', 'использование', 'специализированный', 'инструмент', 'число', 'postman', 'активно', 'участвовать', 'проектирование', 'планирование', 'процесс', 'тестирование', 'тесно', 'взаимодействовать', 'команда', 'разработка', 'аналитик', 'менеджмент', 'участвовать', 'матчинга', 'баг', 'верификация', 'исправление', 'работать', 'требование', 'анализировать', 'полнота', 'тестопригодность', 'требование', 'опыт', 'коммерческий', 'тестирование', 'год', 'уверенный', 'знание', 'теория', 'тестирование', 'вид', 'уровень', 'метод', 'техника', 'тест', 'дизайн', 'опыт', 'составление', 'тест', 'кейс', 'чек', 'лист', 'умение', 'чётко', 'грамотно', 'описывать', 'дефект', 'навык', 'написание', 'баг', 'репорт', 'опыт', 'работа', 'система', 'управление', 'тестирование', 'testy', 'allure', 'баг', 'трекер', 'jira', 'понимание', 'клиент', 'серверный', 'архитектура', 'основа', 'http', 'https', 'базовый', 'знание', 'git', 'плюс', 'опыт', 'автоматизация', 'тестирование', 'python', 'знание', 'фреймворк', 'selenium', 'pytest', 'знание', 'основа', 'нефункциональный', 'тестирование', 'производительность', 'безопасность', 'юзабилить', 'опыт', 'работа', 'рамка', 'гибкий', 'методология', 'разработка', 'scrum', 'kanban', 'английский', 'язык', 'уровень', 'pre', 'intermediate', 'выше', 'чтение', 'технический', 'документация', 'личный', 'качество', 'который', 'ценить', 'аналитический', 'склад', 'ум', 'внимательность', 'деталь', 'системный', 'мышление', 'умение', 'видеть', 'картина', 'целое', 'навык', 'эффективный', 'коммуникация', 'умение', 'аргументировать', 'позиция', 'ответственность', 'инициативность', 'нацеленность', 'результат', 'способность', 'работать', 'команда', 'самостоятельно', 'условие', 'работа', 'аккредитовать', 'компания', 'резидент', 'сколково', 'работа', 'гибридный', 'графика', 'возможность', 'работать', 'молодой', 'команда', 'который', 'готовый', 'свернуть', 'гора', 'возможность', 'погрузиться', 'передовой', 'технология', 'сетевой', 'мониторинг', 'система', 'внутренний', 'обучение', 'развитие', 'курс', 'тренинг', 'вебинар', 'база', 'знание', 'достойный', 'зарплата', 'обсудить', 'собеседование']"
126975985,Разработчик программ,quot quot корвет quot основать год сегодня предприятие проектировать производить высококачественный нефтегазовый оборудование фонтанный трубопроводный арматура манифольд гидравлический система управление соответствовать российский международный стандарт компания предлагать серийный индивидуальный решение ориентировать потребность заказчик связь расширение штат искать кандидат вакансия разработчик программа образование опыт высокий технический образование информационный технология прикладной математик программный инженерия опыт работа реляционный субд postgresql microsoft sql server год опыт разработка оптимизация sql запрос представление хранить процедура функция триггер опыт анализ оптимизация производительность индексация план выполнение запрос профилирование опыт работа больший объём данные сложный структура технический навык уверенный знание sql знание pgsql sql понимание принцип нормализация транзакционность целостность данные опыт интеграция внешний система приложение владение один несколько язык высокий уровень программирование например java python опыт работа система контроль версия git опыт работа среда linux windows личный качество умение работать команда эффективно работать развиваться создать следующий условие комфортный рабочий место офис адрес курган буров петров рядом предприятие остановка общественный транспорт больший парковка личный автотранспорт велосипед официальный трудоустройство гарантия компенсация трудовой кодекс оплачивать отпуск больничный quot белый quot заработный плата размер который готовый обсуждать индивидуально каждый кандидат зависимость ваш компетенция оклад ежемесячный премия своевременный выплата раз месяц число перевод карта либо наличные касса предприятие график работа выходной день согласование руководитель возможно изменение графика работа гибкий график желание работник оплачивать подработка заботиться здоровье наш сотрудник поэтому работник предусмотреть высококачественный питание столовый средний чек комплексный обед около рубль территория предприятие кофейный автомат буфет водомат чистый питьевой вода также отдел оборудовать место отдых чайный пауза технологический перерыв территория предприятие иметься фельдшерский здравпункт предусмотреть ежегодный прохождение медицинский осмотр флюорографический обследование работник предоставляться корпоративный скидка оздоровление уникальный восстановительный комплекс травматология ортопедия quot доктор очеретина ариадна quot спортивный клуб regym курган проводить спортивный культурный мероприятие работник член семья понравиться вакансия хотеть стать часть наш дружный команда отправлять отклик обязательно связаться вы обсудить деталь,"Корвет, Акционерная компания",350000.0,350000.0,RUR,От 3 до 6 лет,Полная занятость,"['quot', 'quot', 'корвет', 'quot', 'основать', 'год', 'сегодня', 'предприятие', 'проектировать', 'производить', 'высококачественный', 'нефтегазовый', 'оборудование', 'фонтанный', 'трубопроводный', 'арматура', 'манифольд', 'гидравлический', 'система', 'управление', 'соответствовать', 'российский', 'международный', 'стандарт', 'компания', 'предлагать', 'серийный', 'индивидуальный', 'решение', 'ориентировать', 'потребность', 'заказчик', 'связь', 'расширение', 'штат', 'искать', 'кандидат', 'вакансия', 'разработчик', 'программа', 'образование', 'опыт', 'высокий', 'технический', 'образование', 'информационный', 'технология', 'прикладной', 'математик', 'программный', 'инженерия', 'опыт', 'работа', 'реляционный', 'субд', 'postgresql', 'microsoft', 'sql', 'server', 'год', 'опыт', 'разработка', 'оптимизация', 'sql', 'запрос', 'представление', 'хранить', 'процедура', 'функция', 'триггер', 'опыт', 'анализ', 'оптимизация', 'производительность', 'индексация', 'план', 'выполнение', 'запрос', 'профилирование', 'опыт', 'работа', 'больший', 'объём', 'данные', 'сложный', 'структура', 'технический', 'навык', 'уверенный', 'знание', 'sql', 'знание', 'pgsql', 'sql', 'понимание', 'принцип', 'нормализация', 'транзакционность', 'целостность', 'данные', 'опыт', 'интеграция', 'внешний', 'система', 'приложение', 'владение', 'один', 'несколько', 'язык', 'высокий', 'уровень', 'программирование', 'например', 'java', 'python', 'опыт', 'работа', 'система', 'контроль', 'версия', 'git', 'опыт', 'работа', 'среда', 'linux', 'windows', 'личный', 'качество', 'умение', 'работать', 'команда', 'эффективно', 'работать', 'развиваться', 'создать', 'следующий', 'условие', 'комфортный', 'рабочий', 'место', 'офис', 'адрес', 'курган', 'буров', 'петров', 'рядом', 'предприятие', 'остановка', 'общественный', 'транспорт', 'больший', 'парковка', 'личный', 'автотранспорт', 'велосипед', 'официальный', 'трудоустройство', 'гарантия', 'компенсация', 'трудовой', 'кодекс', 'оплачивать', 'отпуск', 'больничный', 'quot', 'белый', 'quot', 'заработный', 'плата', 'размер', 'который', 'готовый', 'обсуждать', 'индивидуально', 'каждый', 'кандидат', 'зависимость', 'ваш', 'компетенция', 'оклад', 'ежемесячный', 'премия', 'своевременный', 'выплата', 'раз', 'месяц', 'число', 'перевод', 'карта', 'либо', 'наличные', 'касса', 'предприятие', 'график', 'работа', 'выходной', 'день', 'согласование', 'руководитель', 'возможно', 'изменение', 'графика', 'работа', 'гибкий', 'график', 'желание', 'работник', 'оплачивать', 'подработка', 'заботиться', 'здоровье', 'наш', 'сотрудник', 'поэтому', 'работник', 'предусмотреть', 'высококачественный', 'питание', 'столовый', 'средний', 'чек', 'комплексный', 'обед', 'около', 'рубль', 'территория', 'предприятие', 'кофейный', 'автомат', 'буфет', 'водомат', 'чистый', 'питьевой', 'вода', 'также', 'отдел', 'оборудовать', 'место', 'отдых', 'чайный', 'пауза', 'технологический', 'перерыв', 'территория', 'предприятие', 'иметься', 'фельдшерский', 'здравпункт', 'предусмотреть', 'ежегодный', 'прохождение', 'медицинский', 'осмотр', 'флюорографический', 'обследование', 'работник', 'предоставляться', 'корпоративный', 'скидка', 'оздоровление', 'уникальный', 'восстановительный', 'комплекс', 'травматология', 'ортопедия', 'quot', 'доктор', 'очеретина', 'ариадна', 'quot', 'спортивный', 'клуб', 'regym', 'курган', 'проводить', 'спортивный', 'культурный', 'мероприятие', 'работник', 'член', 'семья', 'понравиться', 'вакансия', 'хотеть', 'стать', 'часть', 'наш', 'дружный', 'команда', 'отправлять', 'отклик', 'обязательно', 'связаться', 'вы', 'обсудить', 'деталь']"
127007076,Python-разработчик (FastAPI),компания привет crt компания летний опыт разработка понятный процесс профессиональный менеджмент специализироваться коммерческий редкий технология базироваться столица сибирь город тюмень компания ооо креатив внести реестр аккредитовать организация осуществлять деятельность область информационный технология год просьба прикладывать сопроводительный письмо предстоять заниматься разрабатывать поддерживать веб сервис python основной стек fastapi pydantic pytest docker участвовать проектирование архитектурный решение разработка микросервис интегрировать сторонний сервис компонент оптимизировать взаимодействие они писать тест следить качество читаемость код линтер ruff аналог работать контейнеризация среда внедрять экспериментировать новый технология направление ждать кандидат опыт коммерческий разработка python год отличный понимание принцип python стандартный библиотека особенность cpython опыт разработка веб сервис использование fastapi уверенный владение docker работа linux окружение понимание принцип микросервисный архитектура базовый знание сеть информационный безопасность умение быстро осваивать новый технология интерес сфера ответственность самооценка свой сила соблюдение срок мотивация ориентация результат плюс опыт kafka redis clickhouse temporal langchain mcp faststream qdrant bazel белый зарплата официальный трудоустройство аккредитовать компания интересный проект амбициозный задача формат работа офис гибрид тюмень просторный офис круговой веранда удалёнка внутренний обучение оцифровка скиллов митапа техлида crt лекция пригласить эксперт команда неравнодушный коллега руководство который реферальный программа щедро премировать привлечение компания новый сотрудник насыщенный корпоративный жизнь выезжать природа устраивать праздник календарь настроение собирать клуб интерес,CRT,160000.0,,RUR,От 3 до 6 лет,Полная занятость,"['компания', 'привет', 'crt', 'компания', 'летний', 'опыт', 'разработка', 'понятный', 'процесс', 'профессиональный', 'менеджмент', 'специализироваться', 'коммерческий', 'редкий', 'технология', 'базироваться', 'столица', 'сибирь', 'город', 'тюмень', 'компания', 'ооо', 'креатив', 'внести', 'реестр', 'аккредитовать', 'организация', 'осуществлять', 'деятельность', 'область', 'информационный', 'технология', 'год', 'просьба', 'прикладывать', 'сопроводительный', 'письмо', 'предстоять', 'заниматься', 'разрабатывать', 'поддерживать', 'веб', 'сервис', 'python', 'основной', 'стек', 'fastapi', 'pydantic', 'pytest', 'docker', 'участвовать', 'проектирование', 'архитектурный', 'решение', 'разработка', 'микросервис', 'интегрировать', 'сторонний', 'сервис', 'компонент', 'оптимизировать', 'взаимодействие', 'они', 'писать', 'тест', 'следить', 'качество', 'читаемость', 'код', 'линтер', 'ruff', 'аналог', 'работать', 'контейнеризация', 'среда', 'внедрять', 'экспериментировать', 'новый', 'технология', 'направление', 'ждать', 'кандидат', 'опыт', 'коммерческий', 'разработка', 'python', 'год', 'отличный', 'понимание', 'принцип', 'python', 'стандартный', 'библиотека', 'особенность', 'cpython', 'опыт', 'разработка', 'веб', 'сервис', 'использование', 'fastapi', 'уверенный', 'владение', 'docker', 'работа', 'linux', 'окружение', 'понимание', 'принцип', 'микросервисный', 'архитектура', 'базовый', 'знание', 'сеть', 'информационный', 'безопасность', 'умение', 'быстро', 'осваивать', 'новый', 'технология', 'интерес', 'сфера', 'ответственность', 'самооценка', 'свой', 'сила', 'соблюдение', 'срок', 'мотивация', 'ориентация', 'результат', 'плюс', 'опыт', 'kafka', 'redis', 'clickhouse', 'temporal', 'langchain', 'mcp', 'faststream', 'qdrant', 'bazel', 'белый', 'зарплата', 'официальный', 'трудоустройство', 'аккредитовать', 'компания', 'интересный', 'проект', 'амбициозный', 'задача', 'формат', 'работа', 'офис', 'гибрид', 'тюмень', 'просторный', 'офис', 'круговой', 'веранда', 'удалёнка', 'внутренний', 'обучение', 'оцифровка', 'скиллов', 'митапа', 'техлида', 'crt', 'лекция', 'пригласить', 'эксперт', 'команда', 'неравнодушный', 'коллега', 'руководство', 'который', 'реферальный', 'программа', 'щедро', 'премировать', 'привлечение', 'компания', 'новый', 'сотрудник', 'насыщенный', 'корпоративный', 'жизнь', 'выезжать', 'природа', 'устраивать', 'праздник', 'календарь', 'настроение', 'собирать', 'клуб', 'интерес']"
127045002,Junior Web-разработчик / Fullstack-разработчик,весь привет связь рекрутинговый агентство quot the one quot искать находить тот самый человек высокотехнологичный сфера приборостроение также био нанотехнология кто кто искать поиск junior web разработчик наш заказчик аккредитовать компания ведущий эксперт многолетний опыт разработка передовой технология решение сфера больший данные машинный обучение глубинный обучение обработка естественный язык другой технология область искусственный интеллект команда быть рада человек который хотеть профессионально развиваться углублять свой знание также способный открыто ясно выражать свой мысль идея предстоять заниматься продолжение разработка поддержка существующий пилотный проект работа чужой кодовый база документация разработка новый пилотный проект искусственный интеллект архитектура реализация деплый число использование инструмент сборка развёртывание проект сервер тестирование пользователь участие исследование новый технология внедрение ожидать кандидат готовый рассмотреть кандидат коммерческий опыт учебный pet проект базовый навык программирование python понимание клиент серверный архитектура знание html css javascript навык деплоить администрирование базовый понимание опыт использование docker опыт работа linux сервер навык работа nginx знание git опыт сборка проект использование инструмент cursor claude code обязательно плюс окончить высокий технический образование знание python фреймворк django fastapi знание фронтенд фреймворк навык работа low code платформа частность предлагаться взамен оформление аккредитовать компания дмс стоматология испытательный срок программа поддержка ментальный здоровье работа комфортный офис возможный гибридный формат месяц работа индивидуальный план развитие новопришедший сотрудник подробность вакансия дополнительный информация компания быть рада рассказать отклик удовольствие ответить ваш вопрос задать свой очень ждать сопроводительный письмо указать пожалуйста подходить предложить формат работа локация офис,Рекрутинговое агентство The One,70000.0,100000.0,RUR,Нет опыта,Полная занятость,"['весь', 'привет', 'связь', 'рекрутинговый', 'агентство', 'quot', 'the', 'one', 'quot', 'искать', 'находить', 'тот', 'самый', 'человек', 'высокотехнологичный', 'сфера', 'приборостроение', 'также', 'био', 'нанотехнология', 'кто', 'кто', 'искать', 'поиск', 'junior', 'web', 'разработчик', 'наш', 'заказчик', 'аккредитовать', 'компания', 'ведущий', 'эксперт', 'многолетний', 'опыт', 'разработка', 'передовой', 'технология', 'решение', 'сфера', 'больший', 'данные', 'машинный', 'обучение', 'глубинный', 'обучение', 'обработка', 'естественный', 'язык', 'другой', 'технология', 'область', 'искусственный', 'интеллект', 'команда', 'быть', 'рада', 'человек', 'который', 'хотеть', 'профессионально', 'развиваться', 'углублять', 'свой', 'знание', 'также', 'способный', 'открыто', 'ясно', 'выражать', 'свой', 'мысль', 'идея', 'предстоять', 'заниматься', 'продолжение', 'разработка', 'поддержка', 'существующий', 'пилотный', 'проект', 'работа', 'чужой', 'кодовый', 'база', 'документация', 'разработка', 'новый', 'пилотный', 'проект', 'искусственный', 'интеллект', 'архитектура', 'реализация', 'деплый', 'число', 'использование', 'инструмент', 'сборка', 'развёртывание', 'проект', 'сервер', 'тестирование', 'пользователь', 'участие', 'исследование', 'новый', 'технология', 'внедрение', 'ожидать', 'кандидат', 'готовый', 'рассмотреть', 'кандидат', 'коммерческий', 'опыт', 'учебный', 'pet', 'проект', 'базовый', 'навык', 'программирование', 'python', 'понимание', 'клиент', 'серверный', 'архитектура', 'знание', 'html', 'css', 'javascript', 'навык', 'деплоить', 'администрирование', 'базовый', 'понимание', 'опыт', 'использование', 'docker', 'опыт', 'работа', 'linux', 'сервер', 'навык', 'работа', 'nginx', 'знание', 'git', 'опыт', 'сборка', 'проект', 'использование', 'инструмент', 'cursor', 'claude', 'code', 'обязательно', 'плюс', 'окончить', 'высокий', 'технический', 'образование', 'знание', 'python', 'фреймворк', 'django', 'fastapi', 'знание', 'фронтенд', 'фреймворк', 'навык', 'работа', 'low', 'code', 'платформа', 'частность', 'предлагаться', 'взамен', 'оформление', 'аккредитовать', 'компания', 'дмс', 'стоматология', 'испытательный', 'срок', 'программа', 'поддержка', 'ментальный', 'здоровье', 'работа', 'комфортный', 'офис', 'возможный', 'гибридный', 'формат', 'месяц', 'работа', 'индивидуальный', 'план', 'развитие', 'новопришедший', 'сотрудник', 'подробность', 'вакансия', 'дополнительный', 'информация', 'компания', 'быть', 'рада', 'рассказать', 'отклик', 'удовольствие', 'ответить', 'ваш', 'вопрос', 'задать', 'свой', 'очень', 'ждать', 'сопроводительный', 'письмо', 'указать', 'пожалуйста', 'подходить', 'предложить', 'формат', 'работа', 'локация', 'офис']"
126260776,Python-разработчик (Python-developer),начинающий python разработчик который хотеть расти решать интересный задача этот позиция искать человек стремиться профессиональный развитие готовый совершенствовать свой навык реальный проект бигтех ритейл крупный маркетплейс россия готовый вложить твой обучение всё необходимый знание ресурс время наш цель помочь ты быстро освоить профессия изучить ключевой технология стать уверенный специалист первый этап ждать тестовый задание собеседование это позволить оценить твой навык уверенность работа материал успешный прохождение оба этап предусмотреть неоплачиваемый стажировка месяц гарантировать трудоустройство зарплата тыс руб рука требоваться уверенный навык написание код python знание rest api один популярный веб фреймворк django fastapi опыт работа реляционный база данные умение писать sql запрос использовать orm навык работа git навык работа linux понимание очередь брокер сообщение назначение знание контейнеризация умение упаковать приложение docker плюс навык асинхронный программирование участие различный некоммерческий проект знание инфраструктура веб приложение навык развёртывание сервер предлагать удалённый работа рабочий неделя удобный система постановка контроль задача agile scrum интересный проект карьерный профессиональный рост зарплата обсуждаться индивидуально каждый кандидат ждать твой отклик готовый испытать,Workmate,70000.0,,RUR,Нет опыта,Полная занятость,"['начинающий', 'python', 'разработчик', 'который', 'хотеть', 'расти', 'решать', 'интересный', 'задача', 'этот', 'позиция', 'искать', 'человек', 'стремиться', 'профессиональный', 'развитие', 'готовый', 'совершенствовать', 'свой', 'навык', 'реальный', 'проект', 'бигтех', 'ритейл', 'крупный', 'маркетплейс', 'россия', 'готовый', 'вложить', 'твой', 'обучение', 'всё', 'необходимый', 'знание', 'ресурс', 'время', 'наш', 'цель', 'помочь', 'ты', 'быстро', 'освоить', 'профессия', 'изучить', 'ключевой', 'технология', 'стать', 'уверенный', 'специалист', 'первый', 'этап', 'ждать', 'тестовый', 'задание', 'собеседование', 'это', 'позволить', 'оценить', 'твой', 'навык', 'уверенность', 'работа', 'материал', 'успешный', 'прохождение', 'оба', 'этап', 'предусмотреть', 'неоплачиваемый', 'стажировка', 'месяц', 'гарантировать', 'трудоустройство', 'зарплата', 'тыс', 'руб', 'рука', 'требоваться', 'уверенный', 'навык', 'написание', 'код', 'python', 'знание', 'rest', 'api', 'один', 'популярный', 'веб', 'фреймворк', 'django', 'fastapi', 'опыт', 'работа', 'реляционный', 'база', 'данные', 'умение', 'писать', 'sql', 'запрос', 'использовать', 'orm', 'навык', 'работа', 'git', 'навык', 'работа', 'linux', 'понимание', 'очередь', 'брокер', 'сообщение', 'назначение', 'знание', 'контейнеризация', 'умение', 'упаковать', 'приложение', 'docker', 'плюс', 'навык', 'асинхронный', 'программирование', 'участие', 'различный', 'некоммерческий', 'проект', 'знание', 'инфраструктура', 'веб', 'приложение', 'навык', 'развёртывание', 'сервер', 'предлагать', 'удалённый', 'работа', 'рабочий', 'неделя', 'удобный', 'система', 'постановка', 'контроль', 'задача', 'agile', 'scrum', 'интересный', 'проект', 'карьерный', 'профессиональный', 'рост', 'зарплата', 'обсуждаться', 'индивидуально', 'каждый', 'кандидат', 'ждать', 'твой', 'отклик', 'готовый', 'испытать']"
127076693,Junior DevOps Engineer,rubbles создавать решение база анализ данные искусственный интеллект оптимизация технологический бизнес процесс такой система предсказание спрос товар ритейль рекомендательный система банк цифровой двойник система поддержка принятие решение производство многое другой алгоритм rubbles ежедневно улучшать работа крупный банк ритейл сеть нефтегазовый компания другой предприятие искать junior devops engineer который готовый развиваться команда расти вместе наш решение помогать построение поддержка инфраструктура проект крупный клиент наш стек kubernetes docker compose terraform ansible argocd gitlab keycloak clickhouse postgresql kafka airflow spark victoriametrics loki пример задача описать ansible первоначальный настройка хост настроить процесс сборка публикация образ развернуть окружение помощь terraform настроить дашборд мониторинг clickhouse установить сконфигурировать компонент инфраструктура clickhouse kafka ждать начальный опыт работа devops начальный опыт работа системный администратор linux уверенный знание linux администрирование сеть systemd bash база никуда опыт работа любой инструмент желательно gitlab опыт работа docker базовый понимание сущность kubernetes опыт настройка система мониторинг логирование prometheus стек понимание принцип gitops умение желание разбираться незнакомый технология энтузиазм здравый смысл плюс навык программирование bash python опыт работа ansible terraform helm опыт работа argo стек опыт взаимодействие kafka clickhouse airflow postgresql наставничество отзывчивый опытный инженер доступ реальный инфраструктура задача вырост участие развитие компания работать перспективный рынок возможность работать современный технологический стек адекватный devops культура поддержка профессиональный карьерный рост оплата профильный обучение конференция книга дмс стоматология испытательный срок месяц весь россия гибридный удалённый формат работа аккредитовать компания весь вытекать льгота,Rubbles,,200000.0,RUR,От 1 года до 3 лет,Полная занятость,"['rubbles', 'создавать', 'решение', 'база', 'анализ', 'данные', 'искусственный', 'интеллект', 'оптимизация', 'технологический', 'бизнес', 'процесс', 'такой', 'система', 'предсказание', 'спрос', 'товар', 'ритейль', 'рекомендательный', 'система', 'банк', 'цифровой', 'двойник', 'система', 'поддержка', 'принятие', 'решение', 'производство', 'многое', 'другой', 'алгоритм', 'rubbles', 'ежедневно', 'улучшать', 'работа', 'крупный', 'банк', 'ритейл', 'сеть', 'нефтегазовый', 'компания', 'другой', 'предприятие', 'искать', 'junior', 'devops', 'engineer', 'который', 'готовый', 'развиваться', 'команда', 'расти', 'вместе', 'наш', 'решение', 'помогать', 'построение', 'поддержка', 'инфраструктура', 'проект', 'крупный', 'клиент', 'наш', 'стек', 'kubernetes', 'docker', 'compose', 'terraform', 'ansible', 'argocd', 'gitlab', 'keycloak', 'clickhouse', 'postgresql', 'kafka', 'airflow', 'spark', 'victoriametrics', 'loki', 'пример', 'задача', 'описать', 'ansible', 'первоначальный', 'настройка', 'хост', 'настроить', 'процесс', 'сборка', 'публикация', 'образ', 'развернуть', 'окружение', 'помощь', 'terraform', 'настроить', 'дашборд', 'мониторинг', 'clickhouse', 'установить', 'сконфигурировать', 'компонент', 'инфраструктура', 'clickhouse', 'kafka', 'ждать', 'начальный', 'опыт', 'работа', 'devops', 'начальный', 'опыт', 'работа', 'системный', 'администратор', 'linux', 'уверенный', 'знание', 'linux', 'администрирование', 'сеть', 'systemd', 'bash', 'база', 'никуда', 'опыт', 'работа', 'любой', 'инструмент', 'желательно', 'gitlab', 'опыт', 'работа', 'docker', 'базовый', 'понимание', 'сущность', 'kubernetes', 'опыт', 'настройка', 'система', 'мониторинг', 'логирование', 'prometheus', 'стек', 'понимание', 'принцип', 'gitops', 'умение', 'желание', 'разбираться', 'незнакомый', 'технология', 'энтузиазм', 'здравый', 'смысл', 'плюс', 'навык', 'программирование', 'bash', 'python', 'опыт', 'работа', 'ansible', 'terraform', 'helm', 'опыт', 'работа', 'argo', 'стек', 'опыт', 'взаимодействие', 'kafka', 'clickhouse', 'airflow', 'postgresql', 'наставничество', 'отзывчивый', 'опытный', 'инженер', 'доступ', 'реальный', 'инфраструктура', 'задача', 'вырост', 'участие', 'развитие', 'компания', 'работать', 'перспективный', 'рынок', 'возможность', 'работать', 'современный', 'технологический', 'стек', 'адекватный', 'devops', 'культура', 'поддержка', 'профессиональный', 'карьерный', 'рост', 'оплата', 'профильный', 'обучение', 'конференция', 'книга', 'дмс', 'стоматология', 'испытательный', 'срок', 'месяц', 'весь', 'россия', 'гибридный', 'удалённый', 'формат', 'работа', 'аккредитовать', 'компания', 'весь', 'вытекать', 'льгота']"
126896019,Frontend-разработчик typescript,frontend разработчик typescript строго опыт увлечь создание интерактивный визуально привлекательный веб приложение хотеть работать динамичный инновационный сфера igaming этот вакансия обязанность разработка поддержка пользовательский интерфейс веб приложение взаимодействие дизайнер реализация креативный решение оптимизация производительность фронтенд часть приложение интеграция бэкенд сервис api участие код ревить обеспечение высокий качество код требование опыт работа год разработка фронтенд приложение отличный знание html css javascript опыт работа современный фреймворк понимание принцип адаптивный кроссбраузерный вёрстка умение работать система контроль версия git навык работа команда желание развиваться сфера igaming условие преимущество полный занятость график удалённый работа гибкий начало рабочий день возможность профессиональный рост обучение работа команда профессионал увлечь свой дело компания команда который стремиться инновация качество сфера igaming ценить креативность инициативность стремление совершенство присоединяться мы стать часть захватывать мир igaming,ОМК,350000.0,,RUR,Более 6 лет,Полная занятость,"['frontend', 'разработчик', 'typescript', 'строго', 'опыт', 'увлечь', 'создание', 'интерактивный', 'визуально', 'привлекательный', 'веб', 'приложение', 'хотеть', 'работать', 'динамичный', 'инновационный', 'сфера', 'igaming', 'этот', 'вакансия', 'обязанность', 'разработка', 'поддержка', 'пользовательский', 'интерфейс', 'веб', 'приложение', 'взаимодействие', 'дизайнер', 'реализация', 'креативный', 'решение', 'оптимизация', 'производительность', 'фронтенд', 'часть', 'приложение', 'интеграция', 'бэкенд', 'сервис', 'api', 'участие', 'код', 'ревить', 'обеспечение', 'высокий', 'качество', 'код', 'требование', 'опыт', 'работа', 'год', 'разработка', 'фронтенд', 'приложение', 'отличный', 'знание', 'html', 'css', 'javascript', 'опыт', 'работа', 'современный', 'фреймворк', 'понимание', 'принцип', 'адаптивный', 'кроссбраузерный', 'вёрстка', 'умение', 'работать', 'система', 'контроль', 'версия', 'git', 'навык', 'работа', 'команда', 'желание', 'развиваться', 'сфера', 'igaming', 'условие', 'преимущество', 'полный', 'занятость', 'график', 'удалённый', 'работа', 'гибкий', 'начало', 'рабочий', 'день', 'возможность', 'профессиональный', 'рост', 'обучение', 'работа', 'команда', 'профессионал', 'увлечь', 'свой', 'дело', 'компания', 'команда', 'который', 'стремиться', 'инновация', 'качество', 'сфера', 'igaming', 'ценить', 'креативность', 'инициативность', 'стремление', 'совершенство', 'присоединяться', 'мы', 'стать', 'часть', 'захватывать', 'мир', 'igaming']"
126687782,Младший аналитик данных,обязанность поддержка бизнес подразделение аналитический данные отчёт подготовка проверка массив данные разный источник разработка автоматизация регулярный отчёт python sql excel оптимизация сопровождение существующий отчётный форма участие развитие аналитический инфраструктура компания etl отчёт улучшение качество данные требование уверенный владение sql postgresql sql server написание оптимизация запрос объединение агрегация работа cte подзапрос знание python библиотека pandas анализ трансформация данные опыт работа excel понимание принцип работа больший объём данные внимательность деталь аккуратность работа цифра плюс навык работа инструмент datalens superset опыт автоматизация отчётность построение etl процесс python базовый знание статистика визуализация данные условие официальный оформление компания аккредитовать минцифра офис недалеко метро киевский график работа офис дружный команда аналитик разработчик открытый обучение обмен опыт возможность профессиональный рост аналитика дата инженер,МКК Финмолл,90000.0,,RUR,Нет опыта,Полная занятость,"['обязанность', 'поддержка', 'бизнес', 'подразделение', 'аналитический', 'данные', 'отчёт', 'подготовка', 'проверка', 'массив', 'данные', 'разный', 'источник', 'разработка', 'автоматизация', 'регулярный', 'отчёт', 'python', 'sql', 'excel', 'оптимизация', 'сопровождение', 'существующий', 'отчётный', 'форма', 'участие', 'развитие', 'аналитический', 'инфраструктура', 'компания', 'etl', 'отчёт', 'улучшение', 'качество', 'данные', 'требование', 'уверенный', 'владение', 'sql', 'postgresql', 'sql', 'server', 'написание', 'оптимизация', 'запрос', 'объединение', 'агрегация', 'работа', 'cte', 'подзапрос', 'знание', 'python', 'библиотека', 'pandas', 'анализ', 'трансформация', 'данные', 'опыт', 'работа', 'excel', 'понимание', 'принцип', 'работа', 'больший', 'объём', 'данные', 'внимательность', 'деталь', 'аккуратность', 'работа', 'цифра', 'плюс', 'навык', 'работа', 'инструмент', 'datalens', 'superset', 'опыт', 'автоматизация', 'отчётность', 'построение', 'etl', 'процесс', 'python', 'базовый', 'знание', 'статистика', 'визуализация', 'данные', 'условие', 'официальный', 'оформление', 'компания', 'аккредитовать', 'минцифра', 'офис', 'недалеко', 'метро', 'киевский', 'график', 'работа', 'офис', 'дружный', 'команда', 'аналитик', 'разработчик', 'открытый', 'обучение', 'обмен', 'опыт', 'возможность', 'профессиональный', 'рост', 'аналитика', 'дата', 'инженер']"
126924148,Junior Python разработчик,бьютя бот это инновационный продукт whatsapp бот салон красота который ежедневно пользоваться салон повышать оборот салон возвращать потерянный клиент подтверждать запись процедура участие администратор запрашивать отзыв поздравлять клиент день рождение массово оповещать клиентский база делать это автоматически поиск python разработчик который участвовать создание новый функционал поддержка наш бот сделать ещё полезный салон клиент отправлять отклик присоединяться наш команда смочь воплотить свой идея жизнь разрабатывать интересный полезный бизнес продукт основной задача разработка новый функционал совместно команда поддержка кодовый база актуальный состояние участие code review исправление баг ожидание кандидат опыт работа коммерческий проект месяц опыт работа python обязательно fastapi flask понимание принцип асинхронный программирование опыт работа бот уверенный знание mongodb опыт контейнеризация помощь docker знание опыт работа api опыт работа коммерческий pet проект плюс опыт работа интеграция автоматизация сценарий опыт работа команда умение работать scrum работа таск трекер условие удалённый работа возможность работать любой точка мир график работа дружелюбный поддерживать команда профессионал корпоративный встреча несколько год полный компенсация перелёт любой точка россия поддержка помощь время испытательный срок стабильный выплата раз месяц точно срок выплата отпускной больничный обеспечение ваш потребность случай отпуск болезнь официальный оформление договор самозанятость компенсация налог самозанятой,Лукьянова Елена Юрьевна,,80000.0,RUR,От 1 года до 3 лет,Полная занятость,"['бьютя', 'бот', 'это', 'инновационный', 'продукт', 'whatsapp', 'бот', 'салон', 'красота', 'который', 'ежедневно', 'пользоваться', 'салон', 'повышать', 'оборот', 'салон', 'возвращать', 'потерянный', 'клиент', 'подтверждать', 'запись', 'процедура', 'участие', 'администратор', 'запрашивать', 'отзыв', 'поздравлять', 'клиент', 'день', 'рождение', 'массово', 'оповещать', 'клиентский', 'база', 'делать', 'это', 'автоматически', 'поиск', 'python', 'разработчик', 'который', 'участвовать', 'создание', 'новый', 'функционал', 'поддержка', 'наш', 'бот', 'сделать', 'ещё', 'полезный', 'салон', 'клиент', 'отправлять', 'отклик', 'присоединяться', 'наш', 'команда', 'смочь', 'воплотить', 'свой', 'идея', 'жизнь', 'разрабатывать', 'интересный', 'полезный', 'бизнес', 'продукт', 'основной', 'задача', 'разработка', 'новый', 'функционал', 'совместно', 'команда', 'поддержка', 'кодовый', 'база', 'актуальный', 'состояние', 'участие', 'code', 'review', 'исправление', 'баг', 'ожидание', 'кандидат', 'опыт', 'работа', 'коммерческий', 'проект', 'месяц', 'опыт', 'работа', 'python', 'обязательно', 'fastapi', 'flask', 'понимание', 'принцип', 'асинхронный', 'программирование', 'опыт', 'работа', 'бот', 'уверенный', 'знание', 'mongodb', 'опыт', 'контейнеризация', 'помощь', 'docker', 'знание', 'опыт', 'работа', 'api', 'опыт', 'работа', 'коммерческий', 'pet', 'проект', 'плюс', 'опыт', 'работа', 'интеграция', 'автоматизация', 'сценарий', 'опыт', 'работа', 'команда', 'умение', 'работать', 'scrum', 'работа', 'таск', 'трекер', 'условие', 'удалённый', 'работа', 'возможность', 'работать', 'любой', 'точка', 'мир', 'график', 'работа', 'дружелюбный', 'поддерживать', 'команда', 'профессионал', 'корпоративный', 'встреча', 'несколько', 'год', 'полный', 'компенсация', 'перелёт', 'любой', 'точка', 'россия', 'поддержка', 'помощь', 'время', 'испытательный', 'срок', 'стабильный', 'выплата', 'раз', 'месяц', 'точно', 'срок', 'выплата', 'отпускной', 'больничный', 'обеспечение', 'ваш', 'потребность', 'случай', 'отпуск', 'болезнь', 'официальный', 'оформление', 'договор', 'самозанятость', 'компенсация', 'налог', 'самозанятой']"
127050696,Python developer Middle/Middle+ (Гибрид),компания ооо тёкий ведущий российский системный интегратор поставщик информационный технология корпоративный заказчик активно действовать рынок россия год входить топ крупный российский компания топ крупный компания россия связь активный развитие проект компания открыть вакансия python developer наш ожидание успешный кандидат опыт промышленный разработка python год обязательно опыт работа fastapi asyncio опыт контейнеризация сервис docker openshift опыт работа реляционный postgresql опыт git jenkins apache kafka опыт разработка unit тест pytest знание принцип построение микросервисный архитектура предлагать работа аккредитовать компания оформление соответствие первый день работа возможность работать гибридный формат дмс первый день работа включая стоматология корпоративный спорт скидка посещение фитнес клуб футбольный волейбольный секция собственный йог класс работа команда использовать гибкий подход разработка работа развивающийся проект команда специалист высокий уровень возможность развитие обмен опыт,ИЦ АЙ-ТЕКО,,200000.0,RUR,От 3 до 6 лет,Полная занятость,"['компания', 'ооо', 'тёкий', 'ведущий', 'российский', 'системный', 'интегратор', 'поставщик', 'информационный', 'технология', 'корпоративный', 'заказчик', 'активно', 'действовать', 'рынок', 'россия', 'год', 'входить', 'топ', 'крупный', 'российский', 'компания', 'топ', 'крупный', 'компания', 'россия', 'связь', 'активный', 'развитие', 'проект', 'компания', 'открыть', 'вакансия', 'python', 'developer', 'наш', 'ожидание', 'успешный', 'кандидат', 'опыт', 'промышленный', 'разработка', 'python', 'год', 'обязательно', 'опыт', 'работа', 'fastapi', 'asyncio', 'опыт', 'контейнеризация', 'сервис', 'docker', 'openshift', 'опыт', 'работа', 'реляционный', 'postgresql', 'опыт', 'git', 'jenkins', 'apache', 'kafka', 'опыт', 'разработка', 'unit', 'тест', 'pytest', 'знание', 'принцип', 'построение', 'микросервисный', 'архитектура', 'предлагать', 'работа', 'аккредитовать', 'компания', 'оформление', 'соответствие', 'первый', 'день', 'работа', 'возможность', 'работать', 'гибридный', 'формат', 'дмс', 'первый', 'день', 'работа', 'включая', 'стоматология', 'корпоративный', 'спорт', 'скидка', 'посещение', 'фитнес', 'клуб', 'футбольный', 'волейбольный', 'секция', 'собственный', 'йог', 'класс', 'работа', 'команда', 'использовать', 'гибкий', 'подход', 'разработка', 'работа', 'развивающийся', 'проект', 'команда', 'специалист', 'высокий', 'уровень', 'возможность', 'развитие', 'обмен', 'опыт']"
127015551,Backend-разработчик,компания bgstaff приглашать бэкенд разработчик присоединиться наш комьюнити работа ведущий российский международный продукт наш модель работа это ваш карьерный лифт пул проверить проект fintech commerce web edtech другиезарплата ваш ожидание обсуждать уровень доход зависимость грейд навык пожеланийвыбор вместо поиск искать проект подбирать вариант этап сотрудничество собеседование рекрутер знакомство оценка ваш пожеланийвход бенч попадание наш база проверить разработчиковподбора проект предлагать несколько вариант выбортехнический собеседование конкретный проектстарт работа согласование начало сотрудничество искать специалист направление java разработчик spring boot quarkus micronautkafka kubernetes highload системыопыт год python разработчик django fastapi asynciorest api etl система авторизацииопыт год php разработчик symfony битрикспостроение api высоконагруженный системыопыт год предлагать обсуждать ваш навык грейд удалённый работуоформление наш поддержкойнесколько проект выборкарьерный рост постоянный поиск работа начать откликнуться вакансиюпройти собеседование рекрутеромпопадить бенч получать предложение проект,Bgstaff,,300000.0,RUR,От 3 до 6 лет,Полная занятость,"['компания', 'bgstaff', 'приглашать', 'бэкенд', 'разработчик', 'присоединиться', 'наш', 'комьюнити', 'работа', 'ведущий', 'российский', 'международный', 'продукт', 'наш', 'модель', 'работа', 'это', 'ваш', 'карьерный', 'лифт', 'пул', 'проверить', 'проект', 'fintech', 'commerce', 'web', 'edtech', 'другиезарплата', 'ваш', 'ожидание', 'обсуждать', 'уровень', 'доход', 'зависимость', 'грейд', 'навык', 'пожеланийвыбор', 'вместо', 'поиск', 'искать', 'проект', 'подбирать', 'вариант', 'этап', 'сотрудничество', 'собеседование', 'рекрутер', 'знакомство', 'оценка', 'ваш', 'пожеланийвход', 'бенч', 'попадание', 'наш', 'база', 'проверить', 'разработчиковподбора', 'проект', 'предлагать', 'несколько', 'вариант', 'выбортехнический', 'собеседование', 'конкретный', 'проектстарт', 'работа', 'согласование', 'начало', 'сотрудничество', 'искать', 'специалист', 'направление', 'java', 'разработчик', 'spring', 'boot', 'quarkus', 'micronautkafka', 'kubernetes', 'highload', 'системыопыт', 'год', 'python', 'разработчик', 'django', 'fastapi', 'asynciorest', 'api', 'etl', 'система', 'авторизацииопыт', 'год', 'php', 'разработчик', 'symfony', 'битрикспостроение', 'api', 'высоконагруженный', 'системыопыт', 'год', 'предлагать', 'обсуждать', 'ваш', 'навык', 'грейд', 'удалённый', 'работуоформление', 'наш', 'поддержкойнесколько', 'проект', 'выборкарьерный', 'рост', 'постоянный', 'поиск', 'работа', 'начать', 'откликнуться', 'вакансиюпройти', 'собеседование', 'рекрутеромпопадить', 'бенч', 'получать', 'предложение', 'проект']"
126501421,Тестировщик ПО (QA-инженер),работа офис удалённый работа высокий технический образование обязанность функциональный тестирование windows linux интеграционный тестирование сложный клиент серверный система разработка поддержка тест кейс тест план анализ лог воспроизведение документирование ошибка взаимодействие разработчик повышение качество продукт работа субд postgresql запрос анализ данные работа схема участие подготовка программный документация требование умение работать linux преимущественно debian based работа командный строка разработка отладка базовый знание язык sql опыт работа субд postgresql sqlite знание английский язык уровень чтение технический литература желательно базовый знание python опыт использование postgresql выполнение запрос просмотр схема данные опыт работа технология виртуализация virtualbox proxmox kvm готовность непродолжительный командировка знание французский язык любой уровень образование высокий технический предпочтительно нияу мифь мгу мгту бауман мфть рассмотреть выпускник вуз возможность работа студент старший курс сократить рабочий день условие официальный трудоустройство уровень заработный плата оклад премия график работа комфортный условие труд социальный поддержка персонал дмс материальный помощь,Концерн Созвездие,140000.0,200000.0,RUR,От 1 года до 3 лет,Полная занятость,"['работа', 'офис', 'удалённый', 'работа', 'высокий', 'технический', 'образование', 'обязанность', 'функциональный', 'тестирование', 'windows', 'linux', 'интеграционный', 'тестирование', 'сложный', 'клиент', 'серверный', 'система', 'разработка', 'поддержка', 'тест', 'кейс', 'тест', 'план', 'анализ', 'лог', 'воспроизведение', 'документирование', 'ошибка', 'взаимодействие', 'разработчик', 'повышение', 'качество', 'продукт', 'работа', 'субд', 'postgresql', 'запрос', 'анализ', 'данные', 'работа', 'схема', 'участие', 'подготовка', 'программный', 'документация', 'требование', 'умение', 'работать', 'linux', 'преимущественно', 'debian', 'based', 'работа', 'командный', 'строка', 'разработка', 'отладка', 'базовый', 'знание', 'язык', 'sql', 'опыт', 'работа', 'субд', 'postgresql', 'sqlite', 'знание', 'английский', 'язык', 'уровень', 'чтение', 'технический', 'литература', 'желательно', 'базовый', 'знание', 'python', 'опыт', 'использование', 'postgresql', 'выполнение', 'запрос', 'просмотр', 'схема', 'данные', 'опыт', 'работа', 'технология', 'виртуализация', 'virtualbox', 'proxmox', 'kvm', 'готовность', 'непродолжительный', 'командировка', 'знание', 'французский', 'язык', 'любой', 'уровень', 'образование', 'высокий', 'технический', 'предпочтительно', 'нияу', 'мифь', 'мгу', 'мгту', 'бауман', 'мфть', 'рассмотреть', 'выпускник', 'вуз', 'возможность', 'работа', 'студент', 'старший', 'курс', 'сократить', 'рабочий', 'день', 'условие', 'официальный', 'трудоустройство', 'уровень', 'заработный', 'плата', 'оклад', 'премия', 'график', 'работа', 'комфортный', 'условие', 'труд', 'социальный', 'поддержка', 'персонал', 'дмс', 'материальный', 'помощь']"
126381288,Начинающий сотрудник для маркетплейса,удалённый сотрудник маркетплейс продажа внимание вакансия закрыться близкий время успеть откликнуться отправить заявка условие работа полностью дом час день общение клиент оформление различный выбор график брать ночной смена доплата приветственный бонус новый сотрудник руб компания оплачивать ваш обучение задача осуществлять поддержка пользователь вопрос сервис компания устройство нажать откликнуться следовать дальнейший инструкция оформление интервью всё онлайн наш ожидание грамотный письменный речь наличие ноутбук стабильный интернет гарнитур опыт работа приветствоваться следующий позиция специалист контактный центр специалист колл центр колл центр менеджер колл центр call centr оператор контактный центр опыт начинающий специалист консультирование оператор call центр оператор колл центр html seo php python специалист служба поддержка специалист техподдержка менеджер работа клиент менеджер технический поддержка менеджер администратор чат специалист центр коммуникация служба поддержка работа дом обращать внимание отклик данный вакансия потребоваться предоставление информация выполнение иной действие сторонний информационный ресурс,ТЭМП,38300.0,65450.0,RUR,Нет опыта,Частичная занятость,"['удалённый', 'сотрудник', 'маркетплейс', 'продажа', 'внимание', 'вакансия', 'закрыться', 'близкий', 'время', 'успеть', 'откликнуться', 'отправить', 'заявка', 'условие', 'работа', 'полностью', 'дом', 'час', 'день', 'общение', 'клиент', 'оформление', 'различный', 'выбор', 'график', 'брать', 'ночной', 'смена', 'доплата', 'приветственный', 'бонус', 'новый', 'сотрудник', 'руб', 'компания', 'оплачивать', 'ваш', 'обучение', 'задача', 'осуществлять', 'поддержка', 'пользователь', 'вопрос', 'сервис', 'компания', 'устройство', 'нажать', 'откликнуться', 'следовать', 'дальнейший', 'инструкция', 'оформление', 'интервью', 'всё', 'онлайн', 'наш', 'ожидание', 'грамотный', 'письменный', 'речь', 'наличие', 'ноутбук', 'стабильный', 'интернет', 'гарнитур', 'опыт', 'работа', 'приветствоваться', 'следующий', 'позиция', 'специалист', 'контактный', 'центр', 'специалист', 'колл', 'центр', 'колл', 'центр', 'менеджер', 'колл', 'центр', 'call', 'centr', 'оператор', 'контактный', 'центр', 'опыт', 'начинающий', 'специалист', 'консультирование', 'оператор', 'call', 'центр', 'оператор', 'колл', 'центр', 'html', 'seo', 'php', 'python', 'специалист', 'служба', 'поддержка', 'специалист', 'техподдержка', 'менеджер', 'работа', 'клиент', 'менеджер', 'технический', 'поддержка', 'менеджер', 'администратор', 'чат', 'специалист', 'центр', 'коммуникация', 'служба', 'поддержка', 'работа', 'дом', 'обращать', 'внимание', 'отклик', 'данный', 'вакансия', 'потребоваться', 'предоставление', 'информация', 'выполнение', 'иной', 'действие', 'сторонний', 'информационный', 'ресурс']"
126913484,Middle/Middle+ Backend Developer (Python),команда один самый крупный блогер ниша искусственный интеллект создавать вирусный контент который набирать миллион просмотр помогать человек понять возможность автоматизация задача разработка backend микросервисный архитектура интеграция api sora veo gemini разработка система асинхронный обработка запрос генерация видео создание telegram бот работа платформа разработка админ панель управление шаблон видео обязательный стек python fastapi обязательно asyncio aiohttp postgresql sqlalchemy asyncpg redis celery kafka очередь сообщение дополнительно docker docker compose telegram bot api python telegram bot совместимый хранилище важно опыт микросервисный архитектура это монолит понимание очередь сообщение kafka rabbitmq celery работа асинхронный код неблокировать операция создание telegram бот понимание нагрузка запрос одновременно плюс опыт интеграция api openai anthropic google работа minio хранение видео опыт rate limiting throttling знание паттерн проектирование highload условие официальный трудоустройство белый зарплата уровень определять индивидуально зависимость ваш опыт график удалённый работа современный стек технология интересный задача возможность влиять архитектурный решение работа молодой амбициозный команда стартап комфортный атмосфера ценить инициатива идея отправлять резюме внимательно ознакомиться связаться короткий интервью,Аишка,150000.0,200000.0,RUR,От 3 до 6 лет,Полная занятость,"['команда', 'один', 'самый', 'крупный', 'блогер', 'ниша', 'искусственный', 'интеллект', 'создавать', 'вирусный', 'контент', 'который', 'набирать', 'миллион', 'просмотр', 'помогать', 'человек', 'понять', 'возможность', 'автоматизация', 'задача', 'разработка', 'backend', 'микросервисный', 'архитектура', 'интеграция', 'api', 'sora', 'veo', 'gemini', 'разработка', 'система', 'асинхронный', 'обработка', 'запрос', 'генерация', 'видео', 'создание', 'telegram', 'бот', 'работа', 'платформа', 'разработка', 'админ', 'панель', 'управление', 'шаблон', 'видео', 'обязательный', 'стек', 'python', 'fastapi', 'обязательно', 'asyncio', 'aiohttp', 'postgresql', 'sqlalchemy', 'asyncpg', 'redis', 'celery', 'kafka', 'очередь', 'сообщение', 'дополнительно', 'docker', 'docker', 'compose', 'telegram', 'bot', 'api', 'python', 'telegram', 'bot', 'совместимый', 'хранилище', 'важно', 'опыт', 'микросервисный', 'архитектура', 'это', 'монолит', 'понимание', 'очередь', 'сообщение', 'kafka', 'rabbitmq', 'celery', 'работа', 'асинхронный', 'код', 'неблокировать', 'операция', 'создание', 'telegram', 'бот', 'понимание', 'нагрузка', 'запрос', 'одновременно', 'плюс', 'опыт', 'интеграция', 'api', 'openai', 'anthropic', 'google', 'работа', 'minio', 'хранение', 'видео', 'опыт', 'rate', 'limiting', 'throttling', 'знание', 'паттерн', 'проектирование', 'highload', 'условие', 'официальный', 'трудоустройство', 'белый', 'зарплата', 'уровень', 'определять', 'индивидуально', 'зависимость', 'ваш', 'опыт', 'график', 'удалённый', 'работа', 'современный', 'стек', 'технология', 'интересный', 'задача', 'возможность', 'влиять', 'архитектурный', 'решение', 'работа', 'молодой', 'амбициозный', 'команда', 'стартап', 'комфортный', 'атмосфера', 'ценить', 'инициатива', 'идея', 'отправлять', 'резюме', 'внимательно', 'ознакомиться', 'связаться', 'короткий', 'интервью']"
126990016,Golang разработчик,основной сфера деятельность компания являться разработка внедрение поддержка госпитальный автоматизированный информационный система гаис работать рынок год приобрести незаменимый опыт внедрение информационный система лечебный учреждение город гаис асклепиус быстро развиваться приобретать новый функциональный возможность приглашать присоединиться наш команда обязанность разработка новый перевод доработка существующий сервис golang backend микросервис интеграция сопровождение решение работать производственный режим проектирование архитектура реализация бизнес логика api оптимизация производительность сервис написание чистый поддерживать код подготовка технический документация участие тестирование разработать продукт приветствоваться знание python dart требование опыт коммерческий разработка менее год знание принцип микросервисный архитектура глубокий понимание принцип ооп конкурентность поток многозадачность опыт проектирование rest grpc api опыт работа реляционный postgresql mysql навык работа linux среда базовый знание devops владение инструмент контейнеризация работа docker docker compose harbor приветствоваться опыт kubernetes опыт написание тест unit integration желательно уверенный владение git опыт работа команда опыт оптимизация высоконагруженный сервис использование redis kafka rabbitmq английский язык уровень чтение документация активный использование разработка приветствоваться условие график работа полный рабочий день гибкий график удалённый работа желание офис офис беляево конкурентный заработный плата уровень зарплата определяться итог собеседование,Асклепиус,,200000.0,RUR,От 1 года до 3 лет,Полная занятость,"['основной', 'сфера', 'деятельность', 'компания', 'являться', 'разработка', 'внедрение', 'поддержка', 'госпитальный', 'автоматизированный', 'информационный', 'система', 'гаис', 'работать', 'рынок', 'год', 'приобрести', 'незаменимый', 'опыт', 'внедрение', 'информационный', 'система', 'лечебный', 'учреждение', 'город', 'гаис', 'асклепиус', 'быстро', 'развиваться', 'приобретать', 'новый', 'функциональный', 'возможность', 'приглашать', 'присоединиться', 'наш', 'команда', 'обязанность', 'разработка', 'новый', 'перевод', 'доработка', 'существующий', 'сервис', 'golang', 'backend', 'микросервис', 'интеграция', 'сопровождение', 'решение', 'работать', 'производственный', 'режим', 'проектирование', 'архитектура', 'реализация', 'бизнес', 'логика', 'api', 'оптимизация', 'производительность', 'сервис', 'написание', 'чистый', 'поддерживать', 'код', 'подготовка', 'технический', 'документация', 'участие', 'тестирование', 'разработать', 'продукт', 'приветствоваться', 'знание', 'python', 'dart', 'требование', 'опыт', 'коммерческий', 'разработка', 'менее', 'год', 'знание', 'принцип', 'микросервисный', 'архитектура', 'глубокий', 'понимание', 'принцип', 'ооп', 'конкурентность', 'поток', 'многозадачность', 'опыт', 'проектирование', 'rest', 'grpc', 'api', 'опыт', 'работа', 'реляционный', 'postgresql', 'mysql', 'навык', 'работа', 'linux', 'среда', 'базовый', 'знание', 'devops', 'владение', 'инструмент', 'контейнеризация', 'работа', 'docker', 'docker', 'compose', 'harbor', 'приветствоваться', 'опыт', 'kubernetes', 'опыт', 'написание', 'тест', 'unit', 'integration', 'желательно', 'уверенный', 'владение', 'git', 'опыт', 'работа', 'команда', 'опыт', 'оптимизация', 'высоконагруженный', 'сервис', 'использование', 'redis', 'kafka', 'rabbitmq', 'английский', 'язык', 'уровень', 'чтение', 'документация', 'активный', 'использование', 'разработка', 'приветствоваться', 'условие', 'график', 'работа', 'полный', 'рабочий', 'день', 'гибкий', 'график', 'удалённый', 'работа', 'желание', 'офис', 'офис', 'беляево', 'конкурентный', 'заработный', 'плата', 'уровень', 'зарплата', 'определяться', 'итог', 'собеседование']"
126701393,QA engineer / тестировщик (middle+),почему открыть вакансия требоваться engineer тестировщик уровень middle выше участие развитие агрегатор тур круиз отель продукт расти релиз идти часто мы нужный engineer который помочь держать качество релиз стабильность критический поток оплата бронирование выезд отзыв это точно готовый просто фиксировать баг держать качество продукт любить просто тестировать системно выстраивать контур уметь приоритизировать тест частый релиз понимать готовый работать телеметрия event tracking хотеть влиять качество стабильность релиз баг лист работа офис москва белорусский гибрид полный удалёнка график работа выбор откликнуться вакансия пригласить собеседование полностью официальный зарплата трудоустройство оплата вовремя законодательство полный оплата отпускной больничный уровень доход испытательный срок мес снижаться делать тестировать критический поток оплата бронирование подтверждение проводить smoke релиз минута контролировать телеметрия событие аналитик телеметрия обязательный работать dev команда гейтам качество поддерживать тестовый дать кросс браузерность моб адаптация анализировать качество релиз дашборд метрика cfr баг рейт mttr участвовать релиз проверять roi фича событие аналитик требование год проведение тестирование коммерческий продукт знание принцип web клиент серверный приложение опыт работа postman charles sql selenium playwright cypress json http git linux умение писать тест кейс отчёт приоритизировать тест плюс опыт пайплайна понимание телеметрия metrica amplitude чтение код python php условие преимущество заработок карта официально выплата трижды месяц откликнуться вакансия пригласить собеседование оформление согласно график работа выбор цао белорусский шаговый доступность метро офис человек,Туроператор Русь,170000.0,200000.0,RUR,От 1 года до 3 лет,Полная занятость,"['почему', 'открыть', 'вакансия', 'требоваться', 'engineer', 'тестировщик', 'уровень', 'middle', 'выше', 'участие', 'развитие', 'агрегатор', 'тур', 'круиз', 'отель', 'продукт', 'расти', 'релиз', 'идти', 'часто', 'мы', 'нужный', 'engineer', 'который', 'помочь', 'держать', 'качество', 'релиз', 'стабильность', 'критический', 'поток', 'оплата', 'бронирование', 'выезд', 'отзыв', 'это', 'точно', 'готовый', 'просто', 'фиксировать', 'баг', 'держать', 'качество', 'продукт', 'любить', 'просто', 'тестировать', 'системно', 'выстраивать', 'контур', 'уметь', 'приоритизировать', 'тест', 'частый', 'релиз', 'понимать', 'готовый', 'работать', 'телеметрия', 'event', 'tracking', 'хотеть', 'влиять', 'качество', 'стабильность', 'релиз', 'баг', 'лист', 'работа', 'офис', 'москва', 'белорусский', 'гибрид', 'полный', 'удалёнка', 'график', 'работа', 'выбор', 'откликнуться', 'вакансия', 'пригласить', 'собеседование', 'полностью', 'официальный', 'зарплата', 'трудоустройство', 'оплата', 'вовремя', 'законодательство', 'полный', 'оплата', 'отпускной', 'больничный', 'уровень', 'доход', 'испытательный', 'срок', 'мес', 'снижаться', 'делать', 'тестировать', 'критический', 'поток', 'оплата', 'бронирование', 'подтверждение', 'проводить', 'smoke', 'релиз', 'минута', 'контролировать', 'телеметрия', 'событие', 'аналитик', 'телеметрия', 'обязательный', 'работать', 'dev', 'команда', 'гейтам', 'качество', 'поддерживать', 'тестовый', 'дать', 'кросс', 'браузерность', 'моб', 'адаптация', 'анализировать', 'качество', 'релиз', 'дашборд', 'метрика', 'cfr', 'баг', 'рейт', 'mttr', 'участвовать', 'релиз', 'проверять', 'roi', 'фича', 'событие', 'аналитик', 'требование', 'год', 'проведение', 'тестирование', 'коммерческий', 'продукт', 'знание', 'принцип', 'web', 'клиент', 'серверный', 'приложение', 'опыт', 'работа', 'postman', 'charles', 'sql', 'selenium', 'playwright', 'cypress', 'json', 'http', 'git', 'linux', 'умение', 'писать', 'тест', 'кейс', 'отчёт', 'приоритизировать', 'тест', 'плюс', 'опыт', 'пайплайна', 'понимание', 'телеметрия', 'metrica', 'amplitude', 'чтение', 'код', 'python', 'php', 'условие', 'преимущество', 'заработок', 'карта', 'официально', 'выплата', 'трижды', 'месяц', 'откликнуться', 'вакансия', 'пригласить', 'собеседование', 'оформление', 'согласно', 'график', 'работа', 'выбор', 'цао', 'белорусский', 'шаговый', 'доступность', 'метро', 'офис', 'человек']"
126919747,Стартап-менеджер внутренних проектов,highsky компания развивать собственный высоконагруженный продукт регулярно запускать внутренний стартап искать стартап менеджер который смочь вести далее несколько проект параллельно доводить результат предстоять делать формировать управлять малый команда разработчик оператор mle планировать организовывать контролировать работа проект погружаться новый тема выстраивать процесс пайплайна нуль быстро переключаться направление запускать работа оценивать эффективность предлагать улучшение кто искать опыт запуск собственный проект работа предпринимательский мышление гибкость понимание среда логика критический мышление английский базовый python умение работать маленький команда быстро принимать решение предлагать удалённый формат гибкий график зарплата бонус дмс занятие английский носитель минимум формальность быстрый рост,High Sky,3000.0,,USD,От 1 года до 3 лет,Полная занятость,"['highsky', 'компания', 'развивать', 'собственный', 'высоконагруженный', 'продукт', 'регулярно', 'запускать', 'внутренний', 'стартап', 'искать', 'стартап', 'менеджер', 'который', 'смочь', 'вести', 'далее', 'несколько', 'проект', 'параллельно', 'доводить', 'результат', 'предстоять', 'делать', 'формировать', 'управлять', 'малый', 'команда', 'разработчик', 'оператор', 'mle', 'планировать', 'организовывать', 'контролировать', 'работа', 'проект', 'погружаться', 'новый', 'тема', 'выстраивать', 'процесс', 'пайплайна', 'нуль', 'быстро', 'переключаться', 'направление', 'запускать', 'работа', 'оценивать', 'эффективность', 'предлагать', 'улучшение', 'кто', 'искать', 'опыт', 'запуск', 'собственный', 'проект', 'работа', 'предпринимательский', 'мышление', 'гибкость', 'понимание', 'среда', 'логика', 'критический', 'мышление', 'английский', 'базовый', 'python', 'умение', 'работать', 'маленький', 'команда', 'быстро', 'принимать', 'решение', 'предлагать', 'удалённый', 'формат', 'гибкий', 'график', 'зарплата', 'бонус', 'дмс', 'занятие', 'английский', 'носитель', 'минимум', 'формальность', 'быстрый', 'рост']"
126383735,Разработчик Python в IT-компанию,productlab молодой амбициозный команда крутой проект учётный система tablecrm com видеоплатформа interesnoitochka каждый день выполнять множество задача улучшение также внедрение настройка tablecrm com amocrm бизнес клиент компетенция разработка касса просить это отметить платформа атол эквайринг kozen сбер разработка мобильный прилоежний разработка windows наш учётный система постоянно обрастать новый функционал мы нужный python разработчик поддержание боевой готовность должный знать python fast api docker postgresql ubuntu react базовый корректировка основа пример знание rabbitmq ratelimiter твой плюс весь процесс работа идти gitlab локальный версия настроить процесс автодеплый быстро влиться стараться выполнять свой задача вовремя качественно мочь прийти помощь товарищ команда хотеть исток крутой проект стремиться профессиональный личностный рост любить предлагать крутой идея тестовый задание локально разворачивать наш платформа смочь развернуть локально автоматически пройти тестовый задание работать свой система таск трекинг сработаться знать ответственность любить сдаваться столкнуться предел свой компетенция выполнять работа срок плохой качество условие оплата труд железный оклад выплата раз месяц число старт позадачный оплата доп бонус соблюдение дедлайн задача проект думать первый месяц заработать второй далёкий быть расти твой желание полностью удалённый работа захотеть предоставить офис казань задача любить уметь разрабатывать телеграм бот ты понравиться наш решение это суть решение точка вход телеграм бот уметь писать миграция понимать знак терминология tdd просто уметь писать тест уметь настраивать автодеплый суметь этот научиться пример очень важно уметь устранять конфликт возвращать приложение работоспособный состояние весь начинать работать позадачный режим бот перейти режим оклад бонус нужно удерживать tpd tasks per day течение день ждать большой объём оплачивать работа развитие компетенция сфера возможность зарабатывать любой точка доступ интернет работа интересный стартап среди знакомый подходящий человек оплатить руб карта устроиться проработать неделя,Натфуллин Рушан Рустемович,25000.0,50000.0,RUR,Нет опыта,Полная занятость,"['productlab', 'молодой', 'амбициозный', 'команда', 'крутой', 'проект', 'учётный', 'система', 'tablecrm', 'com', 'видеоплатформа', 'interesnoitochka', 'каждый', 'день', 'выполнять', 'множество', 'задача', 'улучшение', 'также', 'внедрение', 'настройка', 'tablecrm', 'com', 'amocrm', 'бизнес', 'клиент', 'компетенция', 'разработка', 'касса', 'просить', 'это', 'отметить', 'платформа', 'атол', 'эквайринг', 'kozen', 'сбер', 'разработка', 'мобильный', 'прилоежний', 'разработка', 'windows', 'наш', 'учётный', 'система', 'постоянно', 'обрастать', 'новый', 'функционал', 'мы', 'нужный', 'python', 'разработчик', 'поддержание', 'боевой', 'готовность', 'должный', 'знать', 'python', 'fast', 'api', 'docker', 'postgresql', 'ubuntu', 'react', 'базовый', 'корректировка', 'основа', 'пример', 'знание', 'rabbitmq', 'ratelimiter', 'твой', 'плюс', 'весь', 'процесс', 'работа', 'идти', 'gitlab', 'локальный', 'версия', 'настроить', 'процесс', 'автодеплый', 'быстро', 'влиться', 'стараться', 'выполнять', 'свой', 'задача', 'вовремя', 'качественно', 'мочь', 'прийти', 'помощь', 'товарищ', 'команда', 'хотеть', 'исток', 'крутой', 'проект', 'стремиться', 'профессиональный', 'личностный', 'рост', 'любить', 'предлагать', 'крутой', 'идея', 'тестовый', 'задание', 'локально', 'разворачивать', 'наш', 'платформа', 'смочь', 'развернуть', 'локально', 'автоматически', 'пройти', 'тестовый', 'задание', 'работать', 'свой', 'система', 'таск', 'трекинг', 'сработаться', 'знать', 'ответственность', 'любить', 'сдаваться', 'столкнуться', 'предел', 'свой', 'компетенция', 'выполнять', 'работа', 'срок', 'плохой', 'качество', 'условие', 'оплата', 'труд', 'железный', 'оклад', 'выплата', 'раз', 'месяц', 'число', 'старт', 'позадачный', 'оплата', 'доп', 'бонус', 'соблюдение', 'дедлайн', 'задача', 'проект', 'думать', 'первый', 'месяц', 'заработать', 'второй', 'далёкий', 'быть', 'расти', 'твой', 'желание', 'полностью', 'удалённый', 'работа', 'захотеть', 'предоставить', 'офис', 'казань', 'задача', 'любить', 'уметь', 'разрабатывать', 'телеграм', 'бот', 'ты', 'понравиться', 'наш', 'решение', 'это', 'суть', 'решение', 'точка', 'вход', 'телеграм', 'бот', 'уметь', 'писать', 'миграция', 'понимать', 'знак', 'терминология', 'tdd', 'просто', 'уметь', 'писать', 'тест', 'уметь', 'настраивать', 'автодеплый', 'суметь', 'этот', 'научиться', 'пример', 'очень', 'важно', 'уметь', 'устранять', 'конфликт', 'возвращать', 'приложение', 'работоспособный', 'состояние', 'весь', 'начинать', 'работать', 'позадачный', 'режим', 'бот', 'перейти', 'режим', 'оклад', 'бонус', 'нужно', 'удерживать', 'tpd', 'tasks', 'per', 'day', 'течение', 'день', 'ждать', 'большой', 'объём', 'оплачивать', 'работа', 'развитие', 'компетенция', 'сфера', 'возможность', 'зарабатывать', 'любой', 'точка', 'доступ', 'интернет', 'работа', 'интересный', 'стартап', 'среди', 'знакомый', 'подходящий', 'человек', 'оплатить', 'руб', 'карта', 'устроиться', 'проработать', 'неделя']"
126994649,Системный администратор / Инженер технической инфраструктуры,привет adtech solutions команда который управлять реклама этап технология прибыль просто адаптироваться рынок находить новый подход работать эффективный работать крутой проект fintech собственный сайт который активно развивать монетизировать искать системный администратор инженер технический инфраструктура который взять ответственность проектирование стабильность безопасность наш инфраструктура это ключевой роль который зависеть бесперебойный работа сервис компания готовый расти вместе мы добро пожаловать наш команда какой быть твой задача управление сервер подбор конфигурация установка базовый настройка ввод эксплуатация автоматизация разработка скрипт внедрение инструмент автоматизация рутинный задача администрирование бэкап мониторинг алертинг настройка система мониторинг zabbix prometheus grafana отслеживание состояние сервер сеть сервис резервный копирование восстановление организация отказоустойчивый система бэкап контроль выполнение разработка тестирование процедура восстановление сеть доступ настройка поддержка vpn netbird обеспечение стабильный удалённый доступ реверс проксить nginx traefik работа cloudflare безопасность доступ ограничение неавторизованный доступ управление право настройка sso mfa authentik повышение отказоустойчивость проектирование внедрение высокодоступный решение базовый мера защита ddos сетевой сбой документирование отчётность ведение технический документация инструкция runbook подготовка регулярный отчёт состояние инфраструктура наш технологический стек linux автоматизация ansible bash python cron виртуализация контейнеризация docker мониторинг zabbix prometheus grafana веб сервер проксить nginx traefik cloudflare безопасность доступ authentik netbird контроль версия git мы ты важно опыт работа аналогичный позиция год опыт проектирование отказоустойчивый система наличие личный ноутбук работа технический навык уверенный работа linux умение работать конфига nginx опыт настройка vpn обратный проксирование навык написание скрипт python bash опыт работа docker понимание принцип работа dns облачный сервер виртуализация контейнеризация full disk encryption luks английский язык уровень pre intermediate выше чтение документация преимущество понимание специфика аффилиейт маркетинг опыт работа разработка любой позиция важно знать вакансия являться devops затрагивать вопрос доставка релиз саппорт предполагать общение пользователь помощь инженер физический сеть работа quot железо quot кабель mikrotik администратор учётный запись связать офисный битрикс google workspace администрирование microsoft инфраструктура работать windows сервер active directory получить комфортный условие удалённый работа фиксировать график мск праздник международный календарь предоставлять доступ платформа необходимый работа бонус поддержка рабочий день отпуск рабочий день больничный рабочий день отгул корпоративный мероприятие уютный атмосфера коллектив обучение развитие наставничество внутренний тренинг возможность пройти внешний курс счёт компания всё твой профессиональный рост поддержка команда связь помочь ты любой вопрос дать обратный связь просто поддержать сложный ситуация откликнуться написать мы рассказать свой опыт свой цель искать quot идеальный кандидат quot хотеть видеть человек который гореть работа хотеть добиваться результат встретиться собеседование ждать твой отклик,Advert Technology Solutions,2000.0,4500.0,USD,От 3 до 6 лет,Полная занятость,"['привет', 'adtech', 'solutions', 'команда', 'который', 'управлять', 'реклама', 'этап', 'технология', 'прибыль', 'просто', 'адаптироваться', 'рынок', 'находить', 'новый', 'подход', 'работать', 'эффективный', 'работать', 'крутой', 'проект', 'fintech', 'собственный', 'сайт', 'который', 'активно', 'развивать', 'монетизировать', 'искать', 'системный', 'администратор', 'инженер', 'технический', 'инфраструктура', 'который', 'взять', 'ответственность', 'проектирование', 'стабильность', 'безопасность', 'наш', 'инфраструктура', 'это', 'ключевой', 'роль', 'который', 'зависеть', 'бесперебойный', 'работа', 'сервис', 'компания', 'готовый', 'расти', 'вместе', 'мы', 'добро', 'пожаловать', 'наш', 'команда', 'какой', 'быть', 'твой', 'задача', 'управление', 'сервер', 'подбор', 'конфигурация', 'установка', 'базовый', 'настройка', 'ввод', 'эксплуатация', 'автоматизация', 'разработка', 'скрипт', 'внедрение', 'инструмент', 'автоматизация', 'рутинный', 'задача', 'администрирование', 'бэкап', 'мониторинг', 'алертинг', 'настройка', 'система', 'мониторинг', 'zabbix', 'prometheus', 'grafana', 'отслеживание', 'состояние', 'сервер', 'сеть', 'сервис', 'резервный', 'копирование', 'восстановление', 'организация', 'отказоустойчивый', 'система', 'бэкап', 'контроль', 'выполнение', 'разработка', 'тестирование', 'процедура', 'восстановление', 'сеть', 'доступ', 'настройка', 'поддержка', 'vpn', 'netbird', 'обеспечение', 'стабильный', 'удалённый', 'доступ', 'реверс', 'проксить', 'nginx', 'traefik', 'работа', 'cloudflare', 'безопасность', 'доступ', 'ограничение', 'неавторизованный', 'доступ', 'управление', 'право', 'настройка', 'sso', 'mfa', 'authentik', 'повышение', 'отказоустойчивость', 'проектирование', 'внедрение', 'высокодоступный', 'решение', 'базовый', 'мера', 'защита', 'ddos', 'сетевой', 'сбой', 'документирование', 'отчётность', 'ведение', 'технический', 'документация', 'инструкция', 'runbook', 'подготовка', 'регулярный', 'отчёт', 'состояние', 'инфраструктура', 'наш', 'технологический', 'стек', 'linux', 'автоматизация', 'ansible', 'bash', 'python', 'cron', 'виртуализация', 'контейнеризация', 'docker', 'мониторинг', 'zabbix', 'prometheus', 'grafana', 'веб', 'сервер', 'проксить', 'nginx', 'traefik', 'cloudflare', 'безопасность', 'доступ', 'authentik', 'netbird', 'контроль', 'версия', 'git', 'мы', 'ты', 'важно', 'опыт', 'работа', 'аналогичный', 'позиция', 'год', 'опыт', 'проектирование', 'отказоустойчивый', 'система', 'наличие', 'личный', 'ноутбук', 'работа', 'технический', 'навык', 'уверенный', 'работа', 'linux', 'умение', 'работать', 'конфига', 'nginx', 'опыт', 'настройка', 'vpn', 'обратный', 'проксирование', 'навык', 'написание', 'скрипт', 'python', 'bash', 'опыт', 'работа', 'docker', 'понимание', 'принцип', 'работа', 'dns', 'облачный', 'сервер', 'виртуализация', 'контейнеризация', 'full', 'disk', 'encryption', 'luks', 'английский', 'язык', 'уровень', 'pre', 'intermediate', 'выше', 'чтение', 'документация', 'преимущество', 'понимание', 'специфика', 'аффилиейт', 'маркетинг', 'опыт', 'работа', 'разработка', 'любой', 'позиция', 'важно', 'знать', 'вакансия', 'являться', 'devops', 'затрагивать', 'вопрос', 'доставка', 'релиз', 'саппорт', 'предполагать', 'общение', 'пользователь', 'помощь', 'инженер', 'физический', 'сеть', 'работа', 'quot', 'железо', 'quot', 'кабель', 'mikrotik', 'администратор', 'учётный', 'запись', 'связать', 'офисный', 'битрикс', 'google', 'workspace', 'администрирование', 'microsoft', 'инфраструктура', 'работать', 'windows', 'сервер', 'active', 'directory', 'получить', 'комфортный', 'условие', 'удалённый', 'работа', 'фиксировать', 'график', 'мск', 'праздник', 'международный', 'календарь', 'предоставлять', 'доступ', 'платформа', 'необходимый', 'работа', 'бонус', 'поддержка', 'рабочий', 'день', 'отпуск', 'рабочий', 'день', 'больничный', 'рабочий', 'день', 'отгул', 'корпоративный', 'мероприятие', 'уютный', 'атмосфера', 'коллектив', 'обучение', 'развитие', 'наставничество', 'внутренний', 'тренинг', 'возможность', 'пройти', 'внешний', 'курс', 'счёт', 'компания', 'всё', 'твой', 'профессиональный', 'рост', 'поддержка', 'команда', 'связь', 'помочь', 'ты', 'любой', 'вопрос', 'дать', 'обратный', 'связь', 'просто', 'поддержать', 'сложный', 'ситуация', 'откликнуться', 'написать', 'мы', 'рассказать', 'свой', 'опыт', 'свой', 'цель', 'искать', 'quot', 'идеальный', 'кандидат', 'quot', 'хотеть', 'видеть', 'человек', 'который', 'гореть', 'работа', 'хотеть', 'добиваться', 'результат', 'встретиться', 'собеседование', 'ждать', 'твой', 'отклик']"
126677348,Тестировщик,группа компания видеофора разрабатывать система видеоаналитик автоматический реакция инцидент работать госзаказчик крупный бизнес предлагать работа аккрести тованна комания высокий уровень поддержка адаптация новый сотрудник гибкий график полностью удалённый работа официальный трудоустройство первый рабочий день обязанность мануальный тестирование веб приложение выполнение функциональный тестирование новый функция система интеграция тестирование детектор алгоритм видеоаналитик заведение дефект шаблон участие исправление проведение тест релиз участие релизном цикл взаимодействие команда разработка принятие совместный решение отладка улучшение продукт ведение обновление тестовый документация тест кейс чек лист отчёт тестирование участие автоматизация тест база существующий инструмент возможность тестирование web api написание запрос валидация ответ тестирование требование знание возможный вид тестирование опыт работа основный умение воспроизводить чётко описывать баг готовность работать различный аппаратный устройство интеграция громкоговоритель исполнительный устройство опыт преимущественно smoke testing critical path testing extended testing exploratory testing hoc testing опыт работа инструмент тестирование api postman insomnia curl httpie понимание формат json xml понимание протокол http включая заголовок код ответ подход restful api плюс базовый навык работа linux понимание сетевой взаимодействие http rtsp rtmp опыт автоматизация тестирование python selenium pytest другой инструмент знание инструмент тестирование видео аудио поток опыт работа система мониторинг логирование опыт работа модель машинный обучение метрика качество знание различие особенность работа видеокодек,Видеофор,100000.0,120000.0,RUR,От 1 года до 3 лет,Полная занятость,"['группа', 'компания', 'видеофора', 'разрабатывать', 'система', 'видеоаналитик', 'автоматический', 'реакция', 'инцидент', 'работать', 'госзаказчик', 'крупный', 'бизнес', 'предлагать', 'работа', 'аккрести', 'тованна', 'комания', 'высокий', 'уровень', 'поддержка', 'адаптация', 'новый', 'сотрудник', 'гибкий', 'график', 'полностью', 'удалённый', 'работа', 'официальный', 'трудоустройство', 'первый', 'рабочий', 'день', 'обязанность', 'мануальный', 'тестирование', 'веб', 'приложение', 'выполнение', 'функциональный', 'тестирование', 'новый', 'функция', 'система', 'интеграция', 'тестирование', 'детектор', 'алгоритм', 'видеоаналитик', 'заведение', 'дефект', 'шаблон', 'участие', 'исправление', 'проведение', 'тест', 'релиз', 'участие', 'релизном', 'цикл', 'взаимодействие', 'команда', 'разработка', 'принятие', 'совместный', 'решение', 'отладка', 'улучшение', 'продукт', 'ведение', 'обновление', 'тестовый', 'документация', 'тест', 'кейс', 'чек', 'лист', 'отчёт', 'тестирование', 'участие', 'автоматизация', 'тест', 'база', 'существующий', 'инструмент', 'возможность', 'тестирование', 'web', 'api', 'написание', 'запрос', 'валидация', 'ответ', 'тестирование', 'требование', 'знание', 'возможный', 'вид', 'тестирование', 'опыт', 'работа', 'основный', 'умение', 'воспроизводить', 'чётко', 'описывать', 'баг', 'готовность', 'работать', 'различный', 'аппаратный', 'устройство', 'интеграция', 'громкоговоритель', 'исполнительный', 'устройство', 'опыт', 'преимущественно', 'smoke', 'testing', 'critical', 'path', 'testing', 'extended', 'testing', 'exploratory', 'testing', 'hoc', 'testing', 'опыт', 'работа', 'инструмент', 'тестирование', 'api', 'postman', 'insomnia', 'curl', 'httpie', 'понимание', 'формат', 'json', 'xml', 'понимание', 'протокол', 'http', 'включая', 'заголовок', 'код', 'ответ', 'подход', 'restful', 'api', 'плюс', 'базовый', 'навык', 'работа', 'linux', 'понимание', 'сетевой', 'взаимодействие', 'http', 'rtsp', 'rtmp', 'опыт', 'автоматизация', 'тестирование', 'python', 'selenium', 'pytest', 'другой', 'инструмент', 'знание', 'инструмент', 'тестирование', 'видео', 'аудио', 'поток', 'опыт', 'работа', 'система', 'мониторинг', 'логирование', 'опыт', 'работа', 'модель', 'машинный', 'обучение', 'метрика', 'качество', 'знание', 'различие', 'особенность', 'работа', 'видеокодек']"
127025644,Ведущий Backend-разработчик,mcn telecom ведущий оператор фиксировать связь виртуальный мобильный оператор mvno разработчик программный продукт телефония мобильный фиксировать виртуальный атс контакт центр чат бот api интегрировать единый телек платформа cpaas предстоять делать внутренний заказчик роль ведущий разработчик разрабатывать микросервисный телек платформа продукт телек платформа иметь микросервисный архитектура работать кластер кubernetes обмениваться данные kafka оркестрироваться camunda участвовать проектирование система методология domain driven design ddd развивать поддерживать процесс continuous integration практика site reliability engineering sre должный обладать технический стек backend node typescript nestjs python java база данные postgresql redis elasticsearch cassandra биг дата bpmn аpache kafka apache spark camunda навык инженерный практика понимание практический опыт реализация паттерн высоконагруженный система опыт настройка продюсер консьюмер параметр подключение kafka уверенный владение sql graphql написание оптимизация сложный запрос создание окружение доставочный цепочка gitlab опыт работа криптопро смэв предлагать испытательный срок работа офис вхождение проект возможный гибридный график полный удалёнка бесплатный обед работа график московский офис коломенский нагатинский медстраховка медсить,МСН Телеком,250000.0,350000.0,RUR,От 3 до 6 лет,Полная занятость,"['mcn', 'telecom', 'ведущий', 'оператор', 'фиксировать', 'связь', 'виртуальный', 'мобильный', 'оператор', 'mvno', 'разработчик', 'программный', 'продукт', 'телефония', 'мобильный', 'фиксировать', 'виртуальный', 'атс', 'контакт', 'центр', 'чат', 'бот', 'api', 'интегрировать', 'единый', 'телек', 'платформа', 'cpaas', 'предстоять', 'делать', 'внутренний', 'заказчик', 'роль', 'ведущий', 'разработчик', 'разрабатывать', 'микросервисный', 'телек', 'платформа', 'продукт', 'телек', 'платформа', 'иметь', 'микросервисный', 'архитектура', 'работать', 'кластер', 'кubernetes', 'обмениваться', 'данные', 'kafka', 'оркестрироваться', 'camunda', 'участвовать', 'проектирование', 'система', 'методология', 'domain', 'driven', 'design', 'ddd', 'развивать', 'поддерживать', 'процесс', 'continuous', 'integration', 'практика', 'site', 'reliability', 'engineering', 'sre', 'должный', 'обладать', 'технический', 'стек', 'backend', 'node', 'typescript', 'nestjs', 'python', 'java', 'база', 'данные', 'postgresql', 'redis', 'elasticsearch', 'cassandra', 'биг', 'дата', 'bpmn', 'аpache', 'kafka', 'apache', 'spark', 'camunda', 'навык', 'инженерный', 'практика', 'понимание', 'практический', 'опыт', 'реализация', 'паттерн', 'высоконагруженный', 'система', 'опыт', 'настройка', 'продюсер', 'консьюмер', 'параметр', 'подключение', 'kafka', 'уверенный', 'владение', 'sql', 'graphql', 'написание', 'оптимизация', 'сложный', 'запрос', 'создание', 'окружение', 'доставочный', 'цепочка', 'gitlab', 'опыт', 'работа', 'криптопро', 'смэв', 'предлагать', 'испытательный', 'срок', 'работа', 'офис', 'вхождение', 'проект', 'возможный', 'гибридный', 'график', 'полный', 'удалёнка', 'бесплатный', 'обед', 'работа', 'график', 'московский', 'офис', 'коломенский', 'нагатинский', 'медстраховка', 'медсить']"
126111343,Инженер по тестированию ПО,обязанность разрабатывать поддерживать автотест функциональный нефункциональный тестирование web приложение api производить ручной тестирование создавать поддерживать необходимый тестовый документация оформление баг репорт взаимодействие команда разработка рамка работа задача требование владение методология тестирование вид задача принцип тестирование опыт ручной тестирование опыт автоматизация тестирование python понимание принцип работа веб приложение микросервисный архитектура асинхронный взаимодействие опыт работа такой инструмент jenkins postman swagger аналогичный знание sql уровень запрос средний сложность условие официальный трудоустройство график работа офис начало рабочий день обсуждаться собеседование удалённый работа предоставлять организация реестр компания интересный работа сфера телевидение возможность материальный карьерный рост дружный молодой коллектив эпизодический командировка приветствоваться понимание работа брокер сообщение опыт работа контейнеризация опыт работа инструмент тестирование производительность,BRAM Technologies,160000.0,200000.0,RUR,От 3 до 6 лет,Полная занятость,"['обязанность', 'разрабатывать', 'поддерживать', 'автотест', 'функциональный', 'нефункциональный', 'тестирование', 'web', 'приложение', 'api', 'производить', 'ручной', 'тестирование', 'создавать', 'поддерживать', 'необходимый', 'тестовый', 'документация', 'оформление', 'баг', 'репорт', 'взаимодействие', 'команда', 'разработка', 'рамка', 'работа', 'задача', 'требование', 'владение', 'методология', 'тестирование', 'вид', 'задача', 'принцип', 'тестирование', 'опыт', 'ручной', 'тестирование', 'опыт', 'автоматизация', 'тестирование', 'python', 'понимание', 'принцип', 'работа', 'веб', 'приложение', 'микросервисный', 'архитектура', 'асинхронный', 'взаимодействие', 'опыт', 'работа', 'такой', 'инструмент', 'jenkins', 'postman', 'swagger', 'аналогичный', 'знание', 'sql', 'уровень', 'запрос', 'средний', 'сложность', 'условие', 'официальный', 'трудоустройство', 'график', 'работа', 'офис', 'начало', 'рабочий', 'день', 'обсуждаться', 'собеседование', 'удалённый', 'работа', 'предоставлять', 'организация', 'реестр', 'компания', 'интересный', 'работа', 'сфера', 'телевидение', 'возможность', 'материальный', 'карьерный', 'рост', 'дружный', 'молодой', 'коллектив', 'эпизодический', 'командировка', 'приветствоваться', 'понимание', 'работа', 'брокер', 'сообщение', 'опыт', 'работа', 'контейнеризация', 'опыт', 'работа', 'инструмент', 'тестирование', 'производительность']"
126394352,Бизнес-аналитик,компания газпром автоматизация приступать реализация проект разработка корпоративный портал быть играть ключевой роль формирование стратегия продукт сбор анализ требование управление проект обеспечение успешный реализация обязанность сбор анализ документирование приоритизация бизнес требование корпоративный портал преобразование бизнес потребность чёткий технический спецификация фтт пользовательский история управление бэклог продукт определение приоритет планирование итерация разработка тесный взаимодействие команда разработчик дизайнер стейкхолдер обеспечение согласованность цель проект координация процесс разработка контроль срок качество выполнение задача проведение исследование рынок анализ конкурент пользовательский потребность выявление возможность улучшение продукт постановка проверка продуктовый гипотеза включая планирование анализ результат тест участие проектирование пользовательский интерфейс процесс учёт принцип обеспечение прозрачный коммуникация бизнес технический команда требование подтвердить опыт работа роль бизнес аналитика менеджер продукт владелец продукт проект разработка менее год опыт работа корпоративный портал аналогичный проект веб приложение внутренний система сильный аналитический способность навык решение проблема отличный коммуникативный навык умение эффективно взаимодействовать стейкхолдер уровень уверенный владение методология управление проект продукт scrum kanban опыт применение bdd написание пользовательский сценарий формат gherkin владение инструмент управление продукт проект jira предпочтительно ева аналог знание нотация uml bpmn опыт применение описание процесс система уверенный владение инструмент анализ данные excel базовый навык python аналитик знание sql работа данные готовность изучать новый технология подход также развивать продуктовый проектный мышление плюс понимание принцип клиент серверный архитектура база данные api протокол rest grpc graphql опыт проведение тест анализ результат опыт проектирование корпоративный система условие трудоустройство конкурентный заработный плата результат собеседование дмс испытательный срок материальный помощь отпуск год размер среднемесячный оклад премия результат год оклад квартальный премия высокий индивидуальный результат работа,Газпром автоматизация,200000.0,,RUR,От 3 до 6 лет,Полная занятость,"['компания', 'газпром', 'автоматизация', 'приступать', 'реализация', 'проект', 'разработка', 'корпоративный', 'портал', 'быть', 'играть', 'ключевой', 'роль', 'формирование', 'стратегия', 'продукт', 'сбор', 'анализ', 'требование', 'управление', 'проект', 'обеспечение', 'успешный', 'реализация', 'обязанность', 'сбор', 'анализ', 'документирование', 'приоритизация', 'бизнес', 'требование', 'корпоративный', 'портал', 'преобразование', 'бизнес', 'потребность', 'чёткий', 'технический', 'спецификация', 'фтт', 'пользовательский', 'история', 'управление', 'бэклог', 'продукт', 'определение', 'приоритет', 'планирование', 'итерация', 'разработка', 'тесный', 'взаимодействие', 'команда', 'разработчик', 'дизайнер', 'стейкхолдер', 'обеспечение', 'согласованность', 'цель', 'проект', 'координация', 'процесс', 'разработка', 'контроль', 'срок', 'качество', 'выполнение', 'задача', 'проведение', 'исследование', 'рынок', 'анализ', 'конкурент', 'пользовательский', 'потребность', 'выявление', 'возможность', 'улучшение', 'продукт', 'постановка', 'проверка', 'продуктовый', 'гипотеза', 'включая', 'планирование', 'анализ', 'результат', 'тест', 'участие', 'проектирование', 'пользовательский', 'интерфейс', 'процесс', 'учёт', 'принцип', 'обеспечение', 'прозрачный', 'коммуникация', 'бизнес', 'технический', 'команда', 'требование', 'подтвердить', 'опыт', 'работа', 'роль', 'бизнес', 'аналитика', 'менеджер', 'продукт', 'владелец', 'продукт', 'проект', 'разработка', 'менее', 'год', 'опыт', 'работа', 'корпоративный', 'портал', 'аналогичный', 'проект', 'веб', 'приложение', 'внутренний', 'система', 'сильный', 'аналитический', 'способность', 'навык', 'решение', 'проблема', 'отличный', 'коммуникативный', 'навык', 'умение', 'эффективно', 'взаимодействовать', 'стейкхолдер', 'уровень', 'уверенный', 'владение', 'методология', 'управление', 'проект', 'продукт', 'scrum', 'kanban', 'опыт', 'применение', 'bdd', 'написание', 'пользовательский', 'сценарий', 'формат', 'gherkin', 'владение', 'инструмент', 'управление', 'продукт', 'проект', 'jira', 'предпочтительно', 'ева', 'аналог', 'знание', 'нотация', 'uml', 'bpmn', 'опыт', 'применение', 'описание', 'процесс', 'система', 'уверенный', 'владение', 'инструмент', 'анализ', 'данные', 'excel', 'базовый', 'навык', 'python', 'аналитик', 'знание', 'sql', 'работа', 'данные', 'готовность', 'изучать', 'новый', 'технология', 'подход', 'также', 'развивать', 'продуктовый', 'проектный', 'мышление', 'плюс', 'понимание', 'принцип', 'клиент', 'серверный', 'архитектура', 'база', 'данные', 'api', 'протокол', 'rest', 'grpc', 'graphql', 'опыт', 'проведение', 'тест', 'анализ', 'результат', 'опыт', 'проектирование', 'корпоративный', 'система', 'условие', 'трудоустройство', 'конкурентный', 'заработный', 'плата', 'результат', 'собеседование', 'дмс', 'испытательный', 'срок', 'материальный', 'помощь', 'отпуск', 'год', 'размер', 'среднемесячный', 'оклад', 'премия', 'результат', 'год', 'оклад', 'квартальный', 'премия', 'высокий', 'индивидуальный', 'результат', 'работа']"
126465660,Python-разработчик,быстрорастущий компания разрабатывать высоконагруженный цифровой продукт наш компания создавать развивать цифровой продукт который менять жизнь человек хороший упрощать повседневный задача небольшой сильный команда эксперт каждый вносить значительный вклад общий дело ценить инициатива предоставлять свобода выбор инструмент подход достижение результат наш ценность прозрачность процесс отсутствие бюрократия вовлечение фаундёр ориентированность команда предлагать участие интересный проект современный стек технология возможность работать высоконагруженный система микро сервисный архитектура регулярный пересмотр результат работа профессиональный рост развитие команда опытный разработчик гибкий начало рабочий день современный подход организация workflow основной требование опыт разработка python использование django django rest framework fastapi уверенный знание субд postgresql redis опыт работа брокер сообщение rabbitmq задача асинхронный обработка celery навык написание тест использование pytest понимание принцип контейнеризация опыт работа docker знание английский язык ниже обязанность разработка поддержка api rest grpc оптимизация взаимодействие сервис rabbitmq работа различный тип база данные реляционный документный кэш написание модульный интеграционный тест участие развёртывание настройка окружение использование docker похоже искать друг друг заставлять ждать жать кнопка откликнуться быть рада пообщаться просто чашка кофе виртуальный,Самохин Арсений Дмитриевич,100000.0,,RUR,От 1 года до 3 лет,Полная занятость,"['быстрорастущий', 'компания', 'разрабатывать', 'высоконагруженный', 'цифровой', 'продукт', 'наш', 'компания', 'создавать', 'развивать', 'цифровой', 'продукт', 'который', 'менять', 'жизнь', 'человек', 'хороший', 'упрощать', 'повседневный', 'задача', 'небольшой', 'сильный', 'команда', 'эксперт', 'каждый', 'вносить', 'значительный', 'вклад', 'общий', 'дело', 'ценить', 'инициатива', 'предоставлять', 'свобода', 'выбор', 'инструмент', 'подход', 'достижение', 'результат', 'наш', 'ценность', 'прозрачность', 'процесс', 'отсутствие', 'бюрократия', 'вовлечение', 'фаундёр', 'ориентированность', 'команда', 'предлагать', 'участие', 'интересный', 'проект', 'современный', 'стек', 'технология', 'возможность', 'работать', 'высоконагруженный', 'система', 'микро', 'сервисный', 'архитектура', 'регулярный', 'пересмотр', 'результат', 'работа', 'профессиональный', 'рост', 'развитие', 'команда', 'опытный', 'разработчик', 'гибкий', 'начало', 'рабочий', 'день', 'современный', 'подход', 'организация', 'workflow', 'основной', 'требование', 'опыт', 'разработка', 'python', 'использование', 'django', 'django', 'rest', 'framework', 'fastapi', 'уверенный', 'знание', 'субд', 'postgresql', 'redis', 'опыт', 'работа', 'брокер', 'сообщение', 'rabbitmq', 'задача', 'асинхронный', 'обработка', 'celery', 'навык', 'написание', 'тест', 'использование', 'pytest', 'понимание', 'принцип', 'контейнеризация', 'опыт', 'работа', 'docker', 'знание', 'английский', 'язык', 'ниже', 'обязанность', 'разработка', 'поддержка', 'api', 'rest', 'grpc', 'оптимизация', 'взаимодействие', 'сервис', 'rabbitmq', 'работа', 'различный', 'тип', 'база', 'данные', 'реляционный', 'документный', 'кэш', 'написание', 'модульный', 'интеграционный', 'тест', 'участие', 'развёртывание', 'настройка', 'окружение', 'использование', 'docker', 'похоже', 'искать', 'друг', 'друг', 'заставлять', 'ждать', 'жать', 'кнопка', 'откликнуться', 'быть', 'рада', 'пообщаться', 'просто', 'чашка', 'кофе', 'виртуальный']"
126487488,Backend Разработчик (Middle),привет международный команда ray создавать мобильный приложение водитель весь мир год делать сервис который помогать каждый этап экзамен пдд уверенный вождение информация https ray app работать страна адаптировать продукт разный рынок топ категория education два страна последний год помочь млн человек получить право десятка миллион установка наш приложение делать обучать приложение подготовка экзамен пдд сервис оплата штраф получение водительский услуга инструмент помогать водитель дорога наш цель сделать вождение простой понятный безопасный первый день долгий год развиваться открываться новый направление рынок поэтому открыть вакансия middle backend developer какой задача проектировать реализовывать новый интеграция наш сайт мобильный приложение другой сервис дорабатывать поддерживать оптимизировать существующий интеграция скрипт автоматизация бот парсинга сайт работать база данные mysql postgress участвовать развитие продукт обсуждение задача запуск production проводить ревить чужое свой код взаимодействовать дизайнер разработчик продакт стек активный использование инструмент повседневный работа cursor claude code обязательно умение быстро собрать api сервис rest api grpc фронт база данные postgress redis опыт работа векторный очередь работа llm стек openai anthropic api openai api контекст токен rag паттерн простой eval уверенный работа docker опыт работа git репозиторий уверенный пользователь html css javascript знание практический опыт использование стек мониторинг логирование prometheus promtail loki tempo grafana опыт взаимодействие devops процесс инструмент навык написание модульный интеграционный тест backend python использование pytest аналогичный инструмент работать наш команда полностью распределённый москва ижевск ереван тбилиси лондон активно использовать онлайн коммуникация zoom slack считать важный результат просидеть время команда ценить каждый человек вклад общий успех получать больший возможность развитие профессиональный навык разумный гибкий график работа официальный оформление возможность получать оплата валюта работа удалённый достойный заработный плата размер обсуждаться кандидат хотеть присоединиться наш команда присылать свой резюме быть рада рассмотреть ваш кандидатура,Reactive Phone,160000.0,,RUR,От 3 до 6 лет,Полная занятость,"['привет', 'международный', 'команда', 'ray', 'создавать', 'мобильный', 'приложение', 'водитель', 'весь', 'мир', 'год', 'делать', 'сервис', 'который', 'помогать', 'каждый', 'этап', 'экзамен', 'пдд', 'уверенный', 'вождение', 'информация', 'https', 'ray', 'app', 'работать', 'страна', 'адаптировать', 'продукт', 'разный', 'рынок', 'топ', 'категория', 'education', 'два', 'страна', 'последний', 'год', 'помочь', 'млн', 'человек', 'получить', 'право', 'десятка', 'миллион', 'установка', 'наш', 'приложение', 'делать', 'обучать', 'приложение', 'подготовка', 'экзамен', 'пдд', 'сервис', 'оплата', 'штраф', 'получение', 'водительский', 'услуга', 'инструмент', 'помогать', 'водитель', 'дорога', 'наш', 'цель', 'сделать', 'вождение', 'простой', 'понятный', 'безопасный', 'первый', 'день', 'долгий', 'год', 'развиваться', 'открываться', 'новый', 'направление', 'рынок', 'поэтому', 'открыть', 'вакансия', 'middle', 'backend', 'developer', 'какой', 'задача', 'проектировать', 'реализовывать', 'новый', 'интеграция', 'наш', 'сайт', 'мобильный', 'приложение', 'другой', 'сервис', 'дорабатывать', 'поддерживать', 'оптимизировать', 'существующий', 'интеграция', 'скрипт', 'автоматизация', 'бот', 'парсинга', 'сайт', 'работать', 'база', 'данные', 'mysql', 'postgress', 'участвовать', 'развитие', 'продукт', 'обсуждение', 'задача', 'запуск', 'production', 'проводить', 'ревить', 'чужое', 'свой', 'код', 'взаимодействовать', 'дизайнер', 'разработчик', 'продакт', 'стек', 'активный', 'использование', 'инструмент', 'повседневный', 'работа', 'cursor', 'claude', 'code', 'обязательно', 'умение', 'быстро', 'собрать', 'api', 'сервис', 'rest', 'api', 'grpc', 'фронт', 'база', 'данные', 'postgress', 'redis', 'опыт', 'работа', 'векторный', 'очередь', 'работа', 'llm', 'стек', 'openai', 'anthropic', 'api', 'openai', 'api', 'контекст', 'токен', 'rag', 'паттерн', 'простой', 'eval', 'уверенный', 'работа', 'docker', 'опыт', 'работа', 'git', 'репозиторий', 'уверенный', 'пользователь', 'html', 'css', 'javascript', 'знание', 'практический', 'опыт', 'использование', 'стек', 'мониторинг', 'логирование', 'prometheus', 'promtail', 'loki', 'tempo', 'grafana', 'опыт', 'взаимодействие', 'devops', 'процесс', 'инструмент', 'навык', 'написание', 'модульный', 'интеграционный', 'тест', 'backend', 'python', 'использование', 'pytest', 'аналогичный', 'инструмент', 'работать', 'наш', 'команда', 'полностью', 'распределённый', 'москва', 'ижевск', 'ереван', 'тбилиси', 'лондон', 'активно', 'использовать', 'онлайн', 'коммуникация', 'zoom', 'slack', 'считать', 'важный', 'результат', 'просидеть', 'время', 'команда', 'ценить', 'каждый', 'человек', 'вклад', 'общий', 'успех', 'получать', 'больший', 'возможность', 'развитие', 'профессиональный', 'навык', 'разумный', 'гибкий', 'график', 'работа', 'официальный', 'оформление', 'возможность', 'получать', 'оплата', 'валюта', 'работа', 'удалённый', 'достойный', 'заработный', 'плата', 'размер', 'обсуждаться', 'кандидат', 'хотеть', 'присоединиться', 'наш', 'команда', 'присылать', 'свой', 'резюме', 'быть', 'рада', 'рассмотреть', 'ваш', 'кандидатура']"
126927030,Главный Инженер по верификации Испания,европейский высокотехнологичный компания специализироваться разработка полностью настраивать процессорный ядро risc система высокопроизводительный вычисление hpc искусственный интеллект машинный обучение технология компания обеспечивать передовой обработка данные благодаря масштабировать векторный тензорный блок уникальный архитектура память высокий гибкость интеграция soc компания сотрудничать ведущий международный технологический партнёр принимать участие ключевой европейский инициатива область открытый аппаратный обеспечение обязанность главный инженер верификация быть работать команда верификация играть ключевой роль обеспечение корректность функциональность сложный цифровой схема уровень register transfer level rtl соответствие спецификация использовать передовой методология инструмент верификация требование высокий технический образование степень магистр phd область электроника компьютерный инженерия микроэлектроника аналогичный уровень английский язык ниже опыт работа индустрия менее год связанный верификация цифровой схема проектирование soc глубокий знание systemverilog uvm владение скриптовый язык python perl bash tcl инструмент автоматизация регрессионный тест практический опыт работа симулятор инструмент моделирование цифровой схема знание методология инструмент контроль версия git svn опыт проведение верификация уровень отдельный блок подсистема топ уровень опыт использование формальный динамический метод верификация развитой аналитический способность внимание деталь умение работать больший объём технический информация отличный коммуникативный навык способность эффективно работать международный команда инженер условие предлагать работа международный инженерный команда конкурентный вознаграждение прозрачный бонусный система возможность приобретать акция компания получать прибыль рост пакет релокация полный поддержка переезд испания барселона гибкий график работа дружеский атмосфера бесплатный урок испанский возможность профессиональный рост участие инновационный проект сфера микроэлектроника,Лысенко Эвелина,600000.0,650000.0,RUR,Более 6 лет,Полная занятость,"['европейский', 'высокотехнологичный', 'компания', 'специализироваться', 'разработка', 'полностью', 'настраивать', 'процессорный', 'ядро', 'risc', 'система', 'высокопроизводительный', 'вычисление', 'hpc', 'искусственный', 'интеллект', 'машинный', 'обучение', 'технология', 'компания', 'обеспечивать', 'передовой', 'обработка', 'данные', 'благодаря', 'масштабировать', 'векторный', 'тензорный', 'блок', 'уникальный', 'архитектура', 'память', 'высокий', 'гибкость', 'интеграция', 'soc', 'компания', 'сотрудничать', 'ведущий', 'международный', 'технологический', 'партнёр', 'принимать', 'участие', 'ключевой', 'европейский', 'инициатива', 'область', 'открытый', 'аппаратный', 'обеспечение', 'обязанность', 'главный', 'инженер', 'верификация', 'быть', 'работать', 'команда', 'верификация', 'играть', 'ключевой', 'роль', 'обеспечение', 'корректность', 'функциональность', 'сложный', 'цифровой', 'схема', 'уровень', 'register', 'transfer', 'level', 'rtl', 'соответствие', 'спецификация', 'использовать', 'передовой', 'методология', 'инструмент', 'верификация', 'требование', 'высокий', 'технический', 'образование', 'степень', 'магистр', 'phd', 'область', 'электроника', 'компьютерный', 'инженерия', 'микроэлектроника', 'аналогичный', 'уровень', 'английский', 'язык', 'ниже', 'опыт', 'работа', 'индустрия', 'менее', 'год', 'связанный', 'верификация', 'цифровой', 'схема', 'проектирование', 'soc', 'глубокий', 'знание', 'systemverilog', 'uvm', 'владение', 'скриптовый', 'язык', 'python', 'perl', 'bash', 'tcl', 'инструмент', 'автоматизация', 'регрессионный', 'тест', 'практический', 'опыт', 'работа', 'симулятор', 'инструмент', 'моделирование', 'цифровой', 'схема', 'знание', 'методология', 'инструмент', 'контроль', 'версия', 'git', 'svn', 'опыт', 'проведение', 'верификация', 'уровень', 'отдельный', 'блок', 'подсистема', 'топ', 'уровень', 'опыт', 'использование', 'формальный', 'динамический', 'метод', 'верификация', 'развитой', 'аналитический', 'способность', 'внимание', 'деталь', 'умение', 'работать', 'больший', 'объём', 'технический', 'информация', 'отличный', 'коммуникативный', 'навык', 'способность', 'эффективно', 'работать', 'международный', 'команда', 'инженер', 'условие', 'предлагать', 'работа', 'международный', 'инженерный', 'команда', 'конкурентный', 'вознаграждение', 'прозрачный', 'бонусный', 'система', 'возможность', 'приобретать', 'акция', 'компания', 'получать', 'прибыль', 'рост', 'пакет', 'релокация', 'полный', 'поддержка', 'переезд', 'испания', 'барселона', 'гибкий', 'график', 'работа', 'дружеский', 'атмосфера', 'бесплатный', 'урок', 'испанский', 'возможность', 'профессиональный', 'рост', 'участие', 'инновационный', 'проект', 'сфера', 'микроэлектроника']"
126838587,Тестировщик ПО,обязанность полный цикл тестирование веб система realestate связанный сервис ручной тестирование функциональный интеграционный регрессионный смоук тестирование api postman swagger проверка бизнес логика поддержка актуализация тестовый документация тест план чек лист тест кейс проведение пострелизный проверка контроль стабильность релиз разработка поддержка автотест ключевой сценарий микросервис мониторинг показатель сервер доступность сайт realestate анализ лог сетевой трафик проверка данные mysql тестирование дизайн взаимодействие команда разработка аналитик проджект менеджер требование опыт тестирование веб проект api умение документировать тест баг писать понятный отчёт понимание принцип процесс релиз rollback стратегия навык работа sql запрос база данные понимание работа сервер система мониторинг внимательность ответственность ориентация результат плюс опыт написание автотест python pytest playwright selenium знание kafka rabbitmq навык анализ лог nginx php fpm системный метрика опыт работа мониторинг grafana zabbix uptimerobot,RealEstate.ru,80000.0,100000.0,RUR,От 3 до 6 лет,Полная занятость,"['обязанность', 'полный', 'цикл', 'тестирование', 'веб', 'система', 'realestate', 'связанный', 'сервис', 'ручной', 'тестирование', 'функциональный', 'интеграционный', 'регрессионный', 'смоук', 'тестирование', 'api', 'postman', 'swagger', 'проверка', 'бизнес', 'логика', 'поддержка', 'актуализация', 'тестовый', 'документация', 'тест', 'план', 'чек', 'лист', 'тест', 'кейс', 'проведение', 'пострелизный', 'проверка', 'контроль', 'стабильность', 'релиз', 'разработка', 'поддержка', 'автотест', 'ключевой', 'сценарий', 'микросервис', 'мониторинг', 'показатель', 'сервер', 'доступность', 'сайт', 'realestate', 'анализ', 'лог', 'сетевой', 'трафик', 'проверка', 'данные', 'mysql', 'тестирование', 'дизайн', 'взаимодействие', 'команда', 'разработка', 'аналитик', 'проджект', 'менеджер', 'требование', 'опыт', 'тестирование', 'веб', 'проект', 'api', 'умение', 'документировать', 'тест', 'баг', 'писать', 'понятный', 'отчёт', 'понимание', 'принцип', 'процесс', 'релиз', 'rollback', 'стратегия', 'навык', 'работа', 'sql', 'запрос', 'база', 'данные', 'понимание', 'работа', 'сервер', 'система', 'мониторинг', 'внимательность', 'ответственность', 'ориентация', 'результат', 'плюс', 'опыт', 'написание', 'автотест', 'python', 'pytest', 'playwright', 'selenium', 'знание', 'kafka', 'rabbitmq', 'навык', 'анализ', 'лог', 'nginx', 'php', 'fpm', 'системный', 'метрика', 'опыт', 'работа', 'мониторинг', 'grafana', 'zabbix', 'uptimerobot']"
126206873,Разработчик,дом маяк искать разработчик обязанность разработка поддержка внутренний проект фонд автоматизация бизнес процесс интеграция api доработка существующий решение создание новый микросервис внутренний инструмент написание скрипт сервис сбор обработка хранение миграция данные поддержка развитие автоматизация pyrus интеграция внешний сервис работа база данные sql запрос оптимизация миграция участие проектирование архитектура новый решение документирование код реализовать решение участие код ревить требование уверенный знание python базовый принцип ооп понимание алгоритм структура данные sql json rest api опыт работа git github gitlab опыт работа django fastapi знание асинхронный программирование asyncio aiohttp опыт работа асинхронный код навык отладка оптимизация код навык интеграция сторонний api базовый знание html css javascript умение самостоятельно читать документация разбираться новый библиотека сервис логический мышление аккуратность работа данные плюс навык написание тест опыт работа docker предлагать оформление соответствие трудовой законодательство российский федерация график офис недалеко маяковский офисный формат работа заработный плата рубль net,Детский хоспис Дом с маяком,95000.0,95000.0,RUR,От 1 года до 3 лет,Полная занятость,"['дом', 'маяк', 'искать', 'разработчик', 'обязанность', 'разработка', 'поддержка', 'внутренний', 'проект', 'фонд', 'автоматизация', 'бизнес', 'процесс', 'интеграция', 'api', 'доработка', 'существующий', 'решение', 'создание', 'новый', 'микросервис', 'внутренний', 'инструмент', 'написание', 'скрипт', 'сервис', 'сбор', 'обработка', 'хранение', 'миграция', 'данные', 'поддержка', 'развитие', 'автоматизация', 'pyrus', 'интеграция', 'внешний', 'сервис', 'работа', 'база', 'данные', 'sql', 'запрос', 'оптимизация', 'миграция', 'участие', 'проектирование', 'архитектура', 'новый', 'решение', 'документирование', 'код', 'реализовать', 'решение', 'участие', 'код', 'ревить', 'требование', 'уверенный', 'знание', 'python', 'базовый', 'принцип', 'ооп', 'понимание', 'алгоритм', 'структура', 'данные', 'sql', 'json', 'rest', 'api', 'опыт', 'работа', 'git', 'github', 'gitlab', 'опыт', 'работа', 'django', 'fastapi', 'знание', 'асинхронный', 'программирование', 'asyncio', 'aiohttp', 'опыт', 'работа', 'асинхронный', 'код', 'навык', 'отладка', 'оптимизация', 'код', 'навык', 'интеграция', 'сторонний', 'api', 'базовый', 'знание', 'html', 'css', 'javascript', 'умение', 'самостоятельно', 'читать', 'документация', 'разбираться', 'новый', 'библиотека', 'сервис', 'логический', 'мышление', 'аккуратность', 'работа', 'данные', 'плюс', 'навык', 'написание', 'тест', 'опыт', 'работа', 'docker', 'предлагать', 'оформление', 'соответствие', 'трудовой', 'законодательство', 'российский', 'федерация', 'график', 'офис', 'недалеко', 'маяковский', 'офисный', 'формат', 'работа', 'заработный', 'плата', 'рубль', 'net']"
126665362,Python-разработчик,проект разрабатывать современный микросервисный платформа python event driven архитектура централизовать управление мониторинг режим реальный время инженерный система процесс эксплуатация крупный объект работать легасить упор чистый код прозрачный архитектура требование опыт коммерческий разработка python год акцент backendразработка глубокий знание асинхронный программирование asyncio aiohttp фреймворк вроде fastapi опыт работа реляционный база данные postgresql включая схема индексация миграция sqlalchemy оптимизация запрос знание message brokers такой kafka aiokafka реализация event driven архитектура опыт проектирование поддержка api grpc rest навык контейнеризация docker управление зависимость poetry makefile опыт тестирование код pytest pytest asyncio unit integration тест умение работать команда фокус чистый код архитектурный решение предстоять работать python fastapi asyncio aiohttp postgresql sqlalchemy схема индекс миграция оптимизация запрос kafka aiokafka асинхронный продюсер консьюмер event driven логика grpc rest api проектирование поддержка docker poetry makefile контейнеризация автоматизация тестирование pytest pytest asyncio unit integration плюс node graphql apollo понимание схема resolvers интеграция pythonсервис gitlab pipelines observability prometheus grafana opentelemetry jaeger elk redis кеш rate limiting аналитика предлагать kubernetes helm деплый масштабирование keycloak casbin rbac abac oauth linux bash скрипт автоматизация предлагать современный технологический стек проект настроить инфраструктура best practices возможность влиять архитектурный решение удалённый формат работа,Акцент,250000.0,,RUR,От 1 года до 3 лет,Полная занятость,"['проект', 'разрабатывать', 'современный', 'микросервисный', 'платформа', 'python', 'event', 'driven', 'архитектура', 'централизовать', 'управление', 'мониторинг', 'режим', 'реальный', 'время', 'инженерный', 'система', 'процесс', 'эксплуатация', 'крупный', 'объект', 'работать', 'легасить', 'упор', 'чистый', 'код', 'прозрачный', 'архитектура', 'требование', 'опыт', 'коммерческий', 'разработка', 'python', 'год', 'акцент', 'backendразработка', 'глубокий', 'знание', 'асинхронный', 'программирование', 'asyncio', 'aiohttp', 'фреймворк', 'вроде', 'fastapi', 'опыт', 'работа', 'реляционный', 'база', 'данные', 'postgresql', 'включая', 'схема', 'индексация', 'миграция', 'sqlalchemy', 'оптимизация', 'запрос', 'знание', 'message', 'brokers', 'такой', 'kafka', 'aiokafka', 'реализация', 'event', 'driven', 'архитектура', 'опыт', 'проектирование', 'поддержка', 'api', 'grpc', 'rest', 'навык', 'контейнеризация', 'docker', 'управление', 'зависимость', 'poetry', 'makefile', 'опыт', 'тестирование', 'код', 'pytest', 'pytest', 'asyncio', 'unit', 'integration', 'тест', 'умение', 'работать', 'команда', 'фокус', 'чистый', 'код', 'архитектурный', 'решение', 'предстоять', 'работать', 'python', 'fastapi', 'asyncio', 'aiohttp', 'postgresql', 'sqlalchemy', 'схема', 'индекс', 'миграция', 'оптимизация', 'запрос', 'kafka', 'aiokafka', 'асинхронный', 'продюсер', 'консьюмер', 'event', 'driven', 'логика', 'grpc', 'rest', 'api', 'проектирование', 'поддержка', 'docker', 'poetry', 'makefile', 'контейнеризация', 'автоматизация', 'тестирование', 'pytest', 'pytest', 'asyncio', 'unit', 'integration', 'плюс', 'node', 'graphql', 'apollo', 'понимание', 'схема', 'resolvers', 'интеграция', 'pythonсервис', 'gitlab', 'pipelines', 'observability', 'prometheus', 'grafana', 'opentelemetry', 'jaeger', 'elk', 'redis', 'кеш', 'rate', 'limiting', 'аналитика', 'предлагать', 'kubernetes', 'helm', 'деплый', 'масштабирование', 'keycloak', 'casbin', 'rbac', 'abac', 'oauth', 'linux', 'bash', 'скрипт', 'автоматизация', 'предлагать', 'современный', 'технологический', 'стек', 'проект', 'настроить', 'инфраструктура', 'best', 'practices', 'возможность', 'влиять', 'архитектурный', 'решение', 'удалённый', 'формат', 'работа']"
126534775,Стажёр (Инженер по информационной безопасности),компания инфратех эксперт интеграция российский решение информационный безопасность поставлять настраивать siem waf edr nad другой продукт защита бизнес quot мариновать quot специалист рутина техподдержка первый день работать крупный проект корпоративный заказчик вместо мелкий задача набивание рука сразу погрузиться внедрение пилот реальный кейс знать сложно развиваться практика знание возможность применить многие компания требовать опыт давать получить идти другой путём учить поддерживать давать задача который делать новичок крутой специалист человек расти день час год становиться уверенный инженер готовый серьёзный инфраструктурный проект знание хватать реальный опыт обучить дать возможность работать корпоративный решение первый месяц готовый рост давать знакомиться ждать обучение реальный практика первый день никакой рутина маринование мелкий задача сертификация продукт счёт компания наставничество опытный инженер участие проект корпоративный клиент месяц повышение младший инженер новый возможность предстоять заниматься стажировка обучаться работа современный средство защита siem waf edr nad проходить сертификация курс тестировать решение лаборатория помогать пилот внедрение изучать лог событие сетевой трафик руководство наставник получать задача поле сразу применять знание практика кто искать кандидат базовый знание сеть linux windows sql python уровень курс самостоятельный изучение тот готовый учиться расти информационный безопасность внимательный ответственный организовать человек опыт работа требоваться весь научить предлагать стажировка мес успешный завершение стажировка повышение зарплата переход штат инженер график доступ обучение сертификация поддержка наставник почему стоить откликнуться быстрый рост месяц младший инженер реальный опыт вместо рутина новичок поддержка эксперт доступ корпоративный проект вакансия откликнуться ждать твой сопроводительный письмо рассказать пара слово почему ты интересный информационный безопасность хотеть достигнуть вместе мы,ИнфраТех,30000.0,30000.0,RUR,Нет опыта,Полная занятость,"['компания', 'инфратех', 'эксперт', 'интеграция', 'российский', 'решение', 'информационный', 'безопасность', 'поставлять', 'настраивать', 'siem', 'waf', 'edr', 'nad', 'другой', 'продукт', 'защита', 'бизнес', 'quot', 'мариновать', 'quot', 'специалист', 'рутина', 'техподдержка', 'первый', 'день', 'работать', 'крупный', 'проект', 'корпоративный', 'заказчик', 'вместо', 'мелкий', 'задача', 'набивание', 'рука', 'сразу', 'погрузиться', 'внедрение', 'пилот', 'реальный', 'кейс', 'знать', 'сложно', 'развиваться', 'практика', 'знание', 'возможность', 'применить', 'многие', 'компания', 'требовать', 'опыт', 'давать', 'получить', 'идти', 'другой', 'путём', 'учить', 'поддерживать', 'давать', 'задача', 'который', 'делать', 'новичок', 'крутой', 'специалист', 'человек', 'расти', 'день', 'час', 'год', 'становиться', 'уверенный', 'инженер', 'готовый', 'серьёзный', 'инфраструктурный', 'проект', 'знание', 'хватать', 'реальный', 'опыт', 'обучить', 'дать', 'возможность', 'работать', 'корпоративный', 'решение', 'первый', 'месяц', 'готовый', 'рост', 'давать', 'знакомиться', 'ждать', 'обучение', 'реальный', 'практика', 'первый', 'день', 'никакой', 'рутина', 'маринование', 'мелкий', 'задача', 'сертификация', 'продукт', 'счёт', 'компания', 'наставничество', 'опытный', 'инженер', 'участие', 'проект', 'корпоративный', 'клиент', 'месяц', 'повышение', 'младший', 'инженер', 'новый', 'возможность', 'предстоять', 'заниматься', 'стажировка', 'обучаться', 'работа', 'современный', 'средство', 'защита', 'siem', 'waf', 'edr', 'nad', 'проходить', 'сертификация', 'курс', 'тестировать', 'решение', 'лаборатория', 'помогать', 'пилот', 'внедрение', 'изучать', 'лог', 'событие', 'сетевой', 'трафик', 'руководство', 'наставник', 'получать', 'задача', 'поле', 'сразу', 'применять', 'знание', 'практика', 'кто', 'искать', 'кандидат', 'базовый', 'знание', 'сеть', 'linux', 'windows', 'sql', 'python', 'уровень', 'курс', 'самостоятельный', 'изучение', 'тот', 'готовый', 'учиться', 'расти', 'информационный', 'безопасность', 'внимательный', 'ответственный', 'организовать', 'человек', 'опыт', 'работа', 'требоваться', 'весь', 'научить', 'предлагать', 'стажировка', 'мес', 'успешный', 'завершение', 'стажировка', 'повышение', 'зарплата', 'переход', 'штат', 'инженер', 'график', 'доступ', 'обучение', 'сертификация', 'поддержка', 'наставник', 'почему', 'стоить', 'откликнуться', 'быстрый', 'рост', 'месяц', 'младший', 'инженер', 'реальный', 'опыт', 'вместо', 'рутина', 'новичок', 'поддержка', 'эксперт', 'доступ', 'корпоративный', 'проект', 'вакансия', 'откликнуться', 'ждать', 'твой', 'сопроводительный', 'письмо', 'рассказать', 'пара', 'слово', 'почему', 'ты', 'интересный', 'информационный', 'безопасность', 'хотеть', 'достигнуть', 'вместе', 'мы']"
126307741,Python-разработчик,компания domeo российский компания лидер среди сервис капитальный ремонт дизайн квартира частный дом рынок год сегодняшний день представить три город москва спб сочи обязанность создание поддержка веб приложение основа фреймворк fastapi flask работа написание sql запрос орм обработка клиентский запрос реализация серверный функциональность тестирование код отладка ошибка интеграция веб приложение внешний система сервис обеспечение безопасность приложение защита уязвимость оптимизация производительность приложение поддержка обновление существующий приложение следование методология стандарт разработка утвердить команда участие проектирование оценка задача требование опыт работа python год опыт работа fastapi год опыт работа flask год знание принцип разработка веб приложение работа база данные понимание принцип клиент серверный взаимодействие опыт использование система контроль версия способность писать чистый модульный легко поддерживать код опыт работа rest api опыт работа docker опыт работа redis опыт работа postgresql sqlalchemy опыт работа rabbitmq знание pydantic опыт работа pytest умение работать postman swagger большой опыт работа асинхронный код python опыт взаимодействие команда frontend разработка аналитик тестирование желательно опыт работа celery глубокий знание язык программирование python умение самостоятельно находить проблема предлагать эффективный решение работа domeo это возможность карьерный профессиональный рост крупный стабильный компания работа команда профессионал гордиться свой продукт уверенный завтрашний день график работа понедельник пятница ваш выбор перерыв обед час суббота воскресение праздничный день выходной чай кофе свободный доступ фруктовый вечеринка оборудовать кухня уютный место отдых желать бесплатный занятие йога спортивный пространство офис детский комната ваш ребёнок необходимость взять ребёнок офис самый зажигательный корпоратив дружный коллектив,Domeo,,200000.0,RUR,От 3 до 6 лет,Полная занятость,"['компания', 'domeo', 'российский', 'компания', 'лидер', 'среди', 'сервис', 'капитальный', 'ремонт', 'дизайн', 'квартира', 'частный', 'дом', 'рынок', 'год', 'сегодняшний', 'день', 'представить', 'три', 'город', 'москва', 'спб', 'сочи', 'обязанность', 'создание', 'поддержка', 'веб', 'приложение', 'основа', 'фреймворк', 'fastapi', 'flask', 'работа', 'написание', 'sql', 'запрос', 'орм', 'обработка', 'клиентский', 'запрос', 'реализация', 'серверный', 'функциональность', 'тестирование', 'код', 'отладка', 'ошибка', 'интеграция', 'веб', 'приложение', 'внешний', 'система', 'сервис', 'обеспечение', 'безопасность', 'приложение', 'защита', 'уязвимость', 'оптимизация', 'производительность', 'приложение', 'поддержка', 'обновление', 'существующий', 'приложение', 'следование', 'методология', 'стандарт', 'разработка', 'утвердить', 'команда', 'участие', 'проектирование', 'оценка', 'задача', 'требование', 'опыт', 'работа', 'python', 'год', 'опыт', 'работа', 'fastapi', 'год', 'опыт', 'работа', 'flask', 'год', 'знание', 'принцип', 'разработка', 'веб', 'приложение', 'работа', 'база', 'данные', 'понимание', 'принцип', 'клиент', 'серверный', 'взаимодействие', 'опыт', 'использование', 'система', 'контроль', 'версия', 'способность', 'писать', 'чистый', 'модульный', 'легко', 'поддерживать', 'код', 'опыт', 'работа', 'rest', 'api', 'опыт', 'работа', 'docker', 'опыт', 'работа', 'redis', 'опыт', 'работа', 'postgresql', 'sqlalchemy', 'опыт', 'работа', 'rabbitmq', 'знание', 'pydantic', 'опыт', 'работа', 'pytest', 'умение', 'работать', 'postman', 'swagger', 'большой', 'опыт', 'работа', 'асинхронный', 'код', 'python', 'опыт', 'взаимодействие', 'команда', 'frontend', 'разработка', 'аналитик', 'тестирование', 'желательно', 'опыт', 'работа', 'celery', 'глубокий', 'знание', 'язык', 'программирование', 'python', 'умение', 'самостоятельно', 'находить', 'проблема', 'предлагать', 'эффективный', 'решение', 'работа', 'domeo', 'это', 'возможность', 'карьерный', 'профессиональный', 'рост', 'крупный', 'стабильный', 'компания', 'работа', 'команда', 'профессионал', 'гордиться', 'свой', 'продукт', 'уверенный', 'завтрашний', 'день', 'график', 'работа', 'понедельник', 'пятница', 'ваш', 'выбор', 'перерыв', 'обед', 'час', 'суббота', 'воскресение', 'праздничный', 'день', 'выходной', 'чай', 'кофе', 'свободный', 'доступ', 'фруктовый', 'вечеринка', 'оборудовать', 'кухня', 'уютный', 'место', 'отдых', 'желать', 'бесплатный', 'занятие', 'йога', 'спортивный', 'пространство', 'офис', 'детский', 'комната', 'ваш', 'ребёнок', 'необходимость', 'взять', 'ребёнок', 'офис', 'самый', 'зажигательный', 'корпоратив', 'дружный', 'коллектив']"
126925366,Middle Python Developer,starter технологичный платформа ресторан служба доставка помогать заведение зарабатывать принимать заказ собственный брендированный приложение сайт удерживать гость помощь программа лояльность crm система число наш клиент год год увеличиваться расти ожидание платформа вместе это пополняться наш команда искать python разработчик middle который хотеть разрабатывать современный микросервис участвовать проектирование архитектура расти вместе сильный команда стек python fastapi celery sqlalchemy pydantic postgresql redis kafka docker gitlab grafana opentelemetry предлагать молодой продукт легасить возможность влиять решение участвовать архитектурный обсуждение комфортный формат работа полный удалёнка гибрид офис расположить центр санкт петербург петроградский официальный трудоустройство белый оплачивать dayoff год гибкий начало день старт компенсировать обучение здоровый атмосфера команда отзывчивый руководство классный коллега какой быть задача участвовать этап разработка состав scrum команда собирать анализировать требование декомпозировать оценивать задача писать код деплоить стейджи релизить прод время писать новый расширять старый микросервис придерживаться событийный ориентировать архитектура покрывать код тест основное это узкий место unit тест делать перекрёстный код ревить выполнить задача создавать master кидать чат отмечать мейнтейнер сервис также ревить мочь присоединиться желать решать архитектурный задача отдельный сервис обсуждать команда питонистовый отдельный сервис обсуждать другой команда взаимодействовать команда проект frontend mobile backend разработчик product менеджер тестировщик дизайнер идеально опыт коммерческий разработка python год опыт работа fastapi опыт работа реляционный база данные уверенно владеть sql опыт работа redis celery kafka rabbitmq понимание solid dry kiss опыт работа микросервисный архитектура опыт работа scrum команда опыт работа docker плюс опыт gitlab nginx знание node сервис этот технология попасть команда откликнуться заполнить небольшой опросник созвониться небольшой интервью ответить технический вопрос собеседование техлид получить оффера,STARTER,,200000.0,RUR,От 1 года до 3 лет,Полная занятость,"['starter', 'технологичный', 'платформа', 'ресторан', 'служба', 'доставка', 'помогать', 'заведение', 'зарабатывать', 'принимать', 'заказ', 'собственный', 'брендированный', 'приложение', 'сайт', 'удерживать', 'гость', 'помощь', 'программа', 'лояльность', 'crm', 'система', 'число', 'наш', 'клиент', 'год', 'год', 'увеличиваться', 'расти', 'ожидание', 'платформа', 'вместе', 'это', 'пополняться', 'наш', 'команда', 'искать', 'python', 'разработчик', 'middle', 'который', 'хотеть', 'разрабатывать', 'современный', 'микросервис', 'участвовать', 'проектирование', 'архитектура', 'расти', 'вместе', 'сильный', 'команда', 'стек', 'python', 'fastapi', 'celery', 'sqlalchemy', 'pydantic', 'postgresql', 'redis', 'kafka', 'docker', 'gitlab', 'grafana', 'opentelemetry', 'предлагать', 'молодой', 'продукт', 'легасить', 'возможность', 'влиять', 'решение', 'участвовать', 'архитектурный', 'обсуждение', 'комфортный', 'формат', 'работа', 'полный', 'удалёнка', 'гибрид', 'офис', 'расположить', 'центр', 'санкт', 'петербург', 'петроградский', 'официальный', 'трудоустройство', 'белый', 'оплачивать', 'dayoff', 'год', 'гибкий', 'начало', 'день', 'старт', 'компенсировать', 'обучение', 'здоровый', 'атмосфера', 'команда', 'отзывчивый', 'руководство', 'классный', 'коллега', 'какой', 'быть', 'задача', 'участвовать', 'этап', 'разработка', 'состав', 'scrum', 'команда', 'собирать', 'анализировать', 'требование', 'декомпозировать', 'оценивать', 'задача', 'писать', 'код', 'деплоить', 'стейджи', 'релизить', 'прод', 'время', 'писать', 'новый', 'расширять', 'старый', 'микросервис', 'придерживаться', 'событийный', 'ориентировать', 'архитектура', 'покрывать', 'код', 'тест', 'основное', 'это', 'узкий', 'место', 'unit', 'тест', 'делать', 'перекрёстный', 'код', 'ревить', 'выполнить', 'задача', 'создавать', 'master', 'кидать', 'чат', 'отмечать', 'мейнтейнер', 'сервис', 'также', 'ревить', 'мочь', 'присоединиться', 'желать', 'решать', 'архитектурный', 'задача', 'отдельный', 'сервис', 'обсуждать', 'команда', 'питонистовый', 'отдельный', 'сервис', 'обсуждать', 'другой', 'команда', 'взаимодействовать', 'команда', 'проект', 'frontend', 'mobile', 'backend', 'разработчик', 'product', 'менеджер', 'тестировщик', 'дизайнер', 'идеально', 'опыт', 'коммерческий', 'разработка', 'python', 'год', 'опыт', 'работа', 'fastapi', 'опыт', 'работа', 'реляционный', 'база', 'данные', 'уверенно', 'владеть', 'sql', 'опыт', 'работа', 'redis', 'celery', 'kafka', 'rabbitmq', 'понимание', 'solid', 'dry', 'kiss', 'опыт', 'работа', 'микросервисный', 'архитектура', 'опыт', 'работа', 'scrum', 'команда', 'опыт', 'работа', 'docker', 'плюс', 'опыт', 'gitlab', 'nginx', 'знание', 'node', 'сервис', 'этот', 'технология', 'попасть', 'команда', 'откликнуться', 'заполнить', 'небольшой', 'опросник', 'созвониться', 'небольшой', 'интервью', 'ответить', 'технический', 'вопрос', 'собеседование', 'техлид', 'получить', 'оффера']"
126980716,Аналитик данных,связь расширение команда искать аналитика данные ключевой задача оптимизация операционный процесс затрата кол центр счёт глубокий анализ данные точный прогнозирование нагрузка планирование численность персонал обеспечение баланс бизнес показатель качество обслуживание клиент нужно делать анализировать kpi доступность продуктивность ежедневный основа выявлять причина отклонение фактический показатель плановый подготавливать регулярный отчёт презентация руководство производительность кол центр прогнозировать входящий нагрузка объём контакт чат краткосрочный среднесрочный долгосрочный период использование исторический данные учёт бизнес фактор взаимодействовать операционный команда менеджер согласование план объяснение аналитический вывод ждать кандидат высокий образование область математика статистика экономика смежный дисциплина опыт работа аналитик кол центр год глубокий понимание метрика kpi кол центр service level aht occupancy awt взаимосвязь они практический опыт прогнозирование нагрузка расчёт fte продвинуть навык работа excel сводный таблица сложный формула поиск решение power query sql менее уровень middle wfm naumen преимущество аналитический склад ум внимательность деталь умение работать больший массив данные навык деловой коммуникация умение понятно доносить сложный информация стейкхолдер предлагать оформление трудовой договор штат компания полностью удалённый формат работа график работа оклад годовой премия размер один оклад дмс первый месяц работа включая стоматология оплачивать стоимость полис дмс родственник страхование несчастный случай месяц работа материальный помощь сложный жизненный ситуация отпуск календарный день день ненормированный рабочий день компенсация расход выбор сотрудник например спорт ипотека питание специальный предложение партнёр скидка продукт экосистема мтс мобильный связь счёт компания льготный тариф близкий подписка онлайн кинотеатр kion сервис мтс музыка книжный сервис строка мтс безлимитный мессенджер соцсеть собственный корпоративный университет онлайн библиотека оплачивать внешний обучение карьерный развитие office windows аналитика подготовка презентация excel отчётность powerpoint дашборд python sql sas,МТС,77000.0,,RUR,От 1 года до 3 лет,Полная занятость,"['связь', 'расширение', 'команда', 'искать', 'аналитика', 'данные', 'ключевой', 'задача', 'оптимизация', 'операционный', 'процесс', 'затрата', 'кол', 'центр', 'счёт', 'глубокий', 'анализ', 'данные', 'точный', 'прогнозирование', 'нагрузка', 'планирование', 'численность', 'персонал', 'обеспечение', 'баланс', 'бизнес', 'показатель', 'качество', 'обслуживание', 'клиент', 'нужно', 'делать', 'анализировать', 'kpi', 'доступность', 'продуктивность', 'ежедневный', 'основа', 'выявлять', 'причина', 'отклонение', 'фактический', 'показатель', 'плановый', 'подготавливать', 'регулярный', 'отчёт', 'презентация', 'руководство', 'производительность', 'кол', 'центр', 'прогнозировать', 'входящий', 'нагрузка', 'объём', 'контакт', 'чат', 'краткосрочный', 'среднесрочный', 'долгосрочный', 'период', 'использование', 'исторический', 'данные', 'учёт', 'бизнес', 'фактор', 'взаимодействовать', 'операционный', 'команда', 'менеджер', 'согласование', 'план', 'объяснение', 'аналитический', 'вывод', 'ждать', 'кандидат', 'высокий', 'образование', 'область', 'математика', 'статистика', 'экономика', 'смежный', 'дисциплина', 'опыт', 'работа', 'аналитик', 'кол', 'центр', 'год', 'глубокий', 'понимание', 'метрика', 'kpi', 'кол', 'центр', 'service', 'level', 'aht', 'occupancy', 'awt', 'взаимосвязь', 'они', 'практический', 'опыт', 'прогнозирование', 'нагрузка', 'расчёт', 'fte', 'продвинуть', 'навык', 'работа', 'excel', 'сводный', 'таблица', 'сложный', 'формула', 'поиск', 'решение', 'power', 'query', 'sql', 'менее', 'уровень', 'middle', 'wfm', 'naumen', 'преимущество', 'аналитический', 'склад', 'ум', 'внимательность', 'деталь', 'умение', 'работать', 'больший', 'массив', 'данные', 'навык', 'деловой', 'коммуникация', 'умение', 'понятно', 'доносить', 'сложный', 'информация', 'стейкхолдер', 'предлагать', 'оформление', 'трудовой', 'договор', 'штат', 'компания', 'полностью', 'удалённый', 'формат', 'работа', 'график', 'работа', 'оклад', 'годовой', 'премия', 'размер', 'один', 'оклад', 'дмс', 'первый', 'месяц', 'работа', 'включая', 'стоматология', 'оплачивать', 'стоимость', 'полис', 'дмс', 'родственник', 'страхование', 'несчастный', 'случай', 'месяц', 'работа', 'материальный', 'помощь', 'сложный', 'жизненный', 'ситуация', 'отпуск', 'календарный', 'день', 'день', 'ненормированный', 'рабочий', 'день', 'компенсация', 'расход', 'выбор', 'сотрудник', 'например', 'спорт', 'ипотека', 'питание', 'специальный', 'предложение', 'партнёр', 'скидка', 'продукт', 'экосистема', 'мтс', 'мобильный', 'связь', 'счёт', 'компания', 'льготный', 'тариф', 'близкий', 'подписка', 'онлайн', 'кинотеатр', 'kion', 'сервис', 'мтс', 'музыка', 'книжный', 'сервис', 'строка', 'мтс', 'безлимитный', 'мессенджер', 'соцсеть', 'собственный', 'корпоративный', 'университет', 'онлайн', 'библиотека', 'оплачивать', 'внешний', 'обучение', 'карьерный', 'развитие', 'office', 'windows', 'аналитика', 'подготовка', 'презентация', 'excel', 'отчётность', 'powerpoint', 'дашборд', 'python', 'sql', 'sas']"
126562421,Junior Data Analyst/Аналитик данных,привет команда разработчик платформа young amp junior который собирать вакансия интернет ресурс наш сайт пользоваться человек ежемесячно активно расти поэтому набирать сотрудник отдел аналитик данный момент разработать агрегатор вакансия который парcит вакансия направление близкий время планировать внедрять новый фича добавить сайт конструктор резюме интегрировать сайт наш тренажёр собеседование расширить блок мероприятие инструмент джуновый поэтому мы нужный активный инициативный аналитик предстоять заниматься собирать обрабатывать дать различный источник последующий анализ создавать визуализация дашборд мониторинтр ключевой метрика продукт участвовать анализ пользовательский поведение ключевой сценарий например воронка поиск вакансия отклик тесно взаимодействовать команда продукт разработка помогать формировать требование данные проверять качество активно участвовать планирование обсуждение задача предлагать идея улучшение метод анализ метрика предлагать влияние продукт твой решение сразу повлиять тысяча пользователь полностью удалённый работа гибкий график обучение рост обязательный требование базовый знание sql работа данные навык работа excel google таблица сводный таблица основной функция понимание основа статистика анализ данные внимательность деталь умение работать больший объём информация способность работать команда воспринимать обратный связь постоянно учиться плюс опыт работа система визуализация данные tableau power datalens базовый знание python pandas numpy анализ данные знакомство процесс гибкий разработка scrum kanban понимание принцип веб аналитик метрика продукт наличие учебный проект кейс анализ данные встреча собес,Your CodeReview,90000.0,,RUR,Нет опыта,Полная занятость,"['привет', 'команда', 'разработчик', 'платформа', 'young', 'amp', 'junior', 'который', 'собирать', 'вакансия', 'интернет', 'ресурс', 'наш', 'сайт', 'пользоваться', 'человек', 'ежемесячно', 'активно', 'расти', 'поэтому', 'набирать', 'сотрудник', 'отдел', 'аналитик', 'данный', 'момент', 'разработать', 'агрегатор', 'вакансия', 'который', 'парcит', 'вакансия', 'направление', 'близкий', 'время', 'планировать', 'внедрять', 'новый', 'фича', 'добавить', 'сайт', 'конструктор', 'резюме', 'интегрировать', 'сайт', 'наш', 'тренажёр', 'собеседование', 'расширить', 'блок', 'мероприятие', 'инструмент', 'джуновый', 'поэтому', 'мы', 'нужный', 'активный', 'инициативный', 'аналитик', 'предстоять', 'заниматься', 'собирать', 'обрабатывать', 'дать', 'различный', 'источник', 'последующий', 'анализ', 'создавать', 'визуализация', 'дашборд', 'мониторинтр', 'ключевой', 'метрика', 'продукт', 'участвовать', 'анализ', 'пользовательский', 'поведение', 'ключевой', 'сценарий', 'например', 'воронка', 'поиск', 'вакансия', 'отклик', 'тесно', 'взаимодействовать', 'команда', 'продукт', 'разработка', 'помогать', 'формировать', 'требование', 'данные', 'проверять', 'качество', 'активно', 'участвовать', 'планирование', 'обсуждение', 'задача', 'предлагать', 'идея', 'улучшение', 'метод', 'анализ', 'метрика', 'предлагать', 'влияние', 'продукт', 'твой', 'решение', 'сразу', 'повлиять', 'тысяча', 'пользователь', 'полностью', 'удалённый', 'работа', 'гибкий', 'график', 'обучение', 'рост', 'обязательный', 'требование', 'базовый', 'знание', 'sql', 'работа', 'данные', 'навык', 'работа', 'excel', 'google', 'таблица', 'сводный', 'таблица', 'основной', 'функция', 'понимание', 'основа', 'статистика', 'анализ', 'данные', 'внимательность', 'деталь', 'умение', 'работать', 'больший', 'объём', 'информация', 'способность', 'работать', 'команда', 'воспринимать', 'обратный', 'связь', 'постоянно', 'учиться', 'плюс', 'опыт', 'работа', 'система', 'визуализация', 'данные', 'tableau', 'power', 'datalens', 'базовый', 'знание', 'python', 'pandas', 'numpy', 'анализ', 'данные', 'знакомство', 'процесс', 'гибкий', 'разработка', 'scrum', 'kanban', 'понимание', 'принцип', 'веб', 'аналитик', 'метрика', 'продукт', 'наличие', 'учебный', 'проект', 'кейс', 'анализ', 'данные', 'встреча', 'собес']"
125971863,"Python-разработчик (Django, FastAPI)",dinord компания предоставлять широкий спектр услуга решение бизнес решение приложение платформа sap аренда инфраструктурный мощность облачный сервис информационный безопасность защита данные технологический разработка инновационный продукт аудит консультирование технический поддержка аутсорсинг консалтинг описание проект система финансовый мониторинг использование виртуальный ресурс позволять подразделение крупный компания отслеживать затрата сервис приложение облачный гетерогенный среда задача разработка редактирование backend часть django fastapi работа web приложение документирование создать api wiki проект разработка интеграция другой компонент система взаимодействие frontend разработчик согласование схема api участие обсуждение задача мы важно опыт разработка python год хороший знание django fastapi один менее высокий уровень идеально оба postgressql знание основный шаблон проектирование архитектура построение приложение опыт разработка restapi желательно drf fastapi опыт работа docker понимание базовый уровень процесс опыт написание оптимизация sql запрос знание основа gitflow опыт работа git общий опыт коммерческий разработка бекенд приложение год предлагать удалённый формат работа полис дмс,Dinord,,200000.0,RUR,От 3 до 6 лет,Полная занятость,"['dinord', 'компания', 'предоставлять', 'широкий', 'спектр', 'услуга', 'решение', 'бизнес', 'решение', 'приложение', 'платформа', 'sap', 'аренда', 'инфраструктурный', 'мощность', 'облачный', 'сервис', 'информационный', 'безопасность', 'защита', 'данные', 'технологический', 'разработка', 'инновационный', 'продукт', 'аудит', 'консультирование', 'технический', 'поддержка', 'аутсорсинг', 'консалтинг', 'описание', 'проект', 'система', 'финансовый', 'мониторинг', 'использование', 'виртуальный', 'ресурс', 'позволять', 'подразделение', 'крупный', 'компания', 'отслеживать', 'затрата', 'сервис', 'приложение', 'облачный', 'гетерогенный', 'среда', 'задача', 'разработка', 'редактирование', 'backend', 'часть', 'django', 'fastapi', 'работа', 'web', 'приложение', 'документирование', 'создать', 'api', 'wiki', 'проект', 'разработка', 'интеграция', 'другой', 'компонент', 'система', 'взаимодействие', 'frontend', 'разработчик', 'согласование', 'схема', 'api', 'участие', 'обсуждение', 'задача', 'мы', 'важно', 'опыт', 'разработка', 'python', 'год', 'хороший', 'знание', 'django', 'fastapi', 'один', 'менее', 'высокий', 'уровень', 'идеально', 'оба', 'postgressql', 'знание', 'основный', 'шаблон', 'проектирование', 'архитектура', 'построение', 'приложение', 'опыт', 'разработка', 'restapi', 'желательно', 'drf', 'fastapi', 'опыт', 'работа', 'docker', 'понимание', 'базовый', 'уровень', 'процесс', 'опыт', 'написание', 'оптимизация', 'sql', 'запрос', 'знание', 'основа', 'gitflow', 'опыт', 'работа', 'git', 'общий', 'опыт', 'коммерческий', 'разработка', 'бекенд', 'приложение', 'год', 'предлагать', 'удалённый', 'формат', 'работа', 'полис', 'дмс']"
126965623,"Ведущий инженер-тестировщик отдела разработки, тестирования и конфигурирования ИИ",компания нпо русбитех разрабатывать передовой технологический решение инновационный продукт повышение эффективность безопасность критически важный отрасль промышленность инфраструктура наш страна обязанность разработка реализация стратегия тестирование система включая функциональный регрессионный нагрузочный специализировать тестирование модель оценка точность устойчивость смещение верификация валидация модель соответствие технический задание метрика качество требование безопасность автоматизация тестирование пайплайн инференс сервис компонент обработка данные контроль качество данные проверка полнота корректность репрезентативность отсутствие дрейф участие оформление отчётность результат испытание соответствие внутренний отраслевой стандарт внедрение практика непрерывный мониторинг качество система эксплуатация требование высокий технический образование опыт тестирование система менее год понимание специфика тестирование модель машинный обучение работа данные владение python инструмент автоматизация тестирование знание принцип mlops метод оценка качество модель метрика опыт работа условие повышенный требование качество документирование защита информация условие оформление возможность профессиональный рост развитие обсуждаться результат собеседование график пятница офис район нагатинский минута метро минута мцд верхний котёл,"Русские базовые информационные технологии, Научно-производственное объединение",,310000.0,RUR,От 3 до 6 лет,Полная занятость,"['компания', 'нпо', 'русбитех', 'разрабатывать', 'передовой', 'технологический', 'решение', 'инновационный', 'продукт', 'повышение', 'эффективность', 'безопасность', 'критически', 'важный', 'отрасль', 'промышленность', 'инфраструктура', 'наш', 'страна', 'обязанность', 'разработка', 'реализация', 'стратегия', 'тестирование', 'система', 'включая', 'функциональный', 'регрессионный', 'нагрузочный', 'специализировать', 'тестирование', 'модель', 'оценка', 'точность', 'устойчивость', 'смещение', 'верификация', 'валидация', 'модель', 'соответствие', 'технический', 'задание', 'метрика', 'качество', 'требование', 'безопасность', 'автоматизация', 'тестирование', 'пайплайн', 'инференс', 'сервис', 'компонент', 'обработка', 'данные', 'контроль', 'качество', 'данные', 'проверка', 'полнота', 'корректность', 'репрезентативность', 'отсутствие', 'дрейф', 'участие', 'оформление', 'отчётность', 'результат', 'испытание', 'соответствие', 'внутренний', 'отраслевой', 'стандарт', 'внедрение', 'практика', 'непрерывный', 'мониторинг', 'качество', 'система', 'эксплуатация', 'требование', 'высокий', 'технический', 'образование', 'опыт', 'тестирование', 'система', 'менее', 'год', 'понимание', 'специфика', 'тестирование', 'модель', 'машинный', 'обучение', 'работа', 'данные', 'владение', 'python', 'инструмент', 'автоматизация', 'тестирование', 'знание', 'принцип', 'mlops', 'метод', 'оценка', 'качество', 'модель', 'метрика', 'опыт', 'работа', 'условие', 'повышенный', 'требование', 'качество', 'документирование', 'защита', 'информация', 'условие', 'оформление', 'возможность', 'профессиональный', 'рост', 'развитие', 'обсуждаться', 'результат', 'собеседование', 'график', 'пятница', 'офис', 'район', 'нагатинский', 'минута', 'метро', 'минута', 'мцд', 'верхний', 'котёл']"
127074775,Руководитель отдела аналитики и ценообразования,точно девелопер федеральный значение надёжность среди девелопер год строить просто дом целый район детский сад школа парка коммерческий инфраструктура формировать общественный пространство формировать новый облик город почему точно стоить работать мы современный комфортный офис развить корпоративный культура скидка бонус посещение фитнес клуб balance льготный условие покупка жильё наш комплекс возможность обучение профессиональный рост конкурентный заработный плата оформление бессрочный договор возможность влиять развитие компания участие масштабный проект менять город соблюдать баланс личный жизнь работа обязанность организация управление процесс сбор обработка анализ данные продажа состояние рынок недвижимость клиентский база конкурентный окружение разработка внедрение эффективный методика анализ данные исследовательский работа изучение состояние рынок недвижимость включая оценка спрос предложение мониторинг действие конкурент отслеживание изменение ценовой политика маркетинговый кампания оценка эффективность продажа определение тенденция выявление слабый место анализ ключевой показатель эффективность kpi коммерческий служба подготовка регулярный обновление ценовой политика компания основать глубокий анализ рыночный ситуация экономический индикатор прогнозирование динамика цена оценка воздействие покупательский предпочтение генерация долгосрочный прогноз продажа доход иной финансовый показатель активный участие процесс разработка бизнес стратегия бюджетный план коммерческий направление представление регулярный отчётность руководство формирование обоснованный предложение совершенствование коммерческий деятельность внедрение передовой инструмент автоматизация программный обеспечение аналитик данные эффективный руководство команда аналитик организация постановка задача контроль выполнение повышение квалификация обучение персонал тесный взаимодействие другой департамент организация продажа маркетинг финансы проектный управление поддержка кросс функциональный проект требование практический опыт работа sql знание язык программирование python инструмент визуализация данные tableau power минимальный стаж работа аналитический сфера менее год который хотя год руководящий позиция высокий образование сфера экономика математика статистика либо бизнес направление приглашать опытный руководитель отдел аналитик ценообразование присоединиться наш профессиональный команда,ГК ТОЧНО,270000.0,270000.0,RUR,От 3 до 6 лет,Полная занятость,"['точно', 'девелопер', 'федеральный', 'значение', 'надёжность', 'среди', 'девелопер', 'год', 'строить', 'просто', 'дом', 'целый', 'район', 'детский', 'сад', 'школа', 'парка', 'коммерческий', 'инфраструктура', 'формировать', 'общественный', 'пространство', 'формировать', 'новый', 'облик', 'город', 'почему', 'точно', 'стоить', 'работать', 'мы', 'современный', 'комфортный', 'офис', 'развить', 'корпоративный', 'культура', 'скидка', 'бонус', 'посещение', 'фитнес', 'клуб', 'balance', 'льготный', 'условие', 'покупка', 'жильё', 'наш', 'комплекс', 'возможность', 'обучение', 'профессиональный', 'рост', 'конкурентный', 'заработный', 'плата', 'оформление', 'бессрочный', 'договор', 'возможность', 'влиять', 'развитие', 'компания', 'участие', 'масштабный', 'проект', 'менять', 'город', 'соблюдать', 'баланс', 'личный', 'жизнь', 'работа', 'обязанность', 'организация', 'управление', 'процесс', 'сбор', 'обработка', 'анализ', 'данные', 'продажа', 'состояние', 'рынок', 'недвижимость', 'клиентский', 'база', 'конкурентный', 'окружение', 'разработка', 'внедрение', 'эффективный', 'методика', 'анализ', 'данные', 'исследовательский', 'работа', 'изучение', 'состояние', 'рынок', 'недвижимость', 'включая', 'оценка', 'спрос', 'предложение', 'мониторинг', 'действие', 'конкурент', 'отслеживание', 'изменение', 'ценовой', 'политика', 'маркетинговый', 'кампания', 'оценка', 'эффективность', 'продажа', 'определение', 'тенденция', 'выявление', 'слабый', 'место', 'анализ', 'ключевой', 'показатель', 'эффективность', 'kpi', 'коммерческий', 'служба', 'подготовка', 'регулярный', 'обновление', 'ценовой', 'политика', 'компания', 'основать', 'глубокий', 'анализ', 'рыночный', 'ситуация', 'экономический', 'индикатор', 'прогнозирование', 'динамика', 'цена', 'оценка', 'воздействие', 'покупательский', 'предпочтение', 'генерация', 'долгосрочный', 'прогноз', 'продажа', 'доход', 'иной', 'финансовый', 'показатель', 'активный', 'участие', 'процесс', 'разработка', 'бизнес', 'стратегия', 'бюджетный', 'план', 'коммерческий', 'направление', 'представление', 'регулярный', 'отчётность', 'руководство', 'формирование', 'обоснованный', 'предложение', 'совершенствование', 'коммерческий', 'деятельность', 'внедрение', 'передовой', 'инструмент', 'автоматизация', 'программный', 'обеспечение', 'аналитик', 'данные', 'эффективный', 'руководство', 'команда', 'аналитик', 'организация', 'постановка', 'задача', 'контроль', 'выполнение', 'повышение', 'квалификация', 'обучение', 'персонал', 'тесный', 'взаимодействие', 'другой', 'департамент', 'организация', 'продажа', 'маркетинг', 'финансы', 'проектный', 'управление', 'поддержка', 'кросс', 'функциональный', 'проект', 'требование', 'практический', 'опыт', 'работа', 'sql', 'знание', 'язык', 'программирование', 'python', 'инструмент', 'визуализация', 'данные', 'tableau', 'power', 'минимальный', 'стаж', 'работа', 'аналитический', 'сфера', 'менее', 'год', 'который', 'хотя', 'год', 'руководящий', 'позиция', 'высокий', 'образование', 'сфера', 'экономика', 'математика', 'статистика', 'либо', 'бизнес', 'направление', 'приглашать', 'опытный', 'руководитель', 'отдел', 'аналитик', 'ценообразование', 'присоединиться', 'наш', 'профессиональный', 'команда']"
126828407,Junior Python Developer,сотрудник требоваться середина декабрь привет звать алексей генеральный директор компания appevent искать просто исполнитель будущее коллега который готовый расти вместе мы наш ключевой продукт жить развиваться год сегодня доверять компания страна поддерживать высокий уровень создавать новый возможность мы нужный талантливый человек ждать интересный проект поддержка старший наставник чёткий путь рост уровень middle почему ты интересно быть влиять продукт который пользоваться тысяча человек твой код работать реальный условие решать задача международный клиент остаться задача опытный наставник который помочь разобраться кодовый база подсказать хороший практика ответить любой вопрос ценить инициатива давать возможность проявить смочь участвовать обсуждение архитектура вносить свой предложение видеть воплощаться жизнь быть заниматься разрабатывать улучшать модуль бэкенд часть наш веб приложение исправлять ошибка рефакторить существующий код делать чистый эффективный участвовать код ревить учиться читать код коллега принимать обратный связь свой вместе команда планировать задача оценивать сложность осваивать новый инструмент технология который использовать работа искать обязательный знание понимание python ооп тип данные функция менеджер контекст базовый опыт работа django framework модель представление маршрутизация умение писать sql запрос select insert join понимание работать orm желательно django orm уверенный владение git commit push pull merge базовый понимание docker собрать образ запустить контейнер понимание принцип rest api опыт работа unix система больший плюс знание perl желание изучить главное ценить человек жажда знание ты интересно разбираться новый становиться ответственность понимать твой код влиять работа другой стремиться делать качественно умение общаться бояться задавать вопрос непонятно готовый делиться идея команда предлагать доход рубль график формат гибрид удалённый оформление официальный полностью белый зарплата карьерный рост понятный план развитие junior middle разработчик регулярный обратный связь команда дружеский атмосфера помогать поддерживать стать часть наш команда ты откликаться прочитать один волна отправить свой резюме пара слово почему ты интересный python написать свой опыт разработка познакомить твой будущее наставник команда увидеть работать какой атмосфера создавать ждать именно,AppEvent,90000.0,,RUR,От 1 года до 3 лет,Полная занятость,"['сотрудник', 'требоваться', 'середина', 'декабрь', 'привет', 'звать', 'алексей', 'генеральный', 'директор', 'компания', 'appevent', 'искать', 'просто', 'исполнитель', 'будущее', 'коллега', 'который', 'готовый', 'расти', 'вместе', 'мы', 'наш', 'ключевой', 'продукт', 'жить', 'развиваться', 'год', 'сегодня', 'доверять', 'компания', 'страна', 'поддерживать', 'высокий', 'уровень', 'создавать', 'новый', 'возможность', 'мы', 'нужный', 'талантливый', 'человек', 'ждать', 'интересный', 'проект', 'поддержка', 'старший', 'наставник', 'чёткий', 'путь', 'рост', 'уровень', 'middle', 'почему', 'ты', 'интересно', 'быть', 'влиять', 'продукт', 'который', 'пользоваться', 'тысяча', 'человек', 'твой', 'код', 'работать', 'реальный', 'условие', 'решать', 'задача', 'международный', 'клиент', 'остаться', 'задача', 'опытный', 'наставник', 'который', 'помочь', 'разобраться', 'кодовый', 'база', 'подсказать', 'хороший', 'практика', 'ответить', 'любой', 'вопрос', 'ценить', 'инициатива', 'давать', 'возможность', 'проявить', 'смочь', 'участвовать', 'обсуждение', 'архитектура', 'вносить', 'свой', 'предложение', 'видеть', 'воплощаться', 'жизнь', 'быть', 'заниматься', 'разрабатывать', 'улучшать', 'модуль', 'бэкенд', 'часть', 'наш', 'веб', 'приложение', 'исправлять', 'ошибка', 'рефакторить', 'существующий', 'код', 'делать', 'чистый', 'эффективный', 'участвовать', 'код', 'ревить', 'учиться', 'читать', 'код', 'коллега', 'принимать', 'обратный', 'связь', 'свой', 'вместе', 'команда', 'планировать', 'задача', 'оценивать', 'сложность', 'осваивать', 'новый', 'инструмент', 'технология', 'который', 'использовать', 'работа', 'искать', 'обязательный', 'знание', 'понимание', 'python', 'ооп', 'тип', 'данные', 'функция', 'менеджер', 'контекст', 'базовый', 'опыт', 'работа', 'django', 'framework', 'модель', 'представление', 'маршрутизация', 'умение', 'писать', 'sql', 'запрос', 'select', 'insert', 'join', 'понимание', 'работать', 'orm', 'желательно', 'django', 'orm', 'уверенный', 'владение', 'git', 'commit', 'push', 'pull', 'merge', 'базовый', 'понимание', 'docker', 'собрать', 'образ', 'запустить', 'контейнер', 'понимание', 'принцип', 'rest', 'api', 'опыт', 'работа', 'unix', 'система', 'больший', 'плюс', 'знание', 'perl', 'желание', 'изучить', 'главное', 'ценить', 'человек', 'жажда', 'знание', 'ты', 'интересно', 'разбираться', 'новый', 'становиться', 'ответственность', 'понимать', 'твой', 'код', 'влиять', 'работа', 'другой', 'стремиться', 'делать', 'качественно', 'умение', 'общаться', 'бояться', 'задавать', 'вопрос', 'непонятно', 'готовый', 'делиться', 'идея', 'команда', 'предлагать', 'доход', 'рубль', 'график', 'формат', 'гибрид', 'удалённый', 'оформление', 'официальный', 'полностью', 'белый', 'зарплата', 'карьерный', 'рост', 'понятный', 'план', 'развитие', 'junior', 'middle', 'разработчик', 'регулярный', 'обратный', 'связь', 'команда', 'дружеский', 'атмосфера', 'помогать', 'поддерживать', 'стать', 'часть', 'наш', 'команда', 'ты', 'откликаться', 'прочитать', 'один', 'волна', 'отправить', 'свой', 'резюме', 'пара', 'слово', 'почему', 'ты', 'интересный', 'python', 'написать', 'свой', 'опыт', 'разработка', 'познакомить', 'твой', 'будущее', 'наставник', 'команда', 'увидеть', 'работать', 'какой', 'атмосфера', 'создавать', 'ждать', 'именно']"
126575515,Back-end разработчик,компания rubikon аккредитовать компания который внедрять модифицировать amocrm сфера бизнес мы доверять такой компания лайк центр unisender homecreditbank многие другой разрабатывать собственный продукт который ежедневно пользоваться компания весь мир офис россия казахстан гордиться наш главный ресурс это человек искать талантливый back end разработчик который стать часть наш команда помочь мы разработка инновационный решение предстоять заниматься работать пара front back либо самостоятельно зависимость задача разрабатывать дорабатывать крупный веб проект использование php mysql компания публичный виджет amocrm применять современный технология фреймворк включая laravel rabbitmq pdo создавать интеграция сторонний сервис такой yclients bitrix altegio работать принцип ооп mvc обеспечение высокий качество код важно php mysql pdo нужный крепкий знание опыт это предстоять работать каждый день ооп mvc понимать использовать принцип это основа наш работа терпение усидчивость нужно уметь разбираться чужой код плюс владение фреймворк laravel язык программирование python ответственность стремление довести работа конец каждый член команда брать ответственность часть работа совокупность отвечать результат команда условие преимущество полный занятость график удалённый формат работа возможность профессиональный рост развитие динамичный компания обучение адаптация мягкий вхождение должность поддержка сторона руководитель коллега работа команда эксперт готовый делиться опыт знание оплата период стажировка далее оклад kpi присоединяться мы стать часть команда который ценить свобода действие минимизировать бюрократия,Digital Agency Rubikon,50000.0,85000.0,RUR,От 1 года до 3 лет,Полная занятость,"['компания', 'rubikon', 'аккредитовать', 'компания', 'который', 'внедрять', 'модифицировать', 'amocrm', 'сфера', 'бизнес', 'мы', 'доверять', 'такой', 'компания', 'лайк', 'центр', 'unisender', 'homecreditbank', 'многие', 'другой', 'разрабатывать', 'собственный', 'продукт', 'который', 'ежедневно', 'пользоваться', 'компания', 'весь', 'мир', 'офис', 'россия', 'казахстан', 'гордиться', 'наш', 'главный', 'ресурс', 'это', 'человек', 'искать', 'талантливый', 'back', 'end', 'разработчик', 'который', 'стать', 'часть', 'наш', 'команда', 'помочь', 'мы', 'разработка', 'инновационный', 'решение', 'предстоять', 'заниматься', 'работать', 'пара', 'front', 'back', 'либо', 'самостоятельно', 'зависимость', 'задача', 'разрабатывать', 'дорабатывать', 'крупный', 'веб', 'проект', 'использование', 'php', 'mysql', 'компания', 'публичный', 'виджет', 'amocrm', 'применять', 'современный', 'технология', 'фреймворк', 'включая', 'laravel', 'rabbitmq', 'pdo', 'создавать', 'интеграция', 'сторонний', 'сервис', 'такой', 'yclients', 'bitrix', 'altegio', 'работать', 'принцип', 'ооп', 'mvc', 'обеспечение', 'высокий', 'качество', 'код', 'важно', 'php', 'mysql', 'pdo', 'нужный', 'крепкий', 'знание', 'опыт', 'это', 'предстоять', 'работать', 'каждый', 'день', 'ооп', 'mvc', 'понимать', 'использовать', 'принцип', 'это', 'основа', 'наш', 'работа', 'терпение', 'усидчивость', 'нужно', 'уметь', 'разбираться', 'чужой', 'код', 'плюс', 'владение', 'фреймворк', 'laravel', 'язык', 'программирование', 'python', 'ответственность', 'стремление', 'довести', 'работа', 'конец', 'каждый', 'член', 'команда', 'брать', 'ответственность', 'часть', 'работа', 'совокупность', 'отвечать', 'результат', 'команда', 'условие', 'преимущество', 'полный', 'занятость', 'график', 'удалённый', 'формат', 'работа', 'возможность', 'профессиональный', 'рост', 'развитие', 'динамичный', 'компания', 'обучение', 'адаптация', 'мягкий', 'вхождение', 'должность', 'поддержка', 'сторона', 'руководитель', 'коллега', 'работа', 'команда', 'эксперт', 'готовый', 'делиться', 'опыт', 'знание', 'оплата', 'период', 'стажировка', 'далее', 'оклад', 'kpi', 'присоединяться', 'мы', 'стать', 'часть', 'команда', 'который', 'ценить', 'свобода', 'действие', 'минимизировать', 'бюрократия']"
