,state1_feature1,state1_feature3,state1_feature4,state1_feature5,state2_feature1,state2_feature3,state2_feature4,state2_feature5,collision,state1_feature2_A,state1_feature2_B,state1_feature2_C,state1_feature2_D,state1_feature6_A,state1_feature6_B,state1_feature6_C,state1_feature6_D,state2_feature2_A,state2_feature2_B,state2_feature2_C,state2_feature2_D,state2_feature6_A,state2_feature6_B,state2_feature6_C,state2_feature6_D
0,0,3,56.19813416263793,0,0,2,59.17891957709392,1,0,0,0,1,0,0,0,0,1,0,0,1,0,0,0,1,0
1,1,3,21.42554343431844,0,1,5,69.70065129948273,0,0,0,0,1,0,0,0,0,1,1,0,0,0,0,0,1,0
2,0,4,34.08830154923571,0,1,1,85.97478956615386,0,1,0,0,1,0,0,1,0,0,0,0,1,0,0,0,1,0
3,0,3,78.49556152865075,0,1,1,73.39004157889332,0,0,0,0,1,0,0,0,0,1,1,0,0,0,0,1,0,0
4,0,5,19.203365236149615,0,1,1,79.8825091552285,1,0,0,0,0,1,0,1,0,0,1,0,0,0,0,1,0,0
5,1,3,63.83417505810897,1,0,4,91.29318014978483,0,1,0,0,1,0,0,0,1,0,0,1,0,0,0,0,1,0
6,0,5,65.45661912235981,1,0,2,59.77715612220723,0,1,1,0,0,0,0,0,1,0,1,0,0,0,0,0,1,0
7,0,3,95.40939149023006,0,0,5,84.62800106620166,0,0,0,0,1,0,0,0,0,1,0,0,1,0,0,0,0,1
8,0,5,77.5160928528937,0,1,3,23.18722310251721,1,0,0,0,0,1,1,0,0,0,1,0,0,0,0,1,0,0
9,1,3,80.36351471536935,0,0,1,81.4733170791973,0,1,0,0,1,0,0,0,1,0,0,0,1,0,0,1,0,0
10,0,3,53.16007490178934,1,1,5,22.168674130648025,1,0,1,0,0,0,0,0,0,1,1,0,0,0,1,0,0,0
11,0,2,18.678080716237066,0,0,5,93.46292187427798,0,0,0,0,0,1,1,0,0,0,0,1,0,0,0,0,1,0
12,0,5,42.55633657183516,1,0,4,32.997333745766866,1,0,0,0,0,1,0,0,0,1,0,1,0,0,0,0,1,0
13,0,5,54.94895735118204,1,1,2,17.183799817561287,1,0,1,0,0,0,0,1,0,0,1,0,0,0,0,0,1,0
14,1,5,67.84192517137123,1,1,4,14.816876012920188,0,1,1,0,0,0,0,0,0,1,1,0,0,0,0,1,0,0
15,0,1,60.77091118319272,1,1,4,18.727221693783235,0,1,1,0,0,0,0,1,0,0,1,0,0,0,0,0,0,1
16,1,3,39.397782891724354,1,0,5,44.7540308563166,1,0,1,0,0,0,0,0,1,0,0,1,0,0,0,1,0,0
17,1,5,26.531310699584143,0,0,2,52.2149391080059,1,1,1,0,0,0,0,0,1,0,0,0,0,1,1,0,0,0
18,1,1,16.82308432036831,1,0,2,91.37858325239185,0,0,0,0,0,1,0,0,0,1,1,0,0,0,1,0,0,0
19,0,2,69.38453862722663,1,0,2,38.10148029276955,1,0,0,0,0,1,1,0,0,0,0,0,0,1,0,0,0,1
20,1,5,64.5398674312485,0,1,1,21.74823087870541,1,1,0,0,1,0,0,0,0,1,1,0,0,0,0,0,1,0
21,0,5,68.73724657578066,0,0,2,74.38211118393816,1,0,0,0,1,0,0,0,0,1,0,0,1,0,1,0,0,0
22,1,1,37.252745280279484,1,1,5,13.465440792860594,0,1,0,1,0,0,0,0,1,0,0,1,0,0,0,1,0,0
23,1,3,26.240782257074503,0,0,1,89.2283372015188,1,0,0,0,1,0,0,0,1,0,0,0,0,1,1,0,0,0
24,1,2,75.97213286809253,0,1,3,40.9399635208804,0,0,0,0,1,0,0,0,0,1,0,0,0,1,1,0,0,0
25,1,5,77.36473950553341,0,1,4,61.38414836549797,0,1,1,0,0,0,0,0,1,0,0,1,0,0,0,0,0,1
26,1,3,45.56163739668406,1,0,2,18.61843426165226,0,0,1,0,0,0,0,1,0,0,0,0,0,1,0,0,0,1
27,1,2,61.190408476732415,1,0,3,14.552914907983672,1,0,0,0,1,0,0,0,0,1,1,0,0,0,0,1,0,0
28,1,4,37.35196642317412,0,1,2,79.88393747548555,1,0,0,1,0,0,0,0,1,0,0,0,0,1,0,0,1,0
29,1,4,70.19472001198068,0,0,4,42.970229191455985,1,1,1,0,0,0,0,0,0,1,1,0,0,0,0,0,0,1
30,0,2,83.57215966478712,1,1,5,98.67428127262102,0,0,0,0,1,0,0,0,1,0,0,0,0,1,0,0,0,1
31,0,1,68.82332773356494,1,0,5,52.42979444524516,0,1,0,0,1,0,0,1,0,0,0,0,1,0,0,0,1,0
32,1,2,51.25826268471365,0,0,4,84.56529107576897,0,0,0,0,0,1,0,1,0,0,0,0,0,1,1,0,0,0
33,1,2,45.86579594923703,1,0,3,97.99636787214352,0,0,0,1,0,0,0,0,0,1,0,0,0,1,0,1,0,0
34,1,1,64.23196509757443,1,0,1,28.11501615085016,0,1,0,0,0,1,0,1,0,0,1,0,0,0,0,1,0,0
35,0,1,67.98108916013302,0,0,1,80.0881712155366,0,0,0,1,0,0,0,1,0,0,0,1,0,0,1,0,0,0
36,1,3,55.8729443524539,0,1,2,2.2006163324646,0,0,1,0,0,0,0,0,1,0,0,0,1,0,0,0,1,0
37,0,3,62.4942275107395,1,0,4,67.97541180610288,0,1,0,1,0,0,0,0,0,1,0,1,0,0,0,0,1,0
38,0,1,9.658868249453223,1,1,4,74.52010911178493,1,0,0,0,1,0,0,0,1,0,1,0,0,0,0,0,0,1
39,0,4,95.17655161423268,1,1,1,47.73637124355024,1,0,0,0,1,0,0,0,1,0,0,0,1,0,0,0,1,0
40,0,4,79.0773063732034,0,1,3,16.210521011750203,1,1,0,1,0,0,1,0,0,0,0,0,0,1,0,1,0,0
41,0,2,37.39278697067838,0,0,4,61.67205480784498,1,1,0,1,0,0,0,1,0,0,0,1,0,0,0,1,0,0
42,1,5,56.281261095363,0,1,5,89.75286594355575,0,0,0,1,0,0,0,0,1,0,0,1,0,0,0,1,0,0
43,1,2,4.732453013642135,0,1,5,93.1319199578269,1,0,0,0,0,1,0,0,1,0,0,1,0,0,0,0,1,0
44,1,2,4.122781399906039,1,1,4,74.61023904196028,0,1,0,1,0,0,0,0,1,0,0,0,0,1,1,0,0,0
45,1,5,25.07983351119627,0,1,3,26.3713258425602,1,0,1,0,0,0,0,1,0,0,1,0,0,0,0,1,0,0
46,1,1,68.97016423646232,0,1,5,87.032692605992,0,0,0,0,0,1,0,1,0,0,0,0,0,1,0,1,0,0
47,0,4,85.21477478000116,1,1,3,88.8823066701695,1,0,0,0,0,1,0,1,0,0,0,0,0,1,1,0,0,0
48,1,2,55.91858799798484,0,0,1,36.72422057452206,1,0,0,1,0,0,0,0,0,1,1,0,0,0,0,0,0,1
49,1,5,53.21327395823524,1,1,2,18.298173654368068,1,1,1,0,0,0,0,0,1,0,1,0,0,0,0,0,1,0
50,0,3,40.2309533791466,0,1,1,87.46594341333682,0,0,0,0,0,1,0,1,0,0,0,0,0,1,0,1,0,0
51,1,2,16.159795595802116,1,0,2,88.50973152528144,1,0,0,0,1,0,0,0,1,0,1,0,0,0,0,0,1,0
52,0,4,11.835410132658753,1,1,5,10.090608455121409,1,1,0,0,0,1,0,0,0,1,0,1,0,0,0,1,0,0
53,1,1,76.06797612209661,1,0,2,96.69842922224883,1,1,0,1,0,0,1,0,0,0,0,0,1,0,0,1,0,0
54,0,2,92.75035512965756,0,0,2,53.308055307879776,1,0,1,0,0,0,0,0,0,1,1,0,0,0,0,0,0,1
55,1,2,45.828321638627315,1,1,4,99.37301949429363,1,0,0,1,0,0,0,1,0,0,0,0,1,0,1,0,0,0
56,1,5,65.94456587156382,0,1,2,44.50082502166814,0,1,0,0,1,0,0,1,0,0,0,1,0,0,1,0,0,0
57,0,3,91.44576508809412,0,0,4,53.32833393595481,0,1,0,0,1,0,0,0,0,1,1,0,0,0,1,0,0,0
58,0,3,9.011363293414455,0,0,2,26.60828319712456,1,0,0,0,1,0,0,0,1,0,0,0,0,1,0,0,0,1
59,0,1,77.04814531190299,0,0,4,89.89474455153695,0,0,0,1,0,0,0,1,0,0,0,0,0,1,0,0,0,1
60,0,4,61.68168843755751,0,0,5,44.37121170725773,1,0,0,0,0,1,0,1,0,0,0,1,0,0,1,0,0,0
61,0,1,59.86371788298614,0,1,5,81.46140536273838,1,0,0,1,0,0,0,0,0,1,1,0,0,0,0,0,1,0
62,0,2,29.25404284815698,1,0,2,7.9734275095082685,1,0,1,0,0,0,0,0,1,0,0,0,0,1,0,0,1,0
63,0,2,68.38933547776769,1,0,3,78.82466284948126,1,1,0,0,0,1,0,0,0,1,1,0,0,0,0,0,0,1
64,0,3,79.47977548207766,0,0,5,49.02431422514749,0,0,0,0,1,0,0,0,0,1,0,0,1,0,0,0,1,0
65,1,4,11.285816494369715,0,1,1,0.5407879733105969,1,0,0,1,0,0,0,0,1,0,0,0,0,1,1,0,0,0
66,1,5,53.35214309809838,0,0,1,22.626293899879492,1,0,0,0,1,0,0,0,1,0,0,1,0,0,0,1,0,0
67,0,4,10.126518098740966,0,0,4,19.373021144311696,0,0,0,0,1,0,1,0,0,0,0,0,0,1,0,0,1,0
68,1,2,87.25740192976446,0,1,3,75.17645813094398,1,0,1,0,0,0,0,0,0,1,0,1,0,0,1,0,0,0
69,1,5,50.76367226563473,1,1,4,47.72021897932186,1,0,0,0,0,1,0,0,1,0,0,1,0,0,1,0,0,0
70,1,4,80.79656892607574,1,0,2,15.971839668709741,0,0,1,0,0,0,0,1,0,0,0,0,1,0,1,0,0,0
71,1,4,36.808563766621425,0,0,5,25.680297704525255,0,1,1,0,0,0,1,0,0,0,0,0,1,0,0,0,1,0
72,0,5,12.507822681632542,0,0,3,50.407680530588486,1,1,1,0,0,0,0,0,0,1,0,1,0,0,0,1,0,0
73,1,2,4.149930438571148,1,1,4,1.9638197319673867,1,0,0,0,1,0,0,0,1,0,0,0,0,1,0,0,1,0
74,0,4,28.15096207723755,0,1,4,42.41255880993737,1,1,1,0,0,0,1,0,0,0,0,1,0,0,1,0,0,0
75,1,5,24.423370036407853,0,0,1,67.806140365374,0,0,1,0,0,0,1,0,0,0,1,0,0,0,1,0,0,0
76,1,2,56.035197401996186,0,0,2,51.77545852858788,1,1,0,0,0,1,0,1,0,0,1,0,0,0,1,0,0,0
77,1,5,2.1738838063707355,1,0,4,59.80995410754988,1,1,0,0,0,1,1,0,0,0,0,0,0,1,0,0,0,1
78,0,5,52.057054429917336,1,1,1,32.66181170116498,1,0,1,0,0,0,0,0,0,1,0,0,0,1,0,0,1,0
79,1,4,39.177174201200316,0,0,3,18.30757240197558,1,1,0,0,0,1,0,0,1,0,0,0,1,0,0,1,0,0
80,0,2,57.71222699144422,1,0,4,80.9741290355181,0,0,0,0,0,1,1,0,0,0,1,0,0,0,0,0,1,0
81,1,4,70.24175281503646,1,1,1,90.56348714363605,0,0,1,0,0,0,1,0,0,0,0,1,0,0,1,0,0,0
82,0,1,63.4091945079839,0,0,2,51.07405703748936,1,0,0,0,1,0,0,0,0,1,0,1,0,0,1,0,0,0
83,1,1,98.46443693733663,1,1,5,30.504121258139083,0,1,1,0,0,0,0,1,0,0,1,0,0,0,0,0,0,1
84,0,2,13.826534387687106,1,1,3,51.12048295179855,1,0,0,0,0,1,0,1,0,0,1,0,0,0,1,0,0,0
85,0,5,42.97370089297785,1,0,4,87.89855206373956,0,0,0,0,1,0,0,0,1,0,0,0,1,0,0,0,1,0
86,1,4,42.483073664331116,1,1,1,69.14063473751175,0,0,0,1,0,0,0,0,0,1,1,0,0,0,0,0,1,0
87,0,4,41.705320370292064,1,1,4,85.86160862901174,0,0,0,0,1,0,0,1,0,0,0,0,1,0,0,0,1,0
88,1,2,66.37983920426683,1,0,5,32.83794230780504,1,1,0,0,0,1,0,0,1,0,0,0,0,1,1,0,0,0
89,1,2,48.982806054672245,0,1,4,71.19791283374958,1,0,0,0,1,0,0,0,1,0,0,0,0,1,0,0,0,1
90,1,1,51.74325598129631,0,1,4,65.30489715116165,0,0,1,0,0,0,0,1,0,0,1,0,0,0,0,0,1,0
91,1,3,43.23559921467647,0,0,1,57.16164606504173,1,0,0,1,0,0,0,0,0,1,1,0,0,0,0,1,0,0
92,1,2,99.16994610185625,1,0,5,52.822486523050884,0,0,0,1,0,0,1,0,0,0,1,0,0,0,0,1,0,0
93,1,3,92.75613488190422,0,0,3,55.0977883139597,1,0,0,1,0,0,0,1,0,0,1,0,0,0,0,1,0,0
94,1,2,30.772418936437095,1,0,1,84.9671089726699,0,1,0,0,0,1,1,0,0,0,0,1,0,0,0,0,1,0
95,1,5,11.159392476666719,1,0,5,91.5994501004145,0,0,0,0,0,1,1,0,0,0,0,1,0,0,0,0,0,1
96,1,5,83.97647240386028,0,1,5,11.286046438523822,1,0,0,1,0,0,0,0,0,1,0,0,0,1,1,0,0,0
97,1,1,99.71702514257245,1,1,4,56.87715775903344,1,0,0,0,1,0,0,0,0,1,0,1,0,0,0,0,0,1
98,1,1,29.26088940396455,0,1,2,91.84084224732347,0,0,0,1,0,0,0,0,1,0,1,0,0,0,1,0,0,0
99,0,3,35.778492584176625,1,1,2,13.473998515909413,1,1,0,0,1,0,0,0,0,1,0,0,1,0,1,0,0,0
100,0,2,94.16331814852029,0,1,3,41.285937329690626,0,0,0,0,1,0,0,0,1,0,0,0,0,1,1,0,0,0
101,1,4,71.11295180030899,0,0,4,8.908017135090397,0,0,0,0,0,1,0,1,0,0,1,0,0,0,1,0,0,0
102,1,1,29.563833177963616,0,0,2,11.347640200973741,1,0,0,0,1,0,1,0,0,0,0,1,0,0,0,0,1,0
103,1,4,58.10464912839151,0,0,1,90.41108125595333,1,0,0,1,0,0,0,0,0,1,0,0,1,0,0,1,0,0
104,1,4,94.4229579364256,1,0,3,44.617958483049335,1,0,0,0,0,1,0,1,0,0,0,0,1,0,0,0,1,0
105,1,2,81.18131069457786,0,1,4,68.87396540045985,1,0,1,0,0,0,0,0,1,0,0,1,0,0,0,0,0,1
106,1,3,74.18327137286596,1,0,1,13.891442324353331,0,0,1,0,0,0,0,0,0,1,1,0,0,0,1,0,0,0
107,1,2,73.69963117270224,0,0,2,2.194748239275579,0,0,0,0,0,1,1,0,0,0,0,0,1,0,0,0,1,0
108,1,1,17.802032429227033,0,1,2,89.0483957348864,0,1,0,1,0,0,0,1,0,0,0,0,1,0,0,0,1,0
109,0,4,82.46812392279365,0,1,2,57.45456395490219,1,1,1,0,0,0,0,0,0,1,0,1,0,0,0,0,1,0
110,1,2,27.611863244345813,1,0,2,1.9987755571006849,1,0,1,0,0,0,0,0,0,1,0,0,1,0,1,0,0,0
111,0,2,93.03666579015295,0,1,5,99.23394809279871,0,1,0,0,1,0,0,1,0,0,0,0,1,0,1,0,0,0
112,1,2,36.4639991013783,0,1,3,49.2192383013758,1,1,0,0,1,0,0,0,1,0,0,0,1,0,1,0,0,0
113,1,1,85.76603970422565,1,0,3,47.587650816527585,1,0,0,1,0,0,0,0,1,0,0,0,0,1,0,0,1,0
114,0,3,26.623349451780143,0,1,2,62.091418432262124,1,1,0,0,0,1,0,0,0,1,1,0,0,0,0,0,1,0
115,1,2,51.45269365822405,1,0,3,0.790453419546211,0,0,0,1,0,0,0,0,1,0,1,0,0,0,0,0,0,1
116,0,1,10.688529548906056,0,1,1,56.913837370644,0,1,0,0,0,1,0,0,1,0,0,1,0,0,0,1,0,0
117,1,4,66.0118902996174,0,1,1,62.94839039896568,1,0,1,0,0,0,0,1,0,0,1,0,0,0,0,1,0,0
118,1,5,83.60792751668383,0,1,3,29.69535681030726,0,0,0,0,1,0,0,0,1,0,0,0,1,0,1,0,0,0
119,0,1,71.8447281302416,1,1,2,72.68524097682985,0,1,0,1,0,0,0,0,1,0,1,0,0,0,0,1,0,0
120,1,5,52.32585129386573,0,0,4,37.74318162179677,0,0,0,1,0,0,0,1,0,0,0,0,0,1,1,0,0,0
121,0,2,4.51158786014595,0,1,2,71.77731344581402,0,0,0,0,0,1,0,0,0,1,0,0,1,0,1,0,0,0
122,1,2,93.34410071708584,0,0,5,14.38251784525143,0,1,0,0,0,1,0,0,0,1,0,0,1,0,0,0,1,0
123,0,1,70.54895485786346,1,0,4,91.3697816041018,1,0,0,1,0,0,0,1,0,0,0,0,0,1,0,1,0,0
124,0,5,74.5864238365333,1,1,5,87.94573736562602,0,1,0,0,0,1,1,0,0,0,0,0,0,1,0,0,0,1
125,1,2,79.46805755108072,1,1,3,15.062647608777057,1,0,0,1,0,0,0,1,0,0,1,0,0,0,1,0,0,0
126,1,4,74.77434259276107,1,0,5,93.8453937085521,1,0,0,1,0,0,1,0,0,0,1,0,0,0,1,0,0,0
127,0,3,44.11161640983337,1,1,3,55.77802727672739,0,0,0,1,0,0,0,0,1,0,1,0,0,0,0,0,0,1
128,1,3,73.36218292879468,1,1,5,70.16496783649684,0,0,1,0,0,0,0,0,0,1,0,0,0,1,0,1,0,0
129,1,2,62.50267878103289,0,0,4,84.02937923765286,0,0,0,0,0,1,1,0,0,0,1,0,0,0,0,0,0,1
130,1,5,85.40163336687866,0,1,5,8.356994708000364,0,0,0,0,1,0,1,0,0,0,0,1,0,0,0,1,0,0
131,0,2,80.24598153373704,0,0,2,16.928435746616653,1,0,0,0,1,0,0,0,1,0,1,0,0,0,0,1,0,0
132,0,5,4.1374382467259885,0,1,3,29.03909214859618,1,0,0,0,0,1,0,0,0,1,0,0,0,1,0,1,0,0
133,0,4,37.888709033260525,0,1,1,47.720448138701364,1,0,0,1,0,0,0,0,1,0,0,0,0,1,0,1,0,0
134,0,5,3.4716152183894566,1,1,5,34.605450629874056,0,0,0,0,1,0,0,0,0,1,0,1,0,0,0,1,0,0
135,0,2,10.207492476609792,1,1,3,50.584637694205306,1,0,0,0,1,0,0,0,0,1,0,0,1,0,0,1,0,0
136,0,4,60.14107220036114,1,1,1,18.591702734373627,1,0,0,0,0,1,0,0,1,0,0,1,0,0,1,0,0,0
137,0,1,87.38218211622534,0,1,3,68.21541399331646,0,0,0,0,1,0,1,0,0,0,0,0,0,1,0,0,1,0
138,0,3,11.982475870926724,1,0,3,5.573488118373115,0,0,0,1,0,0,0,1,0,0,0,0,1,0,1,0,0,0
139,0,2,45.108928746683155,0,0,1,36.14495062079616,0,0,0,0,0,1,0,0,0,1,0,1,0,0,1,0,0,0
140,1,2,91.08789048064438,1,1,1,17.90332446711226,1,0,0,1,0,0,0,0,0,1,0,1,0,0,0,0,0,1
141,0,2,81.43009836715878,0,1,4,72.99332718706803,0,0,0,0,1,0,0,1,0,0,0,0,1,0,0,0,1,0
142,1,4,51.96678964659299,1,0,5,88.36533388299114,1,0,0,0,1,0,0,1,0,0,0,1,0,0,0,0,1,0
143,1,1,77.1571439328831,0,0,5,7.87862092034749,0,0,0,1,0,0,0,0,1,0,0,0,1,0,0,0,1,0
144,1,5,52.2693774044537,1,0,3,78.50378558663999,1,0,1,0,0,0,0,0,0,1,1,0,0,0,0,1,0,0
145,0,1,15.809233728284877,0,1,2,89.57222937221022,1,0,0,0,1,0,0,0,1,0,0,0,1,0,0,1,0,0
146,0,4,12.47361132216791,1,1,2,97.39702166140552,0,0,1,0,0,0,0,1,0,0,0,1,0,0,0,1,0,0
147,0,2,18.836823206706978,0,1,3,57.9386250945089,1,1,0,0,1,0,0,0,1,0,1,0,0,0,1,0,0,0
148,0,3,35.092209496567946,0,0,4,32.739188600740675,0,0,1,0,0,0,0,0,0,1,0,0,0,1,0,0,1,0
149,1,2,93.05292676740187,0,0,1,32.19735998673302,0,1,1,0,0,0,1,0,0,0,0,0,0,1,0,0,1,0
150,0,5,79.96784136536014,0,1,3,37.89700792944526,0,0,1,0,0,0,1,0,0,0,0,0,0,1,1,0,0,0
151,0,3,43.28015612263175,1,0,5,61.26674073276269,1,1,0,1,0,0,0,0,0,1,0,1,0,0,0,1,0,0
152,0,2,49.3076709787574,1,1,2,49.0230012139125,1,0,1,0,0,0,0,0,1,0,1,0,0,0,0,0,0,1
153,0,3,26.560945766641485,1,1,2,65.3635026406835,1,0,1,0,0,0,0,1,0,0,0,0,1,0,0,0,1,0
154,0,1,70.43529564721301,0,0,2,3.931387352957616,0,0,1,0,0,0,0,1,0,0,0,0,0,1,1,0,0,0
155,1,4,80.2765671462038,1,1,4,10.588155038111369,1,0,0,0,1,0,1,0,0,0,0,0,0,1,0,1,0,0
156,0,2,23.890469566757655,0,0,5,97.6539499426761,1,0,1,0,0,0,0,0,1,0,1,0,0,0,1,0,0,0
157,1,5,4.182162378646536,1,0,4,99.53855021862385,0,0,0,0,1,0,0,1,0,0,1,0,0,0,0,0,0,1
158,0,1,62.38889431629704,0,1,1,74.66588171393899,0,0,1,0,0,0,0,1,0,0,1,0,0,0,0,0,0,1
159,1,2,56.25121191353166,1,1,3,25.639715018102983,0,0,1,0,0,0,0,0,0,1,0,1,0,0,0,1,0,0
160,0,1,40.21311550288764,0,0,3,95.338173440055,0,0,0,1,0,0,0,0,1,0,1,0,0,0,1,0,0,0
161,0,5,64.38939417732101,0,1,2,21.370279379170356,0,1,0,0,1,0,0,0,1,0,0,0,1,0,0,1,0,0
162,1,2,55.06132979851436,1,0,2,73.14313224276057,0,0,1,0,0,0,0,1,0,0,0,0,1,0,1,0,0,0
163,1,5,25.05815765941928,1,1,1,11.525831169203881,0,0,0,0,1,0,0,0,1,0,0,0,0,1,1,0,0,0
164,1,3,39.772897562272234,1,0,4,64.8904498559834,1,0,0,0,1,0,0,0,1,0,0,0,1,0,0,0,0,1
165,0,5,42.81135697472417,0,0,5,75.9515003356136,0,0,0,0,0,1,0,0,1,0,1,0,0,0,1,0,0,0
166,1,3,88.02479944755636,0,1,1,85.96401445880826,0,0,0,1,0,0,0,0,0,1,0,0,1,0,1,0,0,0
167,0,2,96.09041541289595,0,1,3,73.43061396880105,0,1,0,1,0,0,0,1,0,0,0,0,0,1,0,0,0,1
168,0,3,89.3001362396497,1,0,3,92.3485355355452,0,0,0,1,0,0,1,0,0,0,0,1,0,0,0,0,1,0
169,1,2,71.91780240519796,0,0,4,52.0923257900725,0,0,0,0,0,1,0,0,1,0,0,0,1,0,0,0,1,0
170,1,2,58.49927336058218,1,0,1,67.74286068933277,1,1,0,0,0,1,0,1,0,0,0,0,0,1,0,0,1,0
171,0,4,68.9261635465955,0,0,5,36.9550085088352,0,1,0,1,0,0,1,0,0,0,0,0,0,1,0,0,1,0
172,0,2,93.91092207326889,1,1,1,1.0389449289312513,1,1,0,0,0,1,0,0,0,1,1,0,0,0,1,0,0,0
173,1,3,24.999873522383176,0,1,1,75.66929554673403,1,1,0,0,0,1,0,1,0,0,0,0,0,1,0,0,1,0
174,1,4,53.51205076734049,0,1,4,86.98606478712057,0,0,0,0,0,1,0,0,0,1,0,0,1,0,0,0,1,0
175,1,4,68.96080190004079,1,0,5,17.392447700972703,0,1,0,1,0,0,0,1,0,0,0,0,0,1,1,0,0,0
176,0,2,67.92470013242746,0,1,3,2.864075166529112,0,1,0,1,0,0,0,0,0,1,0,0,0,1,0,0,1,0
177,0,5,25.227895957683643,0,0,2,16.450184550146364,1,0,0,1,0,0,0,1,0,0,1,0,0,0,0,0,1,0
178,0,5,58.67315273897519,1,0,5,89.5289293239289,0,0,0,0,0,1,0,0,0,1,1,0,0,0,0,1,0,0
179,0,4,79.59131424201564,0,1,3,29.55103893713298,1,0,0,1,0,0,1,0,0,0,0,0,1,0,0,0,1,0
180,0,2,47.50789800502439,1,1,4,23.37041148536717,1,0,0,0,0,1,0,1,0,0,0,0,0,1,0,1,0,0
181,0,5,79.3298076698735,1,0,5,1.458982484321636,0,0,1,0,0,0,1,0,0,0,0,1,0,0,0,0,1,0
182,1,2,35.988259775455475,0,0,5,29.705514721006622,0,1,0,0,0,1,0,0,1,0,0,0,0,1,1,0,0,0
183,0,2,93.8760127163759,0,1,3,71.56390770222363,1,0,0,0,1,0,1,0,0,0,0,1,0,0,0,0,1,0
184,0,4,53.3928440499101,0,0,3,95.90892883762197,1,1,0,1,0,0,0,1,0,0,0,0,1,0,0,0,0,1
185,0,4,59.59479507926143,1,1,1,31.27412324376333,0,0,0,1,0,0,1,0,0,0,1,0,0,0,1,0,0,0
186,1,1,3.1361568804588402,0,1,1,24.068532021069323,0,0,0,0,1,0,0,1,0,0,0,0,1,0,0,0,1,0
187,0,5,17.026913712859425,1,0,5,88.80690204626343,1,1,0,0,0,1,0,0,0,1,1,0,0,0,0,0,1,0
188,0,5,63.29338804710447,0,0,2,85.25048508322286,1,0,1,0,0,0,0,0,1,0,1,0,0,0,1,0,0,0
189,1,5,41.987037178227126,0,0,4,32.81604201436864,0,1,0,0,1,0,1,0,0,0,0,0,0,1,0,0,0,1
190,0,3,50.81637904581747,1,0,3,6.880515375705398,1,0,0,0,1,0,0,0,1,0,0,0,0,1,1,0,0,0
191,0,2,6.297140873370044,0,0,1,99.19894404667427,0,0,0,0,0,1,1,0,0,0,1,0,0,0,0,0,0,1
192,0,4,83.41352384103843,0,1,4,68.07042874617848,0,1,0,1,0,0,0,1,0,0,0,1,0,0,1,0,0,0
193,0,5,78.45056022962173,0,1,5,92.65804970841343,0,0,0,0,0,1,1,0,0,0,0,1,0,0,1,0,0,0
194,0,1,18.53539757218495,0,1,3,34.18744743194615,1,0,0,0,1,0,0,0,1,0,0,0,0,1,0,1,0,0
195,1,5,63.432935725737934,0,1,3,64.76854190829941,1,0,0,0,1,0,1,0,0,0,0,0,1,0,0,1,0,0
196,1,2,81.83152116542716,1,0,1,67.44972302066128,1,1,0,1,0,0,0,0,1,0,0,1,0,0,1,0,0,0
197,1,2,64.08541364156,0,1,2,87.2905467538919,0,1,0,1,0,0,0,0,1,0,1,0,0,0,0,1,0,0
198,0,4,31.039809529584485,1,0,3,99.3058037116004,0,0,0,1,0,0,0,1,0,0,0,0,0,1,0,0,1,0
199,0,3,65.61111504781671,0,0,2,10.866617852398663,0,0,0,0,0,1,0,0,0,1,0,0,0,1,0,0,1,0
200,0,4,21.046174768321222,0,0,4,63.11168454304315,1,0,0,1,0,0,0,0,0,1,1,0,0,0,0,0,1,0
201,1,5,31.825499727942088,1,0,3,33.643994836258614,0,1,0,0,1,0,1,0,0,0,0,0,1,0,0,1,0,0
202,0,1,24.006965310717867,0,0,3,81.1658427060122,0,0,0,0,1,0,0,0,1,0,1,0,0,0,0,1,0,0
203,0,4,55.692510239020656,0,1,2,75.41479847464423,0,0,1,0,0,0,0,1,0,0,0,0,1,0,0,0,1,0
204,1,3,10.822664676554862,1,0,1,89.25185242239138,1,0,0,0,0,1,0,0,0,1,0,0,0,1,1,0,0,0
205,0,4,93.33103803483387,1,0,5,34.37028772804831,1,1,1,0,0,0,0,1,0,0,0,0,1,0,0,0,1,0
206,1,2,33.35123536628668,0,1,4,18.453034415776504,1,0,0,0,1,0,0,1,0,0,1,0,0,0,0,1,0,0
207,1,5,21.89701271058013,1,1,3,2.18016771511641,1,0,1,0,0,0,0,0,1,0,0,0,0,1,0,0,0,1
208,1,5,49.65498136018313,1,1,1,25.550668371821118,1,0,0,0,1,0,1,0,0,0,0,1,0,0,0,0,1,0
209,0,5,27.699781845471605,1,0,3,36.7171539755231,1,0,1,0,0,0,0,0,1,0,0,0,0,1,0,0,1,0
210,0,5,53.490408638264434,1,0,4,94.6066985947992,1,0,0,1,0,0,0,0,0,1,1,0,0,0,0,1,0,0
211,0,5,34.85091497820855,0,0,5,49.13726338472527,0,0,1,0,0,0,0,0,0,1,1,0,0,0,0,1,0,0
212,0,5,13.206681076904081,0,0,3,55.64395041087895,0,0,0,1,0,0,0,1,0,0,0,0,0,1,0,1,0,0
213,0,1,26.5895242027262,1,1,2,88.01287620481148,0,0,0,1,0,0,0,0,1,0,0,0,0,1,0,1,0,0
214,0,3,43.84398449615252,0,1,1,88.50695137641408,0,1,0,0,0,1,0,0,1,0,0,0,0,1,0,0,1,0
215,0,5,3.0293226479625623,1,1,5,52.7915826563202,1,0,0,1,0,0,0,1,0,0,0,0,1,0,0,1,0,0
216,1,3,77.06425270147619,0,1,3,11.370349873333174,1,0,0,1,0,0,1,0,0,0,0,1,0,0,0,0,0,1
217,0,5,62.18245645904158,0,1,5,27.051616468122962,0,1,1,0,0,0,0,1,0,0,0,0,1,0,1,0,0,0
218,1,4,60.135960727835425,1,1,2,45.68882000061222,0,1,0,0,1,0,0,1,0,0,1,0,0,0,0,1,0,0
219,0,5,54.604993188276595,1,0,3,75.11694951778865,1,0,0,0,0,1,0,0,0,1,0,0,0,1,0,1,0,0
220,0,2,59.03131723250685,0,0,5,71.16817483291122,1,0,0,1,0,0,0,0,1,0,0,0,1,0,0,0,1,0
221,0,1,93.46519527072206,0,1,3,64.27082352997652,1,0,0,0,0,1,0,0,0,1,0,0,1,0,1,0,0,0
222,1,4,0.8569210810740691,0,1,3,88.02455598023444,0,0,1,0,0,0,0,1,0,0,1,0,0,0,1,0,0,0
223,1,4,4.779970965774927,1,1,5,80.26464083071254,1,1,0,1,0,0,0,0,1,0,0,0,1,0,1,0,0,0
224,1,2,19.149340993080234,0,1,3,98.21142408076304,0,0,1,0,0,0,0,1,0,0,1,0,0,0,0,1,0,0
225,1,5,16.73013799931501,1,0,2,88.91585209331556,1,1,0,0,0,1,0,1,0,0,0,0,1,0,0,0,1,0
226,0,1,18.119445946918265,1,0,5,19.565642784342852,1,1,1,0,0,0,1,0,0,0,0,1,0,0,0,0,1,0
227,1,4,67.19438858486501,1,0,5,5.761656552039563,0,0,0,0,0,1,0,0,0,1,1,0,0,0,0,1,0,0
228,0,1,45.94833010501653,0,1,2,41.45109440443233,1,0,1,0,0,0,0,0,0,1,0,1,0,0,1,0,0,0
229,0,4,99.17788783346931,1,1,2,61.750445090127904,0,0,0,0,0,1,0,1,0,0,0,0,1,0,1,0,0,0
230,1,5,22.688591480294484,0,1,2,64.31034996950392,1,1,0,0,1,0,1,0,0,0,0,1,0,0,0,0,1,0
231,1,4,31.083010102749466,1,0,3,26.751276151835867,1,0,1,0,0,0,0,1,0,0,0,1,0,0,0,0,0,1
232,1,4,98.4240716801649,0,0,3,85.98809644486704,0,0,1,0,0,0,0,1,0,0,0,1,0,0,0,1,0,0
233,1,3,83.1758140802247,0,0,4,32.924646364542696,1,0,0,0,1,0,0,1,0,0,0,0,1,0,0,0,0,1
234,1,5,46.97992206785327,1,1,3,91.91146063831435,1,0,0,0,1,0,1,0,0,0,1,0,0,0,0,0,0,1
235,1,2,55.459688554598976,1,0,2,47.16014013032215,1,0,1,0,0,0,0,0,1,0,0,0,1,0,1,0,0,0
236,1,2,84.31779206528405,0,0,4,1.0390666041836027,1,0,0,0,1,0,1,0,0,0,0,0,1,0,0,0,0,1
237,1,5,48.098024604632805,0,1,2,16.204131119474617,1,0,0,1,0,0,0,1,0,0,0,0,1,0,0,1,0,0
238,0,2,20.60237235820843,1,0,1,10.231925665499764,1,1,0,0,0,1,0,0,1,0,1,0,0,0,0,0,1,0
239,1,5,82.84445385543854,1,1,5,4.402579580030763,1,0,0,0,0,1,0,1,0,0,0,0,0,1,0,1,0,0
240,1,2,53.77724912756434,0,1,1,71.4017310810676,1,0,0,0,0,1,1,0,0,0,0,0,1,0,0,1,0,0
241,0,3,15.304259716382129,0,1,2,19.231587306040222,1,0,0,1,0,0,1,0,0,0,0,0,1,0,0,1,0,0
242,1,2,50.558583118439756,1,0,3,83.86197944064861,0,1,0,0,1,0,0,0,1,0,1,0,0,0,0,1,0,0
243,0,4,41.32033805968588,0,0,5,26.446882881443003,1,0,0,0,1,0,1,0,0,0,0,0,0,1,0,0,0,1
244,0,5,87.6842531881758,1,1,3,3.2327106490841473,1,0,1,0,0,0,0,1,0,0,0,0,0,1,1,0,0,0
245,1,1,12.605543136070342,1,0,3,82.0675343975229,1,0,0,0,1,0,0,0,1,0,0,0,0,1,0,0,1,0
246,0,1,87.52098044480256,1,1,5,46.614585053098715,0,0,1,0,0,0,0,0,0,1,0,0,0,1,1,0,0,0
247,0,5,51.22110168102847,1,0,5,59.95054402689939,0,0,0,1,0,0,0,1,0,0,1,0,0,0,0,0,0,1
248,0,3,40.436442998114764,0,1,1,33.622728864156315,0,0,0,0,0,1,0,0,0,1,1,0,0,0,1,0,0,0
249,0,2,16.196718440294035,1,1,2,4.604039615564181,0,1,0,0,0,1,0,0,1,0,0,0,0,1,1,0,0,0
250,1,3,70.08179626386793,1,0,3,37.01770891641246,0,0,0,0,0,1,0,0,1,0,0,1,0,0,0,0,0,1
251,0,1,92.68067091100404,0,1,2,51.82863702935722,0,0,0,0,1,0,0,1,0,0,1,0,0,0,1,0,0,0
252,1,5,37.53773538993198,0,1,2,1.1686603536618545,1,0,1,0,0,0,1,0,0,0,0,1,0,0,0,0,1,0
253,0,5,24.158500067083345,1,1,4,57.42900322038188,0,1,1,0,0,0,0,1,0,0,0,1,0,0,0,0,0,1
254,0,3,55.4866916999157,1,1,1,89.30421545591729,1,0,0,1,0,0,1,0,0,0,0,0,0,1,0,0,1,0
255,0,3,79.61859484338703,1,1,3,21.784052242002627,1,1,0,0,1,0,1,0,0,0,0,0,0,1,1,0,0,0
256,0,2,0.37676945505330517,1,0,5,92.67691611483988,1,0,0,1,0,0,0,1,0,0,0,0,1,0,0,1,0,0
257,1,4,63.13774363954292,1,0,5,9.760851882358601,0,0,1,0,0,0,0,0,1,0,0,1,0,0,0,1,0,0
258,1,4,59.651600069863086,1,1,2,82.54363502228216,1,0,1,0,0,0,0,1,0,0,0,0,1,0,0,0,0,1
259,0,2,31.815218580416005,0,0,1,84.03243583021572,1,0,0,0,0,1,0,0,0,1,0,0,0,1,0,1,0,0
260,0,4,45.14230036049703,0,1,1,25.77598628981389,0,0,0,0,1,0,0,0,1,0,0,1,0,0,0,1,0,0
261,1,1,24.696322416182092,1,1,3,95.78434079084673,0,1,1,0,0,0,1,0,0,0,1,0,0,0,0,1,0,0
262,0,4,78.98857379518428,0,1,3,41.65987257117777,1,1,0,0,0,1,0,0,1,0,0,0,1,0,0,0,0,1
263,0,2,63.45349333661077,0,1,2,14.125608746559381,0,0,0,0,1,0,0,1,0,0,0,0,0,1,0,0,1,0
264,0,4,53.27116220389853,1,1,2,59.171445082716666,0,0,0,1,0,0,0,0,1,0,0,1,0,0,0,1,0,0
265,1,5,39.25261984178272,0,0,2,99.66147040452663,1,0,0,0,1,0,1,0,0,0,0,0,0,1,0,0,0,1
266,1,3,29.138438602073215,0,0,4,89.92915489592944,1,0,0,0,1,0,1,0,0,0,0,0,1,0,0,0,1,0
267,1,1,82.27364860434314,1,0,1,27.860282611510247,1,0,1,0,0,0,0,0,1,0,0,0,0,1,0,0,0,1
268,0,5,45.1407670433569,1,0,2,57.69865993783756,1,0,1,0,0,0,0,0,0,1,0,0,0,1,0,1,0,0
269,0,5,50.144741984167275,1,0,1,11.536765967681662,1,1,0,0,1,0,1,0,0,0,1,0,0,0,0,1,0,0
270,1,2,52.08287305407416,0,0,5,46.18448043370894,1,1,1,0,0,0,0,0,0,1,0,0,0,1,1,0,0,0
271,1,3,44.836693543157644,1,1,5,52.307006769118146,1,0,1,0,0,0,1,0,0,0,0,1,0,0,1,0,0,0
272,1,3,25.608842623842378,0,0,1,31.527829833112854,1,0,1,0,0,0,0,0,1,0,0,1,0,0,1,0,0,0
273,1,1,12.034044024305201,1,1,5,48.41870829370056,0,0,0,0,0,1,1,0,0,0,1,0,0,0,0,0,1,0
274,0,2,9.85372671677407,1,1,5,91.99384581811736,0,0,0,0,0,1,0,0,0,1,0,1,0,0,0,0,0,1
275,1,1,75.74625233406887,1,0,5,50.01376371797307,0,1,0,0,1,0,0,0,0,1,0,0,0,1,0,0,1,0
276,0,4,22.352782230151135,1,0,3,83.09903105675974,0,1,1,0,0,0,0,0,1,0,0,0,0,1,1,0,0,0
277,1,5,5.567281495397558,0,1,3,31.739042916343386,0,0,0,0,0,1,0,0,0,1,0,1,0,0,1,0,0,0
278,0,1,79.7517406695886,0,1,1,97.14042223724817,1,0,0,0,1,0,0,0,0,1,0,0,1,0,0,1,0,0
279,1,5,15.406165286064798,1,1,1,9.346323344518549,0,0,1,0,0,0,0,0,1,0,0,0,0,1,0,0,1,0
280,1,2,62.5146091733354,0,1,4,58.558664684198924,0,0,0,1,0,0,1,0,0,0,0,1,0,0,0,1,0,0
281,1,4,33.86432714478632,1,1,3,78.98877951668027,1,0,1,0,0,0,0,0,1,0,0,0,0,1,0,1,0,0
282,1,2,12.648025669130947,1,0,1,81.40409863102455,0,0,1,0,0,0,1,0,0,0,0,0,0,1,0,0,0,1
283,0,4,41.44809792543599,0,0,3,19.82811107870419,1,0,0,0,0,1,1,0,0,0,1,0,0,0,1,0,0,0
284,1,4,1.480886113262514,0,1,4,40.16458886849862,0,0,0,0,1,0,1,0,0,0,0,1,0,0,0,1,0,0
285,0,5,84.10449825125603,1,1,1,62.41961724641031,0,0,0,0,1,0,0,1,0,0,0,0,0,1,0,1,0,0
286,0,2,51.34979613418572,1,1,1,31.588270977241663,1,0,0,0,0,1,1,0,0,0,0,0,1,0,1,0,0,0
287,0,2,13.916001090796183,1,1,1,65.829601521348,0,0,1,0,0,0,0,0,1,0,0,1,0,0,1,0,0,0
288,0,1,23.69803183889847,0,1,1,37.87806713127026,0,0,0,1,0,0,0,0,1,0,0,0,1,0,0,0,0,1
289,1,2,44.79751921385267,1,1,2,35.08663225852223,0,0,1,0,0,0,0,0,1,0,0,1,0,0,0,0,0,1
290,0,1,18.886938281554865,1,1,3,10.80681714904096,1,0,1,0,0,0,0,1,0,0,0,0,1,0,0,1,0,0
291,0,3,26.85991615010859,1,1,3,3.9252878853045736,1,1,0,1,0,0,0,0,0,1,0,0,1,0,0,1,0,0
292,0,3,53.438556423526315,1,0,3,83.5273790012182,1,0,0,0,0,1,0,1,0,0,0,1,0,0,0,1,0,0
293,1,3,83.26090130383855,1,1,4,48.95444921560742,1,0,0,0,1,0,0,0,1,0,1,0,0,0,0,0,1,0
294,1,2,40.18396856899208,1,1,2,56.287313320900665,1,0,0,0,0,1,0,0,1,0,1,0,0,0,0,0,0,1
295,1,2,71.69752735535482,0,0,3,37.22210225284805,0,0,0,0,0,1,0,0,0,1,0,1,0,0,0,1,0,0
296,1,1,87.66842134606485,1,1,3,13.674204547377045,0,0,1,0,0,0,0,1,0,0,0,0,0,1,1,0,0,0
297,0,4,21.6300940296162,1,1,1,44.95719976912065,1,1,0,0,1,0,0,0,1,0,0,1,0,0,0,0,0,1
298,0,1,80.719197040216,0,1,1,22.89570780311687,1,0,0,0,1,0,1,0,0,0,0,1,0,0,0,0,0,1
299,1,3,75.74021983310274,0,1,1,83.76830467772105,0,1,0,0,0,1,1,0,0,0,0,0,0,1,0,1,0,0
300,0,1,35.6937297948135,1,0,3,98.67885380744899,1,1,0,1,0,0,0,0,1,0,0,1,0,0,0,0,1,0
301,0,4,98.95199595008671,0,1,1,88.90961354758056,0,1,0,0,0,1,1,0,0,0,0,1,0,0,0,1,0,0
302,0,2,26.257237143595702,1,1,3,52.82742659256304,1,0,0,1,0,0,0,0,0,1,0,0,0,1,0,0,1,0
303,1,1,25.480326603169555,0,1,4,62.81317451820445,1,0,0,0,1,0,0,0,1,0,0,0,0,1,0,0,1,0
304,1,3,77.22591646531978,0,0,4,94.81225427392383,0,0,0,0,0,1,0,1,0,0,1,0,0,0,1,0,0,0
305,0,3,43.46573180510842,1,1,5,53.86819335887252,0,0,1,0,0,0,0,0,1,0,0,0,1,0,0,1,0,0
306,1,2,33.079499478104324,0,1,2,63.85891232915506,1,0,0,0,0,1,0,0,0,1,0,0,1,0,0,0,1,0
307,1,1,17.866280533910295,1,0,1,62.92295037423282,1,1,0,0,1,0,0,1,0,0,1,0,0,0,0,0,0,1
308,1,4,76.5332430934544,0,0,1,70.81211518124651,0,1,1,0,0,0,0,0,0,1,1,0,0,0,0,1,0,0
309,1,2,78.6321806136077,1,0,2,64.02850995783189,0,0,1,0,0,0,1,0,0,0,0,0,1,0,0,0,1,0
310,1,1,56.65640032301405,0,0,2,67.07053980555727,1,0,0,1,0,0,1,0,0,0,1,0,0,0,0,0,0,1
311,0,5,95.73136131913729,1,1,5,72.58944722327982,0,0,1,0,0,0,1,0,0,0,0,1,0,0,1,0,0,0
312,1,3,31.816327042265424,1,0,2,80.90992296679488,1,0,1,0,0,0,0,0,0,1,1,0,0,0,1,0,0,0
313,0,4,21.96190454793372,1,0,3,40.30549692630041,1,0,0,0,0,1,0,0,0,1,1,0,0,0,0,1,0,0
314,0,4,67.74667689344619,1,0,1,74.58339842605783,1,1,0,0,1,0,0,0,1,0,1,0,0,0,0,1,0,0
315,1,4,75.84086407997047,0,1,2,10.02037591539623,1,1,0,1,0,0,0,1,0,0,1,0,0,0,0,1,0,0
316,0,3,22.49059705518224,1,0,3,87.61881322415286,1,1,0,0,0,1,0,1,0,0,0,0,1,0,0,1,0,0
317,0,1,7.661076426111324,0,1,2,29.004430790919177,1,0,1,0,0,0,0,0,0,1,0,0,0,1,0,1,0,0
318,0,2,81.0516486586372,0,1,3,40.346031408728365,1,0,1,0,0,0,0,0,0,1,0,0,1,0,0,0,1,0
319,1,1,97.65019736460124,1,0,4,80.36104126575084,0,1,0,1,0,0,1,0,0,0,0,0,1,0,0,0,0,1
320,1,2,64.46722860722844,1,1,3,63.69870380910058,0,1,0,0,1,0,0,0,0,1,0,0,0,1,0,1,0,0
321,0,4,27.786690014389414,0,0,5,30.86279898511681,1,1,0,1,0,0,1,0,0,0,0,0,1,0,0,0,0,1
322,1,1,99.66726085527921,0,0,3,22.53991111246403,0,0,0,0,0,1,0,0,0,1,0,1,0,0,0,0,1,0
323,1,4,89.32666362670774,0,1,2,95.77144487105899,1,1,0,1,0,0,0,1,0,0,0,0,0,1,0,0,1,0
324,1,5,51.338064628029386,1,1,4,8.777636103158681,1,0,1,0,0,0,0,0,1,0,0,1,0,0,0,0,1,0
325,1,4,82.53212848418337,1,1,4,0.4335108609341276,0,1,0,0,0,1,0,0,0,1,0,0,1,0,0,1,0,0
326,0,4,81.58205232629669,0,1,3,67.29349022863504,0,1,1,0,0,0,1,0,0,0,0,0,1,0,1,0,0,0
327,0,2,93.47989696734996,0,0,2,61.44744270825184,1,0,0,0,1,0,0,0,1,0,0,0,0,1,1,0,0,0
328,1,5,84.09238437734601,0,1,4,73.76139629517839,0,1,1,0,0,0,1,0,0,0,0,0,1,0,0,1,0,0
329,1,4,64.36792359571645,1,1,3,73.16338316090469,1,0,1,0,0,0,1,0,0,0,1,0,0,0,0,1,0,0
330,0,4,60.93037189565074,0,1,3,86.32591272660231,0,1,0,1,0,0,0,0,1,0,0,1,0,0,0,1,0,0
331,0,5,46.735728833161176,0,1,3,92.21085904084568,1,0,1,0,0,0,0,0,1,0,0,1,0,0,0,0,1,0
332,1,5,62.64856399707573,0,0,4,77.5024588257886,1,0,0,0,0,1,0,0,1,0,1,0,0,0,1,0,0,0
333,0,1,79.52165865303827,0,0,1,23.229280162209676,1,0,0,0,0,1,0,0,0,1,0,0,0,1,1,0,0,0
334,1,2,96.90376263025533,1,1,2,46.34961782989742,0,0,0,0,1,0,0,0,1,0,0,0,0,1,0,0,0,1
335,1,5,46.72873581821201,0,1,5,64.1715240655889,1,1,0,0,0,1,0,0,0,1,1,0,0,0,0,0,0,1
336,0,5,57.36532029887571,1,0,5,53.9365268844742,1,0,0,1,0,0,0,1,0,0,1,0,0,0,1,0,0,0
337,0,3,44.48054950587817,1,0,2,15.889751243462468,0,1,0,0,1,0,0,1,0,0,0,1,0,0,1,0,0,0
338,1,5,66.8488620983404,0,0,1,58.92730306240457,0,1,0,0,0,1,1,0,0,0,1,0,0,0,0,0,1,0
339,1,2,62.992050406125955,1,0,2,88.65286494339756,1,0,0,1,0,0,1,0,0,0,1,0,0,0,0,0,0,1
340,0,4,1.78337901936233,0,1,3,41.851722326509766,0,0,0,0,0,1,0,0,0,1,1,0,0,0,0,1,0,0
341,1,4,54.11615591006584,0,1,2,66.89328244354034,1,0,0,0,0,1,1,0,0,0,0,0,1,0,0,0,1,0
342,0,4,8.848689569901403,0,0,2,61.59342862763382,1,0,1,0,0,0,0,1,0,0,1,0,0,0,0,0,0,1
343,1,4,2.6383618005538345,0,0,4,37.70431368545161,1,0,0,0,0,1,0,0,0,1,0,0,1,0,0,1,0,0
344,0,3,79.11971620846982,0,1,5,56.52712071472329,0,1,0,0,0,1,0,0,0,1,0,1,0,0,0,1,0,0
345,0,5,25.864986215930053,1,1,5,21.0212033898861,0,1,0,1,0,0,0,0,1,0,0,1,0,0,1,0,0,0
346,0,4,34.065507728729926,1,0,3,54.61072586951875,0,0,0,1,0,0,0,0,0,1,0,0,0,1,1,0,0,0
347,1,1,6.408458760406621,0,1,3,79.88295904903792,1,1,1,0,0,0,1,0,0,0,0,1,0,0,0,1,0,0
348,1,4,17.950026049435063,1,0,4,75.89477695912663,1,0,0,0,0,1,0,1,0,0,0,0,0,1,0,1,0,0
349,0,5,76.56048182577923,0,1,3,35.79545498070716,1,0,1,0,0,0,1,0,0,0,0,0,1,0,1,0,0,0
350,1,4,49.35308302326209,1,1,1,11.208521590650877,0,1,0,0,0,1,0,1,0,0,1,0,0,0,1,0,0,0
351,0,3,88.06684625501484,1,0,4,79.99425650398659,0,0,0,0,1,0,0,0,1,0,0,1,0,0,1,0,0,0
352,0,2,39.72421314668352,0,1,4,26.50390894945228,1,1,0,0,1,0,0,1,0,0,1,0,0,0,1,0,0,0
353,1,2,26.870073575426822,1,0,2,5.304376721206772,0,0,1,0,0,0,0,0,1,0,0,0,0,1,0,0,0,1
354,1,5,34.759981445865094,1,1,2,44.51929602160028,0,0,1,0,0,0,1,0,0,0,0,0,1,0,1,0,0,0
355,0,2,71.27717935169045,1,0,1,73.94705295465475,0,0,1,0,0,0,0,0,1,0,0,1,0,0,0,0,1,0
356,1,2,55.500567233448606,0,0,4,80.84933404891876,0,0,0,1,0,0,0,0,0,1,1,0,0,0,0,0,1,0
357,1,1,90.41912075524279,1,0,4,98.22021492219339,1,0,0,1,0,0,0,0,0,1,0,0,0,1,0,0,1,0
358,0,5,60.21687693888833,1,1,2,18.940768403012353,1,0,0,1,0,0,0,1,0,0,1,0,0,0,1,0,0,0
359,0,5,49.301820848150314,1,0,5,29.379485046053276,1,0,1,0,0,0,1,0,0,0,0,1,0,0,0,1,0,0
360,1,2,78.57527238867328,1,0,5,60.94904984794972,0,1,0,0,0,1,1,0,0,0,1,0,0,0,0,1,0,0
361,0,2,94.75338507334452,1,1,2,81.13436971160249,0,0,0,0,1,0,0,1,0,0,0,0,1,0,0,0,0,1
362,0,2,35.58459112449705,1,1,3,23.407502124249234,0,0,1,0,0,0,0,0,0,1,0,1,0,0,1,0,0,0
363,1,3,24.987621016547767,1,0,4,40.99144503737592,1,0,0,1,0,0,0,0,1,0,0,0,0,1,0,0,1,0
364,0,4,61.621739629413916,1,0,1,40.84006684524921,0,0,0,1,0,0,0,1,0,0,0,1,0,0,0,1,0,0
365,0,3,49.887282115388096,1,1,5,77.29367330983212,1,0,1,0,0,0,0,0,1,0,0,0,0,1,1,0,0,0
366,1,5,98.91855748647835,0,1,3,24.09322056789214,1,1,1,0,0,0,0,0,1,0,0,0,0,1,0,0,1,0
367,1,1,46.236178414773335,1,1,4,96.87585546959276,1,0,0,1,0,0,1,0,0,0,0,1,0,0,0,0,1,0
368,0,4,7.4331551360345856,1,0,3,51.04638126354624,0,0,0,0,0,1,0,0,0,1,0,0,0,1,0,0,1,0
369,0,1,97.73690607776359,1,1,4,28.206683660531407,1,0,0,1,0,0,0,0,1,0,0,1,0,0,0,0,1,0
370,1,5,84.358694559354,1,0,4,28.428405971848658,1,0,0,1,0,0,0,0,0,1,0,0,1,0,0,0,1,0
371,1,5,17.825014395796334,1,0,2,1.8299986703970483,0,1,1,0,0,0,1,0,0,0,0,0,1,0,0,0,0,1
372,1,1,90.46052531128693,0,0,2,69.243089075629,1,1,0,0,0,1,0,1,0,0,1,0,0,0,0,0,1,0
373,1,1,34.06668208217446,0,1,1,77.59483026755977,0,0,0,1,0,0,0,1,0,0,0,0,1,0,0,0,0,1
374,0,1,37.71119845344445,0,1,1,3.242777292368959,1,0,0,1,0,0,1,0,0,0,0,0,0,1,0,0,1,0
375,1,5,90.63914823621593,0,1,3,58.59345391309533,0,0,0,0,1,0,1,0,0,0,1,0,0,0,0,0,1,0
376,1,2,53.01155650353153,1,0,2,78.16726677704219,1,1,1,0,0,0,0,0,1,0,1,0,0,0,0,0,1,0
377,0,1,13.776292939851963,1,0,4,37.62400483910022,1,0,0,0,1,0,1,0,0,0,0,1,0,0,0,0,1,0
378,1,4,36.9056159341804,1,1,2,43.274158285468964,1,1,0,0,1,0,0,1,0,0,1,0,0,0,0,0,0,1
379,0,5,72.20974462678808,0,1,4,36.16248999121402,0,0,0,1,0,0,0,0,0,1,0,1,0,0,1,0,0,0
380,1,3,17.41841880680167,0,0,2,31.565071856647396,0,0,1,0,0,0,0,0,0,1,1,0,0,0,0,1,0,0
381,1,3,59.02311974063588,0,0,4,49.114172365192076,0,0,0,0,0,1,0,0,0,1,0,0,1,0,0,0,0,1
382,1,4,69.52741329444169,0,0,3,16.610066013322456,1,0,0,1,0,0,0,0,0,1,0,1,0,0,0,0,0,1
383,0,2,34.385357554257936,1,0,2,44.0687681231859,0,0,0,0,0,1,1,0,0,0,0,0,0,1,0,0,0,1
384,0,1,69.38806887083223,1,1,5,94.18251242722054,0,0,0,0,0,1,1,0,0,0,1,0,0,0,1,0,0,0
385,1,5,88.42073518293186,0,0,5,2.7402097797213254,0,0,1,0,0,0,0,0,0,1,0,0,1,0,0,1,0,0
386,0,1,47.21167442332409,1,0,4,16.474341585302877,0,1,0,0,1,0,1,0,0,0,0,0,1,0,1,0,0,0
387,0,5,38.290932817978565,0,1,3,77.7702390646421,1,1,1,0,0,0,0,0,1,0,0,1,0,0,0,1,0,0
388,0,3,25.11584013582857,0,1,4,13.205708991371168,1,1,0,0,0,1,1,0,0,0,0,1,0,0,0,1,0,0
389,0,1,60.42054798633042,0,1,3,27.128089950274546,1,0,0,1,0,0,0,0,1,0,0,1,0,0,0,1,0,0
390,0,4,87.9852048038716,0,1,1,45.48389240443558,1,0,0,0,0,1,0,0,1,0,0,0,0,1,1,0,0,0
391,0,2,32.466126718519405,1,0,2,94.31622576411046,1,0,0,1,0,0,1,0,0,0,0,0,0,1,0,1,0,0
392,1,4,39.62355245373035,1,0,3,18.350118730356947,1,1,0,1,0,0,0,0,0,1,0,0,0,1,0,0,1,0
393,1,2,40.66255175499839,0,0,4,92.30845940043164,0,0,1,0,0,0,0,0,1,0,1,0,0,0,0,0,0,1
394,0,1,56.08123417775172,0,0,1,71.85245127128526,1,0,0,0,0,1,1,0,0,0,0,0,0,1,0,1,0,0
395,1,1,22.840896156743863,1,0,4,67.11449117431721,0,0,0,0,1,0,0,1,0,0,0,1,0,0,0,0,0,1
396,1,2,82.22111553077043,1,1,5,72.35425240500321,1,0,0,0,0,1,0,0,0,1,0,0,1,0,1,0,0,0
397,1,3,29.56022775042213,0,1,5,3.1246618969337447,0,0,0,0,0,1,0,1,0,0,0,0,1,0,1,0,0,0
398,1,5,70.5362690896682,0,0,2,9.890026106951932,1,0,0,0,1,0,0,0,1,0,0,1,0,0,0,0,1,0
399,0,4,51.3215741779552,0,1,2,33.48415287402284,1,0,1,0,0,0,0,1,0,0,0,0,0,1,0,1,0,0
400,1,4,58.589760335275685,0,0,1,7.396753314867766,1,0,0,0,0,1,1,0,0,0,0,0,0,1,0,0,0,1
401,1,4,17.96087388273029,0,0,5,98.7589709495422,1,0,0,0,0,1,0,0,0,1,0,1,0,0,0,0,0,1
402,0,1,73.50231981781705,1,0,3,58.04122081451776,0,0,0,1,0,0,0,0,1,0,0,0,1,0,0,0,0,1
403,0,4,18.86205190426311,1,0,5,48.73436711429841,0,0,0,0,0,1,1,0,0,0,1,0,0,0,1,0,0,0
404,1,5,11.347363762743912,0,0,2,78.55117848990439,1,0,0,0,1,0,0,0,0,1,0,0,1,0,0,1,0,0
405,1,5,54.667949988878696,0,1,4,97.69592068119898,1,0,0,1,0,0,0,0,1,0,0,0,0,1,0,0,1,0
406,1,2,70.92971369176652,0,1,1,95.51300000847746,0,0,1,0,0,0,0,0,1,0,0,0,1,0,0,0,1,0
407,1,1,5.0035836434756735,0,0,5,79.30648847886961,1,1,0,1,0,0,0,0,1,0,0,0,0,1,1,0,0,0
408,1,5,6.939531494054208,1,0,3,37.71742369608765,1,0,0,0,1,0,0,0,1,0,0,0,1,0,0,1,0,0
409,1,3,80.2679162705919,1,1,3,6.59594915779067,0,0,0,0,1,0,0,1,0,0,0,1,0,0,0,0,1,0
410,0,1,80.9032699507332,0,0,3,9.837697772908117,0,0,0,1,0,0,0,1,0,0,0,0,0,1,0,0,1,0
411,1,1,24.53047170590812,1,0,1,0.11523407945874808,0,1,1,0,0,0,0,1,0,0,1,0,0,0,1,0,0,0
412,1,5,61.522820280020355,0,0,3,0.1902843224855899,0,0,0,1,0,0,0,0,1,0,1,0,0,0,0,0,0,1
413,0,3,44.318007514465954,0,1,3,93.6421798933462,1,0,1,0,0,0,0,1,0,0,0,1,0,0,0,0,1,0
414,0,2,63.2696041403513,1,0,5,92.70169692074991,1,0,0,1,0,0,0,0,0,1,0,0,1,0,1,0,0,0
415,0,5,86.28792840992251,0,0,1,66.7553799704802,1,0,0,0,1,0,0,0,1,0,0,1,0,0,0,0,1,0
416,0,3,7.98564245822565,1,1,4,72.66767242203025,1,0,0,0,0,1,0,0,0,1,0,1,0,0,0,0,1,0
417,1,1,77.79844259884543,0,0,4,51.32084566500378,0,0,0,0,0,1,0,0,0,1,1,0,0,0,1,0,0,0
418,1,3,49.30291045210393,0,0,3,23.784225608833243,1,1,1,0,0,0,0,1,0,0,1,0,0,0,1,0,0,0
419,1,1,56.412694376199646,0,1,2,91.43850491088091,1,0,1,0,0,0,0,0,1,0,0,0,0,1,0,1,0,0
420,1,5,65.39313600171202,0,1,1,27.769146735935003,0,1,1,0,0,0,0,1,0,0,0,0,0,1,0,0,1,0
421,1,5,92.26231491291074,1,0,2,73.96712609496345,1,0,0,0,1,0,0,1,0,0,0,0,0,1,0,0,0,1
422,1,4,5.671995355173786,0,1,1,24.543568472387967,0,0,0,1,0,0,0,1,0,0,0,1,0,0,0,0,0,1
423,0,4,2.947635212444766,1,0,1,87.01484180491778,0,1,0,0,1,0,0,0,1,0,0,1,0,0,0,1,0,0
424,1,4,17.826178148877347,1,0,5,65.12394344254811,0,1,0,0,0,1,0,0,1,0,0,0,0,1,0,1,0,0
425,0,5,98.64477260267364,0,1,3,64.2695020556732,0,0,1,0,0,0,0,1,0,0,1,0,0,0,1,0,0,0
426,0,2,71.50763673777757,1,0,5,9.736723674191994,0,0,0,1,0,0,0,0,0,1,1,0,0,0,0,0,0,1
427,1,5,61.46411190545019,0,1,2,41.94689031692016,1,1,0,0,0,1,0,0,0,1,0,0,1,0,0,0,1,0
428,0,3,4.7039053414747904,1,1,2,52.49085075495993,1,1,0,0,0,1,0,0,1,0,0,0,0,1,1,0,0,0
429,1,5,87.91102238929648,1,1,4,29.403628841111008,1,1,0,0,0,1,1,0,0,0,0,1,0,0,0,0,1,0
430,0,5,81.27568532971596,0,0,5,88.09746118334657,0,1,0,0,1,0,0,1,0,0,0,0,1,0,0,0,0,1
431,1,1,66.48000438670849,0,1,5,83.76699415112218,0,0,1,0,0,0,0,1,0,0,0,0,1,0,1,0,0,0
432,0,1,33.91308154847027,1,0,5,49.362091234253,1,1,0,0,0,1,1,0,0,0,0,0,1,0,0,0,1,0
433,1,1,7.050495556825731,0,1,4,34.00312026441149,0,0,1,0,0,0,0,0,1,0,0,0,0,1,0,1,0,0
434,1,5,58.00384879009225,0,1,5,80.15422720056445,0,0,0,0,1,0,0,0,0,1,0,0,0,1,0,0,1,0
435,1,2,71.96945714608376,1,0,5,19.689144754123877,0,1,0,0,0,1,0,0,1,0,0,0,0,1,0,0,1,0
436,1,3,9.424035047724743,1,0,5,7.151631509363277,1,0,0,0,1,0,0,0,0,1,1,0,0,0,1,0,0,0
437,1,3,63.376765979849594,0,1,5,4.571048607194772,0,0,0,0,1,0,0,0,0,1,0,0,1,0,0,0,0,1
438,0,2,28.636606788715856,1,0,2,3.8683260898000227,0,0,1,0,0,0,0,0,1,0,1,0,0,0,0,0,1,0
439,0,2,76.42442212198117,0,0,3,48.888865647017845,0,1,0,0,0,1,0,1,0,0,0,0,0,1,0,0,1,0
440,0,3,53.9615850601837,0,1,2,25.53136360993602,1,0,0,0,1,0,0,1,0,0,1,0,0,0,0,0,1,0
441,1,4,12.90367878104367,1,1,5,69.03751213619475,0,0,0,0,0,1,0,1,0,0,1,0,0,0,0,0,1,0
442,0,1,52.6519447733236,0,0,1,65.38915740405054,1,0,1,0,0,0,0,0,0,1,0,1,0,0,0,1,0,0
443,1,1,39.57368633667186,1,1,1,54.20200071440249,0,0,0,0,1,0,0,1,0,0,0,0,0,1,0,0,0,1
444,1,3,18.03559682816519,0,1,4,35.2843281427963,0,1,1,0,0,0,0,0,0,1,0,0,1,0,0,0,0,1
445,0,2,84.15157240621231,0,1,2,85.04562449857302,1,0,0,0,0,1,0,1,0,0,0,0,0,1,1,0,0,0
446,0,4,1.10284484991362,0,0,4,70.97027533000535,1,0,0,0,0,1,0,0,1,0,1,0,0,0,0,0,1,0
447,1,3,31.212827687810595,1,0,4,27.152612403165854,1,0,1,0,0,0,1,0,0,0,0,0,0,1,1,0,0,0
448,0,1,1.2595038169426753,1,0,1,50.168866231351,0,0,0,1,0,0,0,0,0,1,0,0,0,1,0,1,0,0
449,1,5,9.60069465061527,0,1,2,15.627120882426325,1,0,0,0,1,0,0,0,1,0,0,1,0,0,0,1,0,0
450,1,2,29.709621917308105,1,0,3,32.87762911019072,1,0,0,0,0,1,0,0,0,1,0,1,0,0,0,0,1,0
451,1,5,5.427118538937359,1,1,2,99.71401828635337,1,0,0,0,0,1,0,0,0,1,0,0,0,1,1,0,0,0
452,1,3,59.663053235714116,0,1,4,22.384422026719598,0,0,0,0,1,0,0,0,1,0,0,1,0,0,1,0,0,0
453,1,1,8.686290798618279,1,1,5,69.83023557181384,1,1,1,0,0,0,0,1,0,0,1,0,0,0,0,0,0,1
454,0,4,70.17136340660952,1,1,4,23.841864577702832,0,0,1,0,0,0,0,0,0,1,1,0,0,0,1,0,0,0
455,0,5,5.2642112627161115,1,0,2,93.81345390058115,0,0,1,0,0,0,1,0,0,0,1,0,0,0,0,1,0,0
456,1,4,5.9308894801096805,0,1,1,31.013284499036754,0,0,0,1,0,0,1,0,0,0,0,1,0,0,0,1,0,0
457,1,1,30.532589903326635,0,1,2,34.66890746467093,1,0,0,1,0,0,0,0,1,0,0,0,0,1,0,0,1,0
458,0,5,89.65715249692775,1,0,3,59.38597730661872,1,1,0,0,0,1,1,0,0,0,1,0,0,0,1,0,0,0
459,0,4,64.13932487233166,0,1,5,58.81117711149347,1,0,1,0,0,0,0,0,1,0,0,0,1,0,1,0,0,0
460,1,4,77.01312919289194,1,0,5,57.90763897971798,1,0,0,0,1,0,0,0,1,0,1,0,0,0,0,1,0,0
461,0,5,14.155210947710605,0,0,4,57.325466840624074,0,1,0,0,0,1,0,0,0,1,0,0,0,1,0,0,1,0
462,1,1,83.41254332472458,1,0,2,31.21868937202087,1,0,0,0,1,0,0,0,1,0,1,0,0,0,0,0,0,1
463,0,4,0.8146248194235151,0,1,1,43.44102233385417,1,0,0,0,0,1,0,0,1,0,0,0,1,0,0,0,0,1
464,1,3,21.305735073300614,1,0,3,59.3433443140977,0,0,0,1,0,0,0,1,0,0,1,0,0,0,0,0,1,0
465,0,5,61.609232114999344,0,1,4,67.12701236671158,1,0,0,0,0,1,0,0,0,1,1,0,0,0,0,0,1,0
466,1,2,37.52464085940503,1,0,2,25.312901352359486,0,0,0,1,0,0,1,0,0,0,0,0,0,1,0,0,0,1
467,0,2,98.41933917185635,0,0,1,70.14750617029408,0,1,0,0,0,1,0,1,0,0,1,0,0,0,0,1,0,0
468,0,1,3.0339246818318233,0,0,2,92.32762501126366,1,0,1,0,0,0,0,1,0,0,1,0,0,0,1,0,0,0
469,1,3,99.85981679365432,0,0,1,75.79277033437887,0,1,0,0,1,0,0,0,0,1,0,1,0,0,0,0,0,1
470,0,4,62.36278328613161,1,1,2,8.423280282272172,0,1,1,0,0,0,0,0,0,1,0,0,0,1,0,0,1,0
471,1,2,55.870699459609654,1,1,2,46.912622009002106,0,0,0,0,0,1,0,1,0,0,0,0,0,1,0,0,1,0
472,0,1,5.951244256397437,1,0,4,43.52638355390744,1,0,0,0,0,1,0,0,0,1,0,0,0,1,1,0,0,0
473,1,3,27.332887666589066,0,0,2,33.650331201826354,1,1,0,0,0,1,0,0,0,1,0,0,0,1,0,0,1,0
474,0,3,92.46626882915957,1,0,2,49.13201399030033,1,0,0,1,0,0,0,0,1,0,1,0,0,0,0,1,0,0
475,1,1,35.424600318924426,0,1,4,43.96337733998787,0,0,0,0,1,0,0,0,0,1,0,0,1,0,0,0,1,0
476,0,1,66.1653200467251,0,0,4,0.6170477167360411,1,1,0,0,1,0,0,0,1,0,0,0,1,0,1,0,0,0
477,1,4,99.94963504187217,0,0,5,23.655527809206987,1,0,0,0,0,1,0,1,0,0,0,1,0,0,0,0,0,1
478,0,1,26.306971383354117,1,1,5,21.37821452823473,0,0,0,0,0,1,0,1,0,0,1,0,0,0,0,1,0,0
479,1,4,57.60808790144938,0,0,4,34.925954124279954,1,0,0,1,0,0,1,0,0,0,0,0,0,1,0,0,1,0
480,1,4,69.64377927022132,1,0,3,17.445674172430504,1,1,1,0,0,0,0,0,0,1,0,0,0,1,1,0,0,0
481,1,5,16.462724656541518,1,0,1,6.780144371151198,0,1,1,0,0,0,0,1,0,0,0,0,1,0,0,0,0,1
482,0,3,14.86725636961821,0,0,4,19.66128550350128,1,0,0,0,1,0,0,0,1,0,0,1,0,0,0,0,0,1
483,1,3,45.63079116581733,1,1,5,85.4186786419465,0,0,0,1,0,0,0,1,0,0,1,0,0,0,1,0,0,0
484,0,3,38.58125217592894,0,1,2,79.7039340864529,1,0,0,0,0,1,0,0,0,1,0,1,0,0,0,0,0,1
485,1,5,71.42154368573138,0,1,4,44.20961974257448,1,0,0,0,1,0,1,0,0,0,1,0,0,0,0,0,0,1
486,0,4,6.950877144858625,1,0,4,87.78150339787635,1,0,0,1,0,0,1,0,0,0,0,1,0,0,0,0,0,1
487,1,4,97.21666237406905,0,0,5,23.26656181207839,0,0,1,0,0,0,0,1,0,0,0,1,0,0,0,0,0,1
488,0,1,1.4276981685832357,0,1,5,58.420914119923175,1,0,0,1,0,0,1,0,0,0,0,0,0,1,1,0,0,0
489,0,5,60.13168243361512,0,0,3,14.292487554641099,1,1,1,0,0,0,0,0,0,1,0,0,1,0,1,0,0,0
490,1,1,56.26325958673883,1,0,5,83.34006895493897,0,0,0,1,0,0,0,0,0,1,0,0,0,1,0,0,1,0
491,0,5,13.471573086972576,1,1,5,13.058155749185252,1,0,0,0,1,0,1,0,0,0,0,0,1,0,0,0,1,0
492,0,1,15.091598271352979,1,1,5,3.1860158978443187,0,0,1,0,0,0,0,0,1,0,0,1,0,0,0,1,0,0
493,1,2,79.26774877946268,0,0,2,27.34442300681953,1,0,0,0,1,0,1,0,0,0,1,0,0,0,0,0,0,1
494,0,3,88.75624584126831,0,1,4,90.09350893470234,1,0,0,0,1,0,1,0,0,0,0,0,0,1,0,0,0,1
495,0,3,28.301696588376956,1,0,4,12.945708192644323,1,0,1,0,0,0,0,1,0,0,1,0,0,0,0,1,0,0
496,0,4,43.796396396256846,1,1,5,33.06702686955396,1,0,1,0,0,0,0,0,1,0,0,0,0,1,1,0,0,0
497,1,2,35.499504103835356,1,1,3,31.641499301219266,1,0,0,0,0,1,1,0,0,0,0,0,0,1,1,0,0,0
498,0,3,7.254701298665189,1,0,5,80.1646274096891,1,0,0,0,0,1,0,1,0,0,0,0,0,1,0,1,0,0
499,1,4,67.32042460158094,1,0,3,42.15253997800246,0,0,0,0,0,1,0,1,0,0,1,0,0,0,0,0,1,0
500,0,2,82.51929348056902,0,1,4,61.156704961468336,1,0,0,0,1,0,0,1,0,0,0,0,0,1,0,0,1,0
501,0,3,30.487935739120708,1,0,3,40.43830058328754,0,0,0,0,1,0,0,0,0,1,0,0,0,1,0,0,0,1
502,0,1,99.01757936307183,0,0,3,55.145701513686895,1,0,0,0,0,1,0,1,0,0,0,0,0,1,0,0,1,0
503,1,5,7.5851557282354936,0,0,1,6.244072401743173,0,0,0,0,1,0,0,1,0,0,1,0,0,0,1,0,0,0
504,0,2,66.17907138145209,0,1,3,37.40294381401349,0,1,0,0,1,0,0,0,0,1,0,0,0,1,0,1,0,0
505,0,4,44.82280145260889,0,0,3,85.51058377399538,0,0,1,0,0,0,0,0,0,1,1,0,0,0,0,1,0,0
506,1,2,44.66019011066559,1,0,2,69.10675631822417,1,0,1,0,0,0,0,1,0,0,0,0,1,0,0,1,0,0
507,0,4,45.764561603354025,0,1,4,98.182904414662,1,0,0,0,1,0,1,0,0,0,0,0,0,1,0,0,1,0
508,1,2,25.868177380142843,1,1,5,78.79195373761432,0,1,0,0,0,1,0,0,1,0,0,1,0,0,0,1,0,0
509,1,4,71.55628273322324,0,1,1,45.15097148917741,0,0,0,1,0,0,0,0,0,1,0,0,1,0,0,1,0,0
510,0,3,72.15765260850269,1,1,3,67.62804576995428,0,0,0,0,0,1,0,0,1,0,1,0,0,0,0,0,1,0
511,1,1,28.239711010582702,1,0,2,77.5913675688289,0,0,0,1,0,0,0,0,0,1,0,1,0,0,1,0,0,0
512,0,3,83.53064608584502,0,0,2,26.968365992134114,0,0,0,0,0,1,0,1,0,0,1,0,0,0,0,0,0,1
513,1,1,31.684494365033,1,1,5,6.001789061558426,0,0,1,0,0,0,0,0,0,1,1,0,0,0,1,0,0,0
514,1,3,72.50931239865423,0,1,5,40.584726799854835,1,1,0,0,1,0,0,1,0,0,0,0,0,1,0,0,1,0
515,0,3,12.099976751206643,1,0,4,14.467316210251525,1,1,0,0,1,0,0,0,1,0,0,1,0,0,0,1,0,0
516,1,2,16.870164280374567,0,0,3,27.72411197625019,0,0,1,0,0,0,1,0,0,0,1,0,0,0,0,0,0,1
517,1,5,31.579564450825114,0,1,2,94.68454954741333,1,0,0,1,0,0,0,1,0,0,0,0,1,0,1,0,0,0
518,1,4,59.38737676678615,1,0,1,84.70825932225185,0,1,0,1,0,0,0,0,1,0,0,0,0,1,0,0,0,1
519,1,4,64.55114854786993,1,0,4,59.246383456766026,0,0,0,1,0,0,0,0,1,0,0,0,1,0,1,0,0,0
520,1,4,39.63561719674749,0,1,3,40.125670653237236,1,1,1,0,0,0,0,0,0,1,0,0,1,0,1,0,0,0
521,0,1,7.783915311051404,0,1,5,26.43303602078515,0,0,0,1,0,0,0,1,0,0,0,0,0,1,0,0,1,0
522,1,4,37.36346520927243,1,1,3,57.145827971866666,1,0,1,0,0,0,0,0,1,0,1,0,0,0,1,0,0,0
523,0,4,68.87675159591515,0,1,5,53.31602496728925,0,0,0,0,0,1,1,0,0,0,0,0,1,0,0,1,0,0
524,1,2,67.0995461130316,0,0,3,78.0780808381533,0,1,0,0,0,1,0,0,0,1,1,0,0,0,0,0,1,0
525,0,3,16.019641320544274,0,1,1,92.80201887640573,1,1,1,0,0,0,0,0,0,1,1,0,0,0,0,0,0,1
526,0,4,0.7783970268967155,1,0,4,32.893730133001895,1,1,0,0,1,0,0,0,1,0,0,0,0,1,0,0,1,0
527,1,5,75.29816172961168,0,0,5,20.629711075679413,1,1,0,0,0,1,0,1,0,0,0,0,1,0,1,0,0,0
528,1,4,10.63681663852437,0,0,1,40.279961594570516,0,0,0,1,0,0,0,0,0,1,0,0,1,0,0,0,0,1
529,1,1,8.23491439642855,1,1,2,43.75413024132041,1,0,1,0,0,0,0,1,0,0,0,0,0,1,0,1,0,0
530,0,1,0.2701216834163467,0,0,1,3.9870289484362442,0,0,0,1,0,0,0,0,1,0,1,0,0,0,0,0,1,0
531,1,1,43.260132595692724,0,1,1,86.16965321995227,0,0,0,1,0,0,0,0,1,0,1,0,0,0,1,0,0,0
532,0,4,50.32639009008144,0,1,1,99.55923386674954,1,1,0,0,1,0,0,1,0,0,0,0,0,1,0,0,0,1
533,0,2,63.76640461485906,0,1,5,92.32086927115225,0,1,0,1,0,0,1,0,0,0,1,0,0,0,0,1,0,0
534,0,5,29.606384071258585,1,0,2,86.06649794869104,1,1,0,0,1,0,0,0,0,1,1,0,0,0,0,1,0,0
535,1,4,71.042471638678,0,1,4,99.2600303459541,1,0,0,0,0,1,0,0,1,0,0,0,1,0,0,0,1,0
536,1,2,16.933185740694157,0,1,1,90.78084319748862,0,0,1,0,0,0,1,0,0,0,1,0,0,0,0,0,0,1
537,0,2,83.19900531103474,0,0,5,68.83676207433173,0,0,0,1,0,0,1,0,0,0,1,0,0,0,1,0,0,0
538,0,4,57.18483288904456,0,1,5,16.675664877216768,1,0,1,0,0,0,0,1,0,0,1,0,0,0,0,0,0,1
539,1,4,58.388982337204844,0,0,4,15.635012333686781,1,0,0,1,0,0,0,1,0,0,1,0,0,0,0,1,0,0
540,0,2,20.977541377910814,1,0,3,4.877974656335271,0,0,1,0,0,0,0,1,0,0,0,0,0,1,0,0,0,1
541,1,2,7.410874930038824,1,1,2,41.18308671876164,1,1,0,1,0,0,1,0,0,0,0,0,0,1,0,0,1,0
542,0,2,46.47248030806714,0,1,2,80.88240770900036,0,0,0,1,0,0,0,0,0,1,0,0,0,1,0,0,0,1
543,1,4,61.56119519223589,0,1,1,49.029594479891045,0,1,0,1,0,0,0,1,0,0,1,0,0,0,0,0,0,1
544,0,2,9.504645866168559,1,1,3,36.63217057115824,1,0,0,1,0,0,0,0,0,1,0,0,0,1,0,0,1,0
545,1,1,95.05344745281667,1,0,2,10.923586419874976,0,1,0,1,0,0,0,1,0,0,0,1,0,0,0,0,0,1
546,0,4,98.04143602328068,1,1,1,5.175330909058817,1,0,0,1,0,0,1,0,0,0,0,1,0,0,0,0,1,0
547,1,1,54.5456695392492,0,1,3,39.917914342360724,1,0,0,1,0,0,0,0,0,1,0,1,0,0,0,0,1,0
548,1,3,95.00691552734062,0,0,5,9.992538018373242,0,1,0,1,0,0,0,0,0,1,0,0,1,0,0,0,1,0
549,0,4,17.944523758085307,0,1,1,10.354817273798279,0,0,0,1,0,0,1,0,0,0,1,0,0,0,0,1,0,0
550,0,3,2.5420685179524893,0,1,3,39.53484249706462,0,0,1,0,0,0,0,0,0,1,0,0,1,0,0,0,0,1
551,1,2,3.940953529038993,0,1,4,50.28434565027161,1,1,0,0,1,0,1,0,0,0,0,0,0,1,0,0,1,0
552,0,2,58.75124794267791,0,1,2,18.66828869745151,1,0,0,1,0,0,1,0,0,0,1,0,0,0,1,0,0,0
553,1,5,6.164188343682353,1,1,1,68.4635686260437,1,0,0,0,1,0,0,0,1,0,0,1,0,0,1,0,0,0
554,0,2,95.8545606824087,1,0,5,41.86920006828109,1,0,0,1,0,0,0,1,0,0,1,0,0,0,0,1,0,0
555,1,3,14.193321075939858,0,1,1,9.192253773871606,1,0,0,1,0,0,0,0,1,0,0,0,1,0,0,0,1,0
556,1,2,30.472280605297865,0,0,2,63.70341245627152,1,0,1,0,0,0,1,0,0,0,0,0,0,1,0,0,1,0
557,1,4,82.25178019983484,0,0,2,35.694481869513886,0,0,0,0,0,1,1,0,0,0,0,0,0,1,0,1,0,0
558,1,2,21.87403231040931,1,0,3,5.232147707626622,0,1,0,0,0,1,0,0,0,1,0,0,1,0,0,0,0,1
559,1,5,24.29684584545706,1,0,5,94.79815796671922,0,0,1,0,0,0,1,0,0,0,1,0,0,0,0,0,1,0
560,1,2,64.23089557910183,1,1,3,57.119695710566965,1,1,0,0,1,0,1,0,0,0,0,0,1,0,0,0,1,0
561,0,3,27.60860884892623,1,1,5,47.77203690306373,0,0,0,0,0,1,1,0,0,0,0,0,0,1,1,0,0,0
562,0,3,21.74476340077003,0,0,1,85.91373948538347,1,1,1,0,0,0,0,1,0,0,0,1,0,0,0,0,1,0
563,0,2,25.41777143056575,1,1,1,93.67404293137248,0,1,1,0,0,0,0,0,1,0,0,0,0,1,0,1,0,0
564,1,3,49.06474993407268,1,1,3,22.032186816621135,0,1,0,0,0,1,0,0,1,0,0,0,0,1,1,0,0,0
565,1,3,96.6099872731482,0,0,4,81.01445016750272,0,0,0,0,1,0,0,1,0,0,1,0,0,0,0,1,0,0
566,1,5,83.22379415612284,0,1,2,83.10799267742651,0,0,1,0,0,0,0,1,0,0,0,1,0,0,0,1,0,0
567,1,4,28.461026456017713,0,0,3,5.4402794677599005,1,0,0,1,0,0,0,1,0,0,0,0,0,1,0,0,1,0
568,0,5,36.33732084980977,1,0,3,71.19441151782728,1,0,0,0,1,0,0,0,1,0,0,1,0,0,0,0,0,1
569,0,1,46.45122505040774,0,1,1,6.2967881799577015,0,0,0,0,1,0,0,0,1,0,0,0,1,0,0,0,1,0
570,1,5,97.89296470169904,1,1,2,59.46732463899007,0,1,0,0,0,1,1,0,0,0,1,0,0,0,0,0,0,1
571,0,2,17.23904683357157,1,1,3,66.9236777138674,1,1,0,0,0,1,0,0,1,0,0,1,0,0,1,0,0,0
572,0,4,35.74831034918829,1,0,1,36.70586883509698,1,0,0,1,0,0,0,0,0,1,0,1,0,0,0,1,0,0
573,1,2,72.9426093982715,1,0,1,88.0787496657658,0,0,1,0,0,0,0,0,1,0,1,0,0,0,0,1,0,0
574,0,1,96.39437342689433,0,1,3,80.05117069674723,0,1,0,0,0,1,0,1,0,0,0,0,1,0,0,0,1,0
575,1,4,15.567521276423768,0,0,3,92.59597136213962,0,0,0,0,0,1,0,0,1,0,0,1,0,0,0,0,0,1
576,0,3,22.737995419434576,1,1,1,31.48895266309818,0,0,0,0,1,0,1,0,0,0,1,0,0,0,0,1,0,0
577,1,5,22.569467439043024,0,1,3,2.1527800061810876,0,1,0,0,0,1,0,0,1,0,0,0,0,1,0,1,0,0
578,1,2,2.093202949207351,1,1,2,81.1461266997552,0,0,0,0,0,1,0,1,0,0,1,0,0,0,0,0,0,1
579,1,1,60.41156249809495,1,1,1,22.297735599644074,1,1,0,0,0,1,0,0,0,1,0,0,0,1,0,1,0,0
580,1,3,67.07030741458938,0,0,1,46.71560405670556,1,1,0,0,0,1,0,1,0,0,0,1,0,0,0,1,0,0
581,0,5,60.252589012525334,0,1,3,81.73211718640307,1,0,0,0,1,0,0,0,0,1,0,1,0,0,0,1,0,0
582,1,3,7.132298941281434,1,0,3,21.613517867529076,1,0,0,1,0,0,1,0,0,0,0,1,0,0,0,0,0,1
583,1,5,6.92301257456317,0,0,3,31.190876278632373,0,1,0,1,0,0,1,0,0,0,0,0,1,0,0,0,0,1
584,1,4,21.038655449412403,1,0,2,43.90799863377891,1,0,1,0,0,0,0,0,1,0,0,0,1,0,1,0,0,0
585,0,3,29.029451569891464,0,0,1,27.1824850165441,1,0,0,0,0,1,1,0,0,0,0,0,0,1,0,1,0,0
586,1,3,78.65436559100473,1,0,4,46.132142300282865,1,0,0,0,1,0,1,0,0,0,1,0,0,0,0,1,0,0
587,0,3,15.939026574892113,1,0,2,0.9596644494526685,0,0,1,0,0,0,0,1,0,0,0,0,0,1,1,0,0,0
588,1,4,4.409221639753214,0,1,2,21.21879727513273,0,1,1,0,0,0,0,1,0,0,1,0,0,0,0,0,0,1
589,0,1,39.398750771305515,0,0,1,83.25533596629755,0,0,0,1,0,0,0,0,1,0,0,1,0,0,0,0,0,1
590,0,5,41.639217014192035,1,1,4,41.348195851300076,1,0,0,0,1,0,0,0,1,0,1,0,0,0,0,0,1,0
591,1,3,45.09073381889542,0,0,1,63.64057677419397,1,1,0,0,1,0,0,0,1,0,0,0,1,0,0,0,0,1
592,0,4,82.69035440269685,0,1,2,23.22879276355424,0,0,0,0,1,0,0,0,1,0,1,0,0,0,0,0,1,0
593,1,1,9.800541487094172,1,1,3,64.9878664448666,0,0,0,1,0,0,0,1,0,0,1,0,0,0,1,0,0,0
594,1,5,70.39420824219621,1,0,1,99.99738676462569,1,1,0,1,0,0,0,0,1,0,0,1,0,0,0,0,0,1
595,1,4,33.794557104529076,0,1,1,59.528763939680495,0,0,0,1,0,0,0,0,1,0,0,1,0,0,1,0,0,0
596,0,5,30.998013643546997,0,1,3,62.83585626419088,0,1,0,1,0,0,1,0,0,0,0,0,1,0,0,0,1,0
597,0,3,93.25431260859798,1,0,4,11.15198244619975,1,0,0,1,0,0,0,0,1,0,1,0,0,0,0,1,0,0
598,1,1,24.846852441674205,1,0,4,40.33814716659846,1,0,0,0,0,1,0,0,0,1,1,0,0,0,0,1,0,0
599,1,4,64.25318353393664,1,0,1,86.07248984828895,1,0,0,0,0,1,1,0,0,0,1,0,0,0,1,0,0,0
600,0,1,27.512775737609207,1,0,3,83.42719736583322,0,1,0,0,1,0,0,1,0,0,0,1,0,0,0,1,0,0
601,1,3,50.71438826403851,1,0,1,52.23991103613219,1,0,1,0,0,0,0,0,0,1,0,0,1,0,1,0,0,0
602,1,1,78.62928925962778,1,0,3,90.34541497377725,1,0,0,0,1,0,0,0,1,0,1,0,0,0,0,0,1,0
603,1,1,88.17225235162606,1,0,2,14.293701820571803,0,0,1,0,0,0,1,0,0,0,1,0,0,0,0,1,0,0
604,0,2,83.86972402950504,1,0,3,65.81894046615253,0,0,0,1,0,0,0,0,1,0,1,0,0,0,0,0,1,0
605,0,1,58.21807361446398,0,1,1,24.88835765021954,0,0,1,0,0,0,1,0,0,0,1,0,0,0,0,0,0,1
606,0,5,24.881631533822212,0,0,5,64.55614051052366,1,0,0,0,1,0,0,0,1,0,0,0,1,0,0,1,0,0
607,1,4,66.12333832618657,0,1,4,8.739968910519579,1,1,0,0,1,0,0,0,0,1,0,0,1,0,0,1,0,0
608,1,2,70.9905045779608,1,0,1,94.36090951049387,0,1,1,0,0,0,0,1,0,0,0,0,1,0,0,1,0,0
609,1,4,1.0691990113501415,0,0,3,78.63320395904927,1,0,0,0,0,1,0,0,0,1,0,1,0,0,1,0,0,0
610,0,4,43.92105109318746,1,0,3,20.096156489589077,1,0,0,1,0,0,0,0,0,1,1,0,0,0,0,0,0,1
611,1,3,84.32620428217643,0,0,4,63.727656857203726,1,0,0,1,0,0,0,1,0,0,1,0,0,0,0,0,0,1
612,1,3,48.95875962430474,1,1,1,75.91456405374711,1,1,0,0,1,0,1,0,0,0,1,0,0,0,0,0,0,1
613,1,2,31.137544216332113,1,1,5,20.944582182936088,0,0,0,0,0,1,1,0,0,0,1,0,0,0,0,0,1,0
614,1,3,87.17977710246628,0,0,2,9.33303077139771,1,0,1,0,0,0,0,1,0,0,0,0,0,1,0,0,0,1
615,0,3,15.588069752980571,1,1,5,35.17797660956998,1,0,0,1,0,0,0,0,1,0,0,0,1,0,1,0,0,0
616,0,3,20.64452324162004,0,0,2,13.5754341195232,1,1,0,0,0,1,1,0,0,0,0,0,0,1,1,0,0,0
617,1,4,68.73723669361334,0,1,2,56.57117051042293,0,0,0,1,0,0,0,0,0,1,0,0,0,1,0,0,1,0
618,0,2,35.2435941526575,0,0,1,42.4114909573415,1,1,0,0,0,1,0,1,0,0,0,1,0,0,0,0,1,0
619,0,4,71.3016835733779,0,1,2,46.242433810090546,1,0,0,0,0,1,0,0,0,1,0,1,0,0,0,0,0,1
620,1,5,15.77036212594919,0,1,3,54.286347734120746,1,0,0,0,1,0,1,0,0,0,1,0,0,0,0,0,0,1
621,1,4,25.226908960084593,0,1,2,98.20521459426016,0,0,0,1,0,0,0,1,0,0,0,0,0,1,1,0,0,0
622,0,5,15.66473783636335,0,0,2,79.2635666401109,1,1,1,0,0,0,0,1,0,0,0,0,0,1,1,0,0,0
623,1,1,95.29103135635097,0,1,4,62.94714949828507,0,0,0,0,1,0,1,0,0,0,0,0,1,0,0,0,0,1
624,0,1,40.54039608509241,0,0,4,36.37056144793361,1,0,0,0,1,0,1,0,0,0,0,0,0,1,1,0,0,0
625,1,5,33.7219909910226,1,1,1,2.7069353136965124,0,0,1,0,0,0,0,1,0,0,0,1,0,0,0,0,1,0
626,0,5,1.4202156170764701,1,0,1,11.652761071875172,0,0,0,0,1,0,0,0,1,0,0,0,0,1,1,0,0,0
627,1,4,15.34175794108874,0,0,3,73.08672505393837,1,0,0,0,0,1,0,1,0,0,0,1,0,0,0,0,0,1
628,0,5,42.11358562424995,1,0,4,36.920392824192284,1,0,0,0,0,1,0,0,1,0,1,0,0,0,0,0,1,0
629,0,2,6.850279257189406,1,1,5,33.44374358426448,0,0,0,1,0,0,0,0,0,1,0,1,0,0,1,0,0,0
630,0,1,51.07393295062169,0,1,1,88.89783585908492,0,0,0,1,0,0,0,0,1,0,1,0,0,0,0,0,1,0
631,1,1,45.50154384644478,0,0,1,48.45088905137711,1,0,1,0,0,0,0,0,1,0,0,0,1,0,0,0,0,1
632,0,5,76.7168140344352,1,0,4,89.95770574131097,1,0,0,1,0,0,1,0,0,0,1,0,0,0,1,0,0,0
633,0,3,65.98027014003166,0,0,4,88.66385104021997,1,0,0,0,0,1,0,1,0,0,0,0,0,1,0,0,0,1
634,1,3,44.59473053205738,0,1,3,8.018129171455445,1,0,1,0,0,0,0,0,0,1,0,1,0,0,0,1,0,0
635,1,5,22.466070010507146,0,1,4,94.53629784335357,1,0,1,0,0,0,0,1,0,0,1,0,0,0,0,0,0,1
636,0,2,72.68635660178063,1,1,2,7.695488360755743,1,1,0,1,0,0,0,0,1,0,1,0,0,0,0,1,0,0
637,0,3,70.78621034542041,0,1,5,96.35061152472127,1,0,0,0,0,1,0,0,1,0,1,0,0,0,0,0,1,0
638,1,5,15.329616051538741,1,1,2,45.261491759939034,0,0,1,0,0,0,0,0,1,0,1,0,0,0,0,0,1,0
639,1,2,91.47518314254027,0,0,2,76.08606757545763,0,1,0,0,0,1,0,1,0,0,1,0,0,0,0,1,0,0
640,1,2,6.440511601504317,0,0,2,70.61443671898535,1,0,0,0,0,1,0,0,1,0,1,0,0,0,0,0,1,0
641,1,4,5.503770889271619,1,0,1,51.84949743245285,1,1,0,0,0,1,0,1,0,0,0,1,0,0,0,0,1,0
642,1,2,18.7350417662427,0,0,2,61.94548188356433,1,0,0,1,0,0,0,0,0,1,0,0,0,1,0,0,0,1
643,0,3,90.94607980487712,1,1,1,94.99181814991947,0,0,0,0,1,0,0,0,0,1,0,0,0,1,0,1,0,0
644,1,3,51.99981240369218,1,1,4,92.73514906632403,0,0,0,0,1,0,0,1,0,0,1,0,0,0,1,0,0,0
645,0,5,78.79409206729001,0,0,5,65.43260502590869,1,1,1,0,0,0,0,0,0,1,0,1,0,0,0,0,1,0
646,0,5,22.78431880765006,0,1,5,65.77186789345252,1,0,0,0,0,1,1,0,0,0,1,0,0,0,0,0,1,0
647,0,2,49.022197465374084,1,0,2,24.693869339183806,0,1,0,1,0,0,0,0,1,0,0,0,1,0,1,0,0,0
648,1,1,35.82894636238822,1,1,5,82.86234947181238,0,0,0,0,0,1,0,0,1,0,0,0,0,1,0,0,0,1
649,0,4,82.78286070661926,0,1,1,63.260333300207684,0,1,0,0,0,1,0,0,1,0,1,0,0,0,0,0,0,1
650,0,1,2.2604439359226625,0,0,4,82.62487919984304,1,0,0,1,0,0,1,0,0,0,0,1,0,0,0,0,0,1
651,1,2,24.384272996610534,0,0,2,65.78524102879766,1,0,0,0,1,0,0,0,1,0,0,0,0,1,1,0,0,0
652,0,2,15.257422430237877,0,0,3,29.9320026031615,0,1,0,0,0,1,0,1,0,0,0,1,0,0,0,0,0,1
653,0,1,85.91890387215693,0,1,5,18.948140273081325,1,1,0,0,0,1,0,0,1,0,0,0,1,0,0,0,1,0
654,1,4,46.754384969376574,1,1,5,7.696584422315544,1,0,0,0,1,0,0,1,0,0,1,0,0,0,0,0,0,1
655,0,1,40.42200438932162,1,1,2,58.59949322601269,1,0,0,1,0,0,0,0,0,1,0,0,1,0,0,0,1,0
656,0,5,44.948276210107984,1,0,5,28.4051357508735,0,0,1,0,0,0,0,1,0,0,0,0,0,1,1,0,0,0
657,0,3,97.19245507023352,1,0,5,63.050951459081425,0,0,0,0,1,0,0,1,0,0,1,0,0,0,0,0,0,1
658,1,5,85.02673943359241,0,0,3,5.8656444883771535,0,1,1,0,0,0,0,1,0,0,0,0,0,1,0,0,0,1
659,1,3,70.63687718503076,1,1,1,37.56630650056271,1,0,1,0,0,0,0,0,1,0,1,0,0,0,0,0,1,0
660,1,2,29.047895922325463,0,1,2,26.05532153697756,1,0,0,0,1,0,1,0,0,0,0,1,0,0,1,0,0,0
661,0,4,16.517299951844777,0,0,2,37.033407800111306,0,1,0,0,0,1,1,0,0,0,0,0,0,1,0,0,0,1
662,0,1,92.14336290244533,0,0,3,5.4283429756587065,1,0,1,0,0,0,0,1,0,0,0,0,1,0,1,0,0,0
663,1,4,42.307552279648284,0,0,3,72.41814188334466,0,0,1,0,0,0,0,0,1,0,0,0,1,0,0,0,1,0
664,0,1,27.875579946862917,0,1,1,11.669733314297325,1,0,0,1,0,0,1,0,0,0,0,1,0,0,0,0,1,0
665,0,5,47.09208264176355,1,1,4,1.4402626348153258,1,1,0,0,0,1,0,0,0,1,0,1,0,0,0,0,0,1
666,1,5,91.78474228203521,0,0,2,94.62891013893335,1,0,1,0,0,0,0,0,0,1,0,0,1,0,1,0,0,0
667,1,1,38.70673133912932,0,0,5,19.28763823650499,1,0,0,1,0,0,0,0,1,0,0,1,0,0,0,0,1,0
668,0,4,56.264099724809945,0,0,1,82.80612984454608,1,1,0,0,0,1,0,0,0,1,1,0,0,0,1,0,0,0
669,0,1,80.29663011085668,1,1,2,96.44705997571243,0,0,0,0,1,0,0,0,0,1,0,0,1,0,0,1,0,0
670,0,2,42.71325310483912,0,1,1,53.41211995687619,0,0,0,0,1,0,0,0,0,1,0,0,0,1,0,1,0,0
671,1,5,23.354180192636832,0,1,4,52.611816004754644,1,0,0,1,0,0,1,0,0,0,0,0,1,0,0,0,0,1
672,1,2,99.45257483830335,0,0,2,36.741724498340965,0,1,0,0,1,0,0,0,0,1,0,1,0,0,1,0,0,0
673,1,5,95.65708574521597,1,0,5,42.55948647753949,1,1,1,0,0,0,0,1,0,0,1,0,0,0,1,0,0,0
674,1,5,84.3479169125514,0,0,2,48.20753969533401,1,0,0,0,0,1,0,1,0,0,0,0,0,1,0,0,1,0
675,0,3,68.83738793859226,1,0,1,15.209440372062922,1,0,1,0,0,0,0,0,0,1,0,0,1,0,1,0,0,0
676,1,2,29.486562806969697,1,0,4,36.473672394035916,0,0,1,0,0,0,0,1,0,0,0,0,1,0,1,0,0,0
677,1,2,91.34129381640321,0,0,1,81.61084426094453,1,0,0,0,1,0,1,0,0,0,0,0,0,1,0,0,1,0
678,1,3,27.555667012122875,1,0,1,18.239811958147246,1,1,1,0,0,0,0,0,1,0,1,0,0,0,0,0,0,1
679,1,4,80.08094946768325,1,0,3,72.98532469541153,0,0,0,0,1,0,0,1,0,0,0,1,0,0,0,0,1,0
680,1,2,91.82581679413063,0,0,1,65.15866002681906,1,0,0,0,0,1,0,0,0,1,0,1,0,0,0,1,0,0
681,0,1,60.30038404299115,0,0,4,5.729777528265911,0,0,0,0,0,1,0,0,1,0,0,1,0,0,1,0,0,0
682,0,3,80.3056217891179,0,0,5,2.242886843768044,0,0,1,0,0,0,0,0,1,0,0,1,0,0,1,0,0,0
683,1,2,79.16950992017466,0,1,3,35.252846257834904,0,0,0,1,0,0,0,0,0,1,0,0,0,1,0,0,0,1
684,0,4,19.315775112097988,1,0,1,69.21702771318411,0,1,0,0,1,0,0,1,0,0,1,0,0,0,0,1,0,0
685,1,2,66.79244735960846,1,0,2,33.04179273606616,0,0,0,0,1,0,1,0,0,0,1,0,0,0,1,0,0,0
686,1,5,9.346793690444354,0,1,3,66.77333006004939,0,0,1,0,0,0,0,1,0,0,0,0,1,0,0,0,1,0
687,0,1,50.785014313748135,0,0,4,66.54581430279816,0,0,0,0,1,0,0,1,0,0,0,0,1,0,1,0,0,0
688,0,3,16.22355481405775,0,1,2,80.65546226242687,1,0,0,0,1,0,1,0,0,0,1,0,0,0,0,0,0,1
689,1,5,41.634949879643166,1,1,4,9.948561470384476,1,1,0,1,0,0,0,0,1,0,0,0,1,0,0,0,1,0
690,1,4,83.29820746984376,0,0,2,57.71288911874637,1,0,0,1,0,0,1,0,0,0,1,0,0,0,1,0,0,0
691,1,5,98.71678396302043,1,0,5,6.249711957331449,1,0,1,0,0,0,1,0,0,0,0,0,0,1,0,0,0,1
692,0,5,31.795983165961772,1,1,4,17.59471402733378,1,0,0,1,0,0,0,0,0,1,0,0,0,1,0,1,0,0
693,1,4,53.19556987831766,1,0,2,32.55009028561425,1,1,1,0,0,0,0,0,0,1,0,1,0,0,0,0,1,0
694,1,5,51.12980243704885,1,0,4,70.73892404294659,1,1,0,0,0,1,0,1,0,0,1,0,0,0,0,0,1,0
695,1,3,95.44015098310659,0,0,3,97.38779750040814,1,0,1,0,0,0,0,0,0,1,0,0,0,1,0,1,0,0
696,0,2,47.858373243277356,0,1,4,34.25208143859106,0,1,0,0,0,1,1,0,0,0,1,0,0,0,0,0,1,0
697,1,5,69.91062053996978,0,1,4,52.11444854026842,1,0,1,0,0,0,1,0,0,0,0,0,1,0,0,0,0,1
698,1,3,92.17892331085261,1,0,2,25.905559542243537,1,0,0,0,1,0,0,0,0,1,1,0,0,0,0,1,0,0
699,0,2,37.337855953684006,1,0,4,67.54896206096147,0,1,0,1,0,0,0,0,0,1,0,1,0,0,1,0,0,0
700,1,2,90.21222382453877,0,1,5,36.65858679504465,0,0,0,0,0,1,0,0,0,1,0,1,0,0,0,0,0,1
701,1,5,91.74562218910135,1,1,1,48.159617343827755,0,1,1,0,0,0,1,0,0,0,0,0,0,1,0,1,0,0
702,0,3,93.06625039671307,1,0,3,56.78128758506288,1,0,0,1,0,0,0,0,1,0,0,0,1,0,1,0,0,0
703,1,5,27.04461854714264,1,0,2,68.62423299072766,0,0,1,0,0,0,0,0,1,0,0,0,1,0,0,0,0,1
704,0,4,40.035559426995846,0,0,4,6.0051661289753255,0,0,0,1,0,0,0,0,0,1,1,0,0,0,0,0,0,1
705,0,2,87.03959082257019,0,1,4,55.49010937865937,0,1,0,1,0,0,0,1,0,0,0,0,1,0,0,0,1,0
706,1,5,35.91618242804188,0,1,4,43.1164097814436,0,0,1,0,0,0,0,1,0,0,0,1,0,0,0,0,1,0
707,1,2,60.025303293350504,1,0,3,13.376508647966713,1,0,0,0,0,1,0,0,1,0,0,0,0,1,0,1,0,0
708,1,3,11.805450726005196,0,1,1,20.80366683313617,0,1,0,0,0,1,0,0,0,1,0,0,0,1,1,0,0,0
709,1,1,5.6274988111240765,0,0,5,88.38900911001375,1,0,0,0,1,0,1,0,0,0,0,0,0,1,0,0,0,1
710,0,5,41.19939894921726,0,0,5,87.17760091002368,0,0,0,1,0,0,0,1,0,0,0,0,1,0,0,0,0,1
711,1,5,57.89165325927175,1,0,2,3.3330254423674877,0,0,0,0,1,0,0,1,0,0,0,0,1,0,0,1,0,0
712,0,2,39.269911335894136,1,0,1,68.94014912362523,0,0,0,0,1,0,1,0,0,0,0,1,0,0,0,0,1,0
713,1,3,57.7735770160842,1,0,1,55.418731313735414,1,1,1,0,0,0,1,0,0,0,1,0,0,0,0,0,0,1
714,1,4,51.5084376171785,1,1,3,93.98158431472486,0,1,1,0,0,0,0,0,0,1,1,0,0,0,0,0,0,1
715,1,3,68.57072292860758,1,1,4,90.80057110224158,1,0,1,0,0,0,1,0,0,0,0,0,0,1,0,0,1,0
716,0,5,64.95324310653898,0,0,1,57.9561912852362,0,1,0,1,0,0,1,0,0,0,0,0,0,1,1,0,0,0
717,1,4,42.424570320658006,0,1,4,13.895492131850363,1,0,1,0,0,0,1,0,0,0,0,0,1,0,1,0,0,0
718,1,3,42.49952404198633,1,0,3,45.981502366930016,1,0,1,0,0,0,0,0,1,0,0,0,0,1,0,0,1,0
719,1,1,14.077834001223199,1,1,2,72.51643669290058,0,0,0,1,0,0,1,0,0,0,0,1,0,0,0,0,0,1
720,1,2,51.323857209645915,0,1,2,95.17366350898713,0,1,0,1,0,0,0,1,0,0,0,1,0,0,0,0,1,0
721,0,3,58.717912813569676,1,1,4,36.38294057525826,0,0,0,0,0,1,0,0,0,1,0,0,0,1,1,0,0,0
722,1,3,47.648939735382626,1,1,4,78.46714759535519,1,0,1,0,0,0,0,0,0,1,0,0,0,1,0,1,0,0
723,0,1,32.5707335086999,1,0,1,68.33407532817237,0,1,1,0,0,0,0,0,0,1,0,0,0,1,0,1,0,0
724,0,5,72.16485442517359,1,1,3,7.829277714226213,1,0,1,0,0,0,0,0,1,0,0,0,0,1,1,0,0,0
725,0,2,7.466164464522407,1,1,2,55.7976850286288,1,1,0,0,0,1,0,1,0,0,0,0,0,1,1,0,0,0
726,0,3,91.44403697540473,0,1,1,18.350883353938585,1,1,1,0,0,0,1,0,0,0,0,1,0,0,1,0,0,0
727,0,4,2.0643439545793285,0,1,5,68.35492921777644,1,0,0,0,0,1,0,1,0,0,1,0,0,0,0,0,1,0
728,0,3,96.23501334382779,1,1,1,61.008484694063924,1,1,0,0,1,0,0,0,0,1,0,1,0,0,0,1,0,0
729,1,2,46.23556009346624,1,1,4,97.30480916338331,1,1,0,0,0,1,1,0,0,0,0,1,0,0,1,0,0,0
730,0,3,41.266994400354115,0,1,5,93.53826651248094,1,0,0,0,1,0,0,0,0,1,0,0,0,1,0,0,0,1
731,0,1,25.644401746318813,1,1,1,0.9372833598881192,0,1,1,0,0,0,0,0,0,1,1,0,0,0,0,1,0,0
732,0,3,1.0071134832283168,0,0,3,8.002943017169962,0,0,0,0,1,0,0,0,0,1,0,0,0,1,0,0,1,0
733,1,3,27.479026442179975,1,0,2,76.91343114295613,1,0,0,0,0,1,0,1,0,0,0,1,0,0,0,0,0,1
734,1,4,10.939992546033395,0,0,5,68.56430729760768,0,0,0,1,0,0,0,1,0,0,1,0,0,0,0,0,1,0
735,0,1,65.98208426933947,0,1,3,80.09455985168914,0,1,0,0,1,0,0,0,0,1,0,0,1,0,1,0,0,0
736,1,1,31.907497232072622,1,0,1,26.681492266832365,1,0,0,0,1,0,0,0,0,1,0,0,0,1,1,0,0,0
737,0,3,76.71793284036616,1,0,4,84.93227687624766,0,0,1,0,0,0,1,0,0,0,0,0,1,0,1,0,0,0
738,0,4,20.691618734611694,0,0,4,44.24194719881359,1,1,0,0,0,1,0,0,0,1,0,0,1,0,0,0,0,1
739,1,3,90.02348574321095,1,1,3,26.190848467444173,1,0,0,0,1,0,0,0,0,1,0,0,1,0,1,0,0,0
740,0,3,52.29815151058326,0,0,4,1.0607747584892357,0,0,0,0,1,0,0,0,0,1,0,0,1,0,0,1,0,0
741,1,2,11.450619646898142,1,0,2,87.13640348195938,1,0,0,0,1,0,0,0,0,1,1,0,0,0,1,0,0,0
742,1,2,40.084523565347894,1,0,3,53.53438492401724,1,0,0,0,1,0,0,1,0,0,0,0,0,1,0,1,0,0
743,0,4,20.676052406976165,1,0,3,97.53820837519926,0,0,0,1,0,0,0,0,0,1,1,0,0,0,0,0,0,1
744,0,5,19.96854261681792,0,0,4,71.46813895672595,0,0,0,0,0,1,0,0,1,0,0,0,0,1,0,0,1,0
745,1,2,50.636973765220894,0,0,3,8.041714348977857,1,0,1,0,0,0,0,0,0,1,0,0,0,1,0,0,1,0
746,0,5,67.18920156363725,1,0,1,58.81911864021424,0,0,1,0,0,0,0,1,0,0,0,0,0,1,0,1,0,0
747,0,1,91.16182055034282,0,1,5,1.7124539823347495,1,0,0,1,0,0,0,0,1,0,1,0,0,0,0,0,0,1
748,0,2,50.216201076365344,1,0,5,55.778185421293216,0,0,0,0,0,1,0,0,1,0,0,1,0,0,0,1,0,0
749,1,2,96.58387750583302,0,0,4,35.02016630990808,0,0,0,0,1,0,0,0,0,1,0,0,1,0,1,0,0,0
750,1,4,94.16348520733688,1,1,2,64.32958347187656,0,1,0,1,0,0,0,0,0,1,0,1,0,0,1,0,0,0
751,0,5,86.50625299843604,0,1,2,54.15742062462707,1,0,0,0,0,1,0,1,0,0,0,1,0,0,1,0,0,0
752,1,2,49.99772649624185,0,1,4,26.135032341448838,0,0,0,0,1,0,0,0,1,0,0,1,0,0,0,0,1,0
753,1,2,14.090394368798353,0,1,4,16.235060910582398,1,0,0,1,0,0,0,0,1,0,0,0,1,0,0,1,0,0
754,1,4,21.79044698153849,0,1,3,40.47114863417496,1,0,0,0,0,1,0,1,0,0,0,1,0,0,0,0,0,1
755,1,4,64.76700027119756,0,0,2,98.68363148496046,1,1,1,0,0,0,0,0,0,1,0,0,1,0,0,1,0,0
756,1,5,42.17549802841961,0,0,5,43.569864054927166,0,0,1,0,0,0,1,0,0,0,0,0,1,0,0,1,0,0
757,0,1,14.680163175399642,1,0,4,74.87871378222916,0,0,0,0,0,1,1,0,0,0,0,0,1,0,0,1,0,0
758,0,1,47.89939336393104,1,1,5,5.697352560537072,1,0,1,0,0,0,0,0,1,0,0,0,0,1,1,0,0,0
759,0,3,1.7430545502045924,0,0,5,37.88657644174036,1,0,0,0,0,1,0,0,1,0,0,0,0,1,1,0,0,0
760,1,2,73.38953708995932,1,0,2,58.03230371990038,0,0,0,0,1,0,0,0,0,1,0,1,0,0,0,1,0,0
761,1,5,7.358129448969086,0,1,5,75.1196513328482,0,0,0,0,0,1,1,0,0,0,0,0,0,1,1,0,0,0
762,0,2,62.9113619912119,1,1,3,52.838365731706006,0,0,0,0,1,0,0,0,1,0,0,0,1,0,0,0,1,0
763,1,5,79.30103076255995,1,0,3,51.52955458007813,0,0,0,1,0,0,0,0,0,1,0,0,0,1,1,0,0,0
764,0,5,13.264387445396553,1,1,2,76.3906912597169,1,0,0,0,0,1,1,0,0,0,0,0,1,0,0,0,1,0
765,0,5,51.863869066601254,1,0,3,31.328771731890026,1,0,0,1,0,0,0,1,0,0,1,0,0,0,0,0,1,0
766,0,2,77.90675143594696,0,1,4,9.061052087139254,0,1,1,0,0,0,0,0,1,0,0,0,0,1,0,1,0,0
767,1,4,26.06334547570014,1,0,2,34.71504710174057,1,0,0,0,1,0,0,1,0,0,0,1,0,0,0,1,0,0
768,1,2,16.29165930016191,1,0,5,15.899623544943465,0,0,0,0,0,1,1,0,0,0,1,0,0,0,1,0,0,0
769,0,5,33.68191109674569,1,0,4,96.59442041334333,0,0,0,1,0,0,0,0,0,1,1,0,0,0,0,0,0,1
770,0,3,55.46991765833158,0,1,2,57.75115474766916,0,1,0,0,1,0,0,0,0,1,0,0,0,1,0,1,0,0
771,0,1,57.527959485475,1,1,5,44.660043132761864,0,1,0,0,1,0,1,0,0,0,0,0,0,1,0,0,1,0
772,0,5,13.087633345768701,0,1,5,91.20518781565673,1,0,1,0,0,0,0,1,0,0,0,1,0,0,0,0,1,0
773,1,3,45.75688476739717,0,1,5,90.03613873671033,1,0,1,0,0,0,0,0,0,1,1,0,0,0,1,0,0,0
774,1,4,26.828219553948784,1,0,5,41.56972790742096,1,1,0,0,1,0,0,0,1,0,0,0,1,0,0,0,1,0
775,0,5,84.20242180649508,0,0,5,87.47273622498103,0,0,0,0,1,0,0,1,0,0,0,0,0,1,0,1,0,0
776,0,3,31.357513206403077,1,0,2,6.40259331430123,1,1,0,0,0,1,0,1,0,0,1,0,0,0,1,0,0,0
777,1,5,83.87045245338595,1,0,3,88.57191453325468,0,0,0,0,1,0,0,0,1,0,1,0,0,0,1,0,0,0
778,1,2,42.856461260179216,1,1,5,31.05835285554317,1,0,0,0,0,1,1,0,0,0,0,0,1,0,0,0,0,1
779,0,3,72.65857658264532,1,1,4,56.51222843406213,0,1,0,0,1,0,0,0,0,1,1,0,0,0,1,0,0,0
780,0,2,51.00602285441437,1,1,2,26.968858327239097,1,1,1,0,0,0,0,1,0,0,0,0,0,1,0,0,0,1
781,0,2,62.19626241309765,1,1,1,98.47995571693394,0,0,0,0,0,1,0,0,0,1,0,0,1,0,0,1,0,0
782,1,3,39.535651086138316,1,0,3,7.177998333628022,1,1,0,1,0,0,0,0,0,1,0,0,0,1,0,0,1,0
783,1,1,76.82067678074908,0,1,4,44.69552867806511,1,1,1,0,0,0,0,1,0,0,0,1,0,0,0,1,0,0
784,1,3,42.51893835736583,0,1,5,62.09881548335613,1,0,0,0,0,1,1,0,0,0,1,0,0,0,1,0,0,0
785,0,1,45.74616465858219,1,1,2,61.56122523372905,1,0,0,0,0,1,0,1,0,0,0,0,0,1,0,0,0,1
786,0,5,51.76786682309572,1,0,2,73.87583897648439,1,0,0,1,0,0,1,0,0,0,0,0,0,1,0,0,1,0
787,1,5,83.18241183859834,0,0,5,72.44153263220431,1,1,0,0,0,1,0,0,1,0,0,1,0,0,1,0,0,0
788,1,3,65.93789286014649,1,0,4,79.31427052003035,1,0,0,0,1,0,1,0,0,0,1,0,0,0,0,1,0,0
789,0,5,34.916038656574976,0,1,2,23.428740948969164,0,0,0,1,0,0,1,0,0,0,0,0,0,1,1,0,0,0
790,1,4,67.03196339815428,0,0,3,37.05064934018946,0,0,1,0,0,0,0,1,0,0,0,0,1,0,0,0,0,1
791,1,2,64.24265730085773,1,0,4,38.20331159802727,0,0,1,0,0,0,0,0,0,1,0,0,0,1,0,1,0,0
792,0,2,93.10192758797044,1,0,5,95.5839660910142,1,0,0,0,1,0,0,0,0,1,0,0,0,1,1,0,0,0
793,1,1,84.141643602535,0,0,4,40.93118570852082,1,0,1,0,0,0,1,0,0,0,0,0,0,1,0,0,0,1
794,0,5,64.74469237512481,0,0,4,22.18692107046769,0,1,0,0,0,1,1,0,0,0,0,0,0,1,1,0,0,0
795,0,1,34.15071106840436,1,0,1,63.23444263917507,1,0,0,0,0,1,0,1,0,0,1,0,0,0,0,0,0,1
796,0,2,77.95764488612696,1,1,5,42.726691482522824,0,0,0,0,1,0,1,0,0,0,0,0,0,1,1,0,0,0
797,0,2,57.5208293062801,0,1,3,25.008006311574825,1,0,1,0,0,0,0,1,0,0,0,1,0,0,0,1,0,0
798,0,5,98.52699881009016,0,0,5,71.51354744582011,0,0,1,0,0,0,0,0,1,0,0,0,0,1,0,1,0,0
799,0,4,24.750612856980403,0,1,1,19.192528664772844,1,0,0,0,1,0,1,0,0,0,0,0,1,0,0,1,0,0
800,0,4,7.965584093088696,1,0,5,63.33540406593484,1,0,0,1,0,0,0,0,1,0,0,0,1,0,0,1,0,0
801,1,5,6.989181188794769,1,1,5,43.053070973707705,1,0,1,0,0,0,1,0,0,0,0,0,0,1,0,1,0,0
802,0,5,64.00303883516804,1,0,3,31.916716433067215,1,0,0,1,0,0,1,0,0,0,0,0,0,1,0,0,1,0
803,0,1,93.92602289115239,0,1,1,94.59822674873011,1,0,1,0,0,0,0,0,1,0,0,1,0,0,1,0,0,0
804,1,5,0.1931914291505188,0,0,5,32.44075078147799,1,0,1,0,0,0,0,0,1,0,0,1,0,0,0,1,0,0
805,1,4,72.57710469577773,1,0,5,34.75073741499683,0,1,1,0,0,0,0,1,0,0,1,0,0,0,0,0,1,0
806,1,5,65.70651825329455,0,1,2,87.06383641331709,0,0,1,0,0,0,0,1,0,0,1,0,0,0,0,0,1,0
807,0,1,73.23041922194659,0,0,5,12.904336287549324,0,1,0,0,0,1,0,0,1,0,0,0,1,0,1,0,0,0
808,1,1,35.540540676233555,0,1,3,10.806874964606106,1,1,0,1,0,0,1,0,0,0,0,0,0,1,0,0,0,1
809,0,1,82.0496444657855,0,0,2,28.270778408450248,0,0,0,1,0,0,0,1,0,0,0,0,0,1,1,0,0,0
810,0,1,4.470693141886195,0,0,1,59.16359232744598,1,1,1,0,0,0,1,0,0,0,0,1,0,0,1,0,0,0
811,0,3,75.54311006220276,1,0,4,38.4300160110138,0,0,1,0,0,0,0,0,0,1,0,1,0,0,0,0,0,1
812,0,5,26.707194134908775,1,0,3,60.85544808356751,0,0,0,1,0,0,0,1,0,0,1,0,0,0,0,0,0,1
813,1,2,47.683777485807155,1,1,1,15.975063104443466,0,1,0,0,0,1,0,1,0,0,1,0,0,0,0,1,0,0
814,1,5,82.26362715572205,1,1,2,26.145084876734703,1,0,0,0,1,0,0,1,0,0,0,0,1,0,0,0,0,1
815,0,3,27.135903519113704,1,1,4,56.51623338124716,1,0,0,0,1,0,0,0,0,1,0,1,0,0,0,0,0,1
816,0,1,18.52075116438935,0,1,1,21.714920225873236,0,1,0,1,0,0,0,0,1,0,0,0,0,1,1,0,0,0
817,0,3,68.13131853478842,0,1,3,42.28046304904449,1,0,1,0,0,0,1,0,0,0,0,1,0,0,1,0,0,0
818,1,4,53.33948915068045,0,0,2,57.26478769916896,0,0,1,0,0,0,0,0,0,1,0,1,0,0,1,0,0,0
819,0,4,51.44038687461845,1,0,3,97.36509022809145,1,0,0,0,0,1,0,0,1,0,0,1,0,0,0,0,0,1
820,0,5,25.676951553791316,0,1,3,7.988665787759319,0,0,0,0,1,0,0,1,0,0,1,0,0,0,0,0,1,0
821,1,5,3.4880305820027657,0,0,2,46.041397857090494,1,0,0,0,0,1,0,0,1,0,0,0,0,1,0,1,0,0
822,1,2,41.02691383317168,0,1,5,39.627096074213085,0,1,0,0,1,0,0,0,1,0,0,0,0,1,1,0,0,0
823,0,2,10.655948046776798,1,0,3,82.4241249451178,1,1,0,1,0,0,0,0,1,0,1,0,0,0,0,0,1,0
824,1,4,90.59891506492022,0,1,2,90.02971190284342,1,0,0,0,1,0,1,0,0,0,1,0,0,0,0,1,0,0
825,1,1,4.125032347173052,0,0,3,90.70131685313649,0,0,0,0,0,1,0,0,1,0,0,0,0,1,1,0,0,0
826,0,3,43.165085418438146,1,0,5,37.51393130415938,1,1,0,0,0,1,0,0,1,0,0,0,1,0,0,0,1,0
827,1,2,5.224558370082788,1,1,2,30.4655146895482,1,0,0,0,0,1,0,0,1,0,0,1,0,0,0,1,0,0
828,0,2,9.554387456476633,0,0,1,44.91372504550847,1,0,0,1,0,0,0,0,1,0,0,0,0,1,1,0,0,0
829,1,1,65.8866666922022,1,1,1,34.3986305971803,1,0,0,0,1,0,0,0,0,1,1,0,0,0,1,0,0,0
830,0,1,64.71112609740945,0,0,1,71.88509805681934,1,0,0,0,1,0,0,0,0,1,0,0,0,1,0,0,1,0
831,0,5,3.305219487943978,1,1,4,21.357104862958252,1,0,0,0,0,1,0,0,1,0,0,1,0,0,0,0,0,1
832,0,3,0.11314751208701956,0,0,3,65.86840840738813,1,0,0,0,1,0,0,0,1,0,0,0,0,1,0,0,0,1
833,1,1,7.8818077242784,0,1,3,92.69875331045009,1,0,1,0,0,0,0,0,1,0,1,0,0,0,1,0,0,0
834,0,2,76.29988977119422,1,0,2,27.99135696961099,1,0,1,0,0,0,0,1,0,0,0,0,1,0,0,0,1,0
835,1,2,58.45764727515071,1,0,4,67.68906165888244,0,0,1,0,0,0,0,0,1,0,1,0,0,0,0,0,0,1
836,0,4,3.8118245188491606,1,1,3,14.356112155737833,1,0,0,0,1,0,0,0,1,0,0,0,1,0,0,0,0,1
837,0,1,48.80970158728273,1,1,2,12.138394209725911,1,0,0,1,0,0,0,0,0,1,0,1,0,0,0,0,0,1
838,1,5,71.20293570544514,0,1,5,11.5644478064866,0,0,0,1,0,0,0,0,0,1,1,0,0,0,0,0,1,0
839,0,3,86.89513946008063,1,1,3,13.852816984534888,1,1,0,1,0,0,0,0,0,1,0,0,0,1,0,0,1,0
840,0,5,93.40364906590105,0,0,3,21.6164870309442,1,0,0,1,0,0,1,0,0,0,1,0,0,0,0,1,0,0
841,1,2,32.744056295406665,0,0,5,56.283049560179435,1,0,1,0,0,0,0,1,0,0,1,0,0,0,0,0,0,1
842,0,5,13.58324284132657,0,0,5,76.69856486155375,1,0,1,0,0,0,0,0,1,0,0,1,0,0,0,0,1,0
843,0,2,23.69259207314475,1,0,3,12.685702371091578,0,0,0,0,0,1,0,0,0,1,0,0,1,0,0,1,0,0
844,0,2,77.61714920402237,0,0,5,87.00149405907247,1,0,0,0,1,0,1,0,0,0,0,0,1,0,1,0,0,0
845,0,2,97.14842150423107,0,1,2,84.27162844302259,1,0,0,0,1,0,0,0,1,0,0,0,0,1,0,1,0,0
846,1,2,46.639361736038055,1,1,3,72.73880265028914,0,1,0,1,0,0,0,0,1,0,1,0,0,0,0,0,0,1
847,1,2,30.535321354778976,0,1,3,42.59657994614731,0,0,1,0,0,0,0,0,0,1,0,1,0,0,0,0,1,0
848,0,4,42.91905819600345,0,1,1,0.15572348255258328,0,1,0,1,0,0,0,0,1,0,0,0,1,0,0,0,0,1
849,1,5,30.481314464513243,0,1,3,73.47649413002968,1,0,0,0,0,1,0,0,1,0,0,0,0,1,0,0,0,1
850,0,4,25.648752320715428,1,0,1,87.89861446764394,0,1,0,0,1,0,0,0,1,0,0,0,1,0,1,0,0,0
851,1,4,59.375075240717955,0,0,5,33.5286376171862,1,0,0,0,1,0,0,0,0,1,0,0,0,1,0,0,1,0
852,0,1,1.57359803735444,0,1,5,71.79875612211187,0,1,0,1,0,0,1,0,0,0,0,0,1,0,0,0,1,0
853,0,1,25.955224866498817,0,1,2,6.2047614361281695,0,0,0,0,0,1,0,0,1,0,0,0,0,1,1,0,0,0
854,0,1,66.1382077844989,1,1,1,70.94948714716426,1,0,0,0,1,0,1,0,0,0,0,0,1,0,0,0,1,0
855,0,3,3.2062696306805027,1,0,3,6.830852084889305,0,1,0,0,0,1,0,0,1,0,0,0,1,0,0,1,0,0
856,0,1,8.320181650893499,1,1,1,58.71863358886821,1,0,0,0,0,1,0,0,0,1,1,0,0,0,0,0,0,1
857,0,5,29.33961447857848,0,1,5,59.75532858952937,0,1,0,1,0,0,1,0,0,0,0,0,0,1,1,0,0,0
858,1,4,87.78047986089848,0,1,5,30.21565544238195,0,0,1,0,0,0,0,0,0,1,0,0,0,1,1,0,0,0
859,0,5,76.48861601652962,0,0,2,7.912272707673152,1,0,0,1,0,0,0,1,0,0,1,0,0,0,0,0,0,1
860,1,1,2.2156629416243523,0,1,5,94.93347747124372,1,0,1,0,0,0,0,0,1,0,1,0,0,0,1,0,0,0
861,0,3,50.17128166884919,0,0,1,53.55774040166131,0,0,0,0,0,1,0,1,0,0,0,0,1,0,0,0,1,0
862,1,3,27.468749398741675,1,1,3,57.97581251238626,1,0,1,0,0,0,0,1,0,0,0,0,1,0,0,0,1,0
863,1,4,64.8645659062063,0,1,3,61.50208890304737,0,0,0,0,0,1,0,1,0,0,0,0,1,0,0,0,0,1
864,1,5,72.15538825934613,0,0,1,89.1047926926155,1,0,0,0,1,0,0,0,1,0,1,0,0,0,1,0,0,0
865,0,2,86.28625771292825,1,0,2,6.025564454675758,0,0,0,0,1,0,0,0,0,1,0,0,1,0,0,1,0,0
866,0,5,47.541623710401424,1,1,3,89.32877678525328,1,1,0,0,1,0,0,1,0,0,1,0,0,0,0,0,0,1
867,1,1,99.44500885455845,0,1,1,23.96765086112741,0,0,0,1,0,0,1,0,0,0,0,0,1,0,0,0,1,0
868,0,2,97.99861072871093,1,0,1,7.795024959634745,0,0,0,1,0,0,0,0,1,0,1,0,0,0,0,0,1,0
869,1,3,88.21667244710332,1,0,5,65.72658521313313,0,0,0,0,0,1,0,0,0,1,0,0,0,1,0,0,1,0
870,0,4,57.48694951580708,1,1,5,97.69756442566836,0,1,0,0,1,0,0,0,0,1,0,1,0,0,0,1,0,0
871,1,4,39.800643750381504,0,0,2,5.724206630659589,1,0,0,1,0,0,0,1,0,0,0,0,1,0,0,0,1,0
872,1,3,36.438631013978494,1,0,2,42.61218180373659,1,0,0,0,1,0,0,0,1,0,0,0,1,0,0,0,0,1
873,0,1,1.2124750087744829,0,1,2,52.978452534378576,1,0,0,1,0,0,0,1,0,0,1,0,0,0,0,0,0,1
874,1,3,24.91744972423665,1,1,1,25.21189641034901,0,1,1,0,0,0,1,0,0,0,0,0,0,1,0,0,0,1
875,0,1,71.88082349491646,0,1,1,98.2872149152968,0,0,1,0,0,0,0,0,0,1,0,0,0,1,0,0,1,0
876,1,2,60.363209989306654,0,0,5,64.09632146038274,0,0,0,0,1,0,0,0,0,1,0,0,1,0,0,1,0,0
877,1,3,91.64221891675336,0,1,3,84.43506728467113,1,0,0,0,0,1,0,0,1,0,1,0,0,0,0,1,0,0
878,0,1,5.002226691655787,1,1,2,41.57776819717136,1,0,0,1,0,0,0,0,0,1,1,0,0,0,0,0,1,0
879,0,2,15.52766031773306,1,0,4,35.395588714481775,1,0,0,1,0,0,0,0,1,0,0,1,0,0,1,0,0,0
880,0,3,78.92437893521301,1,1,2,55.315789488109225,1,0,1,0,0,0,0,1,0,0,0,0,0,1,1,0,0,0
881,1,4,35.85076311953338,0,0,5,43.527844262663976,0,0,1,0,0,0,1,0,0,0,0,1,0,0,0,0,0,1
882,0,3,11.834533371787792,1,0,1,71.49480551367945,0,0,0,0,0,1,0,0,1,0,0,0,0,1,0,1,0,0
883,1,5,99.64505051000891,1,1,5,26.58180902117947,0,1,0,0,0,1,0,1,0,0,0,0,1,0,0,0,1,0
884,1,3,78.72503026693629,0,1,5,44.95910310923996,0,0,0,0,0,1,1,0,0,0,0,0,1,0,0,1,0,0
885,0,5,40.87410367581226,1,0,5,89.51327472940598,1,0,0,0,1,0,0,0,0,1,1,0,0,0,0,1,0,0
886,0,2,82.33474769461402,0,1,4,75.61079003433294,0,0,1,0,0,0,1,0,0,0,1,0,0,0,1,0,0,0
887,1,3,68.06038701191534,1,0,4,16.80701650178944,1,1,0,0,1,0,1,0,0,0,1,0,0,0,0,1,0,0
888,1,2,78.99747595698334,0,0,2,88.68648293915975,1,0,1,0,0,0,1,0,0,0,0,0,0,1,0,1,0,0
889,0,2,81.52063775656498,0,1,1,58.90165904451881,0,1,1,0,0,0,0,0,0,1,1,0,0,0,0,0,1,0
890,0,1,8.47286832903179,1,1,5,67.92871832724832,1,0,0,1,0,0,0,0,1,0,0,0,1,0,0,0,1,0
891,0,2,62.297288768809565,0,0,3,29.425656584926607,1,0,1,0,0,0,0,0,1,0,0,1,0,0,0,1,0,0
892,0,2,0.6785552976827591,1,0,2,44.15442636356575,0,0,1,0,0,0,1,0,0,0,0,0,1,0,0,1,0,0
893,0,3,4.345624630117062,1,1,2,80.6812478906251,1,1,0,0,1,0,0,1,0,0,0,0,1,0,0,0,1,0
894,1,3,90.39800090558408,1,0,5,33.067621876318206,0,1,1,0,0,0,0,1,0,0,0,0,1,0,1,0,0,0
895,1,4,52.75637213568055,1,0,2,16.50616155101933,1,1,0,0,1,0,1,0,0,0,0,1,0,0,0,0,1,0
896,1,1,73.59019858685248,0,0,5,37.83049129834806,1,1,0,0,0,1,1,0,0,0,0,0,1,0,0,0,1,0
897,1,2,83.85009904431459,0,1,2,6.921866740938809,1,0,1,0,0,0,0,1,0,0,0,0,0,1,0,0,1,0
898,0,1,94.9586767564585,0,0,1,71.78564584849323,1,0,1,0,0,0,1,0,0,0,0,0,0,1,0,0,1,0
899,0,5,86.93528479227959,1,0,2,14.77459087741978,1,0,0,0,1,0,1,0,0,0,0,1,0,0,0,0,1,0
900,0,2,48.33114486972939,1,1,2,28.512590706084474,0,1,0,0,0,1,0,0,1,0,0,0,0,1,1,0,0,0
901,1,1,33.597030738051146,0,0,3,88.10810055538921,1,0,0,1,0,0,0,0,1,0,1,0,0,0,0,0,0,1
902,1,4,15.449323620603817,0,0,1,54.049765795677104,1,0,0,0,0,1,1,0,0,0,0,0,0,1,0,0,1,0
903,0,4,40.03214824872799,1,1,1,32.133844059647565,1,0,0,0,1,0,1,0,0,0,0,0,1,0,0,0,1,0
904,0,2,36.649357916116344,1,1,1,54.76668900148858,1,1,0,0,0,1,0,0,0,1,0,0,0,1,1,0,0,0
905,1,5,55.957484195587334,1,1,2,21.827765963188938,0,1,0,0,1,0,0,0,1,0,1,0,0,0,0,0,0,1
906,1,4,66.55094087572134,0,1,4,2.517312970561014,1,0,0,0,1,0,1,0,0,0,1,0,0,0,0,1,0,0
907,0,4,97.83254764450474,1,1,2,60.3732478963803,1,1,0,1,0,0,0,0,0,1,1,0,0,0,1,0,0,0
908,0,5,72.83861861007324,0,0,5,71.41259327847293,1,0,1,0,0,0,0,0,0,1,0,0,1,0,0,0,1,0
909,1,1,64.37485324429232,1,0,3,87.97817654459796,0,0,0,0,1,0,0,0,0,1,1,0,0,0,0,1,0,0
910,0,4,33.50924342683426,0,1,1,77.18833610647236,1,1,0,0,1,0,0,0,0,1,0,0,1,0,1,0,0,0
911,0,3,3.450387649832598,1,0,5,92.6677700495515,1,0,0,1,0,0,0,0,1,0,1,0,0,0,0,1,0,0
912,0,4,28.812512885469175,0,1,5,98.59534755428703,1,0,0,0,1,0,0,0,0,1,0,0,1,0,1,0,0,0
913,1,1,76.84479004596177,0,0,4,74.49354477457982,0,0,1,0,0,0,0,0,1,0,0,0,1,0,1,0,0,0
914,1,1,20.527194080380173,0,0,1,86.7923300830334,1,0,0,1,0,0,0,0,0,1,0,0,1,0,0,1,0,0
915,1,2,71.21881936741144,1,0,2,67.37315032281847,1,0,1,0,0,0,0,0,0,1,0,0,0,1,0,0,0,1
916,1,3,57.97798425694158,0,1,1,17.093779120826913,1,0,1,0,0,0,0,1,0,0,1,0,0,0,0,1,0,0
917,1,1,17.185686975046487,0,1,3,18.170242632228494,0,1,0,1,0,0,0,0,1,0,0,0,1,0,0,1,0,0
918,1,5,26.162480629182994,1,1,1,11.025945631526312,1,1,0,0,1,0,0,1,0,0,1,0,0,0,0,0,0,1
919,1,3,49.63036034864765,0,0,5,94.29747199935235,1,0,1,0,0,0,0,1,0,0,0,0,0,1,0,1,0,0
920,0,3,41.83747051078475,0,1,5,67.27516978393801,1,0,1,0,0,0,0,0,0,1,0,1,0,0,0,0,0,1
921,0,5,77.85638475467596,1,0,2,78.99097504655246,1,1,1,0,0,0,0,0,1,0,1,0,0,0,0,0,0,1
922,0,4,73.4404642543247,0,0,2,33.11573368243642,0,0,1,0,0,0,1,0,0,0,1,0,0,0,0,0,0,1
923,0,5,57.45745034730171,1,1,2,46.04217100767578,0,0,0,1,0,0,0,0,0,1,0,0,0,1,0,0,1,0
924,0,5,82.22747114729252,0,0,3,3.9779531836692805,0,0,0,1,0,0,0,0,1,0,0,0,1,0,1,0,0,0
925,0,4,56.26695406843086,1,0,1,88.90074004350974,1,1,0,0,0,1,0,1,0,0,1,0,0,0,0,0,1,0
926,0,4,96.43892566572602,0,0,4,85.3003429411608,0,0,0,0,0,1,0,0,1,0,0,1,0,0,1,0,0,0
927,1,4,21.722409915108145,0,1,1,78.48113348642943,1,1,1,0,0,0,0,0,0,1,0,0,0,1,0,0,1,0
928,1,4,71.41319936021527,0,1,2,5.830206768119151,1,0,0,0,1,0,0,0,1,0,0,0,1,0,0,0,0,1
929,0,4,36.9944132054468,1,1,3,17.42497355774337,1,0,1,0,0,0,0,1,0,0,1,0,0,0,0,0,1,0
930,0,5,27.89661944201939,0,0,1,33.41706577544614,0,0,0,0,1,0,0,0,1,0,1,0,0,0,1,0,0,0
931,1,2,18.038747596771287,0,0,5,26.306267534167173,0,0,1,0,0,0,0,0,1,0,0,0,0,1,0,0,1,0
932,0,2,55.25034762615439,1,1,1,83.84598385310686,1,0,0,0,0,1,0,1,0,0,0,0,1,0,0,1,0,0
933,0,1,21.546943274921126,1,0,5,19.483575820061994,1,0,0,0,0,1,0,0,0,1,0,0,1,0,0,1,0,0
934,1,2,20.035085144840593,1,1,1,53.21244653389745,0,0,0,0,1,0,1,0,0,0,0,0,0,1,0,0,0,1
935,0,2,99.05319050838179,0,1,1,57.13810978193122,0,1,1,0,0,0,0,1,0,0,1,0,0,0,0,0,1,0
936,1,5,80.17474168457608,0,1,1,42.501184716253725,1,0,0,0,1,0,0,1,0,0,1,0,0,0,0,0,1,0
937,0,4,74.82768202543754,0,1,2,24.068793173045922,0,0,0,0,0,1,0,0,0,1,0,0,1,0,1,0,0,0
938,1,4,79.40606258827549,1,0,5,96.02942908811315,1,0,1,0,0,0,0,0,0,1,0,0,1,0,1,0,0,0
939,1,5,96.89228737187425,1,0,3,41.33992422690225,0,0,1,0,0,0,0,0,1,0,0,1,0,0,0,0,1,0
940,1,2,57.32766887532035,0,0,4,72.73099955366649,0,1,0,0,1,0,0,1,0,0,0,1,0,0,1,0,0,0
941,0,5,22.024387740286056,0,1,5,18.404648765622888,0,0,0,1,0,0,0,0,1,0,0,1,0,0,0,1,0,0
942,1,1,86.2209640753239,1,0,2,82.28111685362282,1,0,0,0,1,0,0,0,1,0,0,0,1,0,0,1,0,0
943,0,4,74.27307294540901,1,1,5,21.589182323366675,1,1,0,0,0,1,0,0,0,1,0,0,1,0,0,0,0,1
944,0,3,41.43083123341731,1,1,3,67.53066235730262,1,0,0,0,0,1,0,0,0,1,0,0,1,0,0,1,0,0
945,0,1,47.356949857464635,0,1,5,50.64960014725218,1,0,0,0,0,1,0,0,1,0,1,0,0,0,1,0,0,0
946,0,1,41.12523984788691,1,0,2,14.655714098142647,0,1,0,0,0,1,0,1,0,0,0,0,0,1,1,0,0,0
947,1,5,92.99421602290042,1,1,2,2.494919615607727,1,0,0,0,0,1,0,1,0,0,0,0,1,0,1,0,0,0
948,1,2,34.35316114982941,1,0,4,93.07482653818057,0,0,0,1,0,0,0,0,1,0,1,0,0,0,1,0,0,0
949,0,4,96.34842786561725,1,0,3,12.569051356453986,1,0,1,0,0,0,1,0,0,0,0,0,1,0,0,0,1,0
950,0,3,91.02717712539499,0,0,4,70.49514286869149,1,0,0,0,1,0,1,0,0,0,0,0,0,1,0,0,1,0
951,1,1,63.05211422481734,1,0,1,65.2684958946984,1,1,0,0,1,0,0,0,0,1,0,0,1,0,0,0,1,0
952,0,3,57.982177310007465,0,0,2,34.17200424485265,0,1,0,0,0,1,0,1,0,0,1,0,0,0,0,0,1,0
953,1,2,37.00892800699709,0,0,4,18.53828995547285,0,1,0,0,1,0,0,0,1,0,0,0,1,0,0,1,0,0
954,0,2,1.833838901064988,1,0,2,17.832824945541482,0,0,0,0,0,1,0,0,1,0,0,0,1,0,1,0,0,0
955,0,3,12.762318623775325,1,0,2,58.53278530502391,1,1,0,1,0,0,0,1,0,0,0,0,1,0,0,1,0,0
956,1,4,75.42313233495487,0,1,1,54.69212946240455,1,0,0,1,0,0,0,0,0,1,0,1,0,0,1,0,0,0
957,0,2,47.15401265881653,1,1,2,87.5935020350232,0,0,1,0,0,0,0,0,0,1,0,0,1,0,0,0,1,0
958,1,3,14.98381341879681,0,0,4,64.00030784119363,0,1,0,1,0,0,1,0,0,0,1,0,0,0,0,1,0,0
959,0,1,26.396085413187098,1,0,3,81.92749760805246,0,0,0,1,0,0,0,1,0,0,1,0,0,0,1,0,0,0
960,0,3,94.78368998469998,0,0,5,3.2413062452608776,0,0,1,0,0,0,0,1,0,0,1,0,0,0,0,0,1,0
961,0,3,36.713283531026505,0,0,4,67.09931470285952,1,0,0,0,1,0,0,0,1,0,0,0,1,0,0,0,0,1
962,1,5,90.76819452191535,0,0,1,23.3708638429621,1,1,0,0,0,1,0,1,0,0,0,0,0,1,1,0,0,0
963,0,2,30.46358322935767,1,1,5,25.283895996571015,1,0,0,0,0,1,1,0,0,0,1,0,0,0,0,0,0,1
964,0,4,54.32200943671609,0,0,2,72.0576529089341,1,0,0,0,1,0,0,1,0,0,0,1,0,0,1,0,0,0
965,0,4,2.047708336219789,0,0,4,79.34329588249409,1,1,1,0,0,0,0,0,1,0,0,0,0,1,0,0,1,0
966,0,5,52.187511037357694,1,0,5,37.17354751385527,0,0,0,0,1,0,1,0,0,0,1,0,0,0,0,1,0,0
967,1,4,63.694201061063026,1,1,4,79.00768168683062,0,0,0,1,0,0,0,0,1,0,0,0,1,0,1,0,0,0
968,1,3,23.43050993371779,0,1,2,44.37446753523556,1,1,1,0,0,0,0,1,0,0,0,1,0,0,0,0,0,1
969,0,5,57.8937176205357,0,0,4,85.76453483703807,0,0,1,0,0,0,0,0,0,1,1,0,0,0,0,0,1,0
970,1,1,64.71677720509855,1,1,1,2.490377217859263,1,0,1,0,0,0,0,1,0,0,0,1,0,0,1,0,0,0
971,0,2,68.68860783817566,0,1,5,8.349507081485063,1,0,0,0,0,1,0,1,0,0,0,0,0,1,0,0,0,1
972,0,2,77.64033220221032,1,1,5,77.63518072676816,0,0,0,0,1,0,0,0,1,0,1,0,0,0,1,0,0,0
973,0,2,31.13392429294165,1,1,5,62.40896278303323,0,1,1,0,0,0,0,0,0,1,0,0,1,0,0,0,0,1
974,1,3,56.77769564318782,1,1,4,55.902025363551836,1,0,1,0,0,0,0,1,0,0,0,1,0,0,1,0,0,0
975,1,1,98.15790297645944,0,1,2,61.397880733857335,1,1,1,0,0,0,1,0,0,0,1,0,0,0,0,1,0,0
976,1,5,89.81441706651572,1,1,4,93.01906274221507,0,0,0,0,1,0,1,0,0,0,0,0,0,1,0,1,0,0
977,1,5,95.26654280983665,0,1,4,65.55370314380662,0,0,0,0,0,1,0,0,1,0,0,0,0,1,0,1,0,0
978,1,2,38.61363985285714,0,0,5,64.7476116659836,1,0,0,1,0,0,0,0,1,0,1,0,0,0,0,1,0,0
979,1,1,78.69281058966618,1,0,2,75.94708797062277,0,0,0,0,0,1,0,0,0,1,0,0,0,1,0,0,1,0
980,1,1,61.989795176034775,1,1,3,86.66207056398267,1,0,1,0,0,0,0,0,1,0,0,1,0,0,0,1,0,0
981,1,1,8.273508306224109,1,1,2,26.191247823835496,1,0,0,0,0,1,0,0,0,1,0,1,0,0,1,0,0,0
982,1,4,82.39803891570654,1,0,4,61.6748859233304,0,1,0,0,0,1,0,1,0,0,0,1,0,0,0,0,1,0
983,0,4,67.71012763573646,0,0,1,58.397496355247526,0,0,0,1,0,0,1,0,0,0,0,1,0,0,1,0,0,0
984,1,2,19.89173595152668,0,1,2,13.484948149834253,1,0,0,0,1,0,1,0,0,0,0,0,0,1,0,0,0,1
985,1,1,7.973855742946134,1,0,5,52.0316973910712,0,0,0,0,1,0,1,0,0,0,1,0,0,0,0,1,0,0
986,1,1,83.70221306483306,0,1,1,6.955051474046536,0,0,0,0,0,1,0,0,1,0,0,0,0,1,1,0,0,0
987,1,5,7.890182949120106,1,0,3,18.495958740233963,0,0,0,0,0,1,0,0,1,0,0,0,0,1,1,0,0,0
988,1,5,9.135386536643663,0,1,3,91.29630819181804,0,0,0,0,1,0,0,1,0,0,1,0,0,0,1,0,0,0
989,1,2,42.74082879043153,0,0,1,11.924318154234347,0,0,0,0,1,0,0,0,1,0,1,0,0,0,0,0,0,1
990,1,1,13.479782841947706,0,1,3,57.89162998467945,1,1,0,1,0,0,0,0,0,1,0,0,1,0,0,0,0,1
991,1,2,91.36695974427194,1,0,1,32.34806959930736,0,0,1,0,0,0,1,0,0,0,0,1,0,0,0,0,0,1
992,1,5,47.02839362632367,0,0,4,55.53132907266125,0,0,0,0,0,1,0,1,0,0,1,0,0,0,1,0,0,0
993,1,5,56.91509806545715,0,1,1,23.49735424524031,0,0,0,0,1,0,0,0,0,1,0,0,0,1,0,0,0,1
994,1,4,92.81060894780875,0,1,4,44.43794546776601,1,0,0,0,0,1,0,0,0,1,0,1,0,0,0,1,0,0
995,0,2,53.02632256383486,0,0,5,86.73334331482606,1,1,0,0,0,1,0,0,1,0,0,1,0,0,0,0,0,1
996,0,2,35.35911459573185,1,0,5,37.62169778193564,1,0,0,0,1,0,0,0,1,0,0,0,0,1,0,0,0,1
997,1,1,79.71551058158319,0,1,3,35.30309380009356,0,1,0,1,0,0,1,0,0,0,1,0,0,0,1,0,0,0
998,1,1,44.28501974752107,1,0,1,44.61180792696653,1,0,0,0,0,1,0,1,0,0,0,1,0,0,1,0,0,0
999,0,4,31.84694256023054,1,0,4,10.049284424431526,0,0,0,1,0,0,0,0,0,1,0,1,0,0,1,0,0,0
1000,1,3,72.32294586055346,0,0,5,38.734702458805494,0,1,0,0,1,0,0,0,1,0,0,1,0,0,1,0,0,0
1001,0,3,80.1605676613043,0,0,5,0.6900250628165572,1,1,1,0,0,0,0,0,1,0,0,1,0,0,0,1,0,0
1002,0,3,79.17161675842715,1,0,5,50.339714514895185,1,0,1,0,0,0,0,1,0,0,0,1,0,0,1,0,0,0
1003,0,2,97.76744141287075,1,1,3,84.79410791514293,1,1,0,0,0,1,0,1,0,0,0,0,0,1,0,0,1,0
1004,0,2,78.66669488749626,1,0,5,55.207310394763184,1,0,0,0,1,0,0,0,1,0,1,0,0,0,0,0,1,0
1005,0,5,76.99334359486862,0,0,2,60.77251782060195,0,0,0,1,0,0,0,0,1,0,1,0,0,0,1,0,0,0
1006,1,2,85.74852537362202,0,1,3,3.056337125976638,1,0,0,0,0,1,1,0,0,0,0,1,0,0,1,0,0,0
1007,0,2,0.01851952954428082,1,1,1,85.95149801160751,0,1,0,0,1,0,0,1,0,0,0,1,0,0,0,1,0,0
1008,1,2,36.24314111877707,1,1,2,38.50035528002586,1,0,0,0,1,0,0,0,0,1,0,1,0,0,0,0,1,0
1009,1,4,73.76030960344221,1,1,3,97.48526806067068,1,1,0,1,0,0,0,0,1,0,0,0,0,1,0,0,0,1
1010,0,2,59.971901111027734,0,1,3,12.046536953026,1,0,0,0,0,1,0,0,1,0,0,0,0,1,0,1,0,0
1011,0,1,17.757200263161764,0,0,4,94.46718847852377,0,0,0,0,1,0,0,0,1,0,0,0,1,0,0,0,0,1
1012,1,1,30.373308908854536,1,0,2,63.4290906336323,1,0,0,0,1,0,0,0,1,0,0,1,0,0,1,0,0,0
1013,0,5,33.67926110821068,0,0,2,5.2340300290594115,0,0,0,0,1,0,1,0,0,0,0,0,1,0,0,0,1,0
1014,0,4,56.7828111172316,1,1,2,97.16990778367312,0,0,0,1,0,0,0,1,0,0,0,0,1,0,0,0,0,1
1015,1,1,83.15982964410765,0,1,5,1.3873068145264122,0,0,0,0,0,1,0,0,1,0,0,0,1,0,0,0,1,0
1016,1,4,93.24917797776799,1,1,5,73.07001686909912,0,1,0,0,0,1,0,1,0,0,1,0,0,0,0,0,0,1
1017,0,4,75.0092412853639,0,0,1,88.95299483880946,0,1,0,0,0,1,0,0,0,1,0,0,1,0,0,1,0,0
1018,1,5,84.29503901768098,0,0,1,17.581155423015737,0,0,0,0,0,1,0,0,0,1,0,1,0,0,1,0,0,0
1019,0,4,47.00959584515161,0,0,1,34.33571906978084,0,0,1,0,0,0,0,0,0,1,0,0,0,1,0,0,1,0
1020,0,2,38.97753196222874,0,0,5,56.12293405388602,0,0,1,0,0,0,0,0,0,1,0,1,0,0,0,1,0,0
1021,0,4,39.2708532144217,0,0,4,67.9809285844963,0,0,0,0,0,1,0,1,0,0,0,0,0,1,0,0,1,0
1022,1,5,61.60385283399571,0,0,1,87.18758677945942,1,0,0,1,0,0,0,0,0,1,1,0,0,0,0,0,0,1
1023,1,5,12.423670555580902,0,1,3,76.1070470878306,1,0,1,0,0,0,0,0,0,1,1,0,0,0,0,0,0,1
1024,1,5,57.94941827902612,1,0,5,36.33311438189377,1,1,0,0,1,0,0,0,1,0,0,1,0,0,1,0,0,0
1025,1,1,66.51328601837255,1,0,4,82.17198117866684,0,0,1,0,0,0,0,0,1,0,1,0,0,0,0,0,0,1
1026,1,2,43.89087402062388,1,0,3,96.60767210870132,0,1,0,0,1,0,0,0,1,0,0,0,0,1,1,0,0,0
1027,0,1,95.31671767711674,0,0,3,22.698618124163605,1,1,0,0,0,1,1,0,0,0,1,0,0,0,1,0,0,0
1028,0,3,60.821327237957526,0,0,5,7.40955934544294,1,0,1,0,0,0,0,0,1,0,0,0,1,0,0,1,0,0
1029,0,2,21.99994722366252,0,1,2,42.66197319418959,0,1,0,1,0,0,0,0,0,1,0,0,1,0,1,0,0,0
1030,0,4,47.921625743351626,1,0,4,88.13971039575509,1,0,1,0,0,0,0,1,0,0,1,0,0,0,0,1,0,0
1031,1,5,67.5404437135294,1,0,5,15.029150487919473,0,1,1,0,0,0,0,0,0,1,0,1,0,0,0,0,1,0
1032,0,3,32.3629124580479,1,1,2,88.57981878820101,1,0,1,0,0,0,0,1,0,0,0,0,1,0,0,0,0,1
1033,1,2,7.964160628902317,1,1,5,99.22130237361667,0,0,0,0,0,1,0,0,0,1,0,0,0,1,0,0,0,1
1034,0,1,58.3435634710885,1,0,5,5.400223088315636,0,0,0,1,0,0,1,0,0,0,0,1,0,0,0,0,0,1
1035,1,5,94.787016861968,1,0,3,49.52563738554839,0,0,1,0,0,0,0,0,1,0,1,0,0,0,1,0,0,0
1036,1,1,48.50719855631738,0,0,5,32.88854947132502,0,0,0,1,0,0,0,0,0,1,0,1,0,0,0,1,0,0
1037,0,2,90.61090806470379,1,0,2,39.367985493131094,1,0,0,0,0,1,0,0,1,0,0,1,0,0,0,1,0,0
1038,0,2,83.5023588371694,0,0,3,45.16347523463086,0,0,0,0,1,0,1,0,0,0,0,1,0,0,0,1,0,0
1039,0,3,14.741278363398337,1,1,2,73.97039564511898,0,0,1,0,0,0,1,0,0,0,0,1,0,0,1,0,0,0
1040,0,4,70.81699218355708,1,1,2,59.12997031711763,1,0,0,1,0,0,0,0,1,0,1,0,0,0,0,0,0,1
1041,1,1,43.546552507197845,0,0,3,96.12010882167803,1,0,0,1,0,0,0,0,1,0,1,0,0,0,0,0,0,1
1042,0,3,25.02463252629369,0,0,2,33.276459923953404,1,0,0,0,0,1,0,1,0,0,0,0,1,0,0,1,0,0
1043,0,5,68.6938355666703,0,1,1,54.150408248274275,0,0,1,0,0,0,0,0,1,0,0,0,1,0,1,0,0,0
1044,1,4,74.26607186564213,1,1,5,81.3328530933697,0,1,0,0,1,0,0,0,1,0,0,0,0,1,0,0,0,1
1045,0,3,17.98963187348388,1,0,3,37.30284169936802,1,0,0,1,0,0,0,1,0,0,0,0,0,1,1,0,0,0
1046,0,1,91.44446820562084,0,0,3,46.529920061090955,1,0,1,0,0,0,0,0,0,1,0,0,1,0,0,0,1,0
1047,0,2,75.1147243951441,1,0,1,68.49745526852267,1,0,0,0,1,0,0,1,0,0,0,0,1,0,0,0,1,0
1048,0,5,93.33754991419687,0,0,1,86.07442186043063,0,1,0,1,0,0,0,0,0,1,0,1,0,0,1,0,0,0
1049,0,1,31.7073218763691,1,0,1,41.568147042382876,1,1,0,1,0,0,0,0,0,1,0,0,1,0,0,0,1,0
1050,1,4,93.93350157429869,1,0,1,53.195047214674005,1,0,0,0,1,0,0,0,0,1,0,0,0,1,0,0,0,1
1051,0,4,36.85176578383809,1,1,4,97.5122285290839,0,0,0,0,1,0,0,1,0,0,0,0,1,0,0,1,0,0
1052,0,2,5.396976142739174,0,1,3,4.2469161947004,0,0,0,0,0,1,0,1,0,0,0,1,0,0,1,0,0,0
1053,0,2,76.29693887090234,1,1,2,44.82287166595446,0,0,1,0,0,0,1,0,0,0,0,0,0,1,0,0,1,0
1054,0,5,70.35081440883408,0,1,3,63.59818511292005,1,0,1,0,0,0,0,0,0,1,1,0,0,0,0,1,0,0
1055,0,5,59.791099226333245,0,0,3,0.8427457562125151,0,1,0,0,0,1,0,1,0,0,0,0,1,0,0,0,0,1
1056,1,2,48.9893744384174,0,1,3,59.67865015664145,0,0,0,1,0,0,1,0,0,0,1,0,0,0,0,0,0,1
1057,0,2,3.216527032263139,0,1,1,5.619995466300898,1,0,0,0,1,0,0,0,0,1,0,0,0,1,1,0,0,0
1058,1,4,62.45972515201543,0,0,1,85.75583966481834,0,1,0,0,1,0,0,1,0,0,0,0,1,0,0,1,0,0
1059,1,2,41.683461522279366,0,1,4,80.7086095508566,1,0,0,0,1,0,0,1,0,0,1,0,0,0,0,0,0,1
1060,0,3,56.0209402740945,0,0,3,3.2255136798596262,1,1,0,1,0,0,0,1,0,0,0,0,1,0,1,0,0,0
1061,0,1,42.93213419676363,0,0,5,4.88040245573761,0,1,0,0,1,0,0,0,1,0,1,0,0,0,0,0,1,0
1062,0,2,96.6056132765199,0,1,4,75.36139315616023,1,0,0,0,1,0,1,0,0,0,1,0,0,0,0,1,0,0
1063,0,5,60.41089011508471,1,1,1,36.954489257831035,1,0,0,0,0,1,0,1,0,0,0,0,0,1,0,0,0,1
1064,1,3,74.92363306024671,0,1,3,57.502578793832484,1,1,0,1,0,0,0,0,1,0,0,0,1,0,0,0,1,0
1065,0,5,93.63469474710833,1,0,1,27.032826976538395,0,1,1,0,0,0,1,0,0,0,1,0,0,0,0,1,0,0
1066,0,3,59.15993229167397,0,1,2,17.29688761040997,1,0,0,0,0,1,1,0,0,0,0,0,1,0,0,1,0,0
1067,0,2,1.2062517822400753,1,0,1,29.60771175475615,1,0,0,0,0,1,0,0,1,0,0,0,1,0,0,1,0,0
1068,0,1,3.429167831054236,1,1,1,24.671370022398808,0,1,1,0,0,0,1,0,0,0,0,1,0,0,0,0,0,1
1069,0,5,70.23384341018618,1,0,4,44.83074382393344,0,1,0,0,0,1,0,0,1,0,0,0,0,1,0,1,0,0
1070,0,3,27.90851361512835,1,1,2,74.66761652876862,1,0,0,1,0,0,0,0,0,1,0,0,1,0,0,0,1,0
1071,1,4,57.937972734794876,1,1,5,55.412940792695665,1,0,0,0,1,0,0,1,0,0,0,0,1,0,0,0,0,1
1072,1,2,20.227718109066895,1,0,5,60.91783079397185,0,0,0,1,0,0,0,0,1,0,0,0,1,0,0,1,0,0
1073,0,1,27.024887506171414,0,1,5,47.00785964580842,1,0,1,0,0,0,1,0,0,0,0,0,0,1,0,0,1,0
1074,0,2,50.46410559480753,0,1,3,32.47336402028162,0,0,1,0,0,0,1,0,0,0,0,0,0,1,0,0,0,1
1075,0,4,97.5569463356082,0,0,5,14.350882536048793,0,0,0,0,0,1,0,0,0,1,0,0,1,0,0,1,0,0
1076,1,1,61.62704892091916,0,1,3,35.45654591140009,0,0,0,1,0,0,0,0,0,1,0,0,0,1,1,0,0,0
1077,0,4,93.61481045130232,0,1,1,66.51986162138651,1,0,0,1,0,0,0,0,0,1,0,1,0,0,1,0,0,0
1078,1,2,95.93798543869475,0,0,5,73.37774229238204,0,0,1,0,0,0,0,0,0,1,0,0,0,1,0,1,0,0
1079,0,3,20.810999642050742,1,1,4,46.91815439082136,0,0,0,1,0,0,0,0,0,1,0,1,0,0,1,0,0,0
1080,0,2,31.119360246894445,0,0,2,64.49972745830456,0,0,1,0,0,0,0,1,0,0,0,1,0,0,0,0,0,1
1081,0,2,76.99922812187042,1,1,2,21.054108188425225,1,1,0,1,0,0,0,0,1,0,0,1,0,0,0,1,0,0
1082,0,2,86.67640022913439,1,1,1,86.00663207239563,1,0,0,1,0,0,0,0,0,1,1,0,0,0,0,0,1,0
1083,1,5,51.922674418952774,1,0,2,86.59364506764247,0,0,0,1,0,0,0,0,0,1,0,0,0,1,1,0,0,0
1084,1,4,99.32260672805492,1,1,2,32.032792727252534,0,1,1,0,0,0,0,1,0,0,0,0,1,0,0,1,0,0
1085,0,4,1.1572198755270269,1,0,1,54.77122392949272,1,0,0,0,0,1,0,0,1,0,0,1,0,0,0,0,0,1
1086,0,4,29.959265558521565,1,0,1,60.66620284152192,1,0,0,1,0,0,0,0,0,1,0,0,1,0,0,1,0,0
1087,1,5,62.316175374457984,0,1,1,47.243003878463995,1,0,1,0,0,0,0,0,1,0,0,1,0,0,0,0,1,0
1088,1,3,46.92899109374829,1,0,4,91.11421535577871,0,0,1,0,0,0,0,0,1,0,0,0,1,0,0,0,1,0
1089,1,2,11.660296642880075,1,1,1,73.9716946793182,1,0,0,1,0,0,0,1,0,0,1,0,0,0,0,1,0,0
1090,1,3,36.77870854805636,0,0,1,67.25104926087326,0,0,0,1,0,0,0,1,0,0,0,1,0,0,0,1,0,0
1091,0,5,2.5447143295039054,0,1,1,52.00932215357072,0,0,0,0,0,1,0,0,0,1,1,0,0,0,0,1,0,0
1092,1,4,64.27460460752795,0,1,5,8.484732993874234,1,0,1,0,0,0,1,0,0,0,1,0,0,0,0,1,0,0
1093,0,2,89.27425429963553,0,0,5,10.782137762009658,0,0,1,0,0,0,0,1,0,0,0,0,0,1,0,0,0,1
1094,1,1,88.48741237834588,0,1,4,29.900886224401923,0,0,0,0,1,0,0,0,1,0,0,0,1,0,0,1,0,0
1095,1,1,69.95444737655465,0,1,4,21.15222683689134,1,0,1,0,0,0,0,0,1,0,0,1,0,0,0,0,0,1
1096,1,3,46.57701954979275,0,1,2,95.25309719079942,0,1,0,0,0,1,0,0,0,1,1,0,0,0,0,1,0,0
1097,1,4,51.20316186914897,1,0,5,40.981251865173206,0,0,0,0,1,0,0,0,0,1,0,0,1,0,0,0,0,1
1098,1,1,13.69188239956629,0,1,4,87.6605438658752,1,1,0,0,1,0,0,0,0,1,0,0,0,1,0,0,1,0
1099,0,3,34.1017093119203,1,1,4,81.80796836662316,0,1,0,0,1,0,0,0,1,0,0,0,1,0,1,0,0,0
1100,0,5,18.772807549827363,0,0,2,81.2570272737095,1,0,0,1,0,0,0,1,0,0,0,0,1,0,0,1,0,0
1101,1,3,82.12002033499546,0,1,1,21.570752514685154,1,1,0,1,0,0,1,0,0,0,0,0,0,1,0,1,0,0
1102,1,3,91.47539013379597,1,0,3,44.73218130008154,0,1,1,0,0,0,0,1,0,0,0,0,0,1,0,0,1,0
1103,0,3,53.6923261420117,0,0,2,31.79519916471395,0,1,0,0,1,0,1,0,0,0,0,0,0,1,1,0,0,0
1104,1,2,72.7764040512944,0,1,3,97.04110038389197,1,0,0,0,0,1,0,1,0,0,1,0,0,0,0,0,1,0
1105,1,3,12.146477090712748,0,0,2,87.674430129567,1,1,0,1,0,0,0,0,0,1,0,0,1,0,0,0,1,0
1106,0,3,60.85346432772384,0,1,2,24.992366097309304,0,0,0,0,0,1,0,0,1,0,0,0,0,1,0,1,0,0
1107,1,2,70.2791021377846,0,1,1,31.352036081016156,0,1,0,0,0,1,1,0,0,0,0,0,1,0,0,1,0,0
1108,1,2,45.27681295114008,0,1,4,52.890923757782446,0,0,0,1,0,0,0,1,0,0,0,0,1,0,0,0,1,0
1109,0,5,24.32730844706986,0,0,5,27.860578513138268,1,1,0,1,0,0,0,0,1,0,1,0,0,0,0,1,0,0
1110,0,4,87.73745205413914,1,0,2,82.45299665869112,0,0,0,1,0,0,1,0,0,0,0,0,1,0,0,1,0,0
1111,0,1,74.29087199537224,0,1,1,81.92312779048112,0,1,0,1,0,0,1,0,0,0,1,0,0,0,0,1,0,0
1112,1,1,89.9857281849195,1,1,3,72.43404378292654,0,1,0,0,1,0,0,0,1,0,0,0,0,1,1,0,0,0
1113,0,3,81.84026474978235,1,0,4,68.93102047560431,0,0,0,0,1,0,0,0,0,1,0,0,0,1,1,0,0,0
1114,0,5,99.03744295788626,1,1,2,54.73015074949414,1,0,0,0,1,0,0,0,1,0,0,0,1,0,0,1,0,0
1115,0,3,19.217273321444893,1,0,3,34.71122571083173,1,0,0,0,1,0,0,0,0,1,1,0,0,0,0,0,1,0
1116,0,1,8.674776780397409,1,0,2,83.69384527732424,0,1,1,0,0,0,0,1,0,0,1,0,0,0,1,0,0,0
1117,0,2,33.70027913372585,1,1,5,85.88321712517724,0,1,0,0,1,0,0,1,0,0,0,1,0,0,0,0,1,0
1118,0,4,12.90041750232589,1,1,5,4.950946886416741,1,0,0,1,0,0,0,0,1,0,0,1,0,0,0,0,0,1
1119,1,5,52.313011290622434,0,1,4,39.86194139240793,0,1,0,0,0,1,0,0,0,1,0,0,0,1,0,0,0,1
1120,1,2,63.30289054077425,0,0,3,2.662758045022451,1,0,0,0,1,0,0,1,0,0,0,0,0,1,0,1,0,0
1121,0,4,57.82886151734037,0,0,5,83.94773946996347,1,0,1,0,0,0,0,0,0,1,0,1,0,0,0,0,1,0
1122,0,5,25.924013539027012,1,0,1,17.709324652204185,1,0,0,1,0,0,0,0,0,1,1,0,0,0,0,0,1,0
1123,0,5,90.88240309687968,0,0,4,67.38667648165327,1,0,0,0,0,1,0,0,0,1,0,0,1,0,0,0,0,1
1124,1,1,2.117236373537845,1,1,2,35.737581769437,0,0,0,0,0,1,0,0,1,0,0,0,1,0,1,0,0,0
1125,1,2,34.80133537634929,1,0,3,81.60654532321651,1,1,0,0,1,0,0,0,0,1,1,0,0,0,0,0,1,0
1126,1,5,71.8992475398061,0,1,3,50.96869002537645,0,0,0,0,0,1,0,0,1,0,0,0,0,1,0,0,1,0
1127,1,5,76.69289263491595,1,0,1,32.44019244515568,0,1,0,0,1,0,0,1,0,0,0,0,1,0,1,0,0,0
1128,1,4,41.61185444318599,1,0,5,32.38706672507404,1,0,0,0,1,0,0,1,0,0,1,0,0,0,0,1,0,0
1129,1,1,1.690981325636709,0,1,3,32.69272424215779,1,1,0,1,0,0,1,0,0,0,0,0,1,0,0,0,0,1
1130,1,3,61.804367912373735,1,0,1,78.8579216919303,1,1,0,1,0,0,1,0,0,0,1,0,0,0,0,0,1,0
1131,1,1,6.30946811832157,0,1,1,71.11155988266735,0,0,1,0,0,0,0,1,0,0,0,1,0,0,0,1,0,0
1132,1,3,10.78557761535145,1,0,2,31.9214107346533,1,0,0,1,0,0,0,0,0,1,0,1,0,0,0,1,0,0
1133,0,2,65.025071964619,1,1,1,49.0208088943603,1,1,0,1,0,0,0,0,0,1,0,0,1,0,0,1,0,0
1134,0,2,31.248832614285483,0,0,4,7.615338552932538,1,0,0,0,1,0,0,1,0,0,0,0,1,0,1,0,0,0
1135,0,5,34.80301527082529,0,0,3,82.75002683594231,0,0,0,1,0,0,0,1,0,0,0,0,1,0,0,1,0,0
1136,0,2,48.68070769832434,0,1,4,26.595480944374593,1,0,0,0,1,0,1,0,0,0,0,0,1,0,0,0,1,0
1137,1,5,97.85783948593739,1,1,1,88.92251418386968,1,1,0,0,1,0,0,0,0,1,0,1,0,0,0,1,0,0
1138,1,1,96.54422207387104,1,1,1,59.679669301292606,1,1,0,1,0,0,0,1,0,0,0,1,0,0,0,1,0,0
1139,0,2,41.62609993600751,0,0,4,56.78201622160424,0,1,1,0,0,0,1,0,0,0,1,0,0,0,0,1,0,0
1140,1,1,26.54992172182822,0,0,2,16.271874231422156,1,1,1,0,0,0,1,0,0,0,0,0,1,0,0,0,0,1
1141,0,1,30.259215266411577,0,0,1,6.953535959001645,0,0,0,0,0,1,0,0,0,1,0,1,0,0,0,0,1,0
1142,1,2,26.878129816160413,1,0,4,55.26165809818268,0,1,0,0,0,1,1,0,0,0,0,0,0,1,0,0,0,1
1143,0,1,53.224580714178074,1,0,4,46.7989123255224,0,0,0,1,0,0,1,0,0,0,1,0,0,0,0,0,0,1
1144,1,2,60.685980780092855,0,0,3,11.968303357726262,0,0,1,0,0,0,0,0,1,0,1,0,0,0,0,1,0,0
1145,1,2,48.877938822966605,0,1,2,83.55877225181867,0,0,0,0,1,0,0,1,0,0,1,0,0,0,0,1,0,0
1146,0,2,40.79943622481523,0,0,5,41.7240119175715,1,0,0,0,0,1,0,0,0,1,0,0,0,1,0,1,0,0
1147,1,3,21.128503756993776,1,0,4,26.045780039088694,1,1,0,0,1,0,0,1,0,0,0,0,0,1,1,0,0,0
1148,0,1,48.25055913821134,0,1,3,78.82720931463884,0,0,0,0,0,1,0,0,1,0,0,0,0,1,0,0,1,0
1149,0,4,34.110271380245806,0,1,5,91.30641567769369,0,0,0,1,0,0,0,0,0,1,0,1,0,0,1,0,0,0
1150,0,2,54.159546279834295,0,1,3,30.59627031890402,0,0,1,0,0,0,0,1,0,0,0,0,0,1,0,0,1,0
1151,0,1,67.5189415511624,1,1,3,77.59498854016472,0,0,0,0,0,1,1,0,0,0,1,0,0,0,0,1,0,0
1152,1,5,63.33121744366106,1,1,2,65.25196570085134,1,0,1,0,0,0,0,0,0,1,0,0,1,0,0,0,1,0
1153,1,2,46.249021040559334,0,0,1,98.97277837540918,1,1,0,0,1,0,0,0,1,0,1,0,0,0,0,0,1,0
1154,1,2,55.605242427996096,1,0,2,20.399270741122756,0,0,0,1,0,0,1,0,0,0,1,0,0,0,0,0,0,1
1155,0,4,28.48561309607597,0,1,5,96.06789945064544,0,1,1,0,0,0,0,0,1,0,0,1,0,0,0,0,1,0
1156,1,3,2.4240259022389687,0,1,2,31.527205670988966,0,0,0,1,0,0,1,0,0,0,1,0,0,0,0,0,1,0
1157,0,3,62.501945416810415,0,0,1,41.19542980709723,1,0,1,0,0,0,0,1,0,0,0,1,0,0,0,0,0,1
1158,1,2,25.256855913768696,0,1,2,35.882581414553485,0,0,0,0,1,0,0,1,0,0,0,1,0,0,1,0,0,0
1159,1,1,66.89537100682745,1,0,2,26.84506970883759,1,0,0,0,1,0,0,1,0,0,0,0,1,0,0,0,1,0
1160,1,5,74.70084995969593,0,0,2,69.32225814302936,1,0,0,1,0,0,0,0,1,0,1,0,0,0,1,0,0,0
1161,0,5,91.59277461037811,0,1,4,58.91453207258446,0,0,0,0,1,0,0,0,0,1,0,0,1,0,1,0,0,0
1162,1,1,95.8122795479613,1,0,4,30.569194569209646,1,0,0,0,0,1,0,1,0,0,0,0,1,0,0,1,0,0
1163,1,2,1.0526046309701442,0,0,2,13.22124565182763,0,0,1,0,0,0,0,0,1,0,1,0,0,0,0,0,1,0
1164,0,5,99.03742093546374,1,0,1,31.737563773320677,1,0,0,0,1,0,1,0,0,0,1,0,0,0,0,0,0,1
1165,1,3,68.30183184941609,0,0,1,38.12313116838498,0,0,0,0,0,1,0,1,0,0,0,0,0,1,0,0,0,1
1166,0,1,64.35241603741892,0,1,1,38.06534431210701,0,1,0,1,0,0,1,0,0,0,0,0,0,1,0,1,0,0
1167,1,4,1.5213095195355408,0,1,1,35.72595337625904,0,0,0,0,0,1,0,1,0,0,0,1,0,0,0,0,0,1
1168,0,2,86.12334118867375,0,1,3,4.87225062231369,0,0,0,1,0,0,1,0,0,0,1,0,0,0,0,0,1,0
1169,0,1,14.549144724782636,1,1,2,46.4033107901517,0,1,0,1,0,0,0,0,1,0,0,1,0,0,1,0,0,0
1170,1,5,83.7330153933041,0,1,2,83.6208097245307,0,1,1,0,0,0,0,1,0,0,0,0,1,0,1,0,0,0
1171,0,2,1.5562546258716003,1,0,3,18.03662918585185,1,0,1,0,0,0,0,0,1,0,0,0,1,0,0,0,0,1
1172,0,3,64.59642624991614,1,0,1,14.565734342745273,1,0,0,0,0,1,0,0,1,0,0,0,0,1,0,0,0,1
1173,0,2,43.48015337698278,1,0,5,47.185105524481116,0,0,1,0,0,0,1,0,0,0,0,1,0,0,0,0,0,1
1174,0,2,20.076672905933513,0,0,5,37.06030121500115,1,0,1,0,0,0,0,1,0,0,1,0,0,0,1,0,0,0
1175,0,3,10.756139177043412,1,1,3,56.12806407135509,0,0,1,0,0,0,0,0,0,1,1,0,0,0,0,0,1,0
1176,0,3,44.01276965463264,1,1,5,94.70743096629892,1,0,0,0,0,1,0,0,0,1,0,0,0,1,0,0,1,0
1177,1,2,12.330580532142477,1,0,4,76.08862503328047,1,0,0,0,1,0,0,0,1,0,0,0,0,1,0,0,1,0
1178,0,3,48.64466116910475,0,1,2,68.70581531812978,0,0,1,0,0,0,1,0,0,0,0,1,0,0,0,0,1,0
1179,0,1,62.52170586528523,0,0,5,41.593694439367866,0,0,1,0,0,0,1,0,0,0,0,0,0,1,0,0,1,0
1180,1,3,82.73841936073582,1,0,4,28.735983638163486,1,0,0,0,0,1,1,0,0,0,0,0,0,1,0,1,0,0
1181,1,3,67.86494371828667,1,1,2,54.02641032958808,1,0,0,0,1,0,0,1,0,0,0,0,0,1,0,0,0,1
1182,1,2,6.519976670615046,0,1,4,88.54435276612823,1,0,1,0,0,0,0,1,0,0,0,0,1,0,0,0,1,0
1183,1,1,30.74325325478372,1,1,2,87.67425105113715,1,0,0,1,0,0,1,0,0,0,0,1,0,0,0,1,0,0
1184,1,4,28.79786079325004,1,0,2,44.551494874921715,1,0,0,0,0,1,0,0,0,1,1,0,0,0,0,0,1,0
1185,1,4,91.50324234710843,1,1,5,24.622035323653655,1,1,1,0,0,0,0,0,0,1,1,0,0,0,0,0,0,1
1186,1,5,86.77820443927635,0,0,3,22.534445025087567,0,1,1,0,0,0,0,1,0,0,0,1,0,0,0,0,1,0
1187,0,3,37.01479183504169,1,1,5,3.3988416759375473,1,0,0,1,0,0,1,0,0,0,0,0,0,1,0,0,1,0
1188,0,3,7.115525588258109,1,0,1,84.26642462959465,0,0,0,1,0,0,0,0,0,1,0,0,0,1,0,0,1,0
1189,1,1,89.41073178047334,0,1,4,26.483803383328798,1,0,0,0,0,1,0,0,0,1,1,0,0,0,0,0,0,1
1190,0,4,88.81899529641872,1,0,1,35.89991410061667,0,0,0,0,0,1,0,1,0,0,0,0,1,0,1,0,0,0
1191,0,5,85.47461320307251,0,0,2,80.92161409340645,0,1,0,1,0,0,0,1,0,0,0,1,0,0,0,0,0,1
1192,0,1,84.50816377355017,0,1,5,12.002405177291042,0,0,0,0,0,1,0,0,0,1,0,0,0,1,1,0,0,0
1193,1,3,48.02540010861547,0,0,1,46.12340788142995,0,1,0,1,0,0,1,0,0,0,0,0,1,0,0,1,0,0
1194,1,4,17.743165224959824,1,1,1,12.234137992133288,1,0,1,0,0,0,0,0,0,1,0,0,1,0,0,1,0,0
1195,0,5,47.74880504624277,1,1,1,44.18485695113246,0,0,0,1,0,0,0,0,0,1,0,0,0,1,0,0,1,0
1196,1,2,49.45977706694649,1,1,2,4.713957362873278,0,0,0,1,0,0,1,0,0,0,0,1,0,0,0,0,1,0
1197,0,4,48.993175324486074,1,0,2,51.76228260134551,1,0,0,0,1,0,0,1,0,0,0,1,0,0,0,0,1,0
1198,0,5,53.877258611511614,1,1,2,79.57097190713888,1,1,0,1,0,0,1,0,0,0,1,0,0,0,0,0,0,1
1199,0,1,25.76570229911551,1,0,1,67.62966747911504,1,1,0,1,0,0,1,0,0,0,1,0,0,0,0,0,1,0
1200,0,2,36.624118113361504,1,1,4,50.916900957740054,0,0,0,0,1,0,1,0,0,0,0,1,0,0,1,0,0,0
1201,1,5,43.41865919634695,1,1,5,82.87587121491553,1,0,0,0,0,1,1,0,0,0,0,0,0,1,0,1,0,0
1202,1,5,13.112120951649986,0,0,5,22.7787974959193,0,0,0,0,1,0,0,1,0,0,0,1,0,0,0,1,0,0
1203,1,3,45.53641345615005,1,0,2,83.07962849842787,0,0,1,0,0,0,0,0,0,1,1,0,0,0,0,1,0,0
1204,0,4,81.0469617069593,1,1,1,27.63634795881761,0,0,0,0,1,0,0,0,1,0,1,0,0,0,1,0,0,0
1205,1,3,82.80595427328763,0,0,4,36.24863412007618,1,0,1,0,0,0,0,1,0,0,1,0,0,0,0,0,1,0
1206,0,2,41.15637719010303,1,1,3,12.843020166049246,0,1,0,0,0,1,1,0,0,0,0,1,0,0,1,0,0,0
1207,1,5,51.88083120843535,0,0,2,10.175475636221886,0,1,0,0,1,0,0,0,0,1,0,1,0,0,1,0,0,0
1208,0,3,3.3650332135056638,1,0,3,93.211151878558,0,0,0,0,1,0,0,0,0,1,0,0,0,1,0,0,0,1
1209,0,4,67.44325564685968,1,1,5,18.997824718497736,1,0,0,0,0,1,1,0,0,0,1,0,0,0,0,0,0,1
1210,0,2,40.4605882946863,0,0,5,33.32961550619476,1,1,1,0,0,0,0,1,0,0,0,0,1,0,0,1,0,0
1211,1,1,44.54776830833458,0,1,4,52.91516989499332,0,1,0,0,1,0,1,0,0,0,0,0,1,0,1,0,0,0
1212,1,3,87.36727271797648,1,1,4,34.78671326031285,0,0,1,0,0,0,0,0,0,1,0,0,0,1,0,1,0,0
1213,1,2,46.183443456060836,0,0,3,87.01332833787791,0,1,0,0,1,0,0,0,0,1,0,0,0,1,1,0,0,0
1214,1,1,2.1192246227852762,1,1,5,90.07147634467724,0,1,0,1,0,0,0,1,0,0,1,0,0,0,0,1,0,0
1215,0,3,22.74908908690624,1,0,4,32.599045739352064,1,0,0,0,1,0,0,0,1,0,0,1,0,0,0,1,0,0
1216,1,2,47.5620614308259,1,0,4,9.202769616671347,0,1,0,0,0,1,1,0,0,0,0,1,0,0,0,0,1,0
1217,1,2,42.43962927485357,1,1,5,21.015823400717704,1,0,0,0,0,1,0,0,1,0,0,0,1,0,0,1,0,0
1218,0,3,86.03701372804807,1,0,5,47.43929207350639,0,1,1,0,0,0,0,0,0,1,1,0,0,0,0,0,0,1
1219,0,2,54.21375093061667,1,1,1,28.848104223372783,0,0,0,0,1,0,0,0,1,0,0,0,1,0,1,0,0,0
1220,0,5,68.9635741915121,0,1,4,45.347223753154495,1,0,1,0,0,0,1,0,0,0,0,0,1,0,0,1,0,0
1221,1,3,46.93232970434701,0,0,3,75.87034997208725,0,0,1,0,0,0,1,0,0,0,1,0,0,0,1,0,0,0
1222,0,2,43.965573405916494,0,0,2,42.06384337756886,0,0,0,1,0,0,0,0,0,1,0,0,0,1,0,1,0,0
1223,0,1,44.62866684743513,1,1,2,19.699745620793863,1,1,0,1,0,0,0,1,0,0,0,0,1,0,0,0,0,1
1224,0,1,41.092156969383886,0,1,5,35.79676405849324,0,0,0,0,0,1,0,1,0,0,0,0,0,1,0,0,1,0
1225,1,5,53.85833858542034,1,1,3,74.29812181485332,1,0,1,0,0,0,0,0,0,1,0,1,0,0,0,0,1,0
1226,0,3,25.044340175360368,0,0,1,42.40621202137779,1,1,0,0,0,1,1,0,0,0,0,0,1,0,1,0,0,0
1227,1,2,89.10551938418209,1,0,4,24.95378529710386,0,0,0,0,1,0,0,1,0,0,1,0,0,0,0,1,0,0
1228,1,2,33.30855480938729,1,1,1,42.741163920733186,1,1,1,0,0,0,0,0,1,0,0,0,0,1,0,0,0,1
1229,0,1,14.752383417734682,1,0,3,45.48066876826597,1,1,1,0,0,0,0,0,0,1,0,1,0,0,1,0,0,0
1230,0,5,9.655047859774513,1,1,1,29.63772047770482,0,0,0,0,1,0,0,0,1,0,0,1,0,0,0,0,1,0
1231,1,1,1.342291512012761,1,0,5,99.5685089193039,0,0,0,0,1,0,1,0,0,0,0,0,1,0,1,0,0,0
1232,0,1,42.28560785668615,0,1,2,76.76260188886573,0,0,0,0,0,1,0,1,0,0,0,1,0,0,1,0,0,0
1233,0,5,18.761098854542468,1,1,5,69.24549869540931,1,0,0,0,0,1,1,0,0,0,1,0,0,0,0,1,0,0
1234,1,3,2.1647902587247914,0,1,4,85.48669845701441,0,0,0,0,1,0,0,0,1,0,0,0,1,0,0,0,0,1
1235,1,2,52.001954628952376,1,1,5,66.64191957654461,1,0,0,0,0,1,1,0,0,0,0,1,0,0,0,0,1,0
1236,0,3,67.99785486507615,1,1,3,79.0980343055112,0,0,0,0,1,0,1,0,0,0,1,0,0,0,0,0,1,0
1237,1,4,8.575105091110435,1,1,3,41.252564451872296,0,0,1,0,0,0,0,0,0,1,0,0,0,1,0,0,0,1
1238,0,4,46.092077291965964,0,0,4,50.03717699093278,0,1,1,0,0,0,0,0,0,1,0,0,0,1,0,1,0,0
1239,0,4,74.36286786007467,1,1,4,4.699638330284939,1,0,0,1,0,0,1,0,0,0,0,0,1,0,0,0,0,1
1240,0,5,98.58068210084251,0,1,2,28.064639140881575,1,0,1,0,0,0,0,0,0,1,1,0,0,0,0,0,0,1
1241,1,1,66.71903446425608,1,1,1,36.801240923331605,1,1,0,0,1,0,1,0,0,0,0,1,0,0,0,1,0,0
1242,0,3,24.483955080952057,0,1,2,62.547022541932975,0,0,0,0,0,1,0,0,1,0,0,0,1,0,0,1,0,0
1243,0,2,71.65536397789995,0,1,5,46.42112847939034,0,1,0,1,0,0,0,0,0,1,0,0,1,0,0,0,1,0
1244,0,4,59.792942681983,0,0,1,60.783826242329944,0,0,0,0,0,1,1,0,0,0,0,1,0,0,0,0,1,0
1245,1,3,21.179928858154774,1,1,4,71.33273345138818,0,0,0,0,1,0,0,0,0,1,1,0,0,0,0,1,0,0
1246,1,4,85.11108258475547,1,1,3,4.271866766767052,0,1,1,0,0,0,1,0,0,0,0,1,0,0,1,0,0,0
1247,1,4,42.740442722760086,0,1,5,25.82777470036145,0,1,0,1,0,0,0,0,0,1,0,0,0,1,0,0,1,0
1248,1,2,96.19776547341259,1,1,2,17.09038725447324,0,0,0,0,1,0,0,1,0,0,0,0,1,0,0,1,0,0
1249,1,5,72.2901007447778,1,0,4,18.745511917097126,1,0,0,1,0,0,1,0,0,0,0,0,0,1,0,1,0,0
1250,0,1,64.45631546318221,1,0,1,50.31253956319915,0,1,0,1,0,0,0,1,0,0,0,0,1,0,1,0,0,0
1251,1,5,72.83528374765619,0,1,1,73.99787764999253,0,1,1,0,0,0,1,0,0,0,0,1,0,0,0,0,0,1
1252,1,3,47.80970188182215,0,1,3,27.277703392537735,1,0,0,0,1,0,0,1,0,0,1,0,0,0,0,1,0,0
1253,1,5,50.5226477801674,1,0,4,82.44492381357122,0,0,0,0,0,1,1,0,0,0,0,1,0,0,1,0,0,0
1254,0,3,85.12073854447439,0,1,4,89.24565172085738,0,1,0,1,0,0,0,0,0,1,0,0,0,1,1,0,0,0
1255,1,3,68.09285366435029,1,0,5,35.05338720203524,1,0,0,1,0,0,0,1,0,0,1,0,0,0,0,0,1,0
1256,1,1,89.72433251916418,1,1,5,68.13565389542252,0,1,0,0,0,1,0,0,0,1,1,0,0,0,0,1,0,0
1257,0,2,89.08267535742685,0,0,1,11.70492940851081,1,0,0,0,1,0,1,0,0,0,0,0,1,0,0,0,1,0
1258,1,1,97.64900340442492,0,0,2,74.40282854858219,0,0,0,1,0,0,0,0,0,1,1,0,0,0,0,0,0,1
1259,0,5,70.02146588453341,1,1,1,16.50238754766188,1,0,0,1,0,0,1,0,0,0,0,0,1,0,0,0,0,1
1260,0,3,50.2301717661742,1,1,5,68.74158037710208,0,0,0,1,0,0,0,0,0,1,1,0,0,0,0,0,1,0
1261,0,4,16.631170020908236,1,1,5,42.190000346018444,1,1,0,0,1,0,0,1,0,0,1,0,0,0,0,0,1,0
1262,0,4,70.53805596474173,0,1,5,92.84563216185407,0,0,0,0,1,0,1,0,0,0,0,0,1,0,0,1,0,0
1263,0,3,29.15777167599307,0,0,1,46.44605818323973,1,1,0,0,0,1,0,0,0,1,1,0,0,0,0,1,0,0
1264,1,1,28.294756803733122,1,0,4,3.090281746759471,0,1,0,0,1,0,1,0,0,0,0,1,0,0,0,1,0,0
1265,0,2,23.82877764480681,1,1,2,48.0669036245897,0,0,0,0,1,0,1,0,0,0,1,0,0,0,0,0,0,1
1266,0,1,87.51220573514502,0,0,2,79.5498743859993,0,0,1,0,0,0,1,0,0,0,0,0,0,1,0,0,1,0
1267,1,3,86.79644466821583,1,1,5,64.70843308868498,1,0,0,0,0,1,0,0,1,0,0,0,1,0,1,0,0,0
1268,0,3,63.09704448700582,0,1,3,96.63151966146741,1,0,0,1,0,0,1,0,0,0,0,0,1,0,0,0,1,0
1269,1,2,47.29809813707359,0,1,1,84.32724900647457,0,0,0,0,1,0,0,0,0,1,0,1,0,0,1,0,0,0
1270,1,5,67.21144600987991,1,0,4,52.655166289756295,0,0,0,1,0,0,0,0,1,0,0,0,0,1,0,1,0,0
1271,1,5,60.72294502983907,1,1,5,20.652056560539812,1,0,0,1,0,0,0,0,0,1,1,0,0,0,0,1,0,0
1272,0,2,41.57342483233874,0,0,3,0.37746298221230656,1,0,1,0,0,0,0,0,1,0,0,1,0,0,0,0,1,0
1273,0,5,37.963086748563434,1,1,5,98.05023970013681,1,1,0,0,1,0,1,0,0,0,1,0,0,0,1,0,0,0
1274,0,4,38.27943081453502,0,0,3,93.83196983026701,1,0,0,0,0,1,0,1,0,0,0,1,0,0,0,0,0,1
1275,1,5,58.913340315603826,0,0,2,27.414399407519284,1,0,0,0,1,0,0,1,0,0,0,0,1,0,0,1,0,0
1276,0,5,64.76693561208259,0,0,3,63.82157862237271,1,1,0,1,0,0,1,0,0,0,0,0,0,1,0,1,0,0
1277,0,5,45.1741753515442,1,0,2,72.92395628861537,0,1,0,0,0,1,0,0,1,0,0,0,1,0,0,0,1,0
1278,0,4,96.8691450213043,1,1,2,57.8013461032595,0,0,0,0,1,0,0,0,0,1,0,1,0,0,0,0,1,0
1279,1,5,8.384571800448104,1,0,1,84.29616748380978,0,0,0,1,0,0,0,1,0,0,1,0,0,0,0,0,0,1
1280,1,4,34.704702595377704,0,0,3,7.782464843201375,1,1,0,1,0,0,1,0,0,0,0,0,0,1,0,0,1,0
1281,0,2,41.9074683125441,0,1,4,89.64940341502134,1,0,1,0,0,0,1,0,0,0,1,0,0,0,0,0,0,1
1282,0,1,1.6921343464943117,0,0,4,39.20190111664921,0,1,1,0,0,0,0,0,1,0,0,0,1,0,1,0,0,0
1283,0,2,36.49571876682251,0,1,3,48.06900215747915,0,0,1,0,0,0,0,1,0,0,1,0,0,0,0,0,0,1
1284,0,1,27.370991717284255,1,0,1,44.47336504216721,1,0,0,1,0,0,1,0,0,0,0,1,0,0,1,0,0,0
1285,1,2,50.60362702274808,1,1,4,53.12862229693549,0,1,0,0,1,0,0,1,0,0,0,0,0,1,0,1,0,0
1286,1,1,33.64105471832693,1,0,5,59.81684718857535,0,0,1,0,0,0,0,0,0,1,0,0,0,1,0,0,1,0
1287,1,1,72.61821349464613,0,0,4,71.0343432979192,1,0,0,0,1,0,1,0,0,0,0,0,0,1,0,1,0,0
1288,1,3,50.99324954076485,0,0,1,52.49403390752041,0,0,1,0,0,0,1,0,0,0,0,1,0,0,0,0,0,1
1289,0,1,12.976223349626437,1,0,2,68.47732560088903,0,1,0,0,0,1,0,0,0,1,1,0,0,0,0,0,0,1
1290,0,1,75.00613241443472,0,1,2,33.829744359070055,1,1,0,0,0,1,1,0,0,0,0,0,0,1,0,0,0,1
1291,0,3,9.92288960826766,1,0,2,93.66808702579868,1,1,1,0,0,0,0,0,1,0,0,0,1,0,1,0,0,0
1292,1,5,83.90491680793573,0,1,1,6.453101979976916,1,0,0,1,0,0,0,0,0,1,0,0,1,0,0,1,0,0
1293,0,5,93.14221940862194,0,1,2,54.55406085610935,1,0,1,0,0,0,0,0,1,0,0,0,1,0,0,1,0,0
1294,1,3,32.24452901848539,0,1,2,8.739617602171467,0,1,1,0,0,0,0,0,0,1,0,0,1,0,0,0,0,1
1295,1,4,92.61426332629308,0,1,1,44.276703603693036,0,0,0,1,0,0,0,0,0,1,0,0,1,0,0,0,1,0
1296,0,1,79.30081591225382,0,0,5,25.75823576528299,1,0,0,0,0,1,0,0,1,0,0,1,0,0,0,1,0,0
1297,0,1,92.243561100377,1,0,4,93.69034495826476,1,0,0,0,1,0,0,0,0,1,1,0,0,0,0,0,1,0
1298,0,3,66.62701369208477,1,0,1,1.307538638594341,1,1,1,0,0,0,0,1,0,0,0,1,0,0,0,1,0,0
1299,1,3,23.564403942142185,1,0,1,39.120363114145704,0,0,0,1,0,0,0,0,1,0,0,0,1,0,0,0,0,1
1300,0,4,89.45232369109726,0,0,3,78.20427497069545,0,0,1,0,0,0,0,0,0,1,0,0,1,0,0,0,0,1
1301,1,5,18.42650761707437,1,0,2,18.846141265146578,0,1,0,1,0,0,0,0,1,0,0,0,0,1,0,1,0,0
1302,0,2,21.30605510175355,1,1,5,81.55882046662529,1,0,0,0,1,0,0,0,0,1,0,0,0,1,1,0,0,0
1303,1,5,27.106299014036374,0,1,3,85.97250878248238,1,0,0,0,1,0,0,0,0,1,1,0,0,0,1,0,0,0
1304,1,1,30.424631148658467,0,0,5,70.80029996457701,0,1,0,0,0,1,0,1,0,0,1,0,0,0,0,1,0,0
1305,0,3,51.447964213103056,1,0,2,20.906918242617078,0,0,0,1,0,0,0,1,0,0,1,0,0,0,0,0,0,1
1306,1,4,71.3457360434044,1,0,2,27.203865658156236,1,0,0,1,0,0,0,1,0,0,0,1,0,0,0,1,0,0
1307,1,5,92.62081744006836,1,1,2,16.693472869536198,1,0,0,0,0,1,0,0,0,1,0,0,0,1,0,0,1,0
1308,0,4,8.843758733550244,1,0,4,18.406373720139968,1,0,0,0,0,1,0,1,0,0,1,0,0,0,0,0,0,1
1309,1,5,95.43693622282359,1,0,5,3.649229647537533,1,0,0,1,0,0,0,0,1,0,0,0,0,1,1,0,0,0
1310,0,1,92.13229670968134,0,0,5,85.73150811982664,1,0,0,0,0,1,0,0,0,1,0,0,0,1,1,0,0,0
1311,1,2,5.399929218103894,1,1,3,52.85022874278358,1,0,0,0,1,0,0,0,1,0,0,0,0,1,0,1,0,0
1312,0,4,36.03211376915627,1,1,1,32.77592238870516,1,0,1,0,0,0,0,1,0,0,0,0,0,1,0,0,1,0
1313,0,4,81.31433902993365,1,0,2,28.957699606340803,1,1,0,0,1,0,0,0,0,1,0,0,0,1,0,0,0,1
1314,1,2,61.15765454794011,1,1,2,54.46962964475864,0,1,0,0,0,1,0,0,1,0,0,0,0,1,1,0,0,0
1315,1,4,77.90939433817704,1,1,3,32.66848217899491,0,1,0,1,0,0,1,0,0,0,0,1,0,0,0,1,0,0
1316,1,4,71.90333387898875,1,1,5,86.37179750103479,0,0,0,1,0,0,0,0,1,0,0,0,1,0,0,1,0,0
1317,1,5,49.67701131271636,0,0,4,21.09574350369108,1,0,0,0,1,0,0,0,0,1,0,0,0,1,0,0,0,1
1318,1,5,4.121804595169953,0,0,5,88.23017914128528,0,1,0,1,0,0,1,0,0,0,0,1,0,0,0,1,0,0
1319,0,2,58.4268202064501,0,1,4,66.40924530034292,0,0,0,0,0,1,0,1,0,0,1,0,0,0,0,1,0,0
1320,1,1,4.856665305929598,1,1,4,95.66292204549701,0,1,0,0,1,0,0,1,0,0,0,1,0,0,0,1,0,0
1321,0,4,60.37267175351309,1,1,5,1.5107241635693436,1,0,0,1,0,0,0,0,1,0,0,1,0,0,1,0,0,0
1322,0,1,80.04108624936782,0,0,2,5.909556571115648,1,0,1,0,0,0,0,1,0,0,0,1,0,0,1,0,0,0
1323,1,2,58.49917487019186,1,1,4,50.08945939365732,1,0,1,0,0,0,0,0,1,0,0,0,0,1,0,0,1,0
1324,0,2,99.70218045616971,1,1,3,91.23788300320483,0,0,0,0,0,1,0,0,1,0,1,0,0,0,0,0,0,1
1325,0,5,45.58665001804331,1,0,3,73.0794951530145,0,0,0,1,0,0,0,0,1,0,0,1,0,0,0,0,0,1
1326,0,4,74.88274636039874,0,1,4,62.21359325193333,1,0,0,0,0,1,0,0,1,0,1,0,0,0,0,0,0,1
1327,0,3,66.72132917419074,0,1,2,3.160215566018376,0,0,0,0,1,0,0,0,0,1,0,1,0,0,0,0,0,1
1328,1,2,99.14316915580879,0,0,4,35.41637884126093,0,1,1,0,0,0,0,0,0,1,0,0,0,1,0,1,0,0
1329,0,4,71.32190050771051,1,1,3,34.58528929028573,1,0,0,0,1,0,1,0,0,0,0,1,0,0,0,0,0,1
1330,1,1,16.40307314593894,0,1,3,54.208568225990575,1,1,0,1,0,0,1,0,0,0,0,1,0,0,0,0,1,0
1331,1,5,95.55177064172409,0,1,5,25.782777934676183,1,0,0,0,0,1,0,1,0,0,1,0,0,0,0,0,0,1
1332,0,1,66.77772264457613,0,1,2,26.715571517776006,1,0,0,0,0,1,0,0,0,1,1,0,0,0,0,0,0,1
1333,1,2,5.933823080638989,1,0,5,62.08608000767594,1,1,0,0,0,1,1,0,0,0,1,0,0,0,0,1,0,0
1334,1,2,65.75683057846125,0,0,1,94.45675433141567,1,1,0,0,1,0,0,0,0,1,0,0,1,0,0,1,0,0
1335,1,1,88.3119406674775,0,0,4,66.01791036366953,1,0,1,0,0,0,0,0,0,1,1,0,0,0,0,1,0,0
1336,0,2,57.70418619900251,1,1,5,66.81301239810351,1,0,0,0,1,0,0,1,0,0,0,1,0,0,0,0,1,0
1337,1,4,35.40196380320112,0,0,2,98.62148133881156,1,0,0,0,1,0,0,1,0,0,0,0,1,0,0,1,0,0
1338,1,2,82.09096340706161,1,0,4,15.347816706979012,1,0,0,1,0,0,0,0,1,0,1,0,0,0,0,0,0,1
1339,1,5,78.25120082058294,1,1,4,3.3834774200360407,1,1,0,1,0,0,0,0,0,1,0,0,0,1,0,0,1,0
1340,0,4,54.41821542313008,0,0,4,74.55139507462982,1,0,0,1,0,0,0,0,1,0,1,0,0,0,1,0,0,0
1341,1,3,15.436176989590034,0,1,4,43.87874331898721,0,0,1,0,0,0,0,0,1,0,0,0,0,1,0,1,0,0
1342,0,2,25.09864855231814,0,1,4,42.88233547520063,1,0,1,0,0,0,0,0,1,0,0,0,1,0,0,0,1,0
1343,0,2,73.84839721861057,1,1,2,22.530337636303233,0,0,0,1,0,0,0,0,0,1,0,0,0,1,1,0,0,0
1344,0,5,80.60821653949274,0,0,1,50.68630405190385,0,0,0,1,0,0,0,0,0,1,0,0,1,0,0,1,0,0
1345,0,5,27.926527804098978,0,0,3,44.217234372487326,0,0,1,0,0,0,0,0,1,0,0,0,0,1,1,0,0,0
1346,0,1,36.798507718678664,0,1,1,34.54500078463286,1,0,0,0,0,1,0,0,0,1,1,0,0,0,0,1,0,0
1347,0,1,7.763188524979514,1,0,3,44.27451593384188,1,0,1,0,0,0,0,0,1,0,0,0,1,0,0,0,1,0
1348,1,1,71.34619483664999,1,1,5,38.38347707228898,1,1,1,0,0,0,1,0,0,0,0,1,0,0,0,1,0,0
1349,0,5,0.3577544600031346,1,0,4,93.98963580895366,1,0,1,0,0,0,0,0,0,1,0,1,0,0,0,1,0,0
1350,1,1,4.654152121906807,0,0,5,98.02516574758353,0,1,0,1,0,0,0,1,0,0,0,1,0,0,0,0,1,0
1351,1,1,0.4344067784089911,0,0,5,83.9900932511754,0,0,0,0,0,1,0,1,0,0,1,0,0,0,0,0,1,0
1352,0,3,64.53195833376168,1,0,3,99.0414091012125,1,0,1,0,0,0,0,0,1,0,0,1,0,0,0,0,0,1
1353,1,1,41.738712770054654,0,0,2,26.571942902918,1,1,0,1,0,0,1,0,0,0,0,0,1,0,0,0,0,1
1354,1,2,29.754676134333025,0,1,4,84.29251099189396,1,0,0,0,1,0,0,0,0,1,0,1,0,0,0,0,1,0
1355,1,5,91.27010103571104,1,0,5,40.662901190262104,1,1,0,0,1,0,0,0,1,0,0,0,1,0,0,1,0,0
1356,1,4,19.280279467660666,1,0,1,74.61363977777535,0,1,1,0,0,0,1,0,0,0,0,1,0,0,1,0,0,0
1357,0,3,38.936801038140054,1,0,4,20.139264063047325,1,0,0,0,1,0,1,0,0,0,0,0,0,1,0,0,1,0
1358,1,5,94.03118009277517,0,0,2,81.19560897413074,0,1,0,0,0,1,0,0,0,1,0,0,1,0,1,0,0,0
1359,0,5,42.71065628370424,0,0,4,8.346442615691952,1,0,0,0,1,0,0,1,0,0,0,1,0,0,0,0,0,1
1360,1,2,55.46936856470578,0,1,5,27.055770671640367,1,0,0,0,1,0,0,1,0,0,0,1,0,0,0,0,0,1
1361,1,1,8.033686656948758,1,1,1,82.19526168471556,1,1,0,0,0,1,1,0,0,0,0,1,0,0,0,0,1,0
1362,0,2,79.01663868934622,1,1,5,74.71592218218515,1,0,1,0,0,0,0,1,0,0,0,0,1,0,0,0,1,0
1363,1,1,42.27587770882381,0,0,2,50.12467549912893,1,1,1,0,0,0,1,0,0,0,0,0,1,0,0,1,0,0
1364,1,1,80.05151245984834,1,0,3,67.2792774290209,1,0,0,0,0,1,1,0,0,0,0,1,0,0,0,0,0,1
1365,1,5,25.379764255599213,1,1,1,18.557402449592963,0,0,0,0,0,1,1,0,0,0,0,0,0,1,0,0,0,1
1366,0,1,42.247875056141005,0,1,2,66.776362234628,0,0,0,0,0,1,0,1,0,0,0,0,1,0,0,0,1,0
1367,1,3,78.65489363650103,1,1,2,0.7976167341492535,1,0,0,0,1,0,0,0,1,0,0,0,1,0,1,0,0,0
1368,0,3,97.38777670436397,0,1,5,83.32158673815061,0,0,0,0,0,1,0,1,0,0,0,0,0,1,0,1,0,0
1369,1,3,5.9625524387268865,1,0,5,51.62876079989436,1,0,0,1,0,0,0,0,1,0,1,0,0,0,0,0,1,0
1370,0,5,81.24561774189043,0,1,5,94.38784516095818,0,0,0,0,1,0,0,1,0,0,0,0,0,1,1,0,0,0
1371,0,2,30.068906762711023,1,0,3,47.81642673227818,1,1,1,0,0,0,0,0,0,1,0,1,0,0,0,1,0,0
1372,1,4,55.07432808910722,0,1,4,43.30872823263411,0,0,1,0,0,0,0,0,0,1,0,0,1,0,1,0,0,0
1373,1,1,29.009226495074792,1,0,4,45.005281239781404,1,0,1,0,0,0,0,1,0,0,0,0,1,0,0,1,0,0
1374,0,4,61.34454725679902,1,0,5,35.97286202752961,0,0,0,0,1,0,0,0,0,1,0,0,1,0,0,1,0,0
1375,0,2,35.38028306439755,1,0,5,16.667508384265396,0,0,0,1,0,0,0,0,0,1,0,0,1,0,0,1,0,0
1376,1,2,33.36148909776815,1,1,3,84.20627269455056,1,0,0,0,0,1,0,0,0,1,1,0,0,0,0,0,0,1
1377,0,5,3.7938312935935525,1,0,4,38.90854077582948,1,0,0,0,0,1,0,0,0,1,0,0,1,0,0,0,1,0
1378,1,3,14.696040590381154,0,0,3,52.910842818885854,1,0,1,0,0,0,0,0,1,0,0,0,1,0,0,0,0,1
1379,1,3,91.70781988654788,0,1,2,1.9886916463436433,1,0,1,0,0,0,1,0,0,0,1,0,0,0,0,0,0,1
1380,1,2,99.82774288732463,0,1,4,6.025387271399907,1,0,0,0,1,0,0,0,1,0,0,1,0,0,0,1,0,0
1381,1,5,78.05205758696064,1,1,5,59.71832294778445,0,1,0,1,0,0,1,0,0,0,0,1,0,0,0,0,1,0
1382,0,5,28.681262477348678,0,1,1,87.92280825136089,1,1,0,0,0,1,1,0,0,0,1,0,0,0,0,0,1,0
1383,1,1,40.244513844359254,1,1,2,49.33958280260745,1,0,0,0,1,0,0,1,0,0,0,1,0,0,0,0,1,0
1384,0,3,73.95034549060827,1,1,1,16.497458060506332,0,0,0,0,0,1,0,1,0,0,0,1,0,0,0,0,1,0
1385,1,2,96.85135568831981,0,0,3,11.61273143659689,0,0,1,0,0,0,0,1,0,0,0,0,0,1,0,1,0,0
1386,0,4,45.54711707293676,0,0,3,89.97880013929239,0,1,0,0,0,1,0,1,0,0,0,0,0,1,0,0,1,0
1387,1,3,82.95224152883746,1,1,3,70.1637854015257,1,1,0,1,0,0,0,1,0,0,0,0,0,1,1,0,0,0
1388,0,1,97.50689225987169,1,1,5,96.61955545114573,1,0,0,1,0,0,0,0,1,0,1,0,0,0,1,0,0,0
1389,0,5,87.34731710560042,0,0,3,8.234862134389964,0,0,1,0,0,0,0,0,1,0,0,0,1,0,0,0,0,1
1390,1,2,22.714974677132695,0,0,1,90.26128550234131,0,1,0,1,0,0,0,0,0,1,1,0,0,0,0,1,0,0
1391,1,3,0.8031863875622935,1,0,2,84.56323125268159,1,0,0,1,0,0,0,0,1,0,1,0,0,0,0,0,0,1
1392,1,4,49.208170538841514,1,1,5,89.31851829241538,0,1,0,0,1,0,0,0,1,0,1,0,0,0,0,0,0,1
1393,1,1,53.136083169526685,0,0,2,0.5762956607139547,1,0,0,0,0,1,0,1,0,0,1,0,0,0,0,0,1,0
1394,0,1,20.125036455116962,1,0,3,74.19034805271947,0,1,1,0,0,0,0,0,0,1,0,0,0,1,1,0,0,0
1395,1,3,28.467439194681766,1,1,4,54.8938114161639,0,1,1,0,0,0,0,0,1,0,1,0,0,0,1,0,0,0
1396,0,4,76.51531608485469,0,1,5,57.31794337584197,1,0,1,0,0,0,0,0,1,0,0,0,0,1,0,0,1,0
1397,0,1,47.03472587131338,0,1,3,46.92019873527556,0,0,1,0,0,0,0,0,0,1,0,0,1,0,0,0,1,0
1398,1,2,31.735408360025662,1,0,5,74.26769177482193,0,1,1,0,0,0,1,0,0,0,0,1,0,0,0,1,0,0
1399,0,1,62.262602736191944,1,1,4,99.98392904764046,1,1,0,1,0,0,0,1,0,0,0,0,0,1,1,0,0,0
1400,0,4,65.27597559761253,0,0,1,71.05383592741634,1,0,0,0,1,0,0,0,1,0,1,0,0,0,0,0,0,1
1401,0,5,76.93957768408022,1,0,1,67.8050416039323,0,0,1,0,0,0,0,0,1,0,0,0,1,0,0,0,0,1
1402,0,5,15.670929576291915,0,1,1,65.44377156800809,1,1,0,0,1,0,0,0,0,1,1,0,0,0,0,1,0,0
1403,1,3,74.15172523269902,1,0,4,69.52116698473576,1,0,0,0,1,0,0,0,1,0,0,0,1,0,1,0,0,0
1404,1,4,59.94283921104186,0,1,2,34.211246743083244,1,0,0,1,0,0,0,1,0,0,0,1,0,0,0,0,1,0
1405,1,1,5.7571865302797125,1,1,4,32.02197436664187,0,1,1,0,0,0,0,0,1,0,0,0,1,0,0,0,0,1
1406,1,1,77.7445628253411,1,1,4,78.43379782705064,0,0,0,1,0,0,1,0,0,0,0,0,1,0,1,0,0,0
1407,0,5,38.30802813331851,1,1,3,5.308801735296553,0,1,1,0,0,0,0,1,0,0,0,1,0,0,1,0,0,0
1408,0,5,33.038093432963755,0,0,1,75.92477382033839,0,1,0,1,0,0,1,0,0,0,0,1,0,0,1,0,0,0
1409,1,2,44.80751515816343,0,1,5,81.38415851695684,0,1,0,0,1,0,0,0,0,1,0,0,1,0,0,0,1,0
1410,1,5,34.61750773061291,0,0,2,52.15979595862677,0,0,1,0,0,0,0,1,0,0,1,0,0,0,0,0,0,1
1411,1,2,33.828559220990904,1,0,5,91.01480954130152,0,1,0,0,0,1,0,0,1,0,0,0,0,1,0,0,1,0
1412,0,1,80.80776677006256,1,1,3,47.308743714718446,1,0,0,0,1,0,0,1,0,0,1,0,0,0,1,0,0,0
1413,1,2,12.450525436569226,0,0,3,17.808666809584437,1,0,0,0,0,1,0,1,0,0,0,0,0,1,1,0,0,0
1414,1,2,97.06000678574586,0,1,2,36.13986487066728,0,0,0,0,1,0,0,1,0,0,0,1,0,0,0,0,0,1
1415,1,3,55.49316443743433,1,1,5,90.58675059310862,0,0,0,1,0,0,1,0,0,0,1,0,0,0,0,0,0,1
1416,0,5,18.29239984213129,1,1,2,99.3738288324387,1,0,1,0,0,0,0,0,0,1,0,1,0,0,0,0,1,0
1417,0,2,13.121548293168651,1,0,2,42.18539669894834,0,1,0,0,1,0,0,1,0,0,0,0,1,0,0,0,1,0
1418,0,1,59.150953213498255,1,1,1,16.684654559365786,0,1,0,1,0,0,0,0,1,0,0,0,1,0,0,0,1,0
1419,0,4,63.29994438469279,0,1,5,28.632928023413783,0,1,1,0,0,0,0,1,0,0,1,0,0,0,1,0,0,0
1420,0,2,5.302577102981076,0,0,1,55.3296342513964,1,1,1,0,0,0,0,1,0,0,0,1,0,0,0,0,0,1
1421,0,5,24.30019141287858,1,1,1,57.209591827714654,1,0,0,0,1,0,0,0,0,1,1,0,0,0,0,1,0,0
1422,0,3,79.54619212214673,1,1,1,63.005940669358,1,0,1,0,0,0,0,0,1,0,1,0,0,0,0,0,0,1
1423,0,1,4.96246277435255,1,1,4,83.5353372572547,0,0,0,0,1,0,0,0,1,0,0,0,0,1,0,0,0,1
1424,1,3,85.50886639060361,0,1,3,71.12141516880277,1,0,1,0,0,0,1,0,0,0,0,0,1,0,0,0,0,1
1425,1,4,65.81624765263335,0,1,3,26.084022650250695,1,0,0,0,0,1,0,0,1,0,1,0,0,0,0,1,0,0
1426,0,2,43.44232593632048,1,1,4,39.50440606960004,0,0,0,1,0,0,0,0,1,0,0,0,1,0,0,0,1,0
1427,0,2,34.64328489709159,1,0,2,83.98165838040134,0,0,0,0,0,1,0,0,1,0,0,0,0,1,0,1,0,0
1428,1,5,1.9248963848893963,1,1,5,63.338267060571106,0,0,0,0,1,0,0,1,0,0,0,1,0,0,0,0,0,1
1429,0,2,82.5214945751843,1,1,5,16.641804824472352,0,0,0,0,0,1,1,0,0,0,1,0,0,0,0,0,0,1
1430,0,1,14.272185396853809,1,1,5,32.55388040803185,1,0,0,0,1,0,0,0,1,0,0,0,1,0,1,0,0,0
1431,0,4,30.954199186208808,1,1,1,79.10909124309013,1,0,1,0,0,0,0,0,1,0,1,0,0,0,0,0,0,1
1432,1,3,56.91069803628038,0,0,5,17.209412332338058,0,0,1,0,0,0,0,0,1,0,0,1,0,0,0,1,0,0
1433,1,4,24.599260007125423,0,1,5,69.10506527207795,0,0,0,0,1,0,0,1,0,0,1,0,0,0,0,1,0,0
1434,1,2,49.714046375220136,0,0,5,56.35365362315731,0,0,0,0,0,1,0,1,0,0,1,0,0,0,0,1,0,0
1435,1,3,80.93428287387023,1,1,3,14.747490640114513,0,0,1,0,0,0,1,0,0,0,0,0,1,0,0,0,1,0
1436,1,5,47.05379347902748,1,1,4,68.88789240309364,0,0,0,1,0,0,0,0,0,1,0,1,0,0,1,0,0,0
1437,0,4,94.8977344119596,1,0,2,14.234897065516972,1,0,1,0,0,0,1,0,0,0,0,0,0,1,0,0,1,0
1438,1,3,84.75006203763417,0,0,4,39.843557910968116,0,0,0,1,0,0,0,1,0,0,0,1,0,0,0,1,0,0
1439,0,3,33.30392353633942,1,1,5,30.85599245245203,1,0,0,0,0,1,0,0,1,0,0,1,0,0,0,0,1,0
1440,0,3,39.99621245839378,0,1,2,69.00099526869575,0,0,0,1,0,0,0,0,1,0,0,0,0,1,1,0,0,0
1441,1,1,42.332672702252715,1,1,2,78.23623566066523,1,0,0,1,0,0,1,0,0,0,1,0,0,0,1,0,0,0
1442,1,4,62.61794529245147,1,1,4,16.83165819559135,0,1,0,1,0,0,0,0,1,0,0,0,1,0,1,0,0,0
1443,0,3,28.679572918853978,1,1,4,81.19967425989417,0,0,0,1,0,0,0,1,0,0,1,0,0,0,1,0,0,0
1444,0,4,96.92491388225086,0,1,4,0.7214055994557822,1,0,1,0,0,0,1,0,0,0,1,0,0,0,0,1,0,0
1445,0,3,60.86842206035009,0,0,4,53.0058547342533,1,0,0,1,0,0,0,0,0,1,0,0,0,1,0,0,0,1
1446,1,5,39.940165874113355,0,1,1,51.67888898746739,1,1,1,0,0,0,0,1,0,0,0,0,0,1,0,1,0,0
1447,1,5,64.50098154915673,1,1,3,62.38214307518197,1,1,0,1,0,0,0,1,0,0,1,0,0,0,0,1,0,0
1448,1,5,39.54050105297077,0,1,3,23.970053033467497,1,0,0,0,1,0,0,0,1,0,0,1,0,0,0,1,0,0
1449,1,2,81.77956809794189,1,0,5,0.9856829930201427,1,1,0,0,0,1,0,1,0,0,0,0,1,0,0,1,0,0
1450,1,3,56.78409605517213,1,0,1,45.47629161413994,1,0,0,1,0,0,0,1,0,0,0,1,0,0,0,0,1,0
1451,0,2,4.197050340606701,0,0,2,7.140621125825453,1,1,0,0,1,0,0,0,0,1,1,0,0,0,1,0,0,0
1452,1,4,17.675686742346073,0,1,4,89.21938868068682,0,0,0,1,0,0,0,0,1,0,1,0,0,0,0,0,0,1
1453,0,2,86.49939730295347,1,0,5,17.36663256891734,0,0,0,1,0,0,0,1,0,0,0,0,1,0,0,0,0,1
1454,0,4,56.289982635678996,1,1,2,42.523296749866056,0,0,0,1,0,0,0,0,1,0,0,1,0,0,0,0,0,1
1455,0,4,95.0343476513905,1,1,3,43.40003902403837,1,1,0,0,1,0,0,1,0,0,1,0,0,0,0,1,0,0
1456,1,4,7.242231286068479,1,1,2,55.28646478382048,1,1,0,0,0,1,0,0,0,1,1,0,0,0,1,0,0,0
1457,1,2,29.52606300859739,0,1,4,78.25323487703972,0,0,0,0,1,0,0,0,1,0,0,0,0,1,1,0,0,0
1458,1,3,19.35433732395726,0,1,4,47.21481505087796,1,0,0,0,0,1,0,0,1,0,0,0,1,0,0,0,0,1
1459,0,2,55.38402922287362,0,1,3,2.575326722047311,0,0,0,1,0,0,0,0,0,1,0,0,0,1,0,0,0,1
1460,0,3,38.279283107990935,1,1,4,77.11104111750895,1,1,1,0,0,0,1,0,0,0,0,0,0,1,0,1,0,0
1461,0,3,15.727353407639322,1,0,1,8.21733146208915,1,0,0,1,0,0,0,1,0,0,0,0,0,1,0,0,0,1
1462,0,4,64.27519139595469,1,0,5,64.15532922588642,1,0,0,0,0,1,0,1,0,0,1,0,0,0,0,1,0,0
1463,0,2,53.62983657971865,0,0,3,80.34295086518955,1,0,0,0,1,0,1,0,0,0,0,1,0,0,0,0,0,1
1464,0,3,27.473625129630097,1,1,3,28.269017248104376,0,0,0,1,0,0,0,0,1,0,0,0,0,1,1,0,0,0
1465,1,5,47.97713577823778,1,0,2,44.91064816840312,0,0,0,0,1,0,0,0,1,0,0,1,0,0,1,0,0,0
1466,1,3,74.57383150411894,0,1,3,1.4335842185816627,0,0,0,0,1,0,0,0,0,1,1,0,0,0,1,0,0,0
1467,1,5,20.527167455065854,0,0,5,80.38751995898853,1,0,0,0,1,0,0,0,0,1,0,0,0,1,0,0,1,0
1468,1,2,29.29057467017291,1,0,1,70.32610899208193,0,0,0,1,0,0,0,0,0,1,1,0,0,0,0,0,0,1
1469,0,2,34.611098709411515,0,1,2,23.138739438784306,0,0,0,0,1,0,1,0,0,0,0,0,0,1,0,0,1,0
1470,0,2,74.67264372010317,1,0,5,39.02261978657893,0,1,0,0,1,0,1,0,0,0,0,0,0,1,1,0,0,0
1471,1,3,84.6922599550907,0,1,3,69.53165018011114,0,0,0,1,0,0,0,0,1,0,1,0,0,0,0,0,0,1
1472,0,1,37.638849644161084,1,0,4,35.816312185120665,0,1,0,0,1,0,0,0,0,1,0,0,1,0,0,0,1,0
1473,1,3,29.66208618339182,0,0,4,16.24147755576998,0,0,0,1,0,0,0,0,1,0,0,0,1,0,1,0,0,0
1474,1,3,88.94467583516771,0,0,5,51.850552887790826,1,0,0,0,0,1,1,0,0,0,0,1,0,0,1,0,0,0
1475,1,4,99.93649321926787,0,1,1,72.35675702864398,1,1,0,0,0,1,0,1,0,0,0,1,0,0,0,0,0,1
1476,0,4,67.0353639661799,0,1,4,32.080950700294586,1,0,0,0,0,1,0,0,1,0,1,0,0,0,0,0,0,1
1477,1,3,98.99806149891808,1,0,5,12.177227164445782,1,0,0,0,1,0,1,0,0,0,1,0,0,0,0,1,0,0
1478,1,5,65.99662778019099,1,0,2,82.95441618119767,0,0,1,0,0,0,0,0,0,1,1,0,0,0,0,0,0,1
1479,1,4,73.34602720078249,0,1,3,25.28018664471231,0,1,1,0,0,0,0,1,0,0,0,0,1,0,1,0,0,0
1480,0,3,38.86560015435136,1,0,1,51.281495410660646,1,0,0,0,1,0,0,1,0,0,0,0,1,0,0,1,0,0
1481,0,1,43.29675469990535,0,0,1,69.1343149489243,0,0,1,0,0,0,0,1,0,0,0,0,0,1,0,1,0,0
1482,1,5,14.413566398939516,0,1,2,31.70752003942208,0,0,0,1,0,0,0,0,0,1,0,0,0,1,0,0,0,1
1483,0,2,82.27500147651232,1,0,1,64.86365373724183,0,1,1,0,0,0,0,1,0,0,1,0,0,0,1,0,0,0
1484,0,3,93.10590308872001,1,0,5,45.97095064415283,1,0,0,0,1,0,1,0,0,0,1,0,0,0,0,0,1,0
1485,0,3,62.34381336941121,1,1,1,57.043665512384614,0,0,0,0,1,0,0,0,1,0,0,1,0,0,1,0,0,0
1486,0,5,34.36473084453985,1,1,1,59.057610361694266,1,0,0,1,0,0,0,1,0,0,0,0,1,0,1,0,0,0
1487,0,4,15.401632537436626,1,1,1,82.41506868968862,1,1,0,0,0,1,0,1,0,0,1,0,0,0,0,0,0,1
1488,0,4,26.515622970531496,1,1,5,65.63262734353364,0,0,0,0,1,0,1,0,0,0,0,0,1,0,0,0,1,0
1489,0,4,25.54104208518433,1,0,3,26.43066921844105,1,0,0,1,0,0,0,0,0,1,1,0,0,0,0,1,0,0
1490,0,2,61.352788416357306,0,1,4,5.9604341138446255,1,0,1,0,0,0,0,1,0,0,0,0,0,1,0,0,1,0
1491,0,5,94.50374653636044,1,1,1,0.1985544075132739,1,0,1,0,0,0,1,0,0,0,1,0,0,0,0,0,0,1
1492,0,5,4.827188695798146,0,0,2,90.44173847669956,1,1,0,1,0,0,1,0,0,0,0,0,0,1,1,0,0,0
1493,1,4,0.10222995944479951,1,1,2,94.21100518022062,1,1,0,1,0,0,0,0,0,1,0,1,0,0,1,0,0,0
1494,1,4,60.01819443143256,1,1,5,9.411148766466793,0,0,0,0,1,0,0,0,0,1,0,1,0,0,0,0,1,0
1495,0,1,28.406046207971524,0,0,3,48.7053618282248,0,0,1,0,0,0,0,0,1,0,0,1,0,0,0,0,1,0
1496,1,1,88.05483423389569,0,1,1,15.159520346053446,1,1,0,1,0,0,0,1,0,0,1,0,0,0,0,0,0,1
1497,1,3,32.7250307905817,0,1,5,94.87490867040846,1,0,1,0,0,0,0,0,1,0,0,1,0,0,0,0,1,0
1498,0,3,28.97376005288893,0,0,4,24.683251682252372,1,0,0,1,0,0,1,0,0,0,1,0,0,0,0,0,0,1
1499,0,5,26.95106212182973,1,1,3,50.164709559699894,1,0,1,0,0,0,0,1,0,0,0,0,1,0,0,1,0,0
1500,0,5,14.485282726824412,1,1,3,16.562019173291674,1,0,0,0,0,1,1,0,0,0,0,0,0,1,0,0,1,0
1501,1,2,58.15304742771106,0,0,5,33.27610845030623,1,0,0,0,1,0,1,0,0,0,0,0,1,0,1,0,0,0
1502,1,2,16.821360233421,0,0,2,26.68063609271809,1,0,1,0,0,0,1,0,0,0,1,0,0,0,0,0,1,0
1503,0,1,42.463115979029084,1,1,3,47.54260429721856,0,1,0,0,0,1,0,0,0,1,0,1,0,0,1,0,0,0
1504,0,3,46.097205225564885,1,1,2,41.978196202214846,1,1,1,0,0,0,0,0,0,1,0,0,0,1,0,1,0,0
1505,0,1,2.0492046877974457,0,1,3,33.07977946003753,0,0,1,0,0,0,0,1,0,0,0,1,0,0,0,1,0,0
1506,1,1,1.6807279821142496,1,0,3,10.587761764841208,0,1,0,0,0,1,1,0,0,0,0,0,1,0,0,0,1,0
1507,1,3,52.02126887568292,1,1,3,48.44870220069482,1,1,1,0,0,0,1,0,0,0,1,0,0,0,0,0,0,1
1508,1,2,69.60347322291322,0,1,4,85.02080180915523,0,0,1,0,0,0,0,1,0,0,0,0,0,1,1,0,0,0
1509,1,3,94.21424822804046,0,0,2,73.0223336585566,1,0,0,0,1,0,0,0,1,0,0,0,0,1,0,1,0,0
1510,0,4,17.91192841569551,0,1,4,72.05748841626695,0,0,0,0,0,1,1,0,0,0,1,0,0,0,0,0,1,0
1511,0,4,10.325880943608256,0,1,2,36.60917367453087,0,0,0,0,0,1,0,0,0,1,1,0,0,0,0,1,0,0
1512,0,4,5.208790692715093,1,1,4,70.84190806820514,1,0,0,1,0,0,0,0,1,0,0,0,0,1,0,0,1,0
1513,0,5,43.60415829129502,0,0,4,46.55314813999186,0,0,1,0,0,0,0,0,1,0,0,0,1,0,1,0,0,0
1514,1,2,62.31473673359569,1,0,4,15.027609083816929,0,0,0,0,1,0,0,0,1,0,0,0,1,0,0,0,1,0
1515,1,2,84.05533567512641,1,1,5,41.9049749978051,0,0,1,0,0,0,0,0,1,0,0,1,0,0,1,0,0,0
1516,0,5,68.26448822931313,1,1,4,13.273863103159744,0,0,1,0,0,0,0,0,1,0,0,0,0,1,0,1,0,0
1517,0,1,20.836078907485735,1,0,3,11.44828189065359,1,1,0,1,0,0,0,0,1,0,1,0,0,0,1,0,0,0
1518,1,4,46.1770366396279,0,1,1,2.3059308457610728,0,0,1,0,0,0,0,1,0,0,1,0,0,0,1,0,0,0
1519,0,4,91.03463463086553,1,0,4,28.285430096941656,1,0,0,0,1,0,0,1,0,0,1,0,0,0,0,0,0,1
1520,1,1,32.67410624773712,0,0,1,33.08747842419449,1,1,0,0,1,0,0,0,1,0,1,0,0,0,0,1,0,0
1521,0,3,49.87303650919315,1,0,1,69.94437129384926,1,0,0,1,0,0,0,0,0,1,0,0,0,1,1,0,0,0
1522,0,3,95.85653346436968,0,0,3,53.80047848847836,1,1,1,0,0,0,0,1,0,0,0,0,1,0,0,0,0,1
1523,0,2,73.47080055736977,1,0,1,85.8449712053312,0,0,0,0,1,0,0,1,0,0,0,1,0,0,0,0,0,1
1524,0,5,74.7740385641692,1,1,1,17.64706267056565,0,0,1,0,0,0,0,0,1,0,0,0,1,0,1,0,0,0
1525,0,2,25.23340044132276,0,0,1,26.595664585981403,0,1,1,0,0,0,0,0,0,1,0,1,0,0,0,0,1,0
1526,0,3,41.46981183051282,0,1,2,94.10761111434157,0,0,1,0,0,0,0,0,1,0,1,0,0,0,1,0,0,0
1527,0,1,8.23421630967217,0,1,4,44.404524777981436,1,1,0,1,0,0,0,0,0,1,1,0,0,0,0,0,1,0
1528,1,2,60.652586705053366,0,1,4,78.90509430486557,1,0,1,0,0,0,0,0,0,1,0,0,0,1,1,0,0,0
1529,1,4,10.373016454249417,1,0,1,49.216764864948914,0,0,0,0,1,0,1,0,0,0,1,0,0,0,0,1,0,0
1530,1,4,83.59095822059548,1,1,3,47.10856570257476,1,0,1,0,0,0,0,1,0,0,0,0,0,1,0,0,0,1
1531,1,1,81.45537870199968,1,1,2,14.811628802964238,1,1,0,0,1,0,0,0,1,0,0,0,0,1,1,0,0,0
1532,1,3,53.360510112230955,1,1,3,85.11996109485862,1,1,1,0,0,0,0,1,0,0,0,0,0,1,1,0,0,0
1533,0,4,14.11660331970297,1,0,3,7.835528054763463,1,0,0,0,1,0,0,1,0,0,1,0,0,0,1,0,0,0
1534,0,4,2.557898319516816,0,1,1,31.026109465304152,1,0,0,0,1,0,0,0,0,1,1,0,0,0,0,0,1,0
1535,1,5,79.67086675425725,0,0,5,67.34680717201795,1,1,1,0,0,0,0,1,0,0,0,0,1,0,0,1,0,0
1536,0,2,60.014048321342685,1,0,1,50.72575508080298,1,0,1,0,0,0,1,0,0,0,0,1,0,0,0,1,0,0
1537,1,3,71.09296367478834,0,1,5,88.13783269715361,1,1,0,0,1,0,0,0,1,0,0,0,1,0,1,0,0,0
1538,1,2,30.38071257363676,1,1,2,3.9297952787915924,1,0,0,0,0,1,0,1,0,0,1,0,0,0,0,0,0,1
1539,0,3,50.94827378439145,1,0,5,64.94075194997302,0,0,0,1,0,0,0,0,1,0,0,1,0,0,0,0,0,1
1540,0,4,74.71741705396504,0,0,1,47.74654706271249,0,0,0,0,0,1,0,1,0,0,0,0,0,1,1,0,0,0
1541,0,5,46.256330831379955,1,1,1,15.431182346765093,1,1,0,0,0,1,0,0,1,0,0,1,0,0,0,0,1,0
1542,1,2,60.138422276873094,0,1,3,74.32519071125935,0,1,1,0,0,0,0,0,1,0,0,0,0,1,0,0,0,1
1543,0,4,78.97282618079623,1,1,1,41.1306855406024,1,1,0,1,0,0,0,0,1,0,1,0,0,0,0,1,0,0
1544,1,3,21.522064526637884,0,1,1,53.15819042366835,1,0,0,0,0,1,0,1,0,0,0,1,0,0,0,0,0,1
1545,1,2,6.592888935748231,1,1,4,96.72660663631083,0,1,1,0,0,0,1,0,0,0,0,0,0,1,0,0,0,1
1546,1,2,53.18235108108051,1,0,4,48.62300810251886,0,1,0,0,0,1,0,0,1,0,0,0,1,0,1,0,0,0
1547,0,4,6.212577072009573,0,0,3,82.33728655586428,1,0,0,0,0,1,0,0,0,1,0,0,1,0,0,0,0,1
1548,0,2,76.65572943667533,1,0,5,76.95775233412444,1,1,1,0,0,0,0,0,0,1,0,0,0,1,1,0,0,0
1549,1,5,71.92114476337886,1,0,5,66.2754591513799,0,0,1,0,0,0,0,0,0,1,0,0,1,0,0,1,0,0
1550,0,5,88.1712671465297,0,0,4,89.68121433503336,1,0,1,0,0,0,1,0,0,0,0,0,1,0,0,0,0,1
1551,0,4,63.95620980339606,0,1,2,25.16016469371809,0,0,0,1,0,0,0,0,1,0,0,1,0,0,1,0,0,0
1552,0,3,6.719757075237376,0,0,4,82.07712314676631,1,0,0,0,0,1,1,0,0,0,0,0,1,0,1,0,0,0
1553,1,4,25.31521254896174,1,1,2,37.778748839734256,1,0,1,0,0,0,0,0,1,0,0,1,0,0,0,1,0,0
1554,1,5,80.79318445627193,0,0,5,81.24908900812213,0,0,0,0,1,0,1,0,0,0,1,0,0,0,0,0,0,1
1555,0,1,16.713241731358774,0,0,4,49.3788684545511,1,0,0,0,0,1,0,0,1,0,0,0,1,0,0,0,1,0
1556,1,1,69.84804678148873,0,1,1,85.77092529432359,0,1,0,0,1,0,0,0,0,1,1,0,0,0,0,0,0,1
1557,0,2,78.0259330920478,1,0,2,89.48435376929864,1,0,0,1,0,0,0,0,1,0,0,0,1,0,1,0,0,0
1558,0,2,33.011179785524114,0,0,2,59.76438756841155,0,0,1,0,0,0,1,0,0,0,0,0,0,1,1,0,0,0
1559,0,1,32.22974734029085,1,0,2,50.76269568312449,1,0,0,0,1,0,0,0,1,0,0,0,0,1,0,1,0,0
1560,0,5,55.78026812091469,1,0,5,78.32801433323343,0,0,0,1,0,0,0,1,0,0,1,0,0,0,0,1,0,0
1561,1,2,86.12863327547637,0,1,3,26.69862031791733,0,0,1,0,0,0,0,0,1,0,1,0,0,0,0,0,1,0
1562,1,4,22.390620191348056,1,0,1,1.534868124891442,0,0,0,0,1,0,0,0,0,1,1,0,0,0,0,0,1,0
1563,1,4,94.12581960424026,1,0,4,40.70945827547695,0,0,0,0,1,0,0,0,1,0,0,0,0,1,1,0,0,0
1564,0,5,59.911868482010824,1,0,2,50.77741328967769,0,0,0,1,0,0,0,1,0,0,1,0,0,0,0,0,1,0
1565,0,2,99.21264713522761,1,0,5,29.72627194387565,0,0,1,0,0,0,0,1,0,0,0,0,0,1,0,0,1,0
1566,0,4,8.961372399532264,1,0,2,38.33618817377674,1,0,1,0,0,0,0,1,0,0,1,0,0,0,0,0,1,0
1567,1,2,12.656213650675907,0,0,4,13.305823291609464,0,0,0,0,1,0,1,0,0,0,0,1,0,0,0,0,0,1
1568,0,2,82.66418037134827,0,0,1,27.728990336779404,1,1,0,0,1,0,0,1,0,0,0,1,0,0,0,0,0,1
1569,1,4,86.47558956038492,0,0,2,24.009534791457355,1,0,0,0,1,0,1,0,0,0,0,0,1,0,1,0,0,0
1570,1,1,44.545868837093394,1,1,5,30.098685382677015,0,1,1,0,0,0,0,1,0,0,0,1,0,0,0,0,0,1
1571,1,4,71.4071176142335,0,1,5,29.905411054065244,1,0,0,1,0,0,1,0,0,0,1,0,0,0,0,0,1,0
1572,1,5,86.75572874455385,1,1,3,55.896837104761346,1,1,0,1,0,0,0,1,0,0,0,1,0,0,0,0,1,0
1573,1,3,4.312778821882867,1,0,5,25.05969401960727,0,1,1,0,0,0,0,1,0,0,0,1,0,0,0,0,1,0
1574,1,4,57.39504229932586,1,0,3,94.09612633398885,0,0,0,0,0,1,0,0,1,0,1,0,0,0,0,0,0,1
1575,0,2,85.34806665264895,1,1,1,51.12748303633349,0,0,0,1,0,0,0,1,0,0,0,1,0,0,0,1,0,0
1576,0,2,39.815494458477495,0,1,4,12.896600640976741,0,0,0,0,1,0,0,0,1,0,1,0,0,0,0,0,1,0
1577,1,4,30.238360611242687,1,1,3,27.96062705242839,1,0,0,0,0,1,0,1,0,0,0,1,0,0,0,0,1,0
1578,1,3,79.57066850948375,0,1,2,72.9757496135654,0,0,0,0,0,1,0,1,0,0,1,0,0,0,0,1,0,0
1579,0,4,33.57865835028362,0,0,2,1.3659038380727462,0,1,0,1,0,0,0,0,1,0,0,0,0,1,0,1,0,0
1580,1,3,0.31742981845032103,1,1,4,93.7817986196951,0,1,0,0,0,1,0,0,1,0,0,0,0,1,1,0,0,0
1581,1,3,95.95725876290658,0,0,5,44.51769217258062,1,0,0,0,0,1,1,0,0,0,0,0,1,0,1,0,0,0
1582,0,5,59.212323635101846,0,1,2,52.10790229509967,1,0,0,1,0,0,0,0,0,1,0,1,0,0,0,0,0,1
1583,1,2,81.95179187100712,0,0,3,98.8412235839528,0,0,0,1,0,0,0,0,1,0,0,0,1,0,0,1,0,0
1584,1,2,82.53015623427146,1,0,4,50.34030859993316,0,0,0,0,0,1,1,0,0,0,1,0,0,0,1,0,0,0
1585,1,3,6.641042037273282,1,0,2,94.77439944619725,0,1,0,0,1,0,0,1,0,0,0,0,0,1,0,0,1,0
1586,0,2,17.08601993864648,1,0,5,91.52311157931543,1,0,1,0,0,0,0,0,1,0,1,0,0,0,1,0,0,0
1587,0,1,31.11206807596474,0,1,5,94.13155286662128,1,1,0,0,0,1,0,0,1,0,0,0,1,0,0,0,1,0
1588,0,3,32.069928504132285,0,0,2,81.23730574923638,1,0,0,0,0,1,0,1,0,0,1,0,0,0,0,0,1,0
1589,1,2,65.87861176809129,1,0,4,29.63980845577312,1,0,0,0,1,0,0,1,0,0,1,0,0,0,0,0,1,0
1590,1,1,62.31329207526848,1,1,1,34.63824837859815,0,0,0,0,0,1,0,1,0,0,1,0,0,0,0,0,0,1
1591,0,5,49.45897780098137,0,1,2,36.49840681806409,1,0,0,0,0,1,0,1,0,0,1,0,0,0,0,1,0,0
1592,1,2,21.126373230876794,1,1,5,97.91808396121951,0,1,1,0,0,0,0,0,0,1,0,0,0,1,0,0,0,1
1593,1,1,38.19834696903034,1,1,1,36.07555039721486,0,0,1,0,0,0,0,0,1,0,1,0,0,0,1,0,0,0
1594,1,4,54.35939684651695,0,0,4,10.86893092183805,0,0,1,0,0,0,0,1,0,0,1,0,0,0,1,0,0,0
1595,1,4,46.798536610394194,0,1,5,77.83288946351516,0,0,0,1,0,0,0,1,0,0,0,0,0,1,0,1,0,0
1596,1,1,12.729253309507838,1,0,4,36.606329158205256,1,0,0,1,0,0,0,0,0,1,1,0,0,0,0,1,0,0
1597,0,3,64.95104935019238,1,1,2,62.09359117258434,0,0,1,0,0,0,0,0,1,0,1,0,0,0,1,0,0,0
1598,1,3,7.305177681066056,1,0,4,92.4360412263967,1,1,1,0,0,0,1,0,0,0,0,0,1,0,0,1,0,0
1599,0,2,37.81946830810803,1,1,5,57.55055767780443,1,0,0,1,0,0,0,0,1,0,0,0,0,1,0,1,0,0
1600,1,4,71.0029347675229,0,1,2,63.77001783578879,1,0,0,0,1,0,1,0,0,0,0,1,0,0,0,0,1,0
1601,0,3,2.002353451970651,1,1,5,64.2862564465136,0,1,0,0,0,1,0,0,0,1,1,0,0,0,0,0,0,1
1602,1,3,56.99828190453161,1,1,5,61.239918575851526,0,0,0,0,0,1,0,1,0,0,0,0,1,0,0,0,0,1
1603,0,4,33.45209741432973,0,0,1,15.97693774809541,0,0,1,0,0,0,0,0,0,1,0,0,0,1,0,0,0,1
1604,1,5,0.8831843422734464,0,1,3,45.641541474875545,0,0,0,0,1,0,0,0,1,0,1,0,0,0,0,0,1,0
1605,0,3,19.038327106097185,0,0,4,0.7664019977058456,0,0,0,1,0,0,0,1,0,0,0,1,0,0,0,0,1,0
1606,1,1,94.09461932706544,0,0,4,62.626480407533315,1,0,1,0,0,0,0,0,1,0,1,0,0,0,0,1,0,0
1607,0,2,52.11489055050904,0,1,1,57.53582950262389,0,1,0,0,1,0,1,0,0,0,0,0,1,0,0,1,0,0
1608,1,3,99.72272046291317,0,1,4,31.813721924082106,1,0,0,0,1,0,0,0,1,0,0,0,0,1,0,0,1,0
1609,0,3,52.481675036474115,0,0,1,52.38955031702037,1,1,0,0,1,0,0,0,0,1,0,0,1,0,0,0,1,0
1610,0,5,54.39364122902683,1,0,4,49.30577819080767,1,0,0,1,0,0,0,0,0,1,0,0,0,1,1,0,0,0
1611,1,1,39.18430129328524,1,0,4,25.09152159422512,1,1,0,1,0,0,0,0,0,1,0,1,0,0,0,0,1,0
1612,1,2,31.004041873141432,0,0,5,29.328754809259294,0,1,0,0,0,1,0,1,0,0,1,0,0,0,0,0,1,0
1613,0,3,25.15455531329448,1,0,1,76.25409966287506,0,0,0,0,0,1,0,0,1,0,0,0,1,0,0,0,0,1
1614,1,2,34.342061613067386,1,1,4,75.5732319181729,0,0,0,0,1,0,0,1,0,0,0,1,0,0,1,0,0,0
1615,0,4,45.98510809004321,0,1,3,46.97821502398424,1,1,0,0,1,0,0,0,1,0,0,1,0,0,0,0,0,1
1616,0,3,19.199195023079007,0,0,1,71.75089524159796,1,0,0,1,0,0,1,0,0,0,1,0,0,0,0,0,0,1
1617,0,3,22.48750918056959,0,1,1,45.080128023093614,1,0,0,0,0,1,0,0,1,0,0,0,1,0,1,0,0,0
1618,1,4,27.154476866843915,0,0,1,85.1374034896132,1,0,0,0,1,0,0,0,1,0,1,0,0,0,1,0,0,0
1619,0,5,44.925989193083915,0,1,5,33.28066822086133,1,1,0,0,0,1,0,0,1,0,1,0,0,0,1,0,0,0
1620,0,3,65.2813366814243,1,0,1,92.7292499845401,1,0,0,0,0,1,0,0,1,0,0,0,0,1,0,1,0,0
1621,1,2,85.61461502862872,1,1,5,54.228365056467084,0,0,0,0,1,0,1,0,0,0,0,0,0,1,1,0,0,0
1622,1,1,28.71318371871433,0,1,3,53.56878610797507,1,1,0,1,0,0,0,1,0,0,1,0,0,0,0,0,0,1
1623,1,2,18.372834034143736,0,0,2,67.08103843260437,0,0,0,0,1,0,0,0,0,1,0,0,0,1,1,0,0,0
1624,1,5,37.8847464850555,1,1,5,34.08560108146844,0,0,0,0,1,0,0,0,1,0,0,0,1,0,0,1,0,0
1625,0,1,89.43830763718557,1,0,4,72.43295709071343,0,0,0,0,0,1,0,0,0,1,0,0,0,1,0,0,0,1
1626,0,2,0.9860728337139468,1,0,1,32.04251026341199,1,1,0,0,1,0,0,0,0,1,0,1,0,0,1,0,0,0
1627,0,2,67.78686160577453,0,1,2,39.75388299587856,0,0,0,1,0,0,0,0,0,1,1,0,0,0,1,0,0,0
1628,0,4,47.71600464115815,0,0,5,67.47034367930567,0,1,0,0,1,0,0,0,0,1,1,0,0,0,0,0,0,1
1629,1,5,16.104621496068006,1,1,4,37.844910130138146,1,1,0,1,0,0,0,0,1,0,0,0,1,0,0,0,0,1
1630,0,4,32.10215262744667,0,1,2,19.99741226880607,0,0,0,1,0,0,0,0,0,1,1,0,0,0,1,0,0,0
1631,0,1,22.49500438770339,1,0,3,87.19014587755068,0,0,0,0,0,1,0,0,1,0,0,0,0,1,0,1,0,0
1632,1,4,87.78321678901223,0,1,5,92.21553807938861,1,1,1,0,0,0,1,0,0,0,0,1,0,0,0,0,0,1
1633,0,5,48.18733839449902,0,0,5,62.67310498074485,1,0,1,0,0,0,0,1,0,0,1,0,0,0,0,0,1,0
1634,0,3,56.30942778724928,1,0,3,81.11507711978535,1,0,0,0,0,1,0,1,0,0,0,0,0,1,1,0,0,0
1635,0,3,59.36876193370206,1,1,5,98.6652354774753,0,0,0,0,1,0,0,0,1,0,0,1,0,0,0,0,0,1
1636,0,1,63.96171246023561,0,0,1,61.47747518198258,0,1,0,0,0,1,0,0,1,0,1,0,0,0,0,0,0,1
1637,0,3,49.555569037592996,1,1,5,90.87926432500136,1,0,0,1,0,0,0,1,0,0,1,0,0,0,1,0,0,0
1638,0,4,1.787353083631582,0,1,1,35.92547497203476,0,0,1,0,0,0,0,0,0,1,1,0,0,0,1,0,0,0
1639,1,1,33.47226869146519,1,0,5,70.04724358871862,1,0,0,0,0,1,0,0,1,0,0,1,0,0,1,0,0,0
1640,1,5,18.38732407209912,1,1,4,5.580546629684635,1,0,0,0,1,0,0,0,0,1,1,0,0,0,0,1,0,0
1641,0,1,68.0142842911677,0,0,4,78.89715556101449,1,0,0,0,0,1,0,0,1,0,1,0,0,0,0,0,1,0
1642,0,1,5.6704651370046655,0,0,2,82.98031447295674,0,0,1,0,0,0,0,0,1,0,0,0,0,1,0,0,0,1
1643,1,2,56.380339111164425,0,0,4,40.11754364739919,0,0,0,0,0,1,1,0,0,0,0,0,0,1,1,0,0,0
1644,0,2,21.063172227430094,1,0,3,63.89550158773296,0,0,0,0,0,1,1,0,0,0,0,0,0,1,1,0,0,0
1645,0,1,94.88458384670612,1,1,2,85.83611023923586,1,0,1,0,0,0,0,1,0,0,0,0,0,1,0,1,0,0
1646,0,3,33.55409421865355,0,0,4,88.36081645090502,1,0,0,1,0,0,1,0,0,0,1,0,0,0,0,0,1,0
1647,1,2,32.52211913746342,1,0,1,10.653152431660097,0,1,0,1,0,0,1,0,0,0,0,1,0,0,0,0,0,1
1648,0,5,92.33846679907238,0,0,5,82.74877465328973,0,0,1,0,0,0,0,1,0,0,1,0,0,0,0,0,1,0
1649,1,4,41.734792030414134,0,1,4,27.424335192610027,0,0,0,0,0,1,0,0,0,1,0,0,1,0,0,0,1,0
1650,0,2,96.28623341857421,0,1,1,72.73068963377433,1,0,1,0,0,0,1,0,0,0,0,1,0,0,1,0,0,0
1651,1,1,2.417035213350349,0,0,2,32.51641534925553,1,1,0,1,0,0,0,0,0,1,0,0,1,0,1,0,0,0
1652,1,3,30.63445752021463,0,1,5,5.632967063057714,0,1,0,0,1,0,0,1,0,0,1,0,0,0,1,0,0,0
1653,0,4,66.61929602664311,1,1,4,20.987070985110755,0,0,0,0,0,1,0,0,1,0,0,1,0,0,0,1,0,0
1654,1,2,89.08569645276386,1,0,2,40.8671775827084,0,1,0,1,0,0,0,0,0,1,0,1,0,0,0,1,0,0
1655,0,3,25.640559300828393,0,0,4,74.12286200610426,0,0,0,0,0,1,0,1,0,0,0,0,0,1,0,1,0,0
1656,1,3,93.04775919636683,1,1,2,10.070362731235761,1,0,1,0,0,0,0,0,0,1,1,0,0,0,1,0,0,0
1657,0,3,59.41214664991882,0,1,4,81.29341249001598,0,0,0,0,1,0,0,1,0,0,0,0,1,0,1,0,0,0
1658,0,1,80.1008243197916,1,1,1,99.69510919624106,0,0,1,0,0,0,0,1,0,0,0,1,0,0,1,0,0,0
1659,1,5,39.72073043068972,1,0,3,78.82576431791254,1,0,0,0,1,0,0,0,1,0,0,1,0,0,0,0,1,0
1660,0,3,21.218038256687333,0,1,1,47.37365200288814,1,1,0,0,0,1,0,0,0,1,0,0,0,1,0,1,0,0
1661,0,4,91.12354154476931,1,1,5,56.81602108459464,0,0,0,0,0,1,0,0,1,0,0,1,0,0,0,1,0,0
1662,1,2,93.31358684062187,0,1,4,0.6160508302674561,1,0,1,0,0,0,0,0,1,0,0,0,0,1,0,0,1,0
1663,0,4,49.75751441541355,1,1,3,20.927383785539742,0,0,0,0,1,0,0,0,0,1,0,1,0,0,0,0,0,1
1664,0,1,0.6495015999256504,0,0,3,89.89881314600454,0,0,0,0,1,0,0,0,0,1,0,1,0,0,0,0,1,0
1665,1,1,10.978295367040447,0,0,5,2.1729402735185865,0,1,0,0,0,1,0,1,0,0,1,0,0,0,0,0,1,0
1666,1,4,57.30279602317218,0,0,5,90.47949528969819,1,0,1,0,0,0,0,0,0,1,0,1,0,0,1,0,0,0
1667,0,5,2.377670230188622,0,1,3,11.32526081281674,0,0,0,0,1,0,0,1,0,0,0,0,0,1,0,0,0,1
1668,0,1,39.69119239866953,0,0,5,13.307412995883428,0,1,0,0,0,1,0,1,0,0,0,0,0,1,0,0,1,0
1669,1,1,30.33699455720126,0,1,5,17.53499108569224,1,1,0,1,0,0,0,1,0,0,0,0,0,1,0,0,0,1
1670,1,4,71.43482754022047,1,1,4,79.93853249551964,1,1,1,0,0,0,0,1,0,0,0,0,1,0,0,0,0,1
1671,0,1,5.557867294793528,0,0,1,47.81865753423794,1,0,0,1,0,0,0,1,0,0,0,1,0,0,1,0,0,0
1672,1,5,48.873126897728746,1,1,2,14.519663023004236,0,1,1,0,0,0,0,1,0,0,1,0,0,0,0,0,0,1
1673,0,5,57.91142698756053,0,1,3,68.6801819665325,0,0,0,0,0,1,0,0,0,1,1,0,0,0,1,0,0,0
1674,0,5,61.72910760526177,1,1,2,94.06883663257773,0,0,0,0,1,0,0,0,0,1,0,0,1,0,0,1,0,0
1675,0,2,40.51576720169409,0,0,3,57.24514742474719,0,1,0,0,1,0,1,0,0,0,0,1,0,0,0,0,1,0
1676,0,5,30.436778342955094,0,0,3,9.87000057205385,0,0,0,0,1,0,0,0,0,1,0,0,0,1,1,0,0,0
1677,0,5,68.24930337371488,1,0,1,5.47506061775398,1,0,1,0,0,0,0,0,1,0,0,0,1,0,1,0,0,0
1678,1,2,84.7569048102495,0,0,3,79.58723598757608,1,1,0,0,0,1,1,0,0,0,0,0,1,0,0,0,1,0
1679,1,3,69.36176377828788,0,0,3,62.6083652374435,0,0,0,1,0,0,0,0,0,1,0,0,0,1,1,0,0,0
1680,1,1,93.21023654572215,0,0,1,92.26573391246014,0,0,0,0,0,1,0,0,1,0,0,0,1,0,0,0,0,1
1681,1,5,71.72635253579271,0,0,5,54.72501510479879,0,0,0,1,0,0,0,0,0,1,0,0,1,0,1,0,0,0
1682,0,1,76.46187340136183,1,0,2,6.239540324305337,0,1,1,0,0,0,0,1,0,0,0,0,0,1,1,0,0,0
1683,0,4,16.790319660208887,0,0,3,40.368684999865025,0,0,1,0,0,0,1,0,0,0,0,1,0,0,0,0,0,1
1684,0,1,41.95396445267118,1,0,1,65.79906885914178,0,0,0,1,0,0,0,1,0,0,1,0,0,0,0,0,1,0
1685,0,2,48.50553309559652,0,1,3,38.488535093726306,0,0,0,1,0,0,1,0,0,0,1,0,0,0,1,0,0,0
1686,1,1,25.629316229460763,0,0,1,99.9591396740233,0,0,0,1,0,0,1,0,0,0,0,0,0,1,0,1,0,0
1687,0,1,52.853986035628786,0,1,2,40.537861367374504,1,1,0,0,0,1,0,1,0,0,0,0,0,1,0,0,1,0
1688,0,1,29.079194422184752,0,1,4,54.62361264475501,1,0,0,1,0,0,1,0,0,0,0,1,0,0,0,1,0,0
1689,1,3,68.7502092804416,1,0,5,22.539203262367945,0,0,1,0,0,0,1,0,0,0,0,0,1,0,0,1,0,0
1690,1,3,47.02884767031759,0,0,4,15.213820430219172,0,1,1,0,0,0,0,0,0,1,0,1,0,0,0,1,0,0
1691,1,4,45.880695426903564,0,1,1,64.53055385632508,0,0,0,0,1,0,0,0,1,0,0,0,1,0,1,0,0,0
1692,1,2,98.36425310328117,0,0,3,58.86127469156821,1,1,0,1,0,0,0,1,0,0,0,0,1,0,0,0,0,1
1693,0,1,39.244484854257045,1,0,5,0.4338857406284258,1,0,0,0,0,1,0,0,0,1,0,1,0,0,1,0,0,0
1694,0,1,36.22954325895683,1,1,2,28.478153479774214,0,0,0,0,0,1,0,0,0,1,0,0,0,1,0,1,0,0
1695,1,1,31.86043712826544,1,0,5,64.35795730129144,0,0,0,0,0,1,0,1,0,0,0,0,0,1,0,1,0,0
1696,0,1,89.4749220975798,1,0,3,81.22493457324497,0,0,0,0,1,0,1,0,0,0,0,1,0,0,0,0,0,1
1697,0,3,49.672382609817824,0,1,4,31.23686530398443,0,1,1,0,0,0,0,1,0,0,0,0,1,0,0,0,1,0
1698,0,4,60.001447748063555,0,1,1,64.74363692888538,0,1,0,0,0,1,0,0,1,0,0,0,1,0,0,1,0,0
1699,1,5,18.081847900239502,1,1,4,26.52579301508462,1,0,1,0,0,0,0,0,1,0,0,0,1,0,1,0,0,0
1700,0,2,54.09423600049269,0,0,5,69.03798946292362,0,1,0,0,1,0,0,1,0,0,0,0,1,0,0,1,0,0
1701,1,1,27.46481928684883,0,1,3,69.79479986624625,0,0,0,1,0,0,0,0,0,1,0,1,0,0,0,1,0,0
1702,0,4,73.06369212628775,1,0,1,13.022346551959007,1,0,0,1,0,0,0,1,0,0,1,0,0,0,0,0,1,0
1703,0,5,83.25283487923821,0,0,3,66.50897839770049,0,1,0,1,0,0,0,0,1,0,0,0,0,1,0,0,0,1
1704,0,4,71.48106921312775,1,0,3,33.35671816803697,1,0,0,0,0,1,0,1,0,0,0,0,0,1,0,1,0,0
1705,1,3,73.02441662702573,1,1,5,17.25949315926274,1,0,0,1,0,0,1,0,0,0,1,0,0,0,0,0,1,0
1706,0,5,51.2474704119517,1,0,4,50.03612327737742,1,0,0,0,0,1,0,1,0,0,0,0,1,0,0,0,1,0
1707,1,4,71.21180563341353,1,0,3,45.22966839087212,0,0,0,0,1,0,0,0,0,1,1,0,0,0,0,1,0,0
1708,1,3,42.268693550816025,1,1,3,77.3874811061997,1,0,0,0,1,0,1,0,0,0,1,0,0,0,0,1,0,0
1709,1,4,65.1489153529613,1,1,3,8.451550916121853,1,1,0,0,0,1,0,0,1,0,1,0,0,0,0,0,0,1
1710,0,4,25.903921012051466,0,0,1,78.97532688317808,1,1,1,0,0,0,0,1,0,0,0,0,0,1,1,0,0,0
1711,0,5,6.975701231201015,0,1,3,10.608236210929567,0,0,0,1,0,0,0,0,0,1,0,0,0,1,1,0,0,0
1712,0,3,41.34732641219685,0,0,3,20.74590280790619,1,0,0,1,0,0,0,0,0,1,1,0,0,0,0,0,0,1
1713,0,1,46.177815578049,1,0,5,51.588211832967104,1,0,0,1,0,0,0,0,1,0,1,0,0,0,0,0,1,0
1714,1,2,25.640715818868998,1,0,3,46.31746000224245,0,0,0,0,0,1,0,1,0,0,1,0,0,0,0,0,1,0
1715,1,5,72.77095184072377,1,1,3,98.88589747340481,0,0,0,0,1,0,0,0,0,1,0,0,1,0,0,0,0,1
1716,1,3,7.355047897627919,0,1,5,58.94737132624394,1,1,0,1,0,0,1,0,0,0,0,0,1,0,1,0,0,0
1717,0,4,22.274832437918857,0,0,1,32.74355952469139,1,0,0,0,1,0,0,1,0,0,0,0,1,0,0,0,1,0
1718,1,3,74.85647184536268,1,0,4,90.01488685439855,1,0,0,1,0,0,0,0,1,0,0,0,0,1,1,0,0,0
1719,0,2,43.71242737400124,1,0,5,31.221495678250367,0,0,0,1,0,0,1,0,0,0,0,1,0,0,0,0,1,0
1720,1,2,70.52836240393124,1,0,1,27.377563518829007,0,1,0,0,0,1,0,1,0,0,1,0,0,0,1,0,0,0
1721,0,1,56.74858777835963,1,1,4,49.437179519885945,0,1,1,0,0,0,0,0,0,1,1,0,0,0,0,0,0,1
1722,0,1,95.07127499973625,1,1,3,91.3174784473079,0,0,0,0,0,1,0,0,1,0,0,1,0,0,1,0,0,0
1723,1,2,59.7795832722833,0,1,5,70.85142552588385,0,0,0,1,0,0,0,0,1,0,1,0,0,0,0,0,1,0
1724,1,5,1.4868974345519703,1,1,3,67.74832154673305,1,1,0,1,0,0,0,1,0,0,0,0,1,0,0,0,1,0
1725,1,5,35.2877350504334,1,1,5,72.6077265038763,1,0,1,0,0,0,0,0,1,0,0,0,1,0,0,0,1,0
1726,1,4,14.306068220470769,1,0,4,65.96406107758882,0,1,0,0,1,0,1,0,0,0,0,1,0,0,0,1,0,0
1727,0,1,92.46336775977032,1,1,1,75.97963596679459,1,0,0,0,1,0,0,1,0,0,0,0,1,0,0,1,0,0
1728,1,4,10.401245428508032,0,0,5,19.276202172913347,0,1,0,1,0,0,1,0,0,0,0,1,0,0,0,0,1,0
1729,1,1,38.77066631310875,1,0,1,17.72582867616015,1,0,0,0,1,0,0,0,1,0,0,0,1,0,0,0,0,1
1730,1,2,22.609919362669217,1,1,3,36.21633437914038,1,1,0,1,0,0,0,0,1,0,1,0,0,0,0,0,1,0
1731,0,5,84.67219903967333,1,1,3,85.09597787958324,0,1,1,0,0,0,0,0,1,0,0,0,0,1,0,0,0,1
1732,0,5,30.856649758891695,0,0,4,71.44542154967097,0,0,1,0,0,0,1,0,0,0,0,0,1,0,0,0,1,0
1733,1,2,99.1893483142645,1,0,4,56.647334284276916,1,0,0,1,0,0,0,0,1,0,0,1,0,0,0,0,1,0
1734,0,4,3.8616605612250887,0,0,2,1.9447437478119833,1,0,1,0,0,0,0,1,0,0,0,0,0,1,0,0,0,1
1735,1,4,12.827677246256586,1,1,2,23.580228393586655,1,1,0,0,0,1,0,0,0,1,1,0,0,0,1,0,0,0
1736,0,3,22.463877642910912,1,1,4,80.3513942549899,1,0,0,0,0,1,0,1,0,0,0,0,0,1,0,1,0,0
1737,0,1,81.11060402001594,1,1,3,24.248669308421867,0,0,1,0,0,0,0,0,0,1,0,1,0,0,0,0,1,0
1738,0,4,87.85172090640158,1,1,1,73.02901971909473,1,0,0,1,0,0,0,0,1,0,1,0,0,0,0,0,0,1
1739,0,2,7.1451380609422355,1,0,4,18.4634264929884,0,0,0,1,0,0,0,1,0,0,1,0,0,0,0,0,0,1
1740,1,4,3.2460141762276407,1,1,1,60.636755819935864,1,0,1,0,0,0,1,0,0,0,0,0,1,0,0,1,0,0
1741,1,5,74.45568571045793,1,0,2,62.82113667005017,0,0,0,0,1,0,0,0,0,1,0,0,0,1,0,1,0,0
1742,1,1,13.335200675361348,1,1,1,75.19662256864817,0,1,0,0,0,1,1,0,0,0,0,0,1,0,1,0,0,0
1743,0,3,13.299858707463919,1,1,4,43.83424008956399,0,0,0,0,1,0,0,0,0,1,1,0,0,0,0,0,1,0
1744,1,1,2.236653449442927,0,1,3,63.26746990854725,1,0,0,1,0,0,0,0,1,0,0,0,1,0,0,1,0,0
1745,1,5,4.980787758342187,0,0,4,48.696978872028495,1,0,0,1,0,0,0,1,0,0,0,0,1,0,1,0,0,0
1746,1,5,26.367545859548912,0,0,5,94.73380453983128,0,0,0,0,1,0,0,0,0,1,0,1,0,0,0,0,1,0
1747,0,5,6.5005489410806305,0,1,5,52.18807270185074,1,0,1,0,0,0,0,1,0,0,0,0,1,0,0,0,1,0
1748,0,5,36.88790916592756,1,0,5,20.959788312818784,0,0,0,0,1,0,0,0,0,1,1,0,0,0,0,0,0,1
1749,0,2,83.27750312273491,1,0,3,66.78925491386364,0,0,0,0,1,0,0,0,0,1,0,0,1,0,0,1,0,0
1750,1,3,32.63202573215926,0,1,4,54.846732820841346,0,0,0,0,0,1,0,0,1,0,1,0,0,0,1,0,0,0
1751,1,5,72.78341625793716,0,1,5,80.38294972201466,0,0,0,0,0,1,0,0,0,1,1,0,0,0,1,0,0,0
1752,1,5,9.39099648310301,0,0,4,17.69115975932436,0,0,0,0,1,0,1,0,0,0,0,1,0,0,0,0,0,1
1753,0,4,65.93751874194929,0,1,2,26.093960267390482,1,0,0,0,1,0,0,0,0,1,1,0,0,0,1,0,0,0
1754,0,3,31.674718325743502,1,0,5,92.1629107397722,0,1,0,1,0,0,0,0,0,1,1,0,0,0,1,0,0,0
1755,1,1,74.9752878697038,0,0,5,93.0026113246296,1,0,0,0,0,1,0,0,0,1,0,1,0,0,0,0,1,0
1756,0,3,13.625201405638187,1,1,3,44.225676647489095,1,0,0,0,0,1,0,0,1,0,1,0,0,0,0,1,0,0
1757,0,3,89.78833777644819,1,0,4,4.7751182118429885,1,0,0,1,0,0,0,1,0,0,0,1,0,0,0,0,0,1
1758,0,3,24.25772028979366,1,1,3,30.65550686259597,0,0,1,0,0,0,0,1,0,0,0,0,0,1,0,1,0,0
1759,0,5,35.31377932811765,0,0,3,24.712265442127812,1,0,0,0,0,1,0,0,1,0,0,0,0,1,1,0,0,0
1760,1,5,95.01807108180417,0,0,4,41.46768519949218,1,0,0,0,0,1,1,0,0,0,0,0,0,1,1,0,0,0
1761,0,2,57.84823597308589,1,0,2,31.780061887858757,1,0,1,0,0,0,1,0,0,0,1,0,0,0,1,0,0,0
1762,0,1,36.5771518963022,0,0,4,82.89923438524542,1,0,0,0,0,1,0,0,1,0,0,0,1,0,0,1,0,0
1763,0,4,94.96021470336316,0,0,2,0.3036019125454037,0,1,0,0,0,1,0,1,0,0,0,1,0,0,0,0,0,1
1764,0,3,32.9077416890032,1,0,3,64.46318535114982,1,0,1,0,0,0,1,0,0,0,0,0,0,1,0,0,0,1
1765,1,1,9.487071267517976,1,1,2,66.42702251560434,1,1,1,0,0,0,0,0,1,0,0,1,0,0,0,0,1,0
1766,1,1,99.68488878594198,0,0,2,66.0626575289043,0,0,0,0,1,0,0,1,0,0,0,0,0,1,0,0,0,1
1767,0,2,26.784492055891384,1,0,2,52.05946805145697,1,0,0,1,0,0,1,0,0,0,0,0,0,1,0,0,1,0
1768,0,4,85.12578486996074,0,0,5,61.1104073109803,1,1,0,1,0,0,1,0,0,0,1,0,0,0,1,0,0,0
1769,0,3,16.554079482308726,0,1,5,81.04943115370902,1,0,1,0,0,0,0,0,1,0,0,1,0,0,0,0,0,1
1770,0,4,73.1353971777378,1,0,3,78.41967786883814,1,0,1,0,0,0,0,1,0,0,1,0,0,0,0,0,1,0
1771,0,2,52.4449394472252,1,0,4,3.462537717841041,1,0,0,0,0,1,1,0,0,0,0,1,0,0,0,0,1,0
1772,0,5,98.09065582901296,0,0,2,3.0436535737308867,0,0,0,0,1,0,0,0,1,0,0,1,0,0,0,1,0,0
1773,1,1,55.28303560923995,1,1,5,83.89448127704912,1,1,0,0,1,0,1,0,0,0,0,0,1,0,1,0,0,0
1774,0,3,2.5015151890854126,0,1,4,57.472968753056286,1,0,1,0,0,0,0,1,0,0,0,0,0,1,0,0,0,1
1775,1,5,60.38779896240879,1,1,2,95.74273352691922,0,1,0,0,0,1,0,0,0,1,1,0,0,0,0,0,0,1
1776,1,2,14.531645633662604,0,0,4,43.159159691647574,1,1,0,0,0,1,1,0,0,0,0,0,1,0,0,0,0,1
1777,0,4,79.85409152820871,1,0,1,17.67418213957438,1,0,0,1,0,0,0,1,0,0,0,1,0,0,0,0,1,0
1778,1,1,85.6568196489899,0,0,2,47.32349123878091,1,0,0,1,0,0,1,0,0,0,0,0,0,1,0,0,0,1
1779,1,3,48.20935187947143,0,1,4,43.65443079615231,0,0,0,0,0,1,0,0,0,1,1,0,0,0,0,0,0,1
1780,1,5,78.32214570522986,1,0,2,51.71773814385163,1,0,0,1,0,0,0,0,0,1,0,0,1,0,0,0,0,1
1781,1,5,14.511073548160514,0,1,2,80.79472338769499,1,0,1,0,0,0,1,0,0,0,0,1,0,0,1,0,0,0
1782,1,1,49.20781865356461,0,1,1,65.55839879367761,1,0,0,0,0,1,0,0,1,0,0,0,1,0,1,0,0,0
1783,1,4,39.394426469058466,0,0,4,18.52753273993748,1,1,0,1,0,0,1,0,0,0,0,1,0,0,0,0,1,0
1784,0,2,61.13173870530814,0,0,3,73.44772563550613,1,1,0,0,1,0,0,1,0,0,0,1,0,0,0,1,0,0
1785,1,4,4.447718880315998,0,1,5,59.189621327843156,0,0,0,0,0,1,0,0,1,0,0,0,0,1,0,0,0,1
1786,1,4,75.21228382486274,1,0,2,57.83107305376814,1,1,0,0,0,1,0,1,0,0,1,0,0,0,0,0,0,1
1787,1,4,7.912928947468368,0,1,2,67.8256882435635,0,1,0,0,1,0,0,1,0,0,0,0,0,1,0,0,1,0
1788,0,1,65.64715175301649,0,1,2,56.39654586565317,1,0,1,0,0,0,0,0,1,0,1,0,0,0,0,0,0,1
1789,1,1,1.8457225539944222,0,0,2,45.75137363380934,1,0,0,0,1,0,0,0,0,1,1,0,0,0,0,1,0,0
1790,0,2,83.18880637567295,1,0,5,64.03802828140961,1,0,0,0,0,1,0,1,0,0,0,1,0,0,0,0,1,0
1791,1,4,17.46996302237813,1,0,3,72.37270695505751,0,0,1,0,0,0,1,0,0,0,0,0,1,0,1,0,0,0
1792,0,1,51.549747597699046,0,0,1,22.57669428311906,0,0,0,1,0,0,0,0,0,1,1,0,0,0,0,1,0,0
1793,0,2,26.149290372761936,0,0,3,49.704989423811256,1,0,0,1,0,0,0,0,0,1,1,0,0,0,0,0,0,1
1794,1,2,72.26472020610684,1,0,5,45.81724632651236,1,1,0,1,0,0,0,0,1,0,1,0,0,0,0,1,0,0
1795,1,4,32.13511001897212,1,0,4,3.990327061128829,0,0,0,0,0,1,1,0,0,0,1,0,0,0,1,0,0,0
1796,0,3,72.46091935883172,0,1,1,83.44386564240058,0,1,0,0,1,0,1,0,0,0,0,1,0,0,0,0,1,0
1797,1,4,28.48712068354765,1,0,1,37.738202393842435,0,1,1,0,0,0,0,0,0,1,0,0,0,1,0,1,0,0
1798,0,3,75.24730909357599,0,0,4,7.268923320120879,1,1,0,1,0,0,0,1,0,0,0,0,1,0,0,0,1,0
1799,0,2,3.0605496336904237,0,0,2,45.789909707648135,0,0,1,0,0,0,0,1,0,0,0,1,0,0,0,0,1,0
1800,0,1,28.331133537384844,0,0,5,16.14808060915973,0,0,0,0,0,1,1,0,0,0,0,1,0,0,0,0,0,1
1801,0,5,49.86335064402789,1,1,4,70.44144146346648,0,1,0,1,0,0,0,0,0,1,0,1,0,0,0,0,0,1
1802,0,2,4.505958191972548,0,0,3,57.177157516765156,0,0,0,0,0,1,0,0,0,1,1,0,0,0,0,0,1,0
1803,1,1,18.603406137127866,0,1,3,27.01138069779352,1,1,0,0,1,0,0,0,0,1,0,0,1,0,1,0,0,0
1804,0,2,93.45369816412033,1,1,4,95.04738591509741,0,1,0,0,0,1,0,0,1,0,0,1,0,0,0,0,1,0
1805,0,4,97.68342651801892,0,1,5,29.174534825558073,0,0,0,0,0,1,1,0,0,0,0,1,0,0,1,0,0,0
1806,1,3,73.97499473904855,0,1,1,55.499690697692074,1,0,0,0,1,0,1,0,0,0,0,1,0,0,0,1,0,0
1807,0,2,25.220005061691285,0,1,1,80.15678242910492,0,0,1,0,0,0,0,1,0,0,1,0,0,0,0,0,1,0
1808,1,1,26.0517445435969,1,0,2,51.3892297954488,1,1,0,0,1,0,0,1,0,0,1,0,0,0,0,1,0,0
1809,1,4,64.5790357795073,1,1,5,96.08556757752851,0,0,0,0,1,0,1,0,0,0,0,1,0,0,0,0,1,0
1810,1,5,11.759961659870177,0,1,3,84.38545669795144,1,0,0,0,0,1,1,0,0,0,1,0,0,0,0,1,0,0
1811,0,4,94.83093804303667,1,0,3,92.10190140008959,0,0,1,0,0,0,0,1,0,0,0,0,1,0,1,0,0,0
1812,0,3,22.481289951018457,0,1,2,37.2702583754439,1,1,0,1,0,0,1,0,0,0,1,0,0,0,0,1,0,0
1813,0,4,99.96356254254438,0,0,3,54.83554174112586,1,0,0,0,1,0,0,1,0,0,0,1,0,0,0,1,0,0
1814,1,5,49.573379530246044,1,0,2,84.01662954934007,1,0,1,0,0,0,1,0,0,0,0,0,1,0,0,0,0,1
1815,0,1,77.14299889929363,1,0,2,90.35000343027458,1,0,0,0,1,0,0,0,1,0,1,0,0,0,0,0,1,0
1816,1,2,0.21840945055572325,0,0,4,94.43635779685215,1,0,0,0,1,0,0,0,1,0,0,1,0,0,0,0,1,0
1817,0,3,88.87464047516418,1,1,1,87.91519932797559,1,1,0,0,1,0,0,0,0,1,0,0,0,1,0,0,1,0
1818,1,5,27.000204478058045,1,1,5,73.07549040752342,0,0,0,0,1,0,1,0,0,0,0,0,0,1,0,0,1,0
1819,0,3,66.79367445480653,1,1,5,2.4214805531930006,1,0,0,0,0,1,0,1,0,0,0,0,1,0,0,0,0,1
1820,0,4,80.63552807935896,0,0,1,31.49534494754631,1,0,1,0,0,0,1,0,0,0,0,0,1,0,1,0,0,0
1821,0,3,16.414774055900207,0,0,5,12.893628489343046,1,1,1,0,0,0,1,0,0,0,0,0,1,0,0,1,0,0
1822,1,5,44.25094813292289,1,0,3,15.47586013401483,1,0,1,0,0,0,0,0,0,1,1,0,0,0,0,1,0,0
1823,1,2,49.38359406519234,0,1,3,29.0907187382892,0,0,0,0,1,0,0,1,0,0,0,0,1,0,1,0,0,0
1824,0,2,31.211946533920454,0,0,5,7.47404571885526,1,0,0,0,0,1,1,0,0,0,1,0,0,0,0,1,0,0
1825,0,3,48.17558297289815,1,1,4,24.303181232421554,0,0,0,0,1,0,0,1,0,0,0,1,0,0,0,0,0,1
1826,1,1,31.754565765533805,0,1,5,95.69788365391409,1,0,0,0,1,0,1,0,0,0,1,0,0,0,0,0,1,0
1827,1,3,36.07477450552092,1,0,2,31.194357858819576,0,0,1,0,0,0,0,0,0,1,1,0,0,0,0,0,1,0
1828,1,4,66.93311787027389,0,0,2,15.971306992402356,0,1,0,0,1,0,0,1,0,0,0,1,0,0,0,0,0,1
1829,0,2,63.25932683049971,0,0,1,71.83001804198076,0,0,0,1,0,0,1,0,0,0,0,0,0,1,0,0,1,0
1830,1,2,23.226572579752524,1,0,3,82.85051500522498,1,0,0,0,1,0,0,0,1,0,1,0,0,0,0,1,0,0
1831,0,2,89.74828847954245,0,0,4,31.403784959648352,0,1,0,1,0,0,0,1,0,0,1,0,0,0,1,0,0,0
1832,1,1,86.27885456713906,1,1,5,27.84973105783709,1,0,0,0,1,0,0,0,0,1,0,1,0,0,1,0,0,0
1833,0,1,50.90833066899516,0,1,2,24.17595479050335,1,0,0,0,0,1,0,0,1,0,0,0,1,0,0,1,0,0
1834,1,5,43.32507426957504,0,0,3,39.326123906637335,1,1,0,0,0,1,0,1,0,0,0,1,0,0,1,0,0,0
1835,1,3,37.68559829841088,0,0,3,8.72317578388918,0,1,1,0,0,0,0,1,0,0,0,0,0,1,1,0,0,0
1836,1,3,70.72679186664391,1,0,4,66.91292265562063,0,1,0,0,1,0,0,1,0,0,0,0,1,0,0,0,1,0
1837,1,4,67.16660572094705,0,1,4,82.22263252564589,1,0,0,1,0,0,0,1,0,0,0,0,0,1,0,1,0,0
1838,1,2,19.61806069379787,0,1,4,66.3682279739218,0,0,0,1,0,0,1,0,0,0,1,0,0,0,0,0,0,1
1839,0,1,67.14580313003613,1,1,4,42.119968989304844,1,1,0,0,1,0,1,0,0,0,0,0,0,1,1,0,0,0
1840,1,4,25.243119410203995,1,1,2,28.896224734423924,0,0,0,1,0,0,0,1,0,0,0,0,0,1,0,1,0,0
1841,1,4,1.8558336523525565,0,0,4,40.944616451157366,1,1,0,0,0,1,0,0,0,1,0,1,0,0,0,0,0,1
1842,1,1,69.92086775373771,1,1,3,42.38374848872488,1,1,0,1,0,0,1,0,0,0,0,0,1,0,0,0,0,1
1843,0,3,64.47936024607496,1,1,3,66.60208284725071,0,1,1,0,0,0,0,1,0,0,1,0,0,0,0,0,1,0
1844,1,2,41.08092623743415,1,0,5,92.80603556505649,0,0,0,0,0,1,0,1,0,0,1,0,0,0,0,0,1,0
1845,0,3,52.568605591950615,1,0,3,7.058648944793888,1,1,0,0,0,1,0,0,0,1,1,0,0,0,1,0,0,0
1846,1,4,94.71691917057596,0,1,3,95.33535928836221,0,0,0,0,0,1,0,0,0,1,0,0,1,0,0,1,0,0
1847,1,2,59.52001809054377,1,0,2,91.02012835620344,0,0,0,0,1,0,0,0,0,1,0,0,1,0,0,1,0,0
1848,0,5,65.78839353365315,0,0,3,11.773230034288884,0,1,0,0,1,0,0,0,1,0,0,0,0,1,0,0,1,0
1849,1,4,6.391132094914109,0,0,1,18.358503108533387,0,0,0,0,0,1,0,1,0,0,0,0,0,1,0,0,1,0
1850,0,3,16.599446067512524,0,1,3,31.15956014469229,0,0,0,0,1,0,0,0,0,1,0,0,1,0,0,0,1,0
1851,0,3,30.095227641158818,1,1,5,55.96660409651919,1,0,0,1,0,0,0,1,0,0,1,0,0,0,1,0,0,0
1852,1,3,53.93793180281431,1,0,5,13.447619607861327,0,0,0,0,1,0,1,0,0,0,0,0,1,0,0,1,0,0
1853,0,1,77.65908959833212,0,0,4,20.0334953271887,0,0,0,0,1,0,0,1,0,0,0,1,0,0,1,0,0,0
1854,1,4,32.1240877788587,0,1,2,90.26752939396792,0,0,0,0,0,1,0,1,0,0,0,0,1,0,0,1,0,0
1855,1,2,35.638243047877395,1,1,5,10.930063077092578,0,0,1,0,0,0,0,0,1,0,0,0,1,0,0,0,1,0
1856,0,3,25.615088517374886,1,0,1,39.887826513933945,1,0,1,0,0,0,1,0,0,0,1,0,0,0,1,0,0,0
1857,0,3,25.46093292953059,0,0,1,76.30017776587087,0,0,1,0,0,0,1,0,0,0,0,0,0,1,0,0,0,1
1858,0,1,94.88638458947966,1,1,4,88.85831168907382,1,0,0,1,0,0,0,0,1,0,0,1,0,0,1,0,0,0
1859,0,2,63.545717961889004,1,0,2,33.60425625966879,0,0,0,0,1,0,0,0,0,1,0,1,0,0,1,0,0,0
1860,1,4,15.590124353994684,0,1,2,16.443750535756617,1,0,1,0,0,0,0,0,0,1,0,1,0,0,0,0,0,1
1861,1,5,72.224857808426,1,0,3,73.70116590955615,0,1,0,0,0,1,0,1,0,0,0,0,1,0,0,0,0,1
1862,0,1,72.2021143360029,1,1,1,77.25577586731765,0,0,1,0,0,0,0,0,1,0,1,0,0,0,0,0,1,0
1863,1,4,66.6470196053705,0,0,1,98.00334440605442,0,1,1,0,0,0,0,0,0,1,0,0,1,0,0,0,0,1
1864,1,5,13.472044509066361,1,1,1,13.954185144340425,0,0,0,0,1,0,1,0,0,0,0,0,0,1,0,0,0,1
1865,1,3,40.79914834695869,0,0,1,70.9420882669351,1,0,0,0,1,0,0,0,1,0,1,0,0,0,1,0,0,0
1866,1,3,10.675633049441313,1,0,5,41.72925377346552,0,0,0,0,1,0,0,0,0,1,0,1,0,0,1,0,0,0
1867,0,2,81.66205040921365,0,0,2,91.46294375674543,1,0,0,1,0,0,1,0,0,0,0,0,1,0,0,0,1,0
1868,0,5,65.51721431779193,1,0,3,40.78308843333858,1,1,0,1,0,0,0,0,1,0,1,0,0,0,0,0,0,1
1869,1,3,50.72039367678184,0,1,5,44.59603755626661,0,1,1,0,0,0,0,1,0,0,0,0,1,0,0,1,0,0
1870,0,3,34.30154765005966,1,0,2,12.679659818673416,1,1,0,0,1,0,0,1,0,0,1,0,0,0,1,0,0,0
1871,0,2,18.42494744944334,1,1,4,32.09367850908799,1,0,1,0,0,0,1,0,0,0,0,1,0,0,0,0,1,0
1872,0,4,10.64475888331079,1,1,1,40.08404703922842,0,0,0,0,0,1,0,0,0,1,0,0,0,1,1,0,0,0
1873,1,3,96.92406075368996,0,0,3,1.7508754377850932,0,1,0,0,0,1,0,0,0,1,0,0,0,1,1,0,0,0
1874,1,1,19.964864195602306,1,1,2,43.757446844282896,0,0,0,0,1,0,0,0,1,0,0,0,1,0,0,1,0,0
1875,1,1,5.987462672138566,0,0,4,33.63185512673063,0,1,0,0,1,0,1,0,0,0,0,1,0,0,0,0,1,0
1876,0,4,96.16667721824965,1,1,1,80.3839735800492,0,0,0,0,0,1,0,0,0,1,0,0,1,0,0,1,0,0
1877,1,5,54.89517413578271,1,0,4,10.711261344579292,0,0,0,0,1,0,0,1,0,0,0,0,1,0,0,1,0,0
1878,1,2,79.66567349911429,1,0,4,76.02111269228912,0,1,0,1,0,0,1,0,0,0,1,0,0,0,0,0,1,0
1879,0,1,4.376584719831856,1,1,5,71.40115432767341,1,1,0,1,0,0,0,1,0,0,1,0,0,0,0,0,0,1
1880,1,1,56.69458574796546,1,1,4,24.178232778310594,1,1,0,0,1,0,1,0,0,0,1,0,0,0,0,1,0,0
1881,1,4,39.82099641179951,1,0,5,8.32716683417971,0,0,0,0,0,1,0,0,1,0,0,1,0,0,0,0,0,1
1882,0,5,77.19644343498835,0,1,5,84.1833445755696,1,1,1,0,0,0,0,0,0,1,0,1,0,0,1,0,0,0
1883,0,5,3.842564563905859,0,0,4,24.943004274491344,1,0,0,0,1,0,0,0,0,1,0,0,1,0,0,0,1,0
1884,0,4,40.16905685616143,1,0,2,14.556011970709825,1,0,0,0,1,0,0,0,0,1,1,0,0,0,0,0,1,0
1885,1,1,79.9073419486196,1,1,4,35.90366019131921,0,0,1,0,0,0,0,1,0,0,0,1,0,0,1,0,0,0
1886,1,2,52.269726463836996,1,0,4,40.0882823659052,1,1,0,0,1,0,0,0,0,1,0,0,1,0,1,0,0,0
1887,1,1,55.0038740998604,1,1,2,32.60879797800881,0,0,1,0,0,0,1,0,0,0,0,1,0,0,1,0,0,0
1888,0,5,9.716468196596551,1,0,1,97.64811125069512,1,0,0,0,0,1,0,1,0,0,0,0,1,0,0,1,0,0
1889,0,1,13.233055612009137,0,0,3,88.08206692963502,0,0,0,1,0,0,0,0,1,0,0,0,0,1,0,1,0,0
1890,1,2,67.69996053657859,1,0,1,87.29754964590887,1,0,0,0,0,1,0,1,0,0,1,0,0,0,0,1,0,0
1891,1,3,67.50466222899199,1,1,4,39.87675905207699,1,0,0,1,0,0,0,0,1,0,0,0,0,1,0,1,0,0
1892,0,1,97.91033942522733,0,0,1,96.28696397384934,0,0,1,0,0,0,0,1,0,0,0,0,1,0,0,1,0,0
1893,0,4,71.19529880655504,0,0,3,68.40152962916977,1,1,0,1,0,0,0,0,0,1,0,0,1,0,0,0,0,1
1894,0,3,49.32434959334473,0,1,1,83.19946687050768,0,0,0,0,0,1,0,0,1,0,1,0,0,0,0,0,0,1
1895,0,4,85.73278235335529,1,0,3,50.0875125054362,0,1,0,1,0,0,0,0,0,1,1,0,0,0,0,1,0,0
1896,1,4,10.447298581593623,1,1,1,16.061729319935235,0,0,1,0,0,0,0,1,0,0,0,0,1,0,0,0,1,0
1897,0,4,44.929582089625455,1,1,5,88.68855049846765,1,0,0,1,0,0,0,0,1,0,0,1,0,0,0,0,1,0
1898,1,1,28.710911092756973,1,1,4,48.64267393721744,1,0,0,0,1,0,1,0,0,0,1,0,0,0,0,0,0,1
1899,1,5,10.463780692762558,1,0,3,96.8554909085197,0,0,0,0,0,1,1,0,0,0,0,0,1,0,0,0,0,1
1900,1,3,76.35020847203663,0,1,4,25.486101140252448,0,0,0,0,1,0,0,1,0,0,1,0,0,0,0,0,1,0
1901,0,2,51.07920304988839,1,0,5,99.23789914312245,0,0,1,0,0,0,0,0,1,0,1,0,0,0,0,0,1,0
1902,0,5,55.67687198974907,1,1,1,22.242468197214905,1,0,0,1,0,0,1,0,0,0,0,0,0,1,0,0,1,0
1903,0,1,41.1255187910329,1,0,4,36.81667580234694,1,1,0,0,1,0,0,0,0,1,0,0,0,1,0,0,0,1
1904,0,4,46.033723160273524,0,1,1,59.4016522924926,0,1,0,0,1,0,0,0,0,1,0,1,0,0,0,0,0,1
1905,1,2,11.601738712300314,1,1,1,69.3323059184495,1,1,0,1,0,0,0,1,0,0,1,0,0,0,0,0,1,0
1906,0,3,67.29178242869764,1,1,4,72.02821690064071,1,0,0,1,0,0,0,0,0,1,0,0,1,0,0,0,0,1
1907,0,5,43.244735960521375,1,0,3,47.625240892777256,0,0,0,0,0,1,0,0,0,1,0,0,1,0,0,1,0,0
1908,1,5,81.67675731295833,1,1,3,7.68269568641019,0,0,0,0,1,0,0,0,0,1,1,0,0,0,0,0,1,0
1909,0,2,19.62872001430761,0,0,4,49.60481517161013,1,0,0,0,1,0,1,0,0,0,1,0,0,0,1,0,0,0
1910,1,1,20.505509341883577,0,0,3,33.46879525363963,0,1,1,0,0,0,0,0,1,0,0,1,0,0,0,0,1,0
1911,1,3,64.57595715306877,0,0,2,65.76556090187232,0,0,0,0,0,1,0,1,0,0,0,1,0,0,0,0,0,1
1912,1,2,84.60034233973968,1,0,1,18.227558416571156,1,0,1,0,0,0,0,0,1,0,0,1,0,0,1,0,0,0
1913,1,4,47.21978386181753,0,0,4,39.39123247513528,0,0,0,0,1,0,0,0,1,0,0,0,1,0,1,0,0,0
1914,1,3,72.69538687331,0,0,5,96.61191540005332,0,1,1,0,0,0,0,0,1,0,0,0,0,1,0,0,1,0
1915,1,5,99.93299214930856,1,1,4,8.886739923030241,1,1,0,0,1,0,1,0,0,0,0,1,0,0,0,1,0,0
1916,1,2,99.02656397289282,1,1,4,60.23341579411603,0,0,0,0,1,0,0,0,0,1,0,0,1,0,0,1,0,0
1917,1,5,74.43368428217,0,0,1,9.064822904853575,1,0,1,0,0,0,0,1,0,0,0,1,0,0,0,0,0,1
1918,0,5,73.95864896782489,0,0,5,15.69956559399598,0,0,1,0,0,0,0,0,1,0,0,0,1,0,1,0,0,0
1919,0,5,24.761888719890568,0,1,1,60.49343886130571,1,0,0,1,0,0,0,0,0,1,1,0,0,0,0,1,0,0
1920,0,1,83.35396315437737,0,1,3,44.39955225777864,1,0,0,1,0,0,1,0,0,0,0,0,1,0,0,0,0,1
1921,0,5,40.51021270471205,1,0,4,54.849899695017044,0,0,0,1,0,0,0,0,1,0,1,0,0,0,1,0,0,0
1922,1,4,96.19939098668226,1,1,1,87.98721705950928,0,0,0,0,1,0,0,0,0,1,0,0,1,0,0,0,0,1
1923,0,4,8.142768870693551,0,0,2,81.72402425109725,0,0,1,0,0,0,1,0,0,0,0,0,0,1,0,1,0,0
1924,1,3,43.5840368872726,0,1,4,88.79814494285128,1,1,0,0,0,1,0,0,0,1,0,0,1,0,0,0,0,1
1925,0,5,55.58404876834986,0,1,3,61.62549208382123,1,0,0,0,1,0,0,1,0,0,1,0,0,0,0,0,0,1
1926,0,5,40.51562070861648,1,1,1,48.96431697140142,0,1,0,0,0,1,0,0,0,1,0,0,0,1,0,1,0,0
1927,0,2,21.057919050494334,1,1,1,45.91975817800219,0,1,1,0,0,0,0,0,0,1,0,0,1,0,0,1,0,0
1928,1,1,59.298848878250986,1,1,2,73.9808556222444,1,1,0,0,1,0,0,1,0,0,0,0,1,0,0,0,0,1
1929,0,3,75.59179146251375,0,0,3,52.1299878324963,0,1,0,0,0,1,0,1,0,0,0,1,0,0,0,1,0,0
1930,1,5,64.48385960201965,1,0,2,10.57687962622188,1,0,0,0,0,1,0,0,0,1,0,0,0,1,0,0,1,0
1931,1,2,23.44488488080395,0,1,4,14.193902405826131,0,0,0,1,0,0,0,1,0,0,1,0,0,0,0,0,1,0
1932,0,1,73.1607944368524,0,0,5,35.70827677139026,0,0,0,1,0,0,0,0,0,1,0,0,0,1,0,0,1,0
1933,0,3,25.689780604456324,1,0,1,6.782337197118871,0,0,0,1,0,0,0,0,1,0,1,0,0,0,1,0,0,0
1934,0,3,17.520236292404,0,1,2,23.92312194599302,1,0,0,0,1,0,0,0,0,1,0,1,0,0,0,0,1,0
1935,1,5,69.06680154387222,1,0,1,65.64008532135465,0,0,1,0,0,0,1,0,0,0,0,1,0,0,0,0,1,0
1936,0,3,84.2787246113929,1,0,1,1.243031229724656,1,0,1,0,0,0,0,1,0,0,1,0,0,0,0,0,1,0
1937,1,2,48.15394476965744,0,1,2,60.4092865581498,1,0,0,1,0,0,0,0,1,0,1,0,0,0,0,1,0,0
1938,1,3,53.139179313843776,0,0,1,77.23569232018302,0,1,0,1,0,0,0,1,0,0,1,0,0,0,0,1,0,0
1939,0,4,30.274757047123245,1,1,3,17.015375153109737,0,1,0,1,0,0,0,1,0,0,0,1,0,0,0,1,0,0
1940,0,2,49.46180151100322,1,1,3,18.09685632024086,1,0,0,0,0,1,0,1,0,0,0,0,0,1,0,1,0,0
1941,1,1,13.19829980124072,1,0,5,2.885636651348067,0,0,0,1,0,0,1,0,0,0,0,1,0,0,0,1,0,0
1942,1,1,95.58308296829901,1,1,3,51.24500388334615,0,0,0,0,0,1,1,0,0,0,0,0,1,0,0,0,1,0
1943,1,5,80.03606536565962,1,0,2,65.45875568727172,1,0,1,0,0,0,0,0,0,1,0,1,0,0,0,0,1,0
1944,0,5,66.79730608221848,1,0,3,45.690958208461886,0,0,0,0,1,0,1,0,0,0,0,0,1,0,0,1,0,0
1945,1,4,53.819437168440295,1,1,5,38.94488096262118,1,1,0,0,1,0,0,1,0,0,0,0,1,0,0,0,0,1
1946,0,1,79.21691362279645,0,0,4,45.44128172936672,1,0,0,0,1,0,0,0,1,0,0,1,0,0,0,1,0,0
1947,1,1,49.47572395858043,1,0,4,78.15282187246552,1,0,0,0,1,0,0,0,1,0,0,1,0,0,0,0,1,0
1948,1,1,29.99739081545325,0,0,2,3.3514307345358985,1,0,0,0,0,1,0,0,1,0,0,1,0,0,0,0,1,0
1949,0,1,16.037423516667204,0,0,5,78.38185608326084,1,0,0,0,0,1,0,1,0,0,0,0,0,1,0,1,0,0
1950,1,3,64.75855888018073,1,0,3,66.63421156667913,0,1,0,1,0,0,1,0,0,0,0,1,0,0,1,0,0,0
1951,0,2,92.94257450265141,1,0,5,24.142655415741988,1,0,0,0,0,1,0,0,1,0,1,0,0,0,0,0,0,1
1952,0,2,15.361855350435116,1,0,1,52.47397262401822,1,1,0,1,0,0,0,1,0,0,0,1,0,0,0,1,0,0
1953,1,4,18.001804505080678,1,1,5,4.929067065244452,0,0,0,1,0,0,0,1,0,0,0,0,1,0,0,0,1,0
1954,0,3,43.36060334095351,1,0,3,37.95886703393012,1,0,0,0,1,0,0,0,1,0,0,0,0,1,0,0,0,1
1955,0,1,80.6899347919689,0,1,2,17.40424790771349,1,0,0,0,0,1,0,0,1,0,0,0,0,1,1,0,0,0
1956,1,1,29.392272897150463,0,1,1,2.2300386020653984,0,0,0,0,0,1,0,0,0,1,0,0,1,0,0,0,0,1
1957,0,5,25.391292467002813,1,0,5,35.70894977659659,0,0,0,1,0,0,0,0,0,1,0,0,0,1,0,1,0,0
1958,0,5,61.99662914628339,1,1,4,72.61124173944357,0,1,0,1,0,0,0,1,0,0,0,0,0,1,0,0,1,0
1959,0,4,53.56147818743319,1,1,3,92.10218673584042,1,1,1,0,0,0,0,0,0,1,1,0,0,0,0,0,1,0
1960,1,1,6.022036444523627,1,1,2,66.22635130906498,1,0,1,0,0,0,0,0,0,1,1,0,0,0,0,0,1,0
1961,0,4,8.148997730927654,0,0,3,40.197012813039045,1,0,0,1,0,0,0,0,1,0,0,0,0,1,0,0,0,1
1962,1,3,64.30129801847661,0,1,5,99.94961124018776,0,0,1,0,0,0,0,0,0,1,0,1,0,0,0,1,0,0
1963,1,2,46.51235991477796,0,1,2,28.29435081002103,1,0,1,0,0,0,0,1,0,0,0,0,0,1,0,1,0,0
1964,0,1,97.0977191589147,1,1,4,18.713143270818055,1,0,0,1,0,0,0,0,1,0,1,0,0,0,0,0,0,1
1965,0,3,67.85314107300647,1,1,1,46.3682269225918,1,0,0,1,0,0,0,0,0,1,0,0,0,1,0,0,0,1
1966,0,1,1.0073661993231453,1,1,5,50.49114154418077,0,0,0,0,0,1,0,0,0,1,0,1,0,0,1,0,0,0
1967,1,5,48.10187798004618,0,1,2,35.482338004332625,0,0,0,1,0,0,0,0,0,1,0,1,0,0,0,0,1,0
1968,0,4,41.44479350354795,0,0,1,69.549907904532,0,0,0,1,0,0,1,0,0,0,1,0,0,0,0,0,0,1
1969,0,5,10.67138599937687,0,1,2,18.386441192821714,0,1,0,0,1,0,0,0,0,1,0,0,0,1,0,0,1,0
1970,0,2,92.320883587219,1,1,5,51.0339759750806,1,0,0,0,0,1,0,0,0,1,1,0,0,0,1,0,0,0
1971,0,5,80.50112990817236,0,0,2,50.01269585007883,1,0,0,0,0,1,0,1,0,0,0,0,1,0,0,1,0,0
1972,0,1,23.00859084200019,1,0,4,82.37864226816393,1,0,0,0,0,1,0,0,0,1,1,0,0,0,0,0,1,0
1973,1,5,25.59807588429972,0,1,2,92.69681987608048,0,1,0,0,1,0,1,0,0,0,1,0,0,0,0,0,0,1
1974,1,1,3.2018053319450956,1,1,5,66.32658737106595,1,1,0,1,0,0,0,0,1,0,1,0,0,0,0,0,0,1
1975,0,2,29.671745157904095,1,0,2,30.53715903346411,1,0,0,0,0,1,0,0,0,1,0,0,0,1,1,0,0,0
1976,0,5,58.46220089133536,1,1,1,68.96110198682909,1,0,0,0,0,1,0,0,0,1,0,0,1,0,0,0,1,0
1977,0,4,42.084338838666824,1,1,1,25.137112924050097,1,1,1,0,0,0,0,1,0,0,0,0,0,1,0,1,0,0
1978,0,4,96.92554637196808,0,0,3,96.65443904795376,0,1,0,0,0,1,0,0,0,1,0,1,0,0,0,1,0,0
1979,1,4,5.608016926367087,0,1,3,82.23621190827129,1,1,0,1,0,0,0,0,0,1,0,0,1,0,0,0,0,1
1980,0,5,59.143015889901065,0,0,4,43.119025546603794,0,1,0,1,0,0,0,0,0,1,1,0,0,0,1,0,0,0
1981,1,5,85.8309440507048,1,1,1,78.43435171415962,1,0,1,0,0,0,0,0,0,1,1,0,0,0,0,0,0,1
1982,1,5,48.07409124097226,0,1,3,40.86556453619081,0,1,0,0,0,1,0,0,1,0,1,0,0,0,0,0,0,1
1983,0,1,0.29627205603968143,1,0,2,7.461015877974786,0,1,0,0,0,1,0,1,0,0,0,0,0,1,0,0,0,1
1984,1,2,24.28014998262752,0,0,4,70.67688730006054,0,0,0,0,0,1,0,0,1,0,0,1,0,0,0,0,0,1
1985,1,4,32.376897566796615,0,1,5,40.461383302844055,1,1,0,0,1,0,1,0,0,0,0,0,1,0,1,0,0,0
1986,1,1,96.59944945574624,1,1,3,93.03198167838617,0,0,0,0,0,1,0,0,0,1,0,0,1,0,0,0,0,1
1987,1,4,91.17732818386995,1,1,3,30.656121432928664,0,0,0,1,0,0,1,0,0,0,0,0,0,1,0,0,1,0
1988,0,1,94.91705051076303,1,0,1,84.33328214545934,1,0,0,1,0,0,0,0,1,0,0,1,0,0,0,0,0,1
1989,0,5,82.57584576169683,0,0,4,68.04378452067643,1,1,0,0,1,0,1,0,0,0,0,0,1,0,0,0,0,1
1990,1,4,35.164773411390435,1,0,1,85.33246161278912,1,0,0,0,1,0,0,0,0,1,0,0,0,1,0,1,0,0
1991,0,5,90.58764220962006,0,0,1,29.18818770935555,1,0,0,0,0,1,1,0,0,0,0,1,0,0,0,1,0,0
1992,0,4,98.16845059370488,0,0,4,46.134540331864414,0,0,1,0,0,0,0,0,1,0,0,1,0,0,1,0,0,0
1993,0,3,35.00713122749529,0,0,2,82.31290112354301,0,0,0,0,1,0,0,0,0,1,0,0,1,0,1,0,0,0
1994,0,1,26.055596598644893,1,1,3,64.38188191845335,1,0,0,0,1,0,0,1,0,0,0,0,1,0,0,0,1,0
1995,0,3,54.69162927822213,0,0,1,35.99218994953346,0,0,0,0,0,1,0,0,1,0,0,1,0,0,0,0,0,1
1996,1,1,18.715219259893,1,0,3,51.19956257093,0,0,0,0,0,1,0,0,0,1,0,0,1,0,0,1,0,0
1997,0,2,3.2624221406380216,1,0,4,99.60980943632757,0,1,0,0,1,0,0,1,0,0,0,0,0,1,0,0,1,0
1998,0,4,94.58311711158697,0,0,2,74.18479954138819,0,1,1,0,0,0,1,0,0,0,0,1,0,0,0,0,1,0
1999,0,2,92.57406324414193,0,1,5,61.452265278002905,0,0,0,0,1,0,1,0,0,0,0,0,1,0,1,0,0,0
2000,0,2,16.265385376212105,0,0,2,82.79113804335158,1,0,0,0,0,1,1,0,0,0,0,0,1,0,0,1,0,0
2001,1,1,40.77402469297194,0,1,4,44.20303387721701,1,0,0,0,0,1,0,0,0,1,0,0,0,1,0,0,0,1
2002,1,3,83.10363132726856,1,0,2,95.00640046466854,1,0,0,0,1,0,1,0,0,0,0,0,1,0,1,0,0,0
2003,1,5,66.1000298820853,1,1,5,55.202122869569216,1,0,1,0,0,0,1,0,0,0,0,0,1,0,0,0,1,0
2004,1,1,39.478750917071395,1,0,1,32.68721496262885,1,0,0,0,1,0,0,1,0,0,0,0,1,0,0,0,1,0
2005,0,5,74.4170997182819,1,0,2,8.601997757163227,1,0,0,0,1,0,0,1,0,0,1,0,0,0,0,1,0,0
2006,1,2,89.70473882101909,1,0,4,37.56952192472235,1,0,0,0,0,1,0,1,0,0,0,0,0,1,0,1,0,0
2007,0,5,92.61583305258681,1,0,2,56.86383770365704,0,0,1,0,0,0,0,0,0,1,0,0,0,1,0,0,0,1
2008,0,3,37.8849611922189,1,1,5,70.32481387332442,1,0,0,1,0,0,0,0,1,0,1,0,0,0,0,1,0,0
2009,0,1,17.356068007281888,1,1,4,87.51166929110732,0,0,1,0,0,0,1,0,0,0,0,0,0,1,0,1,0,0
2010,0,3,91.28388581939751,1,0,2,94.39608353238148,0,0,0,0,1,0,1,0,0,0,0,0,1,0,1,0,0,0
2011,0,3,9.255544586102825,0,0,4,10.245384618112773,0,0,0,0,1,0,0,0,0,1,0,0,1,0,1,0,0,0
2012,1,1,72.16883912281637,0,1,5,60.09049859978148,0,0,0,0,1,0,1,0,0,0,0,0,1,0,0,0,0,1
2013,1,3,14.049731486080164,1,1,1,66.6589649163026,0,0,1,0,0,0,0,0,0,1,0,0,0,1,1,0,0,0
2014,1,4,38.938685466769215,1,1,5,17.206381699335882,1,0,0,0,0,1,0,0,0,1,0,0,0,1,0,0,0,1
2015,1,4,41.155574654502736,0,0,1,54.560068026341504,0,1,0,0,1,0,0,0,0,1,0,1,0,0,1,0,0,0
2016,0,4,15.875791511208337,0,1,3,33.48336355802751,1,0,0,0,1,0,0,0,1,0,1,0,0,0,0,0,1,0
2017,1,5,92.2681434006612,0,0,5,7.741733198591339,1,0,1,0,0,0,0,0,0,1,0,0,0,1,1,0,0,0
2018,0,3,0.2668168009286265,1,0,1,6.58659911671422,1,0,0,1,0,0,0,0,1,0,0,1,0,0,0,0,0,1
2019,1,1,89.38085432166307,0,1,3,75.92129804432501,0,1,0,1,0,0,0,0,1,0,1,0,0,0,1,0,0,0
2020,0,1,88.38293234754855,0,0,3,61.54554518720216,0,0,0,0,0,1,1,0,0,0,1,0,0,0,0,1,0,0
2021,0,5,31.696365369800162,0,0,3,71.51216782303685,1,0,0,0,0,1,0,1,0,0,0,0,1,0,0,0,1,0
2022,1,1,70.42842698792755,0,1,4,68.52781545363933,1,1,0,0,1,0,0,0,1,0,0,0,1,0,1,0,0,0
2023,0,4,25.280891129831552,0,0,5,13.431229977918669,1,0,1,0,0,0,0,0,1,0,0,1,0,0,0,0,1,0
2024,0,3,75.87735622539384,1,1,5,15.156525652372753,1,1,0,0,1,0,0,1,0,0,0,1,0,0,0,0,1,0
2025,1,1,56.11197417877434,0,1,5,25.24837242071165,1,0,0,0,0,1,0,0,1,0,0,0,1,0,0,0,1,0
2026,0,1,30.022545424765834,1,1,5,39.91005869646897,0,0,1,0,0,0,0,1,0,0,0,0,1,0,0,0,1,0
2027,1,2,40.023475363765456,0,0,4,93.9176224937632,1,1,1,0,0,0,1,0,0,0,1,0,0,0,0,1,0,0
2028,1,2,68.98887322384036,0,1,5,67.38923613829444,1,0,0,0,0,1,0,0,0,1,1,0,0,0,0,1,0,0
2029,1,2,90.60974496437831,0,1,1,25.51719344500346,1,0,0,1,0,0,0,1,0,0,0,0,0,1,0,0,0,1
2030,0,3,13.072651656727462,0,0,3,5.598410182733993,1,0,0,1,0,0,0,0,0,1,0,0,1,0,0,0,0,1
2031,0,4,57.13639696691571,0,0,4,68.4223930806373,0,0,1,0,0,0,0,1,0,0,1,0,0,0,0,0,0,1
2032,0,4,25.372919945711747,1,1,4,62.53184708160521,1,0,0,0,1,0,0,0,0,1,0,1,0,0,0,0,0,1
2033,1,4,80.13722498754592,1,0,5,67.5763418362137,1,0,0,1,0,0,1,0,0,0,1,0,0,0,0,0,1,0
2034,0,3,7.023730586948107,1,0,3,26.11796540585798,0,1,0,0,1,0,0,0,1,0,0,0,1,0,0,0,1,0
2035,1,3,68.89557901711699,1,0,1,51.69632172253633,1,0,0,1,0,0,1,0,0,0,1,0,0,0,0,0,1,0
2036,1,2,17.49460136910298,1,0,3,36.1702801391489,0,0,0,1,0,0,0,0,1,0,0,0,1,0,0,1,0,0
2037,0,1,59.63854184032292,1,0,2,81.76989389457452,0,1,0,0,1,0,0,0,0,1,1,0,0,0,0,1,0,0
2038,1,5,83.5692587192692,1,1,3,6.939666211866791,1,1,0,0,0,1,0,0,0,1,0,0,0,1,0,0,1,0
2039,0,5,75.50806621216796,0,1,1,27.54417894416359,1,0,0,1,0,0,0,0,1,0,0,0,0,1,0,0,1,0
2040,0,1,75.29428876836373,1,1,1,60.2953744170369,0,1,0,1,0,0,0,1,0,0,0,1,0,0,0,0,1,0
2041,0,2,51.784531218690525,0,0,1,20.52237770740215,0,1,0,0,1,0,1,0,0,0,0,1,0,0,0,0,1,0
2042,0,1,89.07455918497213,0,0,4,67.27134359728744,1,1,0,0,0,1,0,1,0,0,0,0,1,0,0,1,0,0
2043,0,1,58.810519824199794,1,1,4,13.6772503200153,1,0,0,1,0,0,0,0,0,1,0,0,1,0,1,0,0,0
2044,1,5,91.75179685495706,0,1,2,2.281229187470313,0,0,0,1,0,0,1,0,0,0,0,0,1,0,0,0,0,1
2045,1,2,54.65224578324176,0,1,3,86.34945328451202,1,0,0,0,0,1,1,0,0,0,1,0,0,0,0,0,0,1
2046,1,3,50.596556302000295,1,0,5,33.344440140728025,0,0,0,1,0,0,0,1,0,0,1,0,0,0,1,0,0,0
2047,0,5,22.235301921031446,0,1,2,15.684898306103234,1,0,0,0,0,1,0,0,1,0,1,0,0,0,0,1,0,0
2048,0,3,54.4786654030205,1,0,5,17.27090257457998,1,1,0,0,0,1,0,0,1,0,0,1,0,0,0,1,0,0
2049,0,2,14.058483124889698,0,1,5,88.58953940345648,0,0,0,0,1,0,1,0,0,0,0,0,1,0,1,0,0,0
2050,1,1,86.96902012595454,1,1,2,65.44314061468121,0,1,1,0,0,0,0,0,1,0,1,0,0,0,0,0,0,1
2051,0,4,67.58918887082935,0,0,3,95.634626659009,1,0,0,0,0,1,0,0,0,1,0,1,0,0,0,0,0,1
2052,1,4,99.3635448492942,1,0,5,80.00403233779063,0,0,0,0,1,0,0,1,0,0,0,0,0,1,1,0,0,0
2053,1,2,9.20974277905231,0,1,4,76.75426850281693,1,0,1,0,0,0,0,1,0,0,0,0,1,0,1,0,0,0
2054,0,4,24.067274984528687,1,1,4,49.982065957508226,1,0,0,1,0,0,0,1,0,0,0,0,0,1,0,0,1,0
2055,0,3,87.71586042661393,0,1,2,82.08048987061454,0,0,1,0,0,0,1,0,0,0,0,1,0,0,1,0,0,0
2056,1,4,39.525409976891765,0,0,5,41.26525384418517,1,0,0,0,0,1,1,0,0,0,0,0,1,0,1,0,0,0
2057,0,2,46.63029899818976,1,0,2,82.70004970323545,1,0,0,0,0,1,0,0,1,0,1,0,0,0,0,0,0,1
2058,1,2,86.06518873876169,0,1,4,75.77412916871228,0,0,0,0,0,1,0,1,0,0,0,1,0,0,0,0,1,0
2059,0,3,52.182322494995226,1,1,2,67.8438625596051,0,0,0,0,0,1,0,0,0,1,0,0,0,1,0,0,1,0
2060,0,4,19.347584941436814,0,1,5,32.971618596345664,0,0,0,0,0,1,0,0,0,1,0,0,0,1,0,0,0,1
2061,1,4,89.2030115409781,0,0,5,63.071163730856014,1,0,0,0,1,0,0,1,0,0,0,0,0,1,0,0,0,1
2062,0,1,3.106165642303349,1,1,4,50.678762477507924,0,0,0,0,0,1,1,0,0,0,0,1,0,0,0,1,0,0
2063,1,5,89.53962676434432,0,1,1,46.15428669259097,1,1,0,0,1,0,1,0,0,0,0,1,0,0,0,0,1,0
2064,0,2,5.052022667233469,1,0,1,99.02463333834756,0,0,0,1,0,0,1,0,0,0,0,0,1,0,1,0,0,0
2065,1,1,66.58493646001281,0,1,3,50.43978298304701,1,0,0,0,0,1,0,0,0,1,0,0,1,0,0,0,1,0
2066,1,2,7.167937967533467,0,1,4,3.1986205403667034,1,0,0,0,0,1,0,1,0,0,0,0,0,1,0,1,0,0
2067,0,1,70.62129859650655,0,0,3,62.64678690818941,0,0,1,0,0,0,0,0,0,1,0,1,0,0,1,0,0,0
2068,1,5,3.397132133295089,0,0,4,72.80108450276379,1,0,0,1,0,0,0,1,0,0,0,0,1,0,0,1,0,0
2069,0,1,84.24577277107875,1,1,5,88.5183869316744,1,1,0,0,0,1,0,0,0,1,0,1,0,0,0,0,0,1
2070,0,2,46.594395092998475,1,0,4,63.26847267228269,0,1,0,0,0,1,0,0,0,1,1,0,0,0,0,1,0,0
2071,0,4,9.345391266887793,0,0,2,1.9457117198508844,1,0,0,1,0,0,0,0,1,0,0,1,0,0,0,0,0,1
2072,1,2,70.6819445010144,0,0,3,11.974433581119204,1,0,0,0,1,0,0,0,0,1,0,0,0,1,0,1,0,0
2073,1,3,48.92901575037625,1,0,4,16.124004915801372,1,0,0,0,0,1,0,1,0,0,0,1,0,0,0,0,0,1
2074,0,3,19.094885887544287,0,0,3,21.126135302684368,1,0,1,0,0,0,0,0,0,1,0,0,0,1,0,0,1,0
2075,0,3,1.5672373888725777,1,0,4,79.9776897155003,1,0,0,0,0,1,0,0,1,0,0,0,1,0,0,0,0,1
2076,1,3,41.79982597255372,0,0,1,30.97600500091715,1,0,1,0,0,0,0,0,1,0,0,0,1,0,0,0,1,0
2077,0,5,8.562923072853557,0,1,3,31.236232277086064,0,0,1,0,0,0,0,1,0,0,0,0,1,0,0,0,0,1
2078,0,4,9.41696982472372,1,0,5,75.55874409777282,0,0,0,0,0,1,0,0,1,0,1,0,0,0,0,1,0,0
2079,1,4,26.732954836267687,0,0,5,41.24365745213561,0,0,0,0,0,1,0,0,1,0,0,0,0,1,0,1,0,0
2080,0,2,63.04582972424243,1,0,4,6.4639531953803,1,1,1,0,0,0,1,0,0,0,1,0,0,0,0,1,0,0
2081,1,1,52.99106085609492,1,0,5,58.5126445760635,0,1,0,1,0,0,0,1,0,0,1,0,0,0,0,0,0,1
2082,0,2,6.898730825868061,1,1,5,13.006768650465006,0,0,0,1,0,0,0,0,1,0,0,0,1,0,0,0,0,1
2083,1,2,96.84312758924698,1,1,3,57.16642799691791,1,0,0,0,0,1,0,0,1,0,0,0,0,1,0,1,0,0
2084,0,2,88.7168688294591,1,0,4,77.96381076219004,0,0,0,0,1,0,0,0,1,0,0,1,0,0,0,0,1,0
2085,0,2,25.922548714515827,1,1,3,92.94896373272732,0,1,0,1,0,0,0,1,0,0,0,1,0,0,0,0,0,1
2086,1,4,12.233857596214126,0,1,4,6.705260694923865,1,1,0,0,0,1,1,0,0,0,0,0,0,1,0,0,1,0
2087,0,1,94.24028647569902,1,1,5,30.396658376249064,0,0,0,1,0,0,0,0,0,1,0,1,0,0,0,0,0,1
2088,1,2,46.11417778806999,1,1,4,65.24639830079667,0,0,0,0,1,0,1,0,0,0,0,0,1,0,0,1,0,0
2089,0,4,31.11669647714358,0,1,4,31.545300284478916,0,1,0,0,0,1,0,1,0,0,0,0,1,0,0,0,1,0
2090,1,2,49.03580351651874,1,0,2,45.102561119303864,0,0,0,0,1,0,0,1,0,0,1,0,0,0,1,0,0,0
2091,1,3,77.27441445464122,0,0,4,2.009086254429604,0,0,0,0,0,1,0,1,0,0,0,0,1,0,0,0,0,1
2092,1,2,16.838529830305447,1,0,2,69.34980061618401,0,1,0,0,1,0,0,0,0,1,0,1,0,0,0,0,1,0
2093,1,2,76.74958335093072,1,1,3,88.32801315120128,1,0,0,1,0,0,0,1,0,0,1,0,0,0,0,1,0,0
2094,0,5,74.94467879338654,1,0,2,97.68596478129548,1,0,0,1,0,0,1,0,0,0,0,0,0,1,0,0,1,0
2095,0,3,53.93482048408798,0,1,3,83.0533348955763,0,0,0,0,1,0,0,0,1,0,0,0,0,1,1,0,0,0
2096,1,1,86.58422887495817,0,0,4,3.177626242387821,0,1,0,0,1,0,0,0,1,0,1,0,0,0,1,0,0,0
2097,1,2,13.214337816986054,1,0,3,65.18539681768095,0,0,0,0,1,0,0,1,0,0,0,0,1,0,0,0,1,0
2098,1,1,59.54790066656731,1,0,5,49.565924631386984,1,0,0,0,0,1,0,1,0,0,1,0,0,0,1,0,0,0
2099,0,3,44.93430525018216,0,0,4,93.78954932139153,0,1,0,1,0,0,0,0,0,1,1,0,0,0,0,0,0,1
2100,0,2,42.22921128358317,0,1,2,90.21388646939852,1,1,0,0,0,1,0,0,1,0,0,0,1,0,1,0,0,0
2101,0,5,25.256107126952543,0,0,1,98.80461743822072,1,0,0,1,0,0,0,0,0,1,0,0,0,1,0,0,1,0
2102,0,4,37.227965680990806,1,0,4,86.19342242616827,0,0,1,0,0,0,0,0,0,1,1,0,0,0,0,0,1,0
2103,1,5,10.815075602366575,0,1,5,54.689213385715064,1,0,0,0,0,1,0,0,0,1,0,0,0,1,0,0,0,1
2104,1,5,25.15989697648252,0,1,3,71.49005154101057,0,0,0,1,0,0,0,0,0,1,0,1,0,0,0,0,0,1
2105,1,4,27.196510777808257,0,0,2,96.467723636654,1,0,0,1,0,0,1,0,0,0,0,0,1,0,0,0,1,0
2106,0,4,72.06678674601395,0,0,2,57.81167277665925,0,0,0,0,0,1,0,1,0,0,0,1,0,0,0,1,0,0
2107,0,4,4.855042720886315,0,1,5,83.99791870122634,0,0,0,0,0,1,0,1,0,0,0,0,0,1,0,0,0,1
2108,0,2,65.11923081508607,0,1,5,94.22098761220599,1,1,0,1,0,0,0,0,0,1,0,1,0,0,0,1,0,0
2109,1,1,22.140990979318985,0,0,4,57.053769124879395,0,1,0,0,0,1,0,0,0,1,0,1,0,0,1,0,0,0
2110,1,1,8.186150591629392,1,1,1,15.915424608017691,1,0,0,0,1,0,1,0,0,0,0,1,0,0,1,0,0,0
2111,0,4,30.080616108543413,0,1,1,15.55633931402144,0,0,0,0,0,1,0,0,0,1,1,0,0,0,0,0,0,1
2112,1,5,22.447286942860277,1,0,3,11.531717416795983,1,0,0,0,0,1,1,0,0,0,1,0,0,0,0,0,0,1
2113,0,3,55.203237583985,1,0,2,47.63231802749402,0,0,0,0,0,1,1,0,0,0,0,0,1,0,0,0,1,0
2114,0,4,35.73764034479624,0,0,4,48.014157827275426,0,0,0,1,0,0,0,0,0,1,0,0,0,1,1,0,0,0
2115,1,5,96.59937424083262,1,1,2,61.73711883712038,0,1,0,0,1,0,0,1,0,0,0,0,0,1,0,0,0,1
2116,0,5,96.35495993908506,1,0,4,48.287281412074655,1,1,1,0,0,0,1,0,0,0,0,0,1,0,0,0,1,0
2117,1,2,44.37152691202395,0,0,5,97.30550154840249,1,1,1,0,0,0,0,1,0,0,0,0,0,1,0,1,0,0
2118,0,2,79.50874606602596,1,0,3,29.1310820598953,0,1,0,0,1,0,0,1,0,0,0,0,0,1,0,0,1,0
2119,1,1,1.3268540860875033,0,1,5,87.38166255446541,0,0,0,0,1,0,1,0,0,0,0,1,0,0,1,0,0,0
2120,1,1,54.781158472480264,0,0,2,10.033042761719468,0,1,0,0,1,0,0,0,1,0,0,1,0,0,0,0,1,0
2121,1,3,74.3299172306979,0,0,3,60.19176780367306,1,0,0,1,0,0,1,0,0,0,0,0,0,1,0,0,1,0
2122,0,3,21.69432254073359,0,1,4,64.83252173595335,0,1,1,0,0,0,0,0,1,0,0,0,1,0,0,0,0,1
2123,0,3,6.117175516594376,0,1,4,77.2230126576451,0,0,0,0,1,0,1,0,0,0,0,0,1,0,0,0,1,0
2124,1,3,15.59189359064559,0,0,3,50.302221294520066,0,0,0,1,0,0,1,0,0,0,0,0,0,1,1,0,0,0
2125,1,5,44.18480871738571,0,0,5,19.722628702530255,1,0,1,0,0,0,0,1,0,0,0,0,1,0,0,0,1,0
2126,0,5,50.637142075626194,1,0,3,36.899761256344,0,0,0,0,0,1,0,1,0,0,0,0,1,0,0,0,1,0
2127,0,1,38.08851221087684,0,1,5,27.216151649562924,0,0,0,1,0,0,0,0,0,1,0,1,0,0,1,0,0,0
2128,0,2,43.997376704238,1,0,3,41.91055156352023,1,1,1,0,0,0,0,1,0,0,0,0,1,0,0,1,0,0
2129,1,2,47.02349596092813,0,0,5,52.99683077127002,0,0,0,1,0,0,0,1,0,0,1,0,0,0,0,1,0,0
2130,0,4,76.94366616010963,0,1,1,62.507029137724935,1,0,1,0,0,0,0,1,0,0,0,1,0,0,1,0,0,0
2131,0,5,10.52418980776524,0,1,3,84.51219449167624,1,0,1,0,0,0,0,1,0,0,1,0,0,0,0,1,0,0
2132,1,3,76.8950467159396,1,0,5,91.00103210603557,1,0,0,0,0,1,0,0,0,1,0,0,0,1,0,0,1,0
2133,0,3,68.86273022949982,1,1,2,46.258128490136784,1,0,0,1,0,0,0,1,0,0,0,0,1,0,0,0,0,1
2134,0,4,74.16608094763181,1,0,2,8.867143735625394,1,0,0,0,1,0,0,0,1,0,1,0,0,0,1,0,0,0
2135,0,2,73.44683858753228,1,0,3,79.70651896017206,0,0,0,0,0,1,0,0,1,0,0,0,1,0,0,0,1,0
2136,1,3,47.05918158017837,1,1,3,47.715772514039,0,1,0,0,0,1,0,0,0,1,1,0,0,0,0,0,0,1
2137,1,2,21.140018456090004,1,1,4,54.64466013712611,0,1,1,0,0,0,0,1,0,0,0,1,0,0,0,0,1,0
2138,1,4,53.6628904301804,0,1,5,59.57941399729384,0,0,0,0,1,0,0,0,1,0,0,0,0,1,1,0,0,0
2139,1,2,95.79820536090996,0,1,3,66.78677587419902,0,1,0,1,0,0,1,0,0,0,1,0,0,0,0,0,1,0
2140,1,2,58.85256813933637,1,0,2,89.01008600325078,0,0,0,0,1,0,0,0,1,0,0,1,0,0,1,0,0,0
2141,1,2,1.104714521277761,1,1,2,95.2146195210191,0,1,0,0,1,0,0,1,0,0,0,0,0,1,0,0,1,0
2142,1,3,5.971090487639064,1,1,2,94.01693190582868,0,0,0,0,1,0,0,0,1,0,1,0,0,0,0,0,0,1
2143,0,1,99.28634336035523,1,0,5,80.94636522830343,1,0,0,0,1,0,1,0,0,0,1,0,0,0,0,0,0,1
2144,0,5,7.194635923944038,1,0,1,88.92422535838028,0,0,0,0,1,0,0,0,1,0,0,1,0,0,0,0,0,1
2145,1,2,4.604516004489856,0,0,3,4.965476894835796,0,1,1,0,0,0,0,1,0,0,0,0,0,1,0,1,0,0
2146,0,2,35.30242693586554,0,1,1,84.91126664546576,1,0,1,0,0,0,1,0,0,0,0,0,0,1,0,0,1,0
2147,0,2,96.93172032693367,0,0,5,7.226523685402453,0,0,0,0,0,1,0,0,0,1,0,1,0,0,0,0,1,0
2148,1,1,31.86751537328657,0,1,3,74.61939075863067,1,1,1,0,0,0,1,0,0,0,0,0,1,0,0,0,0,1
2149,0,4,40.988413087527064,0,1,4,16.93636215936648,0,0,0,0,0,1,0,0,1,0,0,1,0,0,1,0,0,0
2150,0,3,63.40770612085655,0,1,3,36.011044581194426,0,0,0,0,0,1,0,0,0,1,0,0,0,1,0,1,0,0
2151,0,1,2.411183932639782,0,1,3,18.418367915426114,1,1,0,1,0,0,1,0,0,0,0,1,0,0,0,0,1,0
2152,0,2,89.7763577519188,0,0,3,44.346163663727744,0,1,0,0,1,0,1,0,0,0,0,0,1,0,0,0,1,0
2153,0,1,51.94430175544321,1,0,3,41.17474438166201,1,1,1,0,0,0,1,0,0,0,0,1,0,0,0,1,0,0
2154,1,1,46.681090600405795,1,0,3,4.806284397274386,1,0,0,1,0,0,0,1,0,0,0,1,0,0,0,1,0,0
2155,1,1,86.07266622066304,0,0,5,83.04979451027499,1,0,1,0,0,0,0,0,0,1,1,0,0,0,0,0,0,1
2156,1,4,95.30765893580212,0,0,3,85.41864957944252,0,1,0,0,0,1,0,0,0,1,0,0,1,0,0,1,0,0
2157,0,5,42.34252316468348,0,1,5,78.75072440049956,1,1,1,0,0,0,1,0,0,0,0,0,0,1,0,0,0,1
2158,1,3,17.24410792932307,1,1,3,84.76066032312688,1,0,0,0,1,0,0,0,0,1,0,0,1,0,0,1,0,0
2159,0,4,81.57092700020729,1,1,3,75.08790353112926,0,1,0,0,0,1,0,0,1,0,0,0,0,1,0,1,0,0
2160,0,4,40.326042122248715,0,1,5,93.74844453731438,1,1,0,0,0,1,0,0,1,0,0,0,0,1,0,0,1,0
2161,0,5,93.55455395117662,1,0,3,57.639225019980515,1,0,0,1,0,0,1,0,0,0,1,0,0,0,0,0,0,1
2162,0,4,94.98989838309829,0,1,2,58.26425465861862,0,0,0,0,1,0,0,0,1,0,0,0,1,0,0,1,0,0
2163,1,1,11.482903172136949,0,1,3,85.99099084251914,0,0,0,0,0,1,1,0,0,0,1,0,0,0,0,1,0,0
2164,1,1,95.65539673328513,0,1,4,34.94155467185968,0,0,0,0,1,0,0,0,1,0,0,1,0,0,0,0,1,0
2165,0,2,36.82703254451209,0,1,5,5.008235420257101,1,0,1,0,0,0,1,0,0,0,0,0,1,0,1,0,0,0
2166,1,4,64.62525176571904,0,1,3,74.98553953981627,1,0,0,0,1,0,1,0,0,0,0,1,0,0,0,0,1,0
2167,0,2,3.4750081734046034,1,1,3,25.458917941036262,0,0,0,0,0,1,0,0,0,1,0,0,1,0,0,0,0,1
2168,1,3,88.88842740838327,0,0,5,47.423581202996026,1,0,0,1,0,0,0,0,0,1,0,0,0,1,1,0,0,0
2169,1,1,64.15973293448648,0,0,1,24.04398356744992,1,0,0,0,0,1,1,0,0,0,0,1,0,0,0,1,0,0
2170,0,3,64.35544669564192,0,1,2,82.70908520281985,0,0,0,0,1,0,0,0,0,1,0,0,1,0,0,0,0,1
2171,1,5,90.21761599774838,0,1,2,95.8292965079477,0,0,0,0,1,0,0,0,0,1,0,0,1,0,1,0,0,0
2172,0,1,50.83471749073431,1,1,3,5.502310360058782,0,0,0,0,0,1,0,1,0,0,0,1,0,0,0,0,0,1
2173,1,3,41.051664036255055,0,1,5,23.337163146366834,1,0,0,0,1,0,0,0,1,0,1,0,0,0,0,0,1,0
2174,0,5,86.61287522923162,0,1,4,18.956212381531014,0,0,1,0,0,0,0,0,0,1,0,0,1,0,1,0,0,0
2175,0,3,74.24205118713982,1,0,3,67.32035127414665,1,0,0,0,0,1,1,0,0,0,1,0,0,0,1,0,0,0
2176,1,5,94.8975664964901,0,0,2,42.86783997753422,0,0,0,1,0,0,0,1,0,0,1,0,0,0,1,0,0,0
2177,1,5,94.01218933105326,0,1,3,45.62616635142275,1,0,0,0,0,1,0,1,0,0,1,0,0,0,0,1,0,0
2178,0,1,38.232616456024026,0,0,5,15.707908438034302,0,1,1,0,0,0,0,0,0,1,1,0,0,0,0,0,1,0
2179,1,2,44.69862901414179,0,1,4,41.47346415297955,1,0,1,0,0,0,1,0,0,0,1,0,0,0,1,0,0,0
2180,1,5,25.598495379077846,1,1,1,30.322828062338246,1,0,1,0,0,0,1,0,0,0,0,0,0,1,0,0,0,1
2181,0,5,66.06478891385676,0,0,4,61.119091467067854,1,0,1,0,0,0,1,0,0,0,1,0,0,0,0,1,0,0
2182,0,1,36.454197008888656,0,0,3,21.723822873676134,1,0,1,0,0,0,1,0,0,0,0,0,0,1,0,0,1,0
2183,1,2,78.61006466076711,1,0,2,61.48113411260474,1,0,0,1,0,0,1,0,0,0,0,0,1,0,0,0,1,0
2184,0,4,12.155076073091053,0,0,5,37.774519185892494,1,1,0,0,1,0,0,0,1,0,0,0,0,1,0,0,1,0
2185,0,4,11.640285116574589,0,1,3,34.629456202839634,1,0,1,0,0,0,1,0,0,0,0,0,0,1,0,0,1,0
2186,0,2,20.44553814193969,1,0,1,30.555663416101364,0,1,1,0,0,0,1,0,0,0,1,0,0,0,0,1,0,0
2187,1,3,8.42921884374135,0,0,5,67.383349402583,1,1,0,0,0,1,0,0,1,0,0,0,1,0,0,0,1,0
2188,1,1,62.00316076782347,1,0,5,56.241840543297585,1,0,0,1,0,0,0,0,0,1,0,0,1,0,0,0,0,1
2189,0,2,14.735276601673863,0,1,5,85.17217000021418,1,0,0,1,0,0,0,1,0,0,0,0,1,0,0,0,0,1
2190,1,4,15.996291746765422,1,1,3,24.161017757538993,1,1,0,0,1,0,0,0,1,0,0,1,0,0,0,0,0,1
2191,0,5,1.422822372916599,0,1,1,4.011957941124555,1,0,0,1,0,0,0,1,0,0,0,0,0,1,1,0,0,0
2192,1,4,78.20900146236099,0,0,3,18.202348183791006,0,0,0,0,0,1,0,1,0,0,1,0,0,0,0,0,1,0
2193,0,5,81.22960554234811,1,0,5,34.33563643288764,0,0,0,0,0,1,0,0,1,0,0,1,0,0,0,0,0,1
2194,0,1,16.202241636443972,0,0,5,17.965499030851863,0,0,0,0,1,0,1,0,0,0,1,0,0,0,0,0,1,0
2195,1,5,73.95244342672245,1,1,2,8.351067750636009,1,0,0,0,0,1,0,1,0,0,0,1,0,0,0,1,0,0
2196,0,2,43.35451231573596,1,0,4,44.533847316956866,1,1,1,0,0,0,1,0,0,0,0,0,1,0,0,0,0,1
2197,1,5,23.959488296539135,1,0,3,67.69336637524393,1,1,1,0,0,0,0,0,0,1,0,1,0,0,1,0,0,0
2198,1,3,62.13846080738289,1,1,1,75.15707669539775,0,0,0,0,0,1,0,0,1,0,0,0,1,0,1,0,0,0
2199,0,2,17.84840743470848,0,0,5,39.87273247186035,0,0,0,0,1,0,0,1,0,0,0,1,0,0,0,1,0,0
2200,0,1,75.68836076530354,1,0,3,47.804459454704826,0,1,0,1,0,0,1,0,0,0,1,0,0,0,0,0,0,1
2201,1,2,4.76152275705517,0,0,4,75.54704933748006,1,0,0,0,1,0,0,1,0,0,1,0,0,0,0,1,0,0
2202,0,3,95.91309329279144,0,0,3,35.27078303083451,1,0,0,1,0,0,0,0,0,1,0,1,0,0,1,0,0,0
2203,0,1,7.1875253708624465,1,1,4,78.47662112679727,1,0,0,0,0,1,0,0,0,1,0,0,0,1,1,0,0,0
2204,0,4,57.944841924868975,1,1,3,96.73760655989699,1,0,0,0,0,1,0,1,0,0,0,0,0,1,0,0,1,0
2205,0,3,90.21942901223785,0,1,2,88.04806233413804,0,0,1,0,0,0,0,0,1,0,0,1,0,0,0,1,0,0
2206,0,1,1.1904468847850347,1,0,3,45.35953366870271,0,1,0,1,0,0,0,0,0,1,0,0,0,1,1,0,0,0
2207,1,5,49.851446098905704,0,0,2,57.951849488892485,0,1,0,0,1,0,1,0,0,0,1,0,0,0,0,0,0,1
2208,1,2,35.00069643106799,1,1,4,71.64263866560665,0,0,0,0,0,1,0,0,0,1,0,0,0,1,0,0,0,1
2209,0,1,58.033219025790906,0,0,5,34.93004424361808,0,0,0,0,1,0,1,0,0,0,0,1,0,0,1,0,0,0
2210,0,2,22.545738673765868,0,1,5,79.9238099976286,1,1,1,0,0,0,0,1,0,0,0,0,0,1,0,1,0,0
2211,0,5,6.4899217231724755,1,1,3,43.69169952805309,0,1,0,1,0,0,1,0,0,0,0,1,0,0,0,1,0,0
2212,1,1,62.59330368487069,0,0,1,84.6841558100434,1,0,0,1,0,0,0,1,0,0,1,0,0,0,0,0,0,1
2213,0,4,41.684923949340245,0,1,3,25.473389492606547,1,0,0,0,0,1,0,0,0,1,0,0,1,0,1,0,0,0
2214,1,3,62.24855387062297,1,1,2,1.1378056332832287,0,0,0,1,0,0,0,0,1,0,1,0,0,0,0,0,0,1
2215,1,1,21.053914683784292,1,1,2,63.2688395972375,0,1,0,0,0,1,0,0,0,1,1,0,0,0,0,1,0,0
2216,1,5,33.874126295348184,1,1,4,45.18891174931257,1,1,1,0,0,0,0,0,0,1,0,1,0,0,1,0,0,0
2217,0,1,56.168138936461034,1,1,3,5.982311701756027,1,0,0,1,0,0,0,0,0,1,1,0,0,0,0,0,0,1
2218,1,2,59.31127783247273,1,1,4,48.76123530730756,1,1,0,0,0,1,0,0,0,1,1,0,0,0,1,0,0,0
2219,0,1,37.23148077742652,0,0,1,16.856984542151487,1,1,0,0,1,0,0,0,1,0,0,0,0,1,0,0,1,0
2220,1,4,28.005320561655644,0,1,5,62.97491626810633,0,0,0,0,0,1,0,0,0,1,0,1,0,0,0,0,0,1
2221,0,1,27.370062948859587,1,1,5,44.50455776449246,1,0,0,1,0,0,1,0,0,0,0,0,0,1,0,0,0,1
2222,1,3,17.46993514208984,0,0,3,17.11247519049519,0,0,1,0,0,0,0,0,1,0,0,1,0,0,0,0,1,0
2223,0,1,32.540496232958716,0,0,4,41.1938947212083,0,1,0,1,0,0,0,0,1,0,0,0,0,1,0,1,0,0
2224,1,2,19.944033701321995,0,1,4,23.270880817746875,0,0,0,1,0,0,1,0,0,0,0,0,0,1,0,0,0,1
2225,0,1,63.38154062299448,0,0,1,65.30967804729147,0,0,0,0,0,1,0,1,0,0,0,0,1,0,0,0,0,1
2226,0,4,56.906699824208964,0,0,4,29.514337404573034,1,1,0,0,1,0,0,0,0,1,1,0,0,0,0,1,0,0
2227,0,5,38.258882367092006,1,1,2,82.2017350051303,1,0,0,1,0,0,0,0,1,0,0,0,0,1,1,0,0,0
2228,0,1,32.583001993739444,1,0,2,1.4163205491512287,0,0,0,0,1,0,0,0,0,1,0,0,1,0,0,0,1,0
2229,1,1,23.761420019464254,0,1,2,40.34179765422948,1,0,0,0,0,1,0,0,0,1,0,0,0,1,0,1,0,0
2230,1,3,53.545830895934124,0,1,3,61.70804555879711,0,0,0,0,1,0,1,0,0,0,0,0,0,1,1,0,0,0
2231,0,4,91.89027643456883,1,1,2,2.2608284449162963,0,0,0,0,0,1,1,0,0,0,0,0,1,0,0,0,1,0
2232,1,5,68.57030513889372,1,1,2,21.584190252405467,1,0,1,0,0,0,1,0,0,0,0,0,1,0,1,0,0,0
2233,0,2,74.44147140355673,1,0,5,32.74199595294599,1,1,0,0,1,0,0,0,0,1,0,0,1,0,0,0,0,1
2234,0,1,83.43778636564078,1,1,3,2.1844554582344244,1,1,0,0,1,0,0,0,1,0,1,0,0,0,0,0,1,0
2235,1,5,35.163497333784875,0,0,2,54.66907048506705,1,1,1,0,0,0,0,0,1,0,1,0,0,0,1,0,0,0
2236,0,2,6.287578211448763,1,0,1,63.08683890844829,0,1,0,0,1,0,0,1,0,0,0,0,0,1,0,0,1,0
2237,0,4,62.25588033216442,1,1,2,22.752225181303288,0,0,1,0,0,0,0,0,0,1,1,0,0,0,1,0,0,0
2238,1,4,18.867229122803263,0,1,3,54.34827273283784,0,0,0,1,0,0,0,1,0,0,0,0,1,0,1,0,0,0
2239,0,5,56.904364999566624,1,0,4,99.91268891574973,1,0,0,0,0,1,0,1,0,0,0,1,0,0,0,0,0,1
2240,0,2,73.95102331570648,1,1,5,88.69192877473196,1,0,1,0,0,0,0,1,0,0,1,0,0,0,0,1,0,0
2241,0,4,78.36383021478366,1,1,5,5.866083160048985,0,1,0,0,1,0,0,1,0,0,0,0,1,0,0,0,1,0
2242,0,5,30.183912024751546,1,1,3,12.788246441632523,1,0,1,0,0,0,0,1,0,0,0,0,1,0,0,0,0,1
2243,1,4,51.24332325693152,1,0,2,49.44033213493272,0,0,0,0,1,0,0,0,0,1,0,0,1,0,0,0,1,0
2244,1,4,62.09650962771923,0,0,1,24.520111486471496,0,0,0,1,0,0,1,0,0,0,0,0,1,0,0,1,0,0
2245,1,4,81.94807217006219,0,0,2,8.09692371768309,0,0,1,0,0,0,0,1,0,0,0,0,0,1,0,0,0,1
2246,0,3,76.13886651049474,0,0,2,25.455449274571883,1,0,0,1,0,0,0,0,1,0,0,0,1,0,0,1,0,0
2247,0,2,98.79753209773703,0,1,1,6.117809767380256,1,0,0,0,0,1,0,0,0,1,0,0,1,0,0,0,0,1
2248,1,5,0.8084676530010881,0,1,5,52.99124421156489,0,1,0,0,1,0,0,1,0,0,0,0,0,1,0,0,0,1
2249,0,5,43.7489440863133,1,0,2,49.02501036706355,1,1,0,0,1,0,0,0,1,0,1,0,0,0,0,0,0,1
2250,0,2,25.604448637612787,1,0,4,0.6326153556150182,1,1,0,1,0,0,0,1,0,0,0,1,0,0,0,0,0,1
2251,0,2,11.98933871448734,1,0,4,48.251639564392924,1,0,0,0,0,1,1,0,0,0,0,0,0,1,1,0,0,0
2252,0,2,91.15153281671846,1,0,3,51.980514726099095,0,0,1,0,0,0,0,0,0,1,0,0,0,1,0,0,1,0
2253,1,2,99.79620660956863,1,0,3,60.570374101159885,1,1,1,0,0,0,1,0,0,0,1,0,0,0,1,0,0,0
2254,1,1,18.059620790472366,1,1,1,97.00997244065044,1,1,0,0,1,0,0,0,1,0,1,0,0,0,1,0,0,0
2255,1,5,3.8433392801363597,1,0,1,98.26924270520004,1,0,0,1,0,0,0,1,0,0,0,0,1,0,1,0,0,0
2256,0,1,27.505444768050037,1,0,3,52.69293106708221,0,1,0,1,0,0,1,0,0,0,1,0,0,0,0,0,0,1
2257,1,4,83.48619180663957,1,1,2,84.51866976097826,0,0,1,0,0,0,1,0,0,0,0,1,0,0,0,0,0,1
2258,1,4,29.389008319931676,1,1,5,8.516576999030923,0,0,0,0,0,1,0,1,0,0,0,0,0,1,0,1,0,0
2259,0,5,5.690148049762156,1,1,4,53.11546224300754,1,1,0,0,0,1,0,0,0,1,0,1,0,0,0,0,1,0
2260,0,4,5.24921839530299,1,0,1,67.89000592239617,0,0,1,0,0,0,0,0,1,0,0,0,1,0,0,1,0,0
2261,1,2,42.74228023694364,1,1,3,56.472881956954836,1,0,1,0,0,0,0,0,0,1,0,1,0,0,0,1,0,0
2262,1,1,93.18257230616197,0,0,4,23.0720994454185,0,0,0,1,0,0,0,0,1,0,0,0,1,0,0,0,1,0
2263,1,2,28.592044163963195,1,0,1,6.265798630461095,1,0,0,0,0,1,0,0,1,0,0,1,0,0,0,0,1,0
2264,1,4,42.715768070104374,0,1,1,38.66692845751896,0,0,1,0,0,0,1,0,0,0,0,0,0,1,0,1,0,0
2265,0,1,10.193380538260854,1,0,2,64.76424977867588,0,0,1,0,0,0,0,1,0,0,0,1,0,0,0,1,0,0
2266,1,2,49.35727932689811,1,0,1,99.17130736555619,1,0,0,0,1,0,0,0,0,1,1,0,0,0,0,1,0,0
2267,1,5,69.6547064285704,1,1,5,23.65334513839462,0,0,1,0,0,0,1,0,0,0,0,1,0,0,0,0,0,1
2268,0,2,27.115036117721957,0,1,1,91.77899097113837,1,0,1,0,0,0,1,0,0,0,0,0,0,1,0,0,1,0
2269,1,4,29.671130852868476,0,1,5,6.8261399525264,1,1,0,0,0,1,1,0,0,0,0,0,1,0,0,0,1,0
2270,0,1,84.19750254062713,1,1,2,93.09892739239783,1,1,0,1,0,0,0,0,0,1,0,1,0,0,1,0,0,0
2271,0,5,1.0363722347177085,1,1,5,83.23667678700299,1,0,0,0,0,1,1,0,0,0,0,1,0,0,0,0,0,1
2272,0,1,63.6470708550097,1,1,4,2.0945352731847944,1,1,0,1,0,0,0,1,0,0,1,0,0,0,0,0,0,1
2273,1,5,39.3884634941617,1,1,1,29.81853740886646,1,0,0,0,1,0,1,0,0,0,0,0,1,0,0,0,1,0
2274,1,1,29.8380513561469,0,1,3,5.095665367853353,0,0,1,0,0,0,1,0,0,0,0,0,1,0,0,0,0,1
2275,0,4,65.75938322438772,0,1,3,99.55058715295596,0,0,0,0,1,0,0,0,1,0,0,0,1,0,0,1,0,0
2276,1,5,83.46685217897051,1,1,5,42.784400458377625,0,0,0,1,0,0,1,0,0,0,0,0,0,1,0,0,1,0
2277,1,3,55.83921163286737,0,0,2,66.21735196106374,0,1,0,0,0,1,0,0,0,1,0,0,0,1,0,0,1,0
2278,0,1,3.109462194305601,0,0,5,23.41905748223868,0,0,0,0,0,1,0,0,0,1,1,0,0,0,0,0,0,1
2279,0,1,46.140119082557604,1,0,5,93.37362386675517,0,0,0,0,1,0,0,1,0,0,0,1,0,0,0,0,1,0
2280,1,2,46.27599408939731,1,1,5,27.417408853947165,1,0,0,1,0,0,0,0,0,1,0,0,0,1,0,0,0,1
2281,0,5,54.379849480460784,1,0,4,26.02146073022985,1,0,0,0,1,0,0,0,0,1,0,0,1,0,0,0,0,1
2282,1,3,67.09589010435522,0,0,4,31.460009594135286,1,0,0,0,1,0,1,0,0,0,0,1,0,0,0,0,0,1
2283,1,4,1.9318403534340445,1,0,5,46.24891646507064,0,1,1,0,0,0,0,1,0,0,0,1,0,0,0,1,0,0
2284,1,2,50.20126243997505,0,0,2,1.8532726229711027,1,1,0,0,1,0,0,0,0,1,0,1,0,0,0,0,0,1
2285,1,3,58.830776938059074,1,0,1,59.78375001280845,1,1,1,0,0,0,0,1,0,0,1,0,0,0,0,0,0,1
2286,0,5,34.3353386416052,1,1,3,3.166579714073814,1,1,1,0,0,0,0,1,0,0,0,0,0,1,1,0,0,0
2287,0,3,66.83652265904331,0,1,4,53.920248773959315,1,0,0,0,0,1,0,0,1,0,0,0,0,1,1,0,0,0
2288,0,1,22.81777171291711,0,1,1,45.788490218211194,0,0,1,0,0,0,0,0,1,0,0,1,0,0,0,1,0,0
2289,0,1,31.73723330674516,0,0,4,24.25470581364102,1,0,1,0,0,0,1,0,0,0,1,0,0,0,0,1,0,0
2290,1,2,96.2755347424326,0,0,4,32.97680171708267,1,0,0,0,0,1,0,0,0,1,1,0,0,0,0,0,0,1
2291,1,5,34.807037086114015,0,1,4,70.56598112446697,1,1,0,0,1,0,1,0,0,0,0,0,0,1,1,0,0,0
2292,0,5,34.6500887365745,0,1,5,0.9597519871396343,0,0,0,1,0,0,1,0,0,0,0,0,0,1,0,1,0,0
2293,1,3,59.568063582311524,1,1,5,31.66471380257597,0,0,0,1,0,0,0,1,0,0,1,0,0,0,0,0,1,0
2294,1,2,97.09753298600602,0,0,4,68.02972541648673,1,0,0,1,0,0,0,1,0,0,0,0,1,0,0,0,1,0
2295,1,5,98.30804459530003,0,1,4,15.227386540255006,1,0,0,0,1,0,0,1,0,0,1,0,0,0,0,0,0,1
2296,0,1,57.965796367631604,1,1,3,56.03856541861033,0,0,1,0,0,0,1,0,0,0,0,0,1,0,1,0,0,0
2297,0,3,0.10870198049325319,0,1,1,16.89329284827127,0,1,0,1,0,0,0,0,0,1,0,0,0,1,0,0,1,0
2298,0,4,90.06565507683997,0,1,1,15.47618768569996,1,0,0,0,1,0,1,0,0,0,1,0,0,0,1,0,0,0
2299,1,1,57.02379645770481,1,1,2,77.22800957237568,0,0,1,0,0,0,1,0,0,0,1,0,0,0,0,1,0,0
2300,0,2,36.599640828993586,1,0,2,26.652535330113768,0,0,0,0,0,1,1,0,0,0,1,0,0,0,1,0,0,0
2301,0,5,82.91951410159383,1,0,2,37.57691189525274,0,0,0,1,0,0,0,0,1,0,1,0,0,0,0,0,0,1
2302,0,1,39.983245935020506,0,1,5,73.00180656249698,1,0,1,0,0,0,0,0,1,0,0,1,0,0,1,0,0,0
2303,0,4,3.404450620026467,1,0,5,17.951960054297633,0,0,0,1,0,0,0,0,0,1,0,1,0,0,0,0,1,0
2304,0,4,82.10722230570188,0,1,3,53.17370213328576,0,0,0,1,0,0,0,0,1,0,0,0,0,1,1,0,0,0
2305,0,2,54.58594010197623,1,1,5,91.7819663764663,1,0,0,1,0,0,1,0,0,0,0,0,0,1,1,0,0,0
2306,1,1,33.81435382241962,0,0,2,55.382681937848865,1,0,1,0,0,0,0,0,1,0,1,0,0,0,1,0,0,0
2307,1,3,25.08923763538512,1,0,4,4.884576662342943,1,0,0,0,1,0,0,0,1,0,0,1,0,0,0,1,0,0
2308,0,1,59.37974594154256,1,0,2,58.96972746771107,0,0,1,0,0,0,1,0,0,0,0,0,0,1,0,0,0,1
2309,0,4,20.804954822510012,1,0,3,9.015339951439783,0,0,0,1,0,0,0,0,0,1,0,0,1,0,0,0,1,0
2310,1,2,32.38508865570032,0,1,4,28.212454043328307,1,1,1,0,0,0,0,0,1,0,0,1,0,0,0,0,1,0
2311,1,2,63.653030941398356,0,0,5,84.96751053435115,1,0,0,0,0,1,1,0,0,0,0,1,0,0,1,0,0,0
2312,0,3,88.1544450405932,1,1,4,1.1069128068617928,1,0,0,0,1,0,1,0,0,0,0,1,0,0,1,0,0,0
2313,0,2,53.28903283915988,1,1,3,7.701330866462164,1,0,1,0,0,0,1,0,0,0,1,0,0,0,0,1,0,0
2314,0,2,75.91063982990926,1,1,5,36.336412868037094,1,0,0,0,0,1,0,1,0,0,0,0,1,0,0,0,0,1
2315,0,2,76.30606037630419,1,1,1,99.93958798993494,0,1,0,0,1,0,1,0,0,0,1,0,0,0,0,0,1,0
2316,1,2,66.43539526593868,0,1,2,29.18639060718432,0,0,0,0,0,1,0,0,1,0,0,0,0,1,0,0,0,1
2317,0,2,24.583833768051765,1,0,2,15.727461873603122,1,1,0,0,1,0,0,0,1,0,0,0,1,0,0,0,1,0
2318,0,4,86.6788598150242,1,1,3,54.942213284824895,0,1,1,0,0,0,1,0,0,0,1,0,0,0,1,0,0,0
2319,0,1,43.62756556395665,0,0,3,51.925502157040334,1,1,0,0,0,1,0,1,0,0,0,1,0,0,0,1,0,0
2320,0,5,4.421074393570057,0,1,2,44.96195884288375,0,1,0,1,0,0,0,1,0,0,0,0,1,0,0,1,0,0
2321,1,2,24.461267006952514,1,0,4,94.66537520429488,0,0,0,0,0,1,0,1,0,0,0,1,0,0,1,0,0,0
2322,1,5,76.55483540993157,1,0,1,28.014937095051874,1,0,0,0,1,0,0,0,1,0,0,0,0,1,1,0,0,0
2323,1,5,6.913333581748937,0,1,1,29.33242292619662,1,0,1,0,0,0,0,1,0,0,0,0,1,0,1,0,0,0
2324,0,4,14.73644021549112,0,1,3,14.025697138708415,1,1,0,0,1,0,0,0,0,1,0,0,0,1,0,0,0,1
2325,0,2,69.42268160417045,1,0,3,69.72880179161753,1,0,0,0,0,1,0,0,0,1,0,0,0,1,1,0,0,0
2326,1,5,89.26007897275406,0,1,4,32.136947108053825,0,0,0,0,0,1,0,1,0,0,0,0,0,1,0,0,0,1
2327,0,2,63.373200505763684,0,1,3,80.27402930456525,0,0,0,1,0,0,0,0,0,1,0,0,1,0,1,0,0,0
2328,0,3,22.22910538295546,1,0,1,97.17578773729201,1,0,1,0,0,0,1,0,0,0,0,0,0,1,0,1,0,0
2329,1,3,5.341376324954861,1,0,2,4.368524199059198,0,0,1,0,0,0,0,1,0,0,1,0,0,0,0,0,0,1
2330,1,3,61.51265825503117,0,1,1,99.31218900581248,1,0,0,0,0,1,0,1,0,0,1,0,0,0,0,1,0,0
2331,1,5,4.739857793116398,1,1,4,25.41042263570844,1,0,1,0,0,0,0,1,0,0,0,0,0,1,1,0,0,0
2332,1,3,61.2722051941757,1,1,2,42.01103572545275,1,0,0,1,0,0,1,0,0,0,0,1,0,0,1,0,0,0
2333,0,4,22.557994416109505,1,1,2,77.77433544926922,1,0,0,0,1,0,1,0,0,0,0,0,0,1,0,0,1,0
2334,0,4,90.46560624088296,1,0,1,66.53311421393244,1,0,1,0,0,0,0,1,0,0,0,0,0,1,0,0,0,1
2335,1,5,47.50926684873619,1,0,2,77.84369208348734,0,1,0,0,0,1,0,0,1,0,0,1,0,0,0,0,0,1
2336,0,2,22.393843330969567,0,1,2,46.63320157188588,0,0,0,0,1,0,0,0,1,0,0,0,1,0,0,0,0,1
2337,1,1,85.31453165585916,0,0,3,91.60670785728635,0,0,0,0,1,0,0,0,0,1,0,0,1,0,0,0,0,1
2338,1,2,25.40353984475083,1,0,2,78.99408054051102,1,0,0,1,0,0,1,0,0,0,0,0,0,1,0,1,0,0
2339,0,2,30.65990765248755,1,0,4,30.922797543367608,1,0,0,0,0,1,0,0,0,1,1,0,0,0,0,0,0,1
2340,1,2,83.42778990554557,1,0,2,94.84802213487599,0,0,1,0,0,0,0,0,0,1,1,0,0,0,0,1,0,0
2341,0,2,30.879202980059596,0,0,3,96.10541934263543,0,0,0,0,0,1,0,1,0,0,1,0,0,0,1,0,0,0
2342,0,1,41.01637692306374,0,0,5,41.50535557567442,1,0,0,0,1,0,0,0,1,0,0,0,0,1,0,1,0,0
2343,0,3,34.766567075886655,0,0,5,65.19604879875907,0,0,0,0,0,1,0,0,0,1,1,0,0,0,0,0,0,1
2344,0,2,11.640031783037585,0,1,4,81.47685352139035,1,1,1,0,0,0,0,1,0,0,1,0,0,0,0,1,0,0
2345,1,4,3.8895812246826145,1,1,4,81.73007168714473,1,0,1,0,0,0,1,0,0,0,0,0,1,0,0,0,0,1
2346,0,5,72.45406740609813,1,0,2,1.4123544690757384,1,0,0,1,0,0,0,0,0,1,0,0,0,1,0,1,0,0
2347,1,5,64.51371239357206,0,0,2,62.90136330465415,0,0,1,0,0,0,0,0,1,0,0,0,1,0,0,0,1,0
2348,1,4,28.236606755205717,0,0,5,97.36992974506062,1,0,1,0,0,0,1,0,0,0,0,1,0,0,0,0,0,1
2349,1,2,29.55991249848785,1,0,5,23.134714779617116,1,0,0,0,0,1,0,1,0,0,0,0,1,0,0,1,0,0
2350,1,1,94.50057830086813,1,0,1,79.56088591769385,0,1,0,0,0,1,1,0,0,0,0,0,0,1,0,0,0,1
2351,0,3,98.76711272334921,1,1,5,53.42476210769824,1,1,0,0,1,0,0,0,0,1,1,0,0,0,1,0,0,0
2352,0,5,47.34349032336935,1,0,5,22.147021113891153,1,0,0,1,0,0,1,0,0,0,0,0,0,1,0,1,0,0
2353,1,3,80.24517454814936,1,1,4,5.103797408399602,0,1,0,0,0,1,1,0,0,0,0,0,1,0,0,1,0,0
2354,1,1,73.66858758693654,0,1,1,75.99217110170076,0,1,1,0,0,0,1,0,0,0,0,0,0,1,0,0,1,0
2355,0,5,29.731770951204695,1,0,1,31.6470349524827,1,0,0,0,1,0,0,0,1,0,0,0,0,1,0,0,0,1
2356,1,3,5.856271052047834,0,0,2,37.558602806510464,0,1,0,0,0,1,0,0,0,1,0,0,1,0,0,1,0,0
2357,0,1,14.255625713494002,0,0,2,48.5231053249011,0,0,0,1,0,0,0,1,0,0,0,0,1,0,0,0,1,0
2358,1,3,83.82941170007634,1,1,1,50.71949029713082,1,0,0,1,0,0,0,0,1,0,0,1,0,0,0,0,1,0
2359,0,2,73.12138199962811,0,1,1,20.618557697041105,1,1,0,0,1,0,0,0,0,1,0,1,0,0,0,0,1,0
2360,1,1,66.43348444622778,0,1,2,67.06419901884709,1,0,0,0,1,0,0,1,0,0,0,0,1,0,0,0,0,1
2361,1,3,13.064883169664832,1,0,4,69.25399799558735,1,0,0,0,1,0,0,1,0,0,0,0,0,1,0,0,0,1
2362,0,2,63.993068745052476,0,0,4,14.230092449924348,1,0,0,0,1,0,0,1,0,0,0,0,1,0,0,1,0,0
2363,1,2,77.21523314931154,1,0,4,53.29095399125813,1,1,0,0,1,0,0,0,0,1,1,0,0,0,0,0,0,1
2364,1,1,86.06017498602905,1,0,4,60.92593482272931,0,0,1,0,0,0,0,1,0,0,0,1,0,0,0,0,0,1
2365,0,4,1.3231279193618217,0,0,2,18.625154340029237,1,0,1,0,0,0,0,1,0,0,1,0,0,0,1,0,0,0
2366,1,5,68.44751018784777,1,0,3,89.44621265293148,0,0,0,0,0,1,0,0,1,0,0,0,0,1,0,0,0,1
2367,0,1,1.9097655603204422,1,1,5,48.28258611752884,0,0,0,1,0,0,0,1,0,0,1,0,0,0,1,0,0,0
2368,0,2,70.68728455434385,0,1,5,11.502835766601716,1,0,1,0,0,0,1,0,0,0,0,0,1,0,0,1,0,0
2369,1,2,63.56213647320048,1,0,5,33.439617762119475,0,0,1,0,0,0,0,0,1,0,0,0,1,0,0,0,1,0
2370,1,1,14.83478629189725,0,0,5,47.696044827465386,1,1,1,0,0,0,0,0,1,0,0,0,1,0,1,0,0,0
2371,1,4,76.61217513451302,0,1,2,1.0144153080703933,0,0,0,0,0,1,0,0,0,1,1,0,0,0,0,1,0,0
2372,1,5,6.834761818969115,1,1,3,3.1909875697474055,0,1,0,0,1,0,0,1,0,0,1,0,0,0,1,0,0,0
2373,1,3,82.63987737446334,0,1,2,5.552059531061793,0,0,0,0,0,1,1,0,0,0,1,0,0,0,0,0,0,1
2374,1,1,26.1929244848229,1,0,3,53.81352258994333,0,0,0,1,0,0,1,0,0,0,0,0,1,0,0,1,0,0
2375,1,5,68.8851862300665,0,1,2,33.60881962375212,0,1,0,1,0,0,0,1,0,0,0,0,1,0,0,0,1,0
2376,0,5,92.36893410218703,1,1,1,89.31040480559996,0,1,0,1,0,0,0,1,0,0,0,0,1,0,1,0,0,0
2377,1,2,33.98270246734489,1,1,3,55.92338723288943,1,0,0,1,0,0,0,0,0,1,1,0,0,0,0,0,0,1
2378,0,3,50.28940779404192,0,1,5,75.9896328820911,0,0,1,0,0,0,1,0,0,0,1,0,0,0,0,1,0,0
2379,1,1,46.31180339504504,0,1,3,68.71331767550724,1,0,1,0,0,0,0,0,1,0,0,0,0,1,0,0,0,1
2380,1,2,15.761134906286811,1,0,4,52.03207272377255,1,0,0,0,0,1,0,0,0,1,0,1,0,0,0,1,0,0
2381,0,2,59.03120104907617,1,0,3,74.47204397651247,0,1,0,0,1,0,0,0,0,1,0,0,1,0,1,0,0,0
2382,1,4,74.3001918520948,0,1,4,54.47057028677289,0,0,0,1,0,0,0,0,1,0,1,0,0,0,0,1,0,0
2383,1,5,91.68748289238192,1,0,4,38.54563051904505,0,1,0,0,0,1,0,0,0,1,0,1,0,0,1,0,0,0
2384,0,1,85.08026016495128,1,0,1,43.580483250764836,1,0,1,0,0,0,0,1,0,0,1,0,0,0,0,1,0,0
2385,1,1,51.00193797280317,0,1,3,83.85013395438814,0,0,1,0,0,0,0,0,1,0,1,0,0,0,0,0,0,1
2386,1,1,71.90171545119348,0,0,1,56.32735581235468,1,0,0,0,1,0,0,0,1,0,0,0,1,0,0,0,0,1
2387,1,2,80.07834133738928,1,0,5,37.72961481623156,0,0,0,0,1,0,1,0,0,0,0,1,0,0,1,0,0,0
2388,0,4,49.34887137383488,0,1,3,17.974315158624808,0,0,0,0,1,0,0,0,1,0,1,0,0,0,0,0,1,0
2389,1,3,11.542756070426774,0,1,2,49.535784220170534,1,0,0,0,0,1,0,0,0,1,0,1,0,0,1,0,0,0
2390,1,2,43.793076384737084,1,0,2,25.240410953247473,0,1,1,0,0,0,1,0,0,0,0,1,0,0,0,0,0,1
2391,1,3,84.24780382015649,0,0,2,95.55798781283701,1,1,1,0,0,0,0,0,0,1,0,0,1,0,0,1,0,0
2392,1,4,59.6641405393735,0,0,4,49.09820846510882,0,0,0,0,1,0,0,1,0,0,0,1,0,0,0,0,1,0
2393,0,5,72.44583770093391,1,1,2,0.8948273889257119,0,0,0,1,0,0,0,1,0,0,0,0,0,1,0,0,0,1
2394,0,1,18.526802215258755,0,0,5,9.28771894944742,0,1,0,0,1,0,1,0,0,0,0,0,0,1,0,0,1,0
2395,1,3,96.43377682110057,1,0,3,28.43244917105425,0,0,0,0,0,1,1,0,0,0,0,0,1,0,1,0,0,0
2396,1,2,40.408052949330944,0,1,3,9.216284169831102,0,0,0,0,1,0,0,0,0,1,0,0,1,0,0,0,0,1
2397,0,3,65.36355227177289,0,0,4,89.39622254954016,1,1,0,0,1,0,0,1,0,0,0,0,0,1,1,0,0,0
2398,0,5,1.8872254590605264,1,1,4,85.43515668005308,1,0,0,0,0,1,1,0,0,0,0,0,1,0,0,0,0,1
2399,1,1,12.731926225529133,0,0,4,97.08615088767567,1,1,0,0,1,0,0,1,0,0,0,1,0,0,0,0,0,1
2400,0,3,78.2034269884919,0,1,5,70.64656143438098,1,0,1,0,0,0,0,1,0,0,1,0,0,0,1,0,0,0
2401,1,5,96.79694455202547,0,0,3,64.54645462120159,1,0,0,1,0,0,0,1,0,0,0,0,1,0,0,0,0,1
2402,0,2,32.00553550554782,0,0,1,92.34966378957766,0,0,0,0,1,0,0,0,0,1,0,0,0,1,0,0,1,0
2403,0,4,3.7180734941264837,0,1,4,94.63931448063244,0,0,0,0,0,1,0,0,0,1,1,0,0,0,0,0,1,0
2404,0,2,36.08666019801375,0,1,2,87.74878428836026,0,0,0,1,0,0,0,1,0,0,0,1,0,0,1,0,0,0
2405,0,1,1.7468130279002625,1,1,1,86.14728438198227,0,0,0,0,0,1,0,1,0,0,1,0,0,0,0,1,0,0
2406,1,2,19.237309226246914,0,1,1,67.1703255443728,0,0,0,1,0,0,0,1,0,0,0,0,0,1,0,0,1,0
2407,0,2,75.24720150537384,0,1,4,0.16059472396448005,1,0,0,1,0,0,0,0,1,0,1,0,0,0,0,0,0,1
2408,0,2,93.70883981064961,1,1,2,42.95170503296527,1,0,0,0,1,0,0,0,1,0,0,0,0,1,1,0,0,0
2409,1,2,8.744908436888664,1,1,4,63.56627711793475,1,0,1,0,0,0,0,0,0,1,0,0,1,0,0,1,0,0
2410,0,1,55.79007788105093,1,0,4,54.71273804446047,1,0,0,0,1,0,0,1,0,0,0,0,1,0,1,0,0,0
2411,0,5,25.388084612403194,0,0,2,82.11266298908724,1,1,0,0,0,1,0,0,1,0,0,0,0,1,0,0,1,0
2412,1,3,13.905912579392954,1,0,1,81.89022765141299,0,0,0,0,0,1,1,0,0,0,0,0,1,0,0,0,0,1
2413,0,4,21.898022989155752,1,0,1,59.86820094616056,0,0,0,1,0,0,1,0,0,0,0,1,0,0,0,0,1,0
2414,1,3,57.77630674977075,0,0,2,2.1994053259063673,0,1,0,1,0,0,0,1,0,0,1,0,0,0,1,0,0,0
2415,1,3,6.513450144396105,1,0,1,36.93299523347178,0,1,1,0,0,0,0,0,1,0,0,0,0,1,0,0,0,1
2416,1,4,43.42185961684175,0,0,5,22.881658534347395,1,1,0,0,1,0,1,0,0,0,0,0,0,1,0,1,0,0
2417,1,1,13.522785095516387,0,1,4,33.878810875525076,1,0,0,0,0,1,0,0,0,1,0,0,0,1,0,0,1,0
2418,0,4,27.267705239448148,0,0,5,61.72926545160619,0,1,0,1,0,0,1,0,0,0,0,1,0,0,1,0,0,0
2419,1,1,19.07543297432639,0,1,5,6.646190268272756,0,0,1,0,0,0,0,0,0,1,0,1,0,0,0,0,0,1
2420,0,3,88.29754998308972,0,0,5,2.2242049048971535,0,0,0,0,0,1,1,0,0,0,0,1,0,0,1,0,0,0
2421,0,1,70.80113308712896,1,1,3,43.68729159803044,0,0,0,1,0,0,1,0,0,0,0,0,0,1,0,1,0,0
2422,0,5,86.84625789474705,0,0,3,79.35738322476449,0,1,0,0,0,1,0,0,1,0,0,1,0,0,0,1,0,0
2423,0,4,38.34628345476925,1,0,5,3.0698574598551853,0,1,1,0,0,0,1,0,0,0,0,0,1,0,0,0,1,0
2424,0,5,31.34133648536701,0,0,4,84.90485850930637,1,1,1,0,0,0,1,0,0,0,1,0,0,0,0,1,0,0
2425,0,3,38.058719489776706,1,0,5,38.38796327500079,1,0,0,0,0,1,0,0,0,1,0,0,1,0,0,1,0,0
2426,0,4,1.8548195724407468,0,1,5,11.82354289454518,1,0,0,0,1,0,0,0,0,1,0,0,1,0,0,0,1,0
2427,0,3,72.47042751485581,0,0,3,56.74977287981021,1,0,0,0,0,1,1,0,0,0,0,1,0,0,1,0,0,0
2428,0,5,34.97724568950783,0,1,5,95.23605614244093,0,1,0,1,0,0,0,1,0,0,0,0,0,1,0,0,1,0
2429,0,3,31.332380357679167,1,0,4,54.251289903881506,0,0,0,0,1,0,1,0,0,0,0,0,1,0,0,0,1,0
2430,1,4,59.81410653705329,1,0,4,68.66347557859714,0,1,0,1,0,0,1,0,0,0,1,0,0,0,0,0,0,1
2431,1,4,43.624991170981644,1,0,5,81.642128689102,0,0,0,0,0,1,0,0,1,0,0,1,0,0,0,1,0,0
2432,1,3,98.08433682238984,0,0,4,79.93401222474198,1,1,0,0,1,0,1,0,0,0,0,0,1,0,0,1,0,0
2433,0,4,35.625304289880134,0,1,5,7.311872851373968,0,0,0,1,0,0,1,0,0,0,0,1,0,0,1,0,0,0
2434,1,4,61.389584220791335,1,1,3,74.0995413230925,0,1,0,0,0,1,0,0,0,1,1,0,0,0,0,1,0,0
2435,1,3,31.165110060965173,0,1,5,94.94495658728746,1,1,0,0,0,1,0,0,0,1,0,1,0,0,1,0,0,0
2436,1,5,99.05949802106568,1,0,1,70.06522339805773,0,0,0,0,1,0,0,0,0,1,0,0,0,1,0,0,0,1
2437,0,4,44.51110347201281,0,0,3,83.64428937104677,1,0,0,0,0,1,0,0,0,1,0,0,1,0,1,0,0,0
2438,0,4,63.412881086680294,1,0,4,48.55497010111197,0,1,1,0,0,0,1,0,0,0,0,0,1,0,1,0,0,0
2439,0,4,12.672167095267707,1,0,4,31.906932637287145,1,0,0,1,0,0,0,1,0,0,0,0,0,1,0,0,0,1
2440,0,4,73.30242148636582,0,1,3,67.62392230908739,1,0,0,1,0,0,0,0,1,0,1,0,0,0,0,0,1,0
2441,1,3,26.9210057875622,1,1,1,49.21999781194152,0,0,0,0,0,1,0,0,1,0,1,0,0,0,0,0,0,1
2442,1,5,44.861325282967194,0,1,3,89.52888563144052,0,0,0,0,0,1,0,1,0,0,0,1,0,0,0,1,0,0
2443,1,5,88.31330623274579,0,0,2,97.43819685938594,1,0,1,0,0,0,0,1,0,0,0,0,1,0,0,1,0,0
2444,1,1,97.05525148851014,0,1,1,81.98020675090005,0,0,0,0,1,0,0,0,1,0,1,0,0,0,0,0,0,1
2445,0,4,42.4572101840357,1,0,3,99.2679617485444,1,0,0,0,0,1,1,0,0,0,0,0,0,1,1,0,0,0
2446,0,4,83.48026679544999,1,1,2,34.83705983943032,0,0,0,0,0,1,0,0,1,0,0,0,0,1,0,0,0,1
2447,0,1,5.3348994549860755,1,1,5,89.57553787544835,1,0,0,0,0,1,0,1,0,0,0,0,0,1,0,1,0,0
2448,1,5,84.75740297902625,0,1,1,32.99336287973795,0,0,0,0,0,1,1,0,0,0,1,0,0,0,0,0,0,1
2449,0,2,62.951032215264966,0,1,5,11.803807530595357,1,1,0,1,0,0,0,0,1,0,0,0,0,1,1,0,0,0
2450,0,2,48.8706168391602,1,0,2,62.13736953114487,1,0,0,0,0,1,1,0,0,0,0,0,1,0,0,1,0,0
2451,1,5,88.99637051372477,0,0,4,45.49886343119963,0,0,0,1,0,0,1,0,0,0,1,0,0,0,0,0,1,0
2452,1,4,84.53372225064139,0,1,4,92.16992334306178,0,0,0,0,0,1,0,1,0,0,1,0,0,0,0,0,0,1
2453,0,2,29.6945095953572,1,1,4,49.21938875780151,1,0,0,0,1,0,0,0,0,1,0,0,1,0,0,0,0,1
2454,0,3,79.14883823447575,1,0,5,92.7632579314303,1,1,1,0,0,0,0,0,1,0,0,0,0,1,0,0,0,1
2455,0,3,9.94909336623726,0,1,1,7.863386719510257,1,1,0,0,1,0,0,1,0,0,1,0,0,0,0,0,0,1
2456,0,1,82.27639354673701,0,1,5,83.05118357463347,0,0,0,0,0,1,0,0,1,0,0,0,1,0,0,1,0,0
2457,0,5,67.54556180232505,1,1,5,75.91142684643823,1,0,0,0,0,1,0,0,0,1,0,0,1,0,1,0,0,0
2458,0,5,8.786633093194274,1,0,4,71.99782734785423,1,1,0,0,0,1,0,0,0,1,0,1,0,0,0,0,1,0
2459,1,2,68.30801734741354,0,0,5,35.513585506878975,0,1,0,0,1,0,0,0,0,1,0,0,0,1,0,0,0,1
2460,1,4,58.05192766763702,0,1,2,78.37596359975745,1,0,0,0,0,1,0,0,0,1,0,0,0,1,0,1,0,0
2461,1,5,59.45501011450448,0,1,3,48.3296579244777,0,1,0,0,1,0,0,0,1,0,0,0,1,0,0,0,0,1
2462,0,2,29.086393512969856,1,0,3,71.52035108847681,1,0,0,1,0,0,1,0,0,0,1,0,0,0,0,0,1,0
2463,1,2,26.64972000128453,0,0,3,55.222714678517036,0,0,1,0,0,0,1,0,0,0,0,1,0,0,0,0,0,1
2464,0,5,76.253511205402,0,0,4,15.743970453341106,0,0,1,0,0,0,0,0,0,1,0,1,0,0,1,0,0,0
2465,0,2,25.681348101723913,0,0,4,6.455859017330223,0,0,0,0,1,0,0,0,0,1,1,0,0,0,0,0,0,1
2466,1,1,44.62622518098986,0,0,3,36.618665120340374,0,0,0,1,0,0,1,0,0,0,0,1,0,0,0,0,0,1
2467,0,1,69.47889985987847,0,0,1,93.27888229458485,0,0,0,0,1,0,0,1,0,0,1,0,0,0,0,0,0,1
2468,0,5,7.961625132743777,0,0,3,52.97350208215531,0,0,0,1,0,0,0,0,0,1,0,1,0,0,1,0,0,0
2469,1,4,59.45483826116572,1,0,5,80.21920676168709,1,1,0,0,0,1,1,0,0,0,1,0,0,0,0,1,0,0
2470,1,1,58.93763726481173,1,1,3,57.59530706488314,0,0,0,1,0,0,0,1,0,0,0,0,1,0,1,0,0,0
2471,1,1,68.42287108880255,1,1,3,95.79052862734376,1,0,0,1,0,0,1,0,0,0,0,0,1,0,0,1,0,0
2472,0,5,36.992809530565864,0,0,1,36.94555621546009,0,0,0,1,0,0,0,1,0,0,0,1,0,0,1,0,0,0
2473,1,3,44.89797740638397,1,1,4,5.705045537797293,0,0,1,0,0,0,0,0,1,0,0,1,0,0,1,0,0,0
2474,1,2,32.996931394469364,0,0,4,78.06683833055847,1,0,0,1,0,0,0,1,0,0,0,0,1,0,0,0,0,1
2475,0,1,80.81682471887758,0,1,5,70.54565083310914,0,1,0,0,0,1,0,0,0,1,0,0,0,1,1,0,0,0
2476,1,3,13.061076003613248,0,0,3,52.753438223834614,1,1,0,0,0,1,0,1,0,0,1,0,0,0,0,1,0,0
2477,1,4,96.29539535753298,0,0,2,32.63912431903147,1,0,0,0,0,1,0,1,0,0,0,0,0,1,0,1,0,0
2478,1,3,63.48361559792174,0,1,5,18.826514768943923,1,0,0,1,0,0,0,0,0,1,0,1,0,0,0,1,0,0
2479,0,5,88.6906724392176,1,1,4,48.22760441763143,0,1,0,0,1,0,0,0,1,0,0,0,1,0,0,1,0,0
2480,0,4,42.623145826476424,1,1,1,66.62014092904869,1,0,0,0,1,0,0,1,0,0,0,1,0,0,1,0,0,0
2481,0,4,33.227907039199664,1,1,4,57.888642937019284,1,0,0,0,0,1,0,0,1,0,0,0,0,1,0,0,0,1
2482,0,3,90.07258101239835,0,1,4,43.749051037160804,1,1,1,0,0,0,1,0,0,0,0,0,1,0,0,0,1,0
2483,1,5,9.887302887630279,1,0,1,53.9694444329195,0,1,0,0,1,0,1,0,0,0,0,0,1,0,0,1,0,0
2484,0,1,11.71072315052778,0,0,3,10.795493031459847,0,0,0,1,0,0,0,0,0,1,0,0,1,0,1,0,0,0
2485,0,3,29.934677648467733,1,0,3,69.58401038599213,0,0,0,0,1,0,0,0,1,0,1,0,0,0,0,0,0,1
2486,1,1,95.97749817663185,1,1,4,73.42560437959335,0,0,0,0,0,1,0,0,0,1,0,1,0,0,1,0,0,0
2487,1,3,63.306860986510706,1,0,5,1.145260409709059,0,0,1,0,0,0,0,0,0,1,0,0,0,1,0,1,0,0
2488,1,1,55.41936966153982,1,0,2,27.051955586086894,1,0,0,0,1,0,0,1,0,0,1,0,0,0,0,1,0,0
2489,0,3,70.53563363554206,1,1,5,9.211686017327303,1,0,0,0,1,0,1,0,0,0,0,0,0,1,0,0,0,1
2490,0,4,41.74745560781662,1,0,5,99.82321318744968,1,0,0,0,0,1,0,0,0,1,1,0,0,0,1,0,0,0
2491,0,2,75.80735014207993,0,1,4,59.334283375516335,1,1,1,0,0,0,0,1,0,0,0,0,1,0,0,1,0,0
2492,1,4,39.32306979728776,0,1,4,46.57380942265624,0,0,1,0,0,0,0,1,0,0,1,0,0,0,0,1,0,0
2493,1,1,82.63631848564646,0,0,2,46.30010189810573,0,0,0,0,0,1,0,0,1,0,0,1,0,0,0,0,1,0
2494,0,5,26.729508207650454,0,0,2,96.47739192287702,0,1,0,1,0,0,1,0,0,0,0,1,0,0,0,0,1,0
2495,1,4,27.754665929802425,0,1,2,65.98556381495484,0,0,0,0,1,0,0,0,1,0,0,0,0,1,0,1,0,0
2496,1,2,52.238330542673516,1,1,4,16.865955824708976,1,0,0,1,0,0,0,0,1,0,0,0,1,0,0,0,1,0
2497,1,1,43.076115836173514,0,0,4,44.81588279958674,1,1,0,0,1,0,0,0,0,1,0,0,1,0,0,0,1,0
2498,0,4,64.81158442846954,0,0,5,77.41968409458993,1,1,0,0,1,0,0,0,1,0,0,0,0,1,0,1,0,0
2499,1,3,36.4290754673579,0,0,4,42.33500668587931,0,0,0,1,0,0,0,0,0,1,0,1,0,0,1,0,0,0
2500,1,5,23.05506490703668,0,0,3,30.95334258868586,1,0,0,0,0,1,0,0,1,0,0,1,0,0,1,0,0,0
2501,0,1,46.980856288290106,0,0,3,99.12160765802554,1,0,0,0,0,1,0,1,0,0,0,0,0,1,1,0,0,0
2502,0,4,56.09564994971462,0,1,2,93.5637134612229,0,0,0,0,1,0,1,0,0,0,0,0,1,0,0,0,0,1
2503,1,1,14.260005382969043,0,1,4,94.15603693239586,0,1,0,0,0,1,1,0,0,0,0,0,0,1,1,0,0,0
2504,1,3,55.67186257331653,0,0,3,13.167252967273768,1,0,0,0,1,0,1,0,0,0,0,0,0,1,0,0,0,1
2505,0,2,31.925670524789684,0,0,5,23.425525680916202,0,0,0,0,0,1,0,1,0,0,1,0,0,0,0,0,0,1
2506,0,4,39.24518848685079,1,0,1,44.206695816584094,1,0,0,0,1,0,0,1,0,0,0,0,0,1,0,0,1,0
2507,1,1,27.931812906328123,0,0,5,83.21292582325583,1,0,0,0,0,1,0,0,1,0,0,1,0,0,0,0,0,1
2508,1,1,93.14103277930599,0,0,1,73.68275402276231,1,1,1,0,0,0,0,0,1,0,0,0,0,1,0,0,0,1
2509,1,1,68.33362812802139,1,1,5,84.96673951524292,1,0,0,1,0,0,0,0,1,0,0,0,1,0,0,0,0,1
2510,1,2,26.24603114006834,1,1,3,92.07632911573708,1,0,1,0,0,0,0,0,1,0,0,0,1,0,0,0,0,1
2511,0,1,64.50313345519501,0,0,4,78.07668430505201,0,1,0,1,0,0,1,0,0,0,0,1,0,0,0,0,1,0
2512,1,5,84.85724095820461,0,0,1,26.177001014497826,0,0,0,1,0,0,0,0,1,0,0,0,1,0,0,1,0,0
2513,1,5,40.16302083327686,0,0,4,28.544568238716927,0,1,0,0,1,0,0,1,0,0,0,0,0,1,0,0,0,1
2514,0,1,82.99575091561823,1,1,4,35.248768162309844,1,1,0,1,0,0,0,1,0,0,0,1,0,0,0,1,0,0
2515,1,5,15.441494433999237,0,1,3,30.307536683361757,1,1,1,0,0,0,0,1,0,0,0,0,1,0,1,0,0,0
2516,0,4,82.2781364866168,1,1,2,24.909894970311306,0,0,1,0,0,0,0,0,0,1,0,0,0,1,1,0,0,0
2517,1,5,54.029424267236635,1,0,2,75.24860598757422,0,0,0,0,0,1,0,0,0,1,0,0,1,0,0,1,0,0
2518,1,1,22.29744880099821,1,0,1,3.3991050900381237,0,0,1,0,0,0,0,0,0,1,1,0,0,0,0,1,0,0
2519,0,3,40.71413845559114,1,1,3,72.8393738095065,1,0,0,0,0,1,0,0,1,0,0,0,1,0,1,0,0,0
2520,0,4,98.79929924466168,1,1,4,82.3563771514968,0,1,0,1,0,0,1,0,0,0,0,1,0,0,0,0,1,0
2521,1,2,78.35560166424261,0,0,5,6.604404334481783,0,0,1,0,0,0,1,0,0,0,0,0,0,1,0,0,1,0
2522,1,1,57.50863613851153,0,1,5,6.184710720099618,1,0,0,1,0,0,0,0,1,0,0,0,0,1,0,0,0,1
2523,1,2,11.516391190452557,1,1,1,28.5463802893301,0,0,1,0,0,0,0,0,1,0,0,1,0,0,0,0,1,0
2524,0,3,41.781158290150024,1,1,1,20.830681560166518,0,0,1,0,0,0,0,0,0,1,1,0,0,0,0,0,1,0
2525,1,2,26.305151401193726,1,0,1,58.11336736901933,1,0,0,0,0,1,0,1,0,0,0,0,0,1,0,0,0,1
2526,0,1,7.100107950539025,1,0,3,67.54515435016336,1,1,0,1,0,0,0,1,0,0,0,1,0,0,0,0,0,1
2527,0,1,54.2204388719315,0,1,5,63.414199610432476,0,0,1,0,0,0,0,0,0,1,0,0,1,0,0,0,1,0
2528,1,3,88.91856998408761,1,1,3,35.73473702622228,1,0,0,0,1,0,0,0,0,1,1,0,0,0,0,1,0,0
2529,0,1,67.55998681741251,1,0,3,49.839783461363616,0,1,0,1,0,0,1,0,0,0,0,1,0,0,0,0,0,1
2530,1,3,24.96803879805112,0,0,4,63.99908295041189,0,0,0,1,0,0,0,0,0,1,0,0,1,0,0,1,0,0
2531,1,3,57.35846069537891,0,1,3,11.94262688063703,0,1,0,1,0,0,0,1,0,0,0,0,0,1,1,0,0,0
2532,1,1,94.32342833469689,0,1,3,22.95119144538941,0,1,0,0,0,1,0,1,0,0,0,0,0,1,0,0,0,1
2533,1,5,72.29150529229354,0,1,4,89.04961539861827,1,1,0,0,1,0,0,0,1,0,1,0,0,0,0,1,0,0
2534,1,3,68.9473899406764,1,0,2,34.23263765491142,1,0,0,1,0,0,1,0,0,0,0,0,1,0,0,0,0,1
2535,0,1,96.81581662275163,1,1,4,80.11563819197053,1,0,1,0,0,0,0,0,1,0,0,1,0,0,0,0,0,1
2536,0,5,79.88733111840249,1,1,1,25.098975233714405,0,0,1,0,0,0,1,0,0,0,0,0,0,1,0,0,0,1
2537,1,3,13.662354309875212,1,1,2,4.164035153602185,0,1,0,0,0,1,0,0,1,0,0,1,0,0,0,0,0,1
2538,1,5,34.76350869762014,1,1,5,50.04005924734096,0,0,1,0,0,0,1,0,0,0,0,1,0,0,0,1,0,0
2539,0,4,96.51407007376861,1,1,3,89.24820435624864,1,0,0,1,0,0,0,0,0,1,0,1,0,0,0,1,0,0
2540,0,4,48.970539419799785,1,0,2,81.92845491421377,0,0,1,0,0,0,0,1,0,0,1,0,0,0,0,1,0,0
2541,0,5,11.163744532118535,1,1,5,25.293916892448987,0,0,0,1,0,0,0,0,0,1,0,1,0,0,1,0,0,0
2542,0,3,45.860487967234185,1,1,4,90.9935774424347,0,1,1,0,0,0,1,0,0,0,1,0,0,0,0,0,0,1
2543,1,1,69.69932340708007,0,0,4,47.97158949163032,1,0,0,0,1,0,1,0,0,0,1,0,0,0,0,0,0,1
2544,1,2,99.75482216812411,1,0,1,4.899900378867006,0,1,0,0,0,1,0,0,1,0,0,0,1,0,0,1,0,0
2545,0,1,32.390531656320185,0,1,1,2.7924619767751735,0,0,0,0,0,1,1,0,0,0,0,0,0,1,0,1,0,0
2546,1,2,51.408687487927374,0,1,2,48.5113734003325,1,0,0,0,1,0,0,0,0,1,0,1,0,0,0,0,0,1
2547,0,2,87.96807046497939,0,1,3,54.63228557138162,1,0,0,0,1,0,1,0,0,0,0,0,1,0,0,0,0,1
2548,1,3,35.52672180573335,0,0,4,7.991292058259036,0,0,0,0,0,1,1,0,0,0,0,0,1,0,1,0,0,0
2549,0,5,10.926155659085723,1,0,2,92.2240653725179,0,1,0,0,1,0,0,0,1,0,0,0,1,0,0,0,0,1
2550,1,1,94.8935875001504,0,0,2,71.82168284908231,1,0,0,1,0,0,1,0,0,0,0,0,1,0,0,1,0,0
2551,0,5,48.84408067135001,0,0,2,80.12823584867418,1,0,1,0,0,0,0,0,1,0,0,0,1,0,1,0,0,0
2552,0,4,50.27837107719717,1,1,1,58.40232512163516,1,0,0,0,0,1,0,1,0,0,0,1,0,0,0,0,1,0
2553,1,3,62.12001446041822,0,0,4,66.35440761545146,0,0,0,0,1,0,0,0,1,0,0,0,1,0,0,0,1,0
2554,0,3,0.3536623703224606,1,1,1,38.78602298271203,1,0,0,1,0,0,1,0,0,0,0,0,0,1,0,0,0,1
2555,1,4,93.11311755688492,1,0,1,67.92970849440933,0,0,0,0,0,1,0,1,0,0,1,0,0,0,0,1,0,0
2556,1,1,36.145108477454166,1,1,2,97.81828914042694,1,0,0,0,1,0,1,0,0,0,1,0,0,0,0,0,0,1
2557,0,4,39.69318623843486,1,1,5,64.77159106109688,0,0,0,0,0,1,0,0,1,0,0,0,0,1,0,1,0,0
2558,1,1,17.4109247533235,0,1,5,34.163372287316975,0,1,0,0,1,0,0,0,0,1,0,1,0,0,0,1,0,0
2559,1,2,37.8151613292461,1,0,5,28.523912238246783,1,0,0,0,0,1,0,1,0,0,1,0,0,0,0,1,0,0
2560,1,3,80.3943530776052,0,1,2,96.33459408470631,1,0,0,1,0,0,0,0,0,1,0,0,0,1,0,0,1,0
2561,1,1,79.99916725555349,0,1,3,18.500229710806504,0,0,0,1,0,0,0,0,0,1,0,0,0,1,0,0,0,1
2562,1,5,93.57968408954528,1,1,4,80.61966116696198,1,1,1,0,0,0,0,1,0,0,0,0,1,0,0,0,0,1
2563,0,5,40.32294726807958,0,0,2,46.52622920087588,0,0,0,0,0,1,0,0,0,1,1,0,0,0,0,0,1,0
2564,1,3,70.87215037485844,1,1,2,44.375975435280054,0,0,1,0,0,0,0,0,0,1,0,0,1,0,0,1,0,0
2565,1,4,50.72375552075571,0,0,1,74.75377879788489,1,0,0,0,0,1,0,0,0,1,0,1,0,0,1,0,0,0
2566,1,4,80.4022789519131,0,1,5,14.803843004594341,0,0,0,0,1,0,0,0,0,1,1,0,0,0,1,0,0,0
2567,1,1,71.2542009132997,0,0,2,46.62959261449204,1,0,0,0,1,0,0,1,0,0,1,0,0,0,0,0,1,0
2568,1,4,36.79029252862757,0,1,3,3.5833687767748312,0,1,1,0,0,0,1,0,0,0,0,0,0,1,1,0,0,0
2569,0,3,33.667383425369245,1,1,4,67.04068215114694,0,0,0,0,0,1,0,0,0,1,1,0,0,0,0,1,0,0
2570,1,1,25.244246302796757,1,1,3,5.8377283953666375,1,1,1,0,0,0,0,1,0,0,0,1,0,0,0,1,0,0
2571,0,2,57.65157904886378,0,1,2,8.728879767388698,0,1,0,1,0,0,0,1,0,0,0,1,0,0,0,0,0,1
2572,0,4,96.38428515938595,0,0,2,84.48263812292032,0,0,1,0,0,0,0,1,0,0,1,0,0,0,0,1,0,0
2573,0,4,20.0066737617566,0,1,1,44.2955187015928,0,1,1,0,0,0,0,1,0,0,0,0,0,1,0,1,0,0
2574,0,1,9.525245490432521,0,1,3,20.097568854824253,1,0,0,0,1,0,0,0,1,0,0,1,0,0,0,1,0,0
2575,1,5,11.940064207631362,1,1,1,59.25845759553798,1,0,1,0,0,0,1,0,0,0,0,0,1,0,1,0,0,0
2576,0,4,78.30986762501499,0,0,3,51.92832645845314,0,0,0,0,0,1,1,0,0,0,0,1,0,0,1,0,0,0
2577,0,3,35.01048042845637,0,0,5,41.090832674285814,0,0,0,0,1,0,0,0,0,1,1,0,0,0,0,0,1,0
2578,1,4,22.43668276923797,0,0,5,90.54170667493474,0,0,1,0,0,0,0,1,0,0,0,0,1,0,0,0,1,0
2579,1,2,35.28441183735001,1,1,3,74.94579981523461,1,0,0,1,0,0,0,0,1,0,1,0,0,0,1,0,0,0
2580,1,4,64.53308128295218,0,0,1,15.159287125529664,0,0,1,0,0,0,0,1,0,0,1,0,0,0,0,0,0,1
2581,0,5,54.678712482828374,1,0,5,57.07746499474199,0,0,1,0,0,0,0,0,0,1,1,0,0,0,0,0,0,1
2582,1,4,74.3589406521226,1,0,2,8.874390070476712,1,0,1,0,0,0,1,0,0,0,0,0,0,1,1,0,0,0
2583,1,1,33.90741484817763,0,1,4,24.465397044280657,1,0,0,0,1,0,0,0,0,1,0,0,0,1,0,0,1,0
2584,0,4,45.20285734646854,0,0,1,90.98603467206404,0,1,0,0,0,1,0,0,0,1,0,1,0,0,0,0,0,1
2585,1,5,10.19683689629235,0,1,3,46.20799257082422,1,0,0,1,0,0,0,0,0,1,1,0,0,0,0,1,0,0
2586,1,1,7.305864603278145,1,0,4,89.21061016177016,0,1,1,0,0,0,0,0,0,1,0,0,1,0,0,0,0,1
2587,1,3,46.22552428441005,1,0,4,16.599896559156413,1,1,0,0,0,1,0,0,0,1,0,0,1,0,0,0,0,1
2588,1,1,30.159660744592355,0,1,2,20.534174751163892,1,0,0,0,0,1,0,0,0,1,0,0,1,0,0,0,0,1
2589,0,2,61.280057213613084,1,1,1,35.28247230670928,1,1,0,0,1,0,0,0,0,1,0,0,0,1,0,0,1,0
2590,1,1,4.300216544457191,0,1,4,36.63256422594667,1,0,0,1,0,0,1,0,0,0,0,0,0,1,0,0,1,0
2591,1,3,12.176637759956543,0,0,1,74.52772702306243,0,0,0,0,1,0,1,0,0,0,1,0,0,0,1,0,0,0
2592,0,4,86.51908111063952,0,1,2,59.941056196837195,0,0,0,0,0,1,0,1,0,0,0,0,1,0,0,0,0,1
2593,1,1,56.63116215191045,0,1,3,55.32494259466301,1,0,0,0,0,1,0,1,0,0,0,0,1,0,0,0,1,0
2594,0,1,71.20545336912272,0,0,4,60.23755068280939,0,1,0,0,0,1,0,0,1,0,0,0,0,1,0,0,1,0
2595,1,1,84.19721187072957,0,1,4,73.2191372523409,0,1,0,0,1,0,0,0,1,0,0,0,0,1,1,0,0,0
2596,0,1,46.38343429500522,1,1,4,89.28166386090888,0,0,0,1,0,0,1,0,0,0,0,0,1,0,0,1,0,0
2597,0,3,76.1060383967476,1,0,1,41.47399564772202,1,0,1,0,0,0,1,0,0,0,0,0,1,0,0,1,0,0
2598,0,5,52.45855790735243,1,0,4,80.29259429234654,1,0,0,0,1,0,0,0,1,0,0,1,0,0,0,0,0,1
2599,0,5,22.274877027370387,0,0,1,49.50968830860286,0,0,0,0,0,1,1,0,0,0,0,0,0,1,0,1,0,0
2600,1,1,33.76561688009395,0,1,5,72.20782425495383,0,0,0,0,1,0,0,0,1,0,1,0,0,0,1,0,0,0
2601,0,3,49.03504410556609,0,0,5,87.48237880597675,0,0,0,0,0,1,0,1,0,0,1,0,0,0,0,0,1,0
2602,1,3,31.688555217227076,1,1,1,3.221482236483375,0,1,1,0,0,0,1,0,0,0,0,0,1,0,0,1,0,0
2603,0,1,33.55276913498984,0,0,5,54.66297553367805,1,1,1,0,0,0,1,0,0,0,0,0,0,1,0,0,0,1
2604,0,2,33.73928312487664,1,0,2,98.93806264604754,0,1,0,1,0,0,0,0,1,0,1,0,0,0,0,0,0,1
2605,0,1,12.283997885710418,0,0,2,49.62244145224641,0,0,0,0,0,1,0,0,0,1,0,0,0,1,0,0,1,0
2606,1,2,8.464260721225136,1,1,5,86.43036826016922,0,0,0,1,0,0,0,0,0,1,0,0,1,0,0,0,0,1
2607,0,1,4.649603969130434,0,1,3,18.58998524168294,0,0,0,1,0,0,0,1,0,0,0,0,1,0,1,0,0,0
2608,1,2,11.095626103433675,0,1,1,60.428709024633164,0,0,1,0,0,0,1,0,0,0,0,0,1,0,0,1,0,0
2609,1,2,34.3707092135618,1,1,5,87.03059632344451,1,0,0,0,1,0,1,0,0,0,0,0,0,1,0,0,0,1
2610,1,1,59.38718057830571,1,1,1,43.153313161877115,1,0,0,0,1,0,0,0,1,0,1,0,0,0,0,1,0,0
2611,1,2,18.814692720940897,1,0,5,48.67220589050437,1,1,0,1,0,0,0,0,0,1,0,1,0,0,0,0,1,0
2612,1,4,88.8008846002638,0,0,2,8.20179044490178,1,1,1,0,0,0,0,0,0,1,1,0,0,0,0,1,0,0
2613,1,5,80.83824312394495,1,0,3,4.217209195060501,1,0,0,0,0,1,0,1,0,0,0,0,0,1,1,0,0,0
2614,1,3,52.05271128091636,1,0,1,46.87082995829832,0,1,0,0,1,0,0,0,0,1,1,0,0,0,0,0,1,0
2615,1,2,72.42098308133599,0,1,3,84.34753316411339,1,1,0,1,0,0,0,0,0,1,0,1,0,0,0,0,0,1
2616,1,2,36.63285246987584,0,1,2,93.1324272114715,1,0,0,0,1,0,0,0,0,1,1,0,0,0,0,0,1,0
2617,0,3,3.67777927330899,1,1,4,65.86530034612757,1,0,0,0,1,0,0,0,1,0,0,1,0,0,0,1,0,0
2618,0,2,90.43328475325399,0,0,4,82.63985993346174,0,0,0,0,0,1,0,0,0,1,0,0,0,1,0,1,0,0
2619,0,3,12.7793488257822,1,0,1,73.48541626584053,0,0,1,0,0,0,0,1,0,0,0,0,1,0,0,1,0,0
2620,0,1,94.79373463796514,1,1,2,70.14858269004094,0,0,0,0,0,1,0,0,0,1,0,1,0,0,0,1,0,0
2621,0,4,57.188258826611005,1,0,1,76.90330987867587,0,0,1,0,0,0,0,1,0,0,0,0,0,1,0,0,1,0
2622,1,4,30.556306102142994,0,0,1,50.530295241092915,1,1,0,0,1,0,0,0,1,0,0,0,1,0,0,0,1,0
2623,1,5,49.552462331184465,1,1,1,45.79381034968545,1,1,0,1,0,0,0,0,1,0,0,1,0,0,0,1,0,0
2624,1,2,50.16298089230942,1,0,3,15.914352224186013,1,0,0,0,0,1,0,1,0,0,0,0,1,0,0,0,0,1
2625,1,5,2.3287079442581904,0,1,5,84.38153167080898,0,0,1,0,0,0,0,0,1,0,1,0,0,0,0,0,1,0
2626,1,1,35.545985188413866,1,0,2,4.461388010390466,1,0,0,0,1,0,1,0,0,0,0,0,0,1,1,0,0,0
2627,1,4,73.98657995429174,1,1,3,26.744412123732907,1,0,1,0,0,0,1,0,0,0,0,0,0,1,0,0,1,0
2628,1,1,51.0069188950708,1,0,5,51.99161471457291,0,0,1,0,0,0,1,0,0,0,0,0,0,1,1,0,0,0
2629,0,1,24.42301170095842,0,1,1,97.15981125220496,0,1,1,0,0,0,1,0,0,0,0,0,0,1,0,0,0,1
2630,0,2,33.5109860036944,1,1,4,78.59729422958972,1,0,0,0,1,0,1,0,0,0,0,1,0,0,1,0,0,0
2631,0,1,86.30543931159491,0,0,3,36.8671224648628,1,0,0,1,0,0,0,0,1,0,1,0,0,0,1,0,0,0
2632,0,4,52.55496701502296,0,0,2,71.39483905124351,1,0,0,1,0,0,0,1,0,0,0,0,1,0,0,0,0,1
2633,1,5,52.8352122551236,1,1,2,93.13693880151561,1,1,0,1,0,0,0,0,1,0,0,0,0,1,0,1,0,0
2634,1,4,96.146745905101,1,1,5,53.8883451537076,1,1,1,0,0,0,0,0,0,1,0,0,0,1,0,0,1,0
2635,1,2,32.088139903664334,0,1,3,46.194019550094936,1,0,0,0,1,0,1,0,0,0,0,1,0,0,0,0,0,1
2636,0,4,47.954112510622835,1,1,1,55.29932722743275,0,0,1,0,0,0,1,0,0,0,0,1,0,0,1,0,0,0
2637,1,3,81.17135977208339,1,1,5,31.153004115398275,0,0,0,1,0,0,0,0,1,0,0,1,0,0,0,1,0,0
2638,1,5,75.89122488870296,0,0,2,90.73488106841906,1,1,0,1,0,0,0,0,0,1,1,0,0,0,0,0,1,0
2639,1,3,26.579942192867257,1,0,3,79.7281812461477,0,0,0,0,1,0,0,0,1,0,0,0,1,0,0,0,0,1
2640,0,3,15.109104760538584,1,0,4,70.5484112353277,1,1,1,0,0,0,0,1,0,0,1,0,0,0,0,0,1,0
2641,1,2,70.07045761873682,0,0,1,58.90920805626426,1,0,0,0,0,1,1,0,0,0,0,0,0,1,0,1,0,0
2642,0,1,25.765617680719476,1,0,2,96.94747784521883,0,1,0,0,0,1,0,0,1,0,0,1,0,0,0,0,1,0
2643,0,3,92.26758285242411,0,1,3,29.77057294744204,0,0,0,1,0,0,0,1,0,0,0,0,0,1,0,1,0,0
2644,0,4,12.924769398922608,0,0,4,28.313516490684954,1,1,0,0,1,0,1,0,0,0,0,0,1,0,0,0,0,1
2645,0,1,31.831520013477654,1,0,2,24.21383328631822,0,0,1,0,0,0,1,0,0,0,0,0,1,0,0,1,0,0
2646,1,4,5.478724692491377,0,1,4,74.17759886449325,1,0,1,0,0,0,1,0,0,0,1,0,0,0,0,0,0,1
2647,0,4,70.33053068633781,1,1,2,79.72856398743002,0,1,0,1,0,0,0,0,0,1,1,0,0,0,0,1,0,0
2648,0,1,89.12626489153983,1,0,5,59.711417616669195,1,0,0,1,0,0,0,0,1,0,0,1,0,0,0,0,1,0
2649,1,1,63.587452733100704,0,0,5,65.19837103381172,0,1,1,0,0,0,1,0,0,0,0,1,0,0,0,1,0,0
2650,1,4,93.77530155114836,0,1,5,34.89607646063928,1,0,1,0,0,0,1,0,0,0,0,0,0,1,0,1,0,0
2651,0,2,12.850397850120965,0,0,3,3.9757542472882323,0,1,0,1,0,0,0,1,0,0,0,1,0,0,0,0,1,0
2652,1,5,8.77339272626989,0,1,5,25.363584364125302,0,0,1,0,0,0,0,0,1,0,0,1,0,0,1,0,0,0
2653,0,5,83.84127311673709,0,0,3,58.43032271304259,0,0,0,0,0,1,0,1,0,0,0,0,0,1,0,1,0,0
2654,0,2,85.55111753865077,0,0,1,81.29326823843887,1,1,0,1,0,0,0,0,1,0,0,0,1,0,0,0,0,1
2655,0,1,83.10395271071282,1,0,5,77.71949784329972,0,0,1,0,0,0,1,0,0,0,0,1,0,0,0,1,0,0
2656,0,4,79.89649025337457,1,0,3,17.948736419318124,0,1,0,1,0,0,0,0,0,1,0,1,0,0,1,0,0,0
2657,1,5,36.22283639386602,0,1,2,5.144621007622829,1,1,0,0,1,0,0,1,0,0,0,0,0,1,0,0,0,1
2658,0,4,21.746208359138773,1,1,3,85.05600399960413,1,0,0,1,0,0,0,0,0,1,0,0,0,1,0,0,1,0
2659,1,2,92.88040199977901,0,0,3,7.558923270265161,0,0,0,1,0,0,0,0,0,1,0,0,0,1,0,0,1,0
2660,1,4,30.700018284833398,0,0,2,39.331126278906645,0,1,0,0,1,0,0,0,0,1,0,0,0,1,0,0,1,0
2661,1,2,39.84076821640322,1,0,3,9.422565678491567,0,1,0,0,0,1,0,0,1,0,0,0,0,1,0,0,0,1
2662,1,1,69.95589594516332,1,0,2,56.40487104486067,0,0,1,0,0,0,0,0,1,0,0,1,0,0,0,1,0,0
2663,0,2,29.33560799939876,0,1,4,36.333643118751624,1,0,0,0,1,0,0,0,0,1,1,0,0,0,0,0,0,1
2664,1,2,81.91302215610013,0,1,5,20.249361780151254,0,0,0,1,0,0,1,0,0,0,1,0,0,0,0,0,0,1
2665,0,5,7.003462363178126,0,0,1,59.516766821804126,1,0,1,0,0,0,1,0,0,0,1,0,0,0,1,0,0,0
2666,1,4,79.11826673889345,1,1,3,36.33917898796896,1,0,0,0,1,0,0,0,0,1,0,1,0,0,0,0,0,1
2667,1,5,60.18513226178042,0,1,2,16.678825172080145,0,0,1,0,0,0,0,1,0,0,0,0,1,0,0,0,1,0
2668,0,3,57.299364411359285,0,0,5,70.0086412564263,1,1,1,0,0,0,0,1,0,0,0,1,0,0,0,0,0,1
2669,0,2,45.837703913866065,1,0,3,83.68083098823764,0,0,0,0,1,0,0,0,1,0,1,0,0,0,1,0,0,0
2670,0,3,27.70455962834224,1,0,5,27.37425710874951,1,0,1,0,0,0,0,1,0,0,1,0,0,0,0,0,0,1
2671,1,5,46.407028543123666,1,1,4,18.642504580184028,1,0,0,0,0,1,1,0,0,0,0,0,0,1,0,0,0,1
2672,1,4,45.00285120186873,0,1,3,7.525186198548006,1,1,0,0,1,0,0,0,0,1,0,0,0,1,0,0,1,0
2673,0,5,58.375418878306995,0,1,2,52.79021250702065,0,0,0,0,0,1,0,1,0,0,0,0,0,1,0,0,0,1
2674,0,4,28.157428585553024,1,1,4,83.12936997466693,1,0,0,1,0,0,0,0,0,1,0,1,0,0,0,1,0,0
2675,0,4,7.759558197614902,0,0,3,25.0789895000321,1,0,1,0,0,0,0,1,0,0,0,0,1,0,0,0,1,0
2676,0,1,14.508944663913825,0,0,5,46.063777163042715,1,0,0,1,0,0,0,0,1,0,0,0,1,0,1,0,0,0
2677,1,2,69.91774314615728,1,0,4,16.08034534477798,1,0,0,1,0,0,1,0,0,0,0,0,0,1,1,0,0,0
2678,0,5,2.2492329635540487,1,1,2,40.42008239936277,1,1,1,0,0,0,0,0,1,0,0,0,1,0,1,0,0,0
2679,0,4,85.644304464543,0,0,3,1.5445107555475235,1,0,0,0,1,0,0,0,0,1,1,0,0,0,0,0,0,1
2680,0,5,69.43973274799133,1,0,5,91.07290678534528,0,1,1,0,0,0,1,0,0,0,1,0,0,0,0,1,0,0
2681,0,5,76.80865413077163,1,1,5,67.65718950005687,1,0,0,1,0,0,1,0,0,0,0,0,0,1,0,0,1,0
2682,1,4,83.59844490934748,0,0,4,33.281371763477175,1,0,0,1,0,0,0,0,1,0,0,0,0,1,0,1,0,0
2683,0,3,12.271044393018116,0,1,3,88.11982600560232,0,0,0,0,1,0,0,1,0,0,0,0,0,1,0,1,0,0
2684,1,2,82.24510909700663,0,1,5,18.292962943304424,1,1,1,0,0,0,0,0,1,0,0,0,1,0,1,0,0,0
2685,0,2,50.464243765905636,0,0,4,7.873373185567434,1,0,0,1,0,0,0,0,0,1,0,1,0,0,1,0,0,0
2686,0,1,88.5523838753197,0,0,1,94.26215811458924,0,1,0,0,0,1,0,1,0,0,0,0,0,1,0,1,0,0
2687,1,1,88.65866010603435,0,1,5,30.90169617358938,0,0,0,1,0,0,0,0,1,0,0,0,1,0,0,1,0,0
2688,0,1,2.417804375417021,1,0,4,93.59733941084536,1,1,0,1,0,0,0,0,1,0,0,0,0,1,0,0,1,0
2689,1,2,38.28652154835389,1,0,1,63.76129192728067,1,1,0,0,1,0,0,1,0,0,0,1,0,0,1,0,0,0
2690,1,3,52.639879586527336,1,1,4,98.00429328154713,1,0,0,0,0,1,0,1,0,0,0,0,0,1,1,0,0,0
2691,0,2,67.8360089782902,0,0,5,75.34292122124204,1,1,0,1,0,0,0,1,0,0,1,0,0,0,0,0,0,1
2692,1,2,28.618624668413396,0,1,1,10.548386692829803,0,0,0,1,0,0,0,0,1,0,0,0,0,1,1,0,0,0
2693,1,2,25.21422606646523,0,1,4,85.22286669754824,1,0,0,0,0,1,0,1,0,0,1,0,0,0,0,0,1,0
2694,1,2,38.12657190890473,0,1,3,14.78785225279683,0,0,1,0,0,0,0,1,0,0,1,0,0,0,0,0,0,1
2695,1,3,50.09386917498945,0,1,1,69.2197605774314,1,0,1,0,0,0,0,1,0,0,0,0,1,0,0,0,1,0
2696,1,1,95.11462314054133,1,0,4,50.040744942336424,0,0,0,1,0,0,1,0,0,0,0,0,1,0,1,0,0,0
2697,1,5,76.21084666974374,0,0,3,70.77250081444839,1,0,0,1,0,0,0,0,0,1,1,0,0,0,1,0,0,0
2698,1,1,42.932116693770524,1,0,1,76.49895326681984,0,0,1,0,0,0,0,1,0,0,1,0,0,0,0,1,0,0
2699,1,1,5.436617844018377,0,1,4,80.36652114133162,0,0,0,0,1,0,0,0,0,1,0,0,0,1,0,1,0,0
2700,0,5,16.852059214375934,1,0,5,83.4980132695715,0,0,0,0,0,1,0,1,0,0,0,0,0,1,0,0,1,0
2701,0,2,45.592442431941706,1,1,1,84.72245215496437,0,0,0,0,0,1,0,1,0,0,1,0,0,0,0,0,0,1
2702,1,3,81.38259000987043,1,1,1,41.25744265224197,0,1,0,0,1,0,1,0,0,0,0,0,1,0,1,0,0,0
2703,0,3,38.069553567734395,1,0,3,88.92280721922076,1,1,0,0,1,0,1,0,0,0,0,0,0,1,0,1,0,0
2704,1,1,53.84966507450597,1,0,4,71.95802535455866,1,1,0,0,1,0,0,1,0,0,0,0,0,1,0,1,0,0
2705,1,5,89.18048860851022,1,1,5,83.89709314183229,1,0,0,0,1,0,0,1,0,0,0,0,0,1,1,0,0,0
2706,0,4,91.37962594266288,1,1,3,98.91913528646,0,0,0,0,1,0,0,1,0,0,0,0,1,0,1,0,0,0
2707,1,2,21.57749964426894,0,1,1,11.641474213255087,0,0,0,0,1,0,0,0,0,1,1,0,0,0,0,0,0,1
2708,1,1,4.359492179259439,0,1,3,37.05796976854081,1,0,0,0,0,1,0,1,0,0,0,0,0,1,0,1,0,0
2709,1,3,30.541053097151494,1,0,3,80.65470207062651,0,1,0,0,1,0,0,0,0,1,0,0,1,0,0,0,0,1
2710,1,5,69.58023148257801,0,0,3,8.630347139625794,0,1,1,0,0,0,1,0,0,0,0,0,1,0,0,0,0,1
2711,0,5,95.11122009762664,0,0,1,54.078106547246016,0,0,0,0,1,0,0,0,0,1,0,0,1,0,1,0,0,0
2712,1,1,7.703199998411392,1,1,2,85.83979589281306,0,0,0,0,1,0,0,1,0,0,0,0,1,0,0,0,0,1
2713,1,4,2.8483810549271515,0,1,3,1.8991263208165798,1,1,0,0,0,1,1,0,0,0,0,0,0,1,1,0,0,0
2714,1,3,88.41472129857219,1,0,2,93.95188985590724,1,1,0,0,0,1,0,0,1,0,1,0,0,0,0,0,1,0
2715,0,1,74.81452691031411,0,0,5,97.81448239046028,1,0,0,0,1,0,1,0,0,0,1,0,0,0,0,0,0,1
2716,1,4,99.22485791555754,1,0,5,32.22809297082381,0,0,0,0,0,1,0,0,1,0,0,0,1,0,0,1,0,0
2717,0,5,39.67928814656532,0,1,5,76.67911913900511,1,0,0,1,0,0,0,0,0,1,1,0,0,0,0,1,0,0
2718,0,2,41.605090513676934,1,1,4,12.717610266445146,0,0,0,0,0,1,1,0,0,0,0,0,0,1,0,0,1,0
2719,1,3,17.23118372974496,0,1,1,77.28642705271749,1,1,0,0,0,1,1,0,0,0,1,0,0,0,0,0,1,0
2720,1,3,11.584715259733846,0,0,2,48.15216808340052,1,0,0,0,0,1,1,0,0,0,1,0,0,0,0,0,0,1
2721,0,4,57.871801059023795,0,0,4,86.02730785282122,0,0,0,0,0,1,0,0,0,1,0,1,0,0,0,1,0,0
2722,1,1,36.428500129483254,1,0,2,21.260642727620084,1,0,1,0,0,0,0,1,0,0,1,0,0,0,0,1,0,0
2723,0,5,8.031644794524507,1,0,1,67.26579532422394,0,0,1,0,0,0,0,0,0,1,1,0,0,0,1,0,0,0
2724,0,4,88.69870695233199,0,0,3,78.61191744158506,1,0,1,0,0,0,1,0,0,0,0,0,1,0,1,0,0,0
2725,1,2,19.835646824933306,0,0,4,20.249226525232768,1,0,0,0,1,0,0,1,0,0,0,0,1,0,0,1,0,0
2726,1,2,74.85843470035329,1,1,1,81.82872775698215,1,0,0,0,1,0,1,0,0,0,0,1,0,0,1,0,0,0
2727,0,2,28.222859611811113,0,0,4,95.79855009418692,1,1,0,1,0,0,1,0,0,0,0,0,0,1,1,0,0,0
2728,0,4,81.29048307527991,0,0,5,61.6078599920631,1,0,1,0,0,0,0,0,1,0,0,1,0,0,1,0,0,0
2729,0,5,11.839684142765405,1,1,4,78.48504167905504,1,0,0,0,1,0,1,0,0,0,1,0,0,0,0,0,1,0
2730,0,3,75.60716102217614,1,1,3,53.25838593596457,0,0,0,0,0,1,0,0,0,1,1,0,0,0,0,1,0,0
2731,1,1,9.811887390051243,0,1,3,59.810336099563074,1,0,0,0,0,1,0,0,0,1,0,0,0,1,0,1,0,0
2732,1,3,44.69157878569433,1,1,2,1.3352434525679246,1,0,1,0,0,0,0,0,0,1,0,0,0,1,0,1,0,0
2733,1,5,73.40043505996046,0,1,4,52.42872668360271,0,0,0,1,0,0,0,1,0,0,0,0,1,0,1,0,0,0
2734,1,3,17.32183811869006,0,1,5,57.556374982404016,0,0,0,1,0,0,0,0,1,0,1,0,0,0,0,0,0,1
2735,1,4,28.5664988846723,1,0,3,67.00475457653864,1,0,0,0,0,1,0,0,1,0,1,0,0,0,0,0,0,1
2736,0,2,86.47669920921976,0,0,2,16.939060883268866,1,0,0,1,0,0,1,0,0,0,1,0,0,0,1,0,0,0
2737,1,5,88.5119320907646,1,0,5,24.137426238509253,0,1,1,0,0,0,1,0,0,0,1,0,0,0,0,0,1,0
2738,1,5,4.493545245272623,1,0,5,75.60046316922627,1,0,0,0,0,1,0,0,1,0,1,0,0,0,0,0,1,0
2739,1,3,16.809058535297527,0,1,5,16.763882002736562,1,0,0,0,1,0,0,1,0,0,1,0,0,0,0,1,0,0
2740,1,4,11.7471940272859,1,1,1,41.60260723857571,1,1,0,0,1,0,0,0,0,1,1,0,0,0,0,0,0,1
2741,1,3,17.9693094651303,0,0,3,25.049021898889556,0,1,0,1,0,0,1,0,0,0,1,0,0,0,0,0,1,0
2742,0,3,97.01877243062725,1,1,1,54.51841036217533,1,0,0,0,0,1,0,0,1,0,0,0,1,0,0,0,0,1
2743,0,5,55.16552487904565,0,1,1,98.68708811549438,0,0,0,0,0,1,0,1,0,0,0,1,0,0,0,0,0,1
2744,0,3,46.811239045492684,1,0,3,85.20378976782933,1,0,0,0,1,0,0,0,0,1,1,0,0,0,0,0,1,0
2745,1,2,98.44673730926161,0,0,4,26.94743399615901,0,0,0,0,0,1,1,0,0,0,0,0,1,0,1,0,0,0
2746,0,3,55.69561298607354,0,0,2,36.86118105784426,0,1,0,0,0,1,0,0,0,1,1,0,0,0,0,1,0,0
2747,0,2,66.11179273455245,1,0,3,91.86335824978394,1,0,0,0,0,1,0,0,0,1,0,0,0,1,0,1,0,0
2748,1,5,33.27705460491802,0,0,2,89.82949723547385,0,0,0,1,0,0,0,0,1,0,1,0,0,0,0,0,1,0
2749,1,4,38.21148645095186,0,0,4,16.052803844865327,0,0,0,0,0,1,0,0,1,0,0,1,0,0,1,0,0,0
2750,1,2,59.440938380907305,0,0,3,82.92711317545334,1,0,1,0,0,0,0,0,0,1,0,0,1,0,0,0,1,0
2751,0,4,6.978578400046476,0,0,5,29.76079047874518,0,0,0,1,0,0,0,0,0,1,0,0,0,1,0,0,1,0
2752,0,4,25.588288604477516,0,1,3,54.38031593182695,0,1,0,0,0,1,1,0,0,0,0,0,0,1,0,0,0,1
2753,1,2,19.681174946030712,0,0,4,0.5098389290198124,0,1,0,0,0,1,0,1,0,0,1,0,0,0,0,0,0,1
2754,1,5,1.5893393140003598,1,1,1,99.85901908961551,0,0,1,0,0,0,0,1,0,0,0,1,0,0,0,1,0,0
2755,0,1,53.69012705204219,1,0,3,76.10964696484486,1,0,0,1,0,0,0,0,0,1,0,1,0,0,0,0,0,1
2756,0,4,56.10528395238791,1,1,5,24.17330598987245,1,0,0,0,1,0,0,0,1,0,1,0,0,0,0,0,0,1
2757,1,4,38.393922303725894,1,0,3,68.37948941390604,1,0,0,0,1,0,0,1,0,0,1,0,0,0,1,0,0,0
2758,1,5,26.872746946479086,0,0,1,29.330736282347992,0,0,0,1,0,0,0,0,0,1,0,0,1,0,0,0,1,0
2759,0,5,65.20598759946247,0,0,3,8.945581398601654,1,0,0,0,0,1,0,0,1,0,0,0,1,0,0,0,1,0
2760,1,3,13.465916138445689,1,0,5,42.53099563671303,0,0,0,0,0,1,1,0,0,0,1,0,0,0,1,0,0,0
2761,0,5,51.861503163533406,0,0,4,61.37188624436452,1,0,0,0,1,0,0,1,0,0,1,0,0,0,0,0,0,1
2762,0,4,76.80739858106199,1,1,5,8.97774582110783,0,0,0,0,1,0,1,0,0,0,0,0,0,1,0,0,0,1
2763,0,2,16.429798395247232,0,0,4,51.840629852894274,1,1,0,0,1,0,0,0,1,0,0,1,0,0,0,0,1,0
2764,0,1,75.32595385958187,0,0,5,51.48642324455099,0,1,1,0,0,0,0,0,0,1,0,0,1,0,0,1,0,0
2765,1,3,76.07945091533979,1,0,2,62.86452406137031,0,0,0,0,1,0,1,0,0,0,1,0,0,0,0,0,1,0
2766,1,2,5.992664823045491,0,1,3,24.46456385304637,0,0,1,0,0,0,0,0,0,1,1,0,0,0,0,1,0,0
2767,0,1,1.8784326087181835,1,1,3,2.0641483245866343,0,1,0,1,0,0,0,1,0,0,0,0,1,0,0,0,0,1
2768,0,1,97.39354059881948,1,1,1,32.4857506725605,1,1,0,0,0,1,1,0,0,0,0,0,0,1,0,1,0,0
2769,0,1,19.338265949882494,1,1,2,39.85811925256968,0,0,0,0,1,0,0,1,0,0,0,0,0,1,0,1,0,0
2770,0,2,82.2139209100103,0,1,1,63.57410546804266,0,0,0,0,0,1,0,1,0,0,1,0,0,0,0,1,0,0
2771,0,3,56.18506530452986,0,1,3,93.01718622752514,0,0,0,0,0,1,0,1,0,0,0,1,0,0,0,1,0,0
2772,1,3,26.44721575369968,1,0,1,20.338552278351784,1,1,0,0,1,0,0,1,0,0,0,1,0,0,0,1,0,0
2773,1,1,12.997043661881257,0,0,4,68.733362876834,1,1,0,0,1,0,0,1,0,0,1,0,0,0,0,0,1,0
2774,1,2,49.66772735777275,1,0,2,9.740090937326984,1,0,0,1,0,0,0,0,1,0,0,0,1,0,1,0,0,0
2775,1,1,40.735481162944986,1,1,5,19.06217555548171,0,1,1,0,0,0,1,0,0,0,0,1,0,0,0,0,0,1
2776,0,5,69.88860851170678,0,0,4,50.913451156959155,0,0,1,0,0,0,0,0,0,1,0,0,1,0,0,0,1,0
2777,0,3,90.41685495477267,1,0,5,70.83775791597728,1,0,0,0,0,1,0,0,0,1,0,0,1,0,1,0,0,0
2778,0,4,80.52480869634384,0,1,1,85.85685359409388,0,0,0,0,1,0,0,0,1,0,0,0,1,0,0,0,1,0
2779,0,1,27.44520502048119,0,0,3,74.39034319796983,1,0,0,1,0,0,0,0,0,1,0,0,0,1,1,0,0,0
2780,0,5,87.89332184523057,0,0,4,1.535278686051833,0,1,0,1,0,0,0,0,0,1,0,1,0,0,0,0,1,0
2781,1,3,83.33913141046041,1,0,2,68.39313259193571,0,1,0,1,0,0,0,0,0,1,0,0,0,1,0,0,0,1
2782,0,2,92.91362337217683,1,1,5,82.46577037003067,1,1,0,1,0,0,1,0,0,0,0,1,0,0,0,0,0,1
2783,1,3,45.86608210379877,0,1,4,52.5533477389138,0,0,0,1,0,0,0,0,0,1,1,0,0,0,0,1,0,0
2784,1,2,76.85751724093984,0,0,3,96.55986909664092,0,1,1,0,0,0,1,0,0,0,0,0,1,0,1,0,0,0
2785,1,2,59.16580655236704,1,0,2,0.43124224438331193,0,0,1,0,0,0,0,0,0,1,0,1,0,0,0,0,1,0
2786,1,1,31.050275254948335,0,1,2,81.8657950624304,1,0,1,0,0,0,0,0,0,1,0,1,0,0,0,1,0,0
2787,0,1,99.44310025427635,0,1,5,33.481973191919444,0,0,0,0,1,0,1,0,0,0,1,0,0,0,0,0,1,0
2788,1,3,3.8307466839661353,1,1,4,65.04497817378274,0,0,0,0,0,1,0,0,1,0,0,0,0,1,0,0,0,1
2789,1,5,16.227257255907467,1,1,4,69.34818944184997,0,1,0,1,0,0,0,0,0,1,0,1,0,0,0,0,0,1
2790,1,3,89.25423625318949,1,0,2,30.624901637726197,0,0,0,0,1,0,0,1,0,0,0,1,0,0,1,0,0,0
2791,0,4,6.056284341263352,0,1,1,99.54244998135077,1,0,0,1,0,0,0,1,0,0,0,0,0,1,0,0,1,0
2792,0,2,88.68206673435218,1,0,2,10.32500280703732,1,1,1,0,0,0,0,0,1,0,0,0,0,1,0,0,1,0
2793,0,2,71.52214760582008,1,1,3,15.702908516865332,1,0,0,0,1,0,0,1,0,0,0,1,0,0,0,1,0,0
2794,1,1,3.6684005394542307,1,0,4,89.21917052510621,0,0,1,0,0,0,1,0,0,0,0,0,0,1,0,0,0,1
2795,1,5,42.932004285417655,1,1,5,11.917987644487182,1,0,0,1,0,0,0,0,0,1,1,0,0,0,0,1,0,0
2796,0,1,75.4471475002237,1,1,4,38.128626474596864,1,0,0,1,0,0,0,0,0,1,1,0,0,0,0,1,0,0
2797,1,4,58.310028463079966,1,1,2,73.31422118962014,0,0,0,0,0,1,0,0,0,1,0,0,1,0,1,0,0,0
2798,0,3,93.5871291964458,1,0,3,79.14918608357382,0,1,0,1,0,0,0,0,0,1,0,1,0,0,0,1,0,0
2799,0,3,86.76440329119998,0,0,1,95.46691768127924,0,1,1,0,0,0,0,1,0,0,1,0,0,0,1,0,0,0
2800,1,5,33.2647635334146,1,0,4,78.95738346742,1,0,0,1,0,0,0,1,0,0,1,0,0,0,0,0,0,1
2801,1,1,8.462719552009034,0,0,2,84.45323841197575,0,0,0,0,0,1,0,1,0,0,1,0,0,0,0,1,0,0
2802,1,1,94.42570396456513,0,1,2,94.93760056944107,1,1,0,0,0,1,1,0,0,0,0,0,1,0,0,1,0,0
2803,1,4,51.72867677679266,1,1,2,55.36876922741142,0,0,1,0,0,0,0,1,0,0,0,0,0,1,0,1,0,0
2804,0,3,7.439762437194853,0,1,3,34.343346009854436,1,1,0,0,1,0,0,1,0,0,0,0,1,0,0,1,0,0
2805,0,1,81.65756133592795,1,0,2,76.16131446665031,0,1,0,1,0,0,0,0,0,1,0,0,1,0,0,0,0,1
2806,0,5,86.8506470685391,0,1,2,16.35415864215567,0,1,0,0,0,1,0,1,0,0,0,0,1,0,1,0,0,0
2807,0,3,63.942464017657095,1,1,2,6.823167000405661,1,1,0,1,0,0,0,0,1,0,0,0,1,0,0,0,0,1
2808,0,4,44.75089656863399,0,1,4,78.53308651227691,0,1,0,1,0,0,0,0,1,0,0,1,0,0,1,0,0,0
2809,1,5,66.21730123235727,1,0,2,95.06713580628518,1,0,0,0,1,0,0,0,0,1,0,1,0,0,1,0,0,0
2810,0,2,70.66836957051235,1,0,3,44.244694496637536,0,0,0,0,0,1,0,1,0,0,1,0,0,0,0,1,0,0
2811,0,4,89.30299580859679,0,1,4,16.113345344811847,1,1,0,1,0,0,0,0,1,0,0,0,1,0,0,1,0,0
2812,0,5,95.58616803747381,0,0,2,49.70209760868626,1,0,0,0,0,1,0,0,1,0,0,0,1,0,0,1,0,0
2813,1,1,51.43209323909114,1,0,1,39.33178519534114,0,0,1,0,0,0,1,0,0,0,1,0,0,0,1,0,0,0
2814,1,2,79.84945335265625,0,1,3,37.247393975849576,0,1,1,0,0,0,0,0,0,1,0,0,0,1,0,0,1,0
2815,1,4,96.45095559916548,1,1,1,62.80808399772157,0,0,0,1,0,0,0,0,1,0,0,1,0,0,0,0,1,0
2816,1,1,15.1243338146966,0,0,3,17.473571471030613,1,0,0,0,0,1,0,0,1,0,0,0,1,0,0,0,1,0
2817,0,2,1.8267981609676687,1,0,1,38.04815486973803,1,0,0,1,0,0,0,0,0,1,0,0,0,1,0,0,0,1
2818,0,3,86.8963772848294,0,1,2,86.86768391067304,1,0,0,0,0,1,0,1,0,0,0,0,0,1,1,0,0,0
2819,1,1,19.52733332471608,1,1,1,72.96650976171215,1,1,0,0,0,1,0,0,0,1,0,0,1,0,0,0,1,0
2820,1,5,4.247876663180095,0,1,1,5.558846678878915,1,1,0,0,1,0,1,0,0,0,0,0,1,0,1,0,0,0
2821,0,4,16.009613765744458,1,1,3,51.39037959624873,1,1,0,0,1,0,1,0,0,0,0,0,0,1,1,0,0,0
2822,0,2,38.41149112437693,0,1,2,9.129531790687828,1,0,0,0,1,0,1,0,0,0,0,1,0,0,0,0,0,1
2823,1,1,21.926570159258006,1,1,3,95.74964289485632,0,0,0,1,0,0,0,0,1,0,0,1,0,0,0,1,0,0
2824,1,3,30.525362910044308,0,1,2,24.464064088300532,1,0,0,0,1,0,0,1,0,0,0,0,1,0,0,1,0,0
2825,1,4,97.52940514300464,0,0,5,93.26210257134136,0,0,0,0,1,0,1,0,0,0,0,0,1,0,0,0,0,1
2826,1,4,70.44055441625751,1,0,4,83.40084084915146,1,1,1,0,0,0,0,0,0,1,1,0,0,0,0,0,0,1
2827,0,1,71.2191728253204,0,1,4,55.13644346972995,1,0,0,0,0,1,1,0,0,0,1,0,0,0,1,0,0,0
2828,0,3,9.468537472792281,0,0,3,33.63045728429685,1,0,0,0,0,1,0,0,1,0,0,1,0,0,0,0,1,0
2829,0,2,73.20983698226917,1,0,2,85.79466806906505,0,0,0,0,1,0,1,0,0,0,1,0,0,0,1,0,0,0
2830,1,1,73.93443329553048,1,1,1,15.278370093654136,1,0,0,0,0,1,0,1,0,0,0,0,0,1,1,0,0,0
2831,1,2,65.97450184066322,1,1,4,17.99741138990303,1,1,1,0,0,0,1,0,0,0,0,0,0,1,0,0,1,0
2832,0,4,22.84362959978751,1,1,3,22.47226773668094,1,0,1,0,0,0,0,1,0,0,0,0,0,1,0,1,0,0
2833,0,2,42.30361790821849,0,0,3,59.769689784618706,0,0,0,0,1,0,0,1,0,0,0,0,0,1,1,0,0,0
2834,0,3,84.62764546696253,0,1,3,31.432522455251423,0,0,1,0,0,0,0,0,0,1,0,0,1,0,0,1,0,0
2835,0,5,67.02016293406263,0,1,2,98.91814394789105,1,0,0,0,0,1,0,1,0,0,0,0,0,1,0,1,0,0
2836,1,3,73.27688349999023,1,0,3,19.511303529316436,1,0,0,1,0,0,0,0,1,0,0,1,0,0,0,1,0,0
2837,0,2,58.73744001258089,0,1,5,80.56100975541541,1,1,0,0,0,1,0,0,1,0,1,0,0,0,1,0,0,0
2838,0,1,44.95865991117785,0,0,1,9.583621850679558,0,1,0,1,0,0,0,1,0,0,0,1,0,0,0,0,1,0
2839,0,4,75.90520100671083,1,0,3,35.344656229951944,1,0,0,0,1,0,0,1,0,0,0,0,1,0,0,0,1,0
2840,0,5,6.7925814366304955,0,1,2,24.376250020605383,1,0,0,1,0,0,1,0,0,0,1,0,0,0,0,1,0,0
2841,0,1,67.31607327802641,0,1,1,97.68359486302533,1,1,1,0,0,0,1,0,0,0,1,0,0,0,0,1,0,0
2842,0,1,99.72045078506791,1,1,1,2.5730579777456186,0,1,0,0,0,1,0,0,0,1,1,0,0,0,0,0,1,0
2843,0,3,78.01919294680316,0,0,4,72.16695257005597,1,0,0,1,0,0,1,0,0,0,0,0,0,1,0,0,0,1
2844,1,2,29.05635115774553,1,1,3,24.7722125400898,1,0,0,0,0,1,0,0,1,0,0,0,1,0,0,0,0,1
2845,1,3,27.78194947053806,1,0,3,81.12486625866191,0,0,0,0,1,0,1,0,0,0,0,1,0,0,0,1,0,0
2846,1,2,66.72186105934588,0,1,2,31.122439958518388,1,0,0,0,1,0,0,0,0,1,0,0,0,1,0,0,1,0
2847,1,3,89.58542570085304,0,1,5,18.72842450114832,1,1,1,0,0,0,0,0,0,1,1,0,0,0,0,0,0,1
2848,0,1,57.794974084784286,0,1,5,69.30398514232627,1,0,0,0,1,0,0,1,0,0,0,1,0,0,0,0,1,0
2849,1,4,52.740228717005834,1,1,4,25.757653570794027,0,0,0,1,0,0,0,0,0,1,0,1,0,0,1,0,0,0
2850,1,2,16.038413384367132,1,0,5,48.55468699784156,0,0,0,0,1,0,0,1,0,0,0,1,0,0,0,1,0,0
2851,0,5,71.54569553598165,0,1,2,13.153342231404498,1,1,1,0,0,0,0,0,1,0,0,0,1,0,0,0,0,1
2852,0,5,70.22986196378908,0,1,4,72.45980110431725,0,0,0,0,0,1,0,0,1,0,0,0,0,1,0,1,0,0
2853,1,1,96.69513923338477,1,1,3,40.683620505387275,1,1,0,0,0,1,1,0,0,0,0,0,1,0,1,0,0,0
2854,1,3,30.01921843056644,0,1,5,14.057975943726097,1,0,0,0,1,0,0,0,0,1,1,0,0,0,0,0,1,0
2855,0,3,75.64454763675317,0,0,2,74.1595046790982,0,0,0,1,0,0,0,0,1,0,1,0,0,0,0,1,0,0
2856,1,1,43.4065261197629,1,0,2,10.336219203173624,0,0,1,0,0,0,0,1,0,0,0,1,0,0,0,0,0,1
2857,0,5,55.84727916161349,0,1,3,57.48204225089661,0,0,0,1,0,0,0,0,0,1,0,1,0,0,1,0,0,0
2858,0,5,81.64538556005581,0,0,2,60.74851696900513,1,0,1,0,0,0,0,0,0,1,0,1,0,0,0,0,0,1
2859,0,3,22.19950450189756,0,1,4,93.03505003746974,1,0,0,0,1,0,0,1,0,0,0,0,1,0,0,0,1,0
2860,0,2,34.286873952741495,0,0,4,15.098049854523587,1,0,1,0,0,0,0,0,0,1,0,0,0,1,0,0,0,1
2861,1,4,77.3308670197597,1,1,1,65.33463597302696,1,0,1,0,0,0,0,0,0,1,0,0,1,0,0,0,0,1
2862,0,2,57.0457915287861,1,0,3,38.07685813952666,0,1,0,0,1,0,0,0,1,0,1,0,0,0,0,0,0,1
2863,0,5,9.24229169050702,1,0,2,40.081434702630936,1,0,0,1,0,0,0,1,0,0,0,1,0,0,1,0,0,0
2864,1,2,43.0185866778513,1,0,5,50.18251819438082,0,0,0,0,1,0,0,0,1,0,0,1,0,0,0,0,0,1
2865,0,4,58.66333129730164,0,0,4,23.378461204900525,1,0,1,0,0,0,0,1,0,0,0,0,1,0,0,0,0,1
2866,1,2,90.95173164450526,0,0,3,46.11832389524581,1,0,0,0,1,0,1,0,0,0,1,0,0,0,1,0,0,0
2867,1,2,18.848804993863865,0,1,3,68.6846168400835,0,1,1,0,0,0,0,0,0,1,0,0,0,1,1,0,0,0
2868,1,2,80.5952968377483,0,0,4,45.71130395484593,0,0,0,0,1,0,0,0,0,1,0,1,0,0,1,0,0,0
2869,0,2,13.062448307659135,1,1,1,4.250842733108929,1,0,0,0,0,1,0,0,1,0,0,1,0,0,0,0,1,0
2870,1,1,24.22356600758072,0,1,3,25.782624754485784,0,0,0,0,0,1,0,0,0,1,1,0,0,0,1,0,0,0
2871,1,5,24.334388349012304,0,1,2,35.14602127531096,1,0,0,0,1,0,0,0,0,1,0,1,0,0,0,0,1,0
2872,0,4,87.74791959088326,1,1,5,35.47211368896337,1,0,0,1,0,0,0,0,1,0,0,0,0,1,1,0,0,0
2873,1,5,19.90176920149871,1,1,5,8.100689251932181,1,0,1,0,0,0,0,0,1,0,0,0,1,0,1,0,0,0
2874,1,1,78.6960726985409,1,1,4,44.95705516172631,1,0,0,0,0,1,0,1,0,0,1,0,0,0,0,1,0,0
2875,1,1,46.18065340196199,0,1,3,69.1949018988567,0,1,0,1,0,0,1,0,0,0,0,1,0,0,0,1,0,0
2876,1,1,99.90907677973108,1,1,5,4.867201804862331,0,0,1,0,0,0,0,0,1,0,0,1,0,0,0,1,0,0
2877,1,1,83.90914986521054,0,1,3,75.09241723732306,0,1,0,0,0,1,0,1,0,0,0,0,0,1,0,1,0,0
2878,0,2,73.9703134447818,0,1,4,95.51052029634585,0,0,0,0,0,1,0,0,1,0,0,0,1,0,1,0,0,0
2879,1,5,87.07263066521955,1,1,1,0.9338156371603845,1,0,0,0,1,0,0,1,0,0,0,0,0,1,1,0,0,0
2880,1,3,63.403039260503355,1,0,5,19.369231593214465,1,1,1,0,0,0,1,0,0,0,0,0,1,0,0,0,1,0
2881,0,4,84.36522565284976,1,1,2,54.34877823452923,0,0,0,1,0,0,0,1,0,0,0,0,0,1,1,0,0,0
2882,0,1,26.112684736145585,0,1,4,21.804948655006882,0,0,0,1,0,0,0,1,0,0,0,0,1,0,0,0,1,0
2883,0,5,9.770321110107494,0,1,1,76.4626031677868,0,0,0,1,0,0,0,0,0,1,0,1,0,0,0,0,0,1
2884,1,1,61.59320070866687,0,0,2,31.21343149594431,1,0,1,0,0,0,0,0,1,0,0,1,0,0,0,0,0,1
2885,0,1,43.4690392663586,1,0,2,29.362528231791806,0,0,0,1,0,0,0,1,0,0,0,1,0,0,1,0,0,0
2886,1,1,42.64407952924319,0,1,5,0.09238757834418854,1,0,0,1,0,0,0,0,1,0,1,0,0,0,0,0,0,1
2887,1,1,52.67478524300462,0,0,3,27.012618818827573,0,1,0,1,0,0,0,1,0,0,0,0,1,0,1,0,0,0
2888,0,1,36.13826115655425,0,0,4,21.767052190685888,0,1,0,0,1,0,0,0,0,1,1,0,0,0,0,0,1,0
2889,0,4,62.605953144282914,0,1,2,34.324096714247574,1,0,0,0,1,0,0,0,0,1,0,0,1,0,0,1,0,0
2890,1,5,3.056836734762991,1,1,5,14.765665302430019,1,0,1,0,0,0,1,0,0,0,0,1,0,0,0,0,0,1
2891,0,1,96.98913418817632,0,0,1,59.46486664224948,0,1,1,0,0,0,0,1,0,0,1,0,0,0,1,0,0,0
2892,1,1,92.47089920455704,1,0,2,23.874154349234278,0,0,0,1,0,0,0,0,0,1,1,0,0,0,0,1,0,0
2893,0,1,93.52701625819336,1,1,1,83.17508647481759,1,0,0,0,1,0,0,0,1,0,0,0,0,1,0,0,1,0
2894,0,1,36.50034955837184,0,1,4,28.455794673761204,1,0,0,0,0,1,0,1,0,0,0,0,1,0,1,0,0,0
2895,0,2,53.189095765909975,0,1,5,21.086959945966033,1,0,0,0,0,1,0,1,0,0,0,0,0,1,0,0,0,1
2896,1,2,95.41306030575753,1,1,1,5.675136193943475,1,1,0,1,0,0,1,0,0,0,1,0,0,0,0,0,1,0
2897,0,3,90.23460564275865,0,1,3,73.99066900217439,1,1,0,1,0,0,0,0,1,0,1,0,0,0,1,0,0,0
2898,1,1,79.02444759011473,1,1,1,50.82081750375559,0,1,0,0,1,0,1,0,0,0,0,1,0,0,0,0,0,1
2899,1,3,40.73315898475924,0,0,1,11.37829973804828,1,1,0,0,1,0,0,1,0,0,0,0,0,1,0,0,1,0
2900,1,4,56.43392231821734,0,1,5,22.13347826175116,0,0,0,0,1,0,1,0,0,0,0,0,0,1,0,0,1,0
2901,1,3,79.29124742166476,1,1,5,99.87190720598426,1,0,1,0,0,0,0,1,0,0,0,0,0,1,0,1,0,0
2902,0,5,27.301199554003176,0,0,2,80.60287267835794,1,0,1,0,0,0,0,1,0,0,0,0,1,0,0,1,0,0
2903,1,2,62.64493682281114,1,1,1,34.98694857675893,0,0,0,1,0,0,1,0,0,0,1,0,0,0,0,1,0,0
2904,1,2,82.79343248518568,1,1,1,54.25548306153439,0,0,1,0,0,0,1,0,0,0,0,0,0,1,1,0,0,0
2905,0,1,70.74547917329014,0,0,5,41.601715890059324,1,0,0,0,1,0,0,1,0,0,0,1,0,0,0,0,1,0
2906,1,1,47.94806311910007,1,0,3,3.638956540085647,1,1,0,0,1,0,1,0,0,0,1,0,0,0,0,1,0,0
2907,0,4,58.46083595551583,0,1,5,77.86770092129063,1,0,1,0,0,0,1,0,0,0,0,1,0,0,0,0,0,1
2908,1,4,98.86755431457941,0,0,3,71.69861132232273,0,0,0,0,0,1,0,1,0,0,1,0,0,0,1,0,0,0
2909,0,5,60.19877946472101,0,1,5,40.88023144958777,0,0,0,1,0,0,0,0,1,0,0,1,0,0,0,1,0,0
2910,1,1,78.56177540186438,1,1,4,84.58971368806274,1,1,0,0,0,1,1,0,0,0,0,0,0,1,1,0,0,0
2911,0,1,72.66047643776626,0,0,1,53.47390948892144,0,0,0,1,0,0,1,0,0,0,0,0,0,1,0,0,1,0
2912,1,4,70.14906155293632,0,1,3,6.520843941180344,1,1,0,0,0,1,0,0,0,1,0,1,0,0,0,0,0,1
2913,1,4,71.63690551140436,1,1,4,25.940629024688132,0,1,1,0,0,0,0,0,1,0,0,0,1,0,0,0,1,0
2914,0,4,45.44097512814639,1,1,3,46.17728360858461,1,0,0,1,0,0,1,0,0,0,0,1,0,0,0,0,0,1
2915,0,2,47.41601745181253,1,1,2,10.344923871079715,1,1,0,1,0,0,0,1,0,0,1,0,0,0,0,0,1,0
2916,0,3,46.78627373607823,1,0,2,57.1081192862905,1,0,0,1,0,0,0,0,0,1,0,1,0,0,1,0,0,0
2917,0,3,3.325460721260809,0,0,1,12.056816168340145,0,0,0,0,1,0,0,0,0,1,0,1,0,0,0,0,1,0
2918,1,1,24.106533033232346,0,1,4,20.050818548424854,1,0,0,0,1,0,0,0,0,1,1,0,0,0,0,0,0,1
2919,1,2,15.45640066498828,0,1,4,89.39836613382283,1,1,0,0,0,1,1,0,0,0,0,0,0,1,1,0,0,0
2920,0,4,88.64450113972573,0,1,2,99.9812388041234,0,0,1,0,0,0,0,1,0,0,1,0,0,0,1,0,0,0
2921,1,1,27.496936645294902,1,1,1,55.02533440466868,0,0,0,0,1,0,0,0,0,1,0,1,0,0,0,0,0,1
2922,0,2,13.84426344655404,1,1,2,61.96486101317649,1,0,0,1,0,0,0,0,1,0,1,0,0,0,0,0,0,1
2923,0,5,11.976693191088494,0,0,4,79.74311469264302,1,0,0,0,1,0,0,0,0,1,0,1,0,0,1,0,0,0
2924,1,2,69.99898345521586,1,0,3,69.61394962040893,1,0,1,0,0,0,0,0,0,1,0,0,0,1,0,0,0,1
2925,1,1,0.6083310914959283,1,0,4,18.246654465471636,1,1,0,0,1,0,0,0,1,0,0,1,0,0,0,0,1,0
2926,1,3,47.130440175650826,1,1,1,41.16715245384444,0,0,0,1,0,0,0,0,0,1,0,1,0,0,0,0,1,0
2927,1,4,11.887110559819625,1,1,4,53.51165189084005,1,0,0,0,0,1,0,0,0,1,0,0,0,1,0,0,1,0
2928,1,5,84.96633776359052,1,1,5,35.971199214670804,0,0,0,1,0,0,0,0,1,0,1,0,0,0,1,0,0,0
2929,1,2,95.84503564524583,0,0,4,17.610616975779493,1,1,1,0,0,0,1,0,0,0,0,0,1,0,0,0,1,0
2930,1,1,95.87546162149036,0,1,5,73.61133440613729,1,0,0,0,0,1,0,0,1,0,0,0,1,0,1,0,0,0
2931,0,1,44.19641089467693,1,0,2,19.88464050793578,1,0,0,0,1,0,1,0,0,0,0,1,0,0,0,0,0,1
2932,0,4,64.45148244347965,1,1,5,26.04859287018041,0,1,0,0,1,0,1,0,0,0,0,1,0,0,0,0,1,0
2933,0,1,59.97041365107446,0,1,4,28.65196151284325,0,0,0,0,1,0,1,0,0,0,0,0,0,1,1,0,0,0
2934,0,1,35.003890138595295,0,1,4,16.177923047596753,0,0,0,0,0,1,0,0,1,0,1,0,0,0,0,1,0,0
2935,0,4,44.40644914205312,1,1,4,84.95516229953327,1,1,0,1,0,0,0,0,1,0,0,0,1,0,0,0,1,0
2936,1,5,6.432369723328568,1,0,1,61.06163188646961,0,0,0,0,0,1,1,0,0,0,0,0,1,0,0,0,1,0
2937,0,3,79.56990326714872,1,1,2,83.47481299921388,1,0,0,0,0,1,0,0,1,0,0,0,0,1,1,0,0,0
2938,0,3,24.080351215461903,0,1,5,49.37293135091092,1,0,1,0,0,0,1,0,0,0,0,0,0,1,1,0,0,0
2939,0,2,46.05273311363762,1,0,3,51.95630401207354,1,0,0,0,0,1,0,0,1,0,0,0,1,0,0,0,0,1
2940,0,5,48.06207336166439,1,0,5,61.61446301343643,1,0,0,0,1,0,0,1,0,0,1,0,0,0,1,0,0,0
2941,0,2,56.07117391513182,1,0,4,37.0919543930702,1,0,0,1,0,0,0,0,1,0,1,0,0,0,0,0,0,1
2942,0,3,81.787663788809,1,1,3,49.658409483110354,1,0,0,1,0,0,0,0,1,0,1,0,0,0,0,1,0,0
2943,0,4,69.18810461837496,1,1,3,54.69151290676818,1,0,0,1,0,0,0,0,1,0,0,1,0,0,0,0,0,1
2944,1,1,66.3063049129192,1,1,5,95.3542436177251,1,0,0,0,1,0,1,0,0,0,1,0,0,0,0,0,1,0
2945,1,3,52.67454958049398,1,1,5,88.29081318245304,0,0,0,0,1,0,1,0,0,0,0,1,0,0,1,0,0,0
2946,0,5,9.595575494658991,1,0,5,12.924584747452283,1,0,0,0,1,0,0,1,0,0,0,1,0,0,0,1,0,0
2947,1,3,40.20084716508614,0,0,5,4.1282466792517125,0,0,0,0,1,0,0,1,0,0,0,0,0,1,0,1,0,0
2948,1,5,95.73168512905521,0,0,2,68.0333951758179,1,1,0,0,1,0,0,0,0,1,0,1,0,0,1,0,0,0
2949,1,5,99.55480752882525,0,0,1,4.919866664487738,1,0,0,0,0,1,0,1,0,0,0,1,0,0,0,0,1,0
2950,1,5,73.04981461009183,1,0,1,6.035106495265808,1,1,0,0,1,0,1,0,0,0,0,0,0,1,1,0,0,0
2951,0,2,22.751496307464503,0,1,5,15.92633968441428,1,0,0,0,1,0,0,1,0,0,1,0,0,0,1,0,0,0
2952,1,4,10.189064600339591,0,1,1,35.170709086673405,0,0,0,0,1,0,0,1,0,0,1,0,0,0,1,0,0,0
2953,1,3,41.476435904619926,0,1,5,43.49961118512089,0,1,0,0,1,0,0,0,1,0,0,0,1,0,0,0,0,1
2954,1,4,85.65719023593357,0,0,5,51.93780347144368,0,0,0,1,0,0,0,1,0,0,0,0,1,0,0,1,0,0
2955,0,1,72.18642398950004,0,0,5,99.22881929721737,0,0,0,0,1,0,0,0,0,1,0,1,0,0,0,1,0,0
2956,0,3,88.38922375411049,1,1,2,38.52327547120866,0,0,0,0,0,1,0,0,1,0,0,0,1,0,0,0,1,0
2957,0,4,61.57763146976522,0,1,4,24.275309651976052,0,0,0,0,0,1,1,0,0,0,0,0,0,1,0,1,0,0
2958,0,4,13.032836458969232,1,1,1,57.525240858472905,1,1,0,0,0,1,0,0,0,1,0,0,1,0,1,0,0,0
2959,0,1,11.479596699816408,1,1,1,21.51509526070049,1,0,1,0,0,0,1,0,0,0,0,0,1,0,0,1,0,0
2960,0,5,4.800230263012928,0,1,2,94.05434317918846,0,0,0,1,0,0,0,0,0,1,0,1,0,0,0,0,1,0
2961,0,3,56.7079970573531,1,1,2,25.92543020455692,0,0,0,0,1,0,0,0,1,0,0,0,0,1,0,0,0,1
2962,1,3,24.288623662478905,0,0,5,98.99341356532716,0,0,1,0,0,0,0,0,0,1,0,0,1,0,0,0,0,1
2963,1,1,73.43836413549505,1,1,5,41.86681903808454,1,1,0,0,1,0,0,0,0,1,1,0,0,0,1,0,0,0
2964,1,5,68.62499358575073,1,0,4,81.26860073637515,1,0,1,0,0,0,0,1,0,0,0,0,0,1,1,0,0,0
2965,0,3,31.811074240831694,0,1,1,64.82803250457701,1,0,1,0,0,0,1,0,0,0,0,0,0,1,0,1,0,0
2966,0,3,17.680166646406438,1,0,2,93.34941744447357,1,1,0,0,0,1,0,0,1,0,0,1,0,0,0,1,0,0
2967,0,3,10.240034979600122,1,0,4,62.54269529086849,1,0,0,0,0,1,0,0,0,1,0,0,0,1,0,0,1,0
2968,0,5,73.7315273813097,1,0,1,58.12179794418506,0,1,1,0,0,0,1,0,0,0,0,0,0,1,1,0,0,0
2969,0,1,45.044099542593315,1,1,4,65.28524445685125,1,0,0,0,0,1,1,0,0,0,0,0,0,1,0,0,1,0
2970,1,3,32.35299141781389,1,1,4,78.64655321445449,0,0,1,0,0,0,0,1,0,0,0,0,0,1,0,0,0,1
2971,1,4,85.66530158063121,1,1,5,89.88416321908079,1,0,0,1,0,0,1,0,0,0,0,0,0,1,0,1,0,0
2972,0,5,59.3613216569384,1,1,4,26.681490009649156,0,0,0,0,0,1,0,0,1,0,0,0,0,1,1,0,0,0
2973,0,2,51.800233639658444,1,0,5,20.088709188011034,1,0,0,0,0,1,0,1,0,0,0,0,0,1,0,1,0,0
2974,0,1,74.33791649756158,0,1,1,3.4349695665979674,1,1,0,0,0,1,0,0,0,1,1,0,0,0,1,0,0,0
2975,0,4,81.55831402352884,1,1,1,37.00792030436002,1,0,0,1,0,0,0,0,1,0,0,0,0,1,0,0,0,1
2976,1,3,68.60731554227195,0,1,5,84.61850228380506,1,0,1,0,0,0,0,0,1,0,0,1,0,0,0,0,1,0
2977,0,2,44.00063185993527,0,0,3,6.98574286368866,1,0,0,0,1,0,0,0,1,0,1,0,0,0,1,0,0,0
2978,0,1,37.929879267218745,1,0,4,53.852007646335174,0,0,0,0,0,1,0,1,0,0,0,0,0,1,0,1,0,0
2979,0,5,77.16649382727022,1,1,1,69.47886362310645,1,1,1,0,0,0,1,0,0,0,0,0,1,0,1,0,0,0
2980,0,2,51.79071606402861,0,1,4,83.68530331210586,1,0,0,1,0,0,0,0,1,0,0,1,0,0,0,0,1,0
2981,1,2,70.43860785173763,0,1,3,58.34303219754965,1,0,0,0,1,0,1,0,0,0,1,0,0,0,0,0,0,1
2982,0,4,89.03987890805519,0,1,4,18.632001019295274,1,0,0,0,0,1,1,0,0,0,0,1,0,0,0,1,0,0
2983,0,1,91.58906347367032,1,0,3,96.45362582182241,1,0,0,1,0,0,0,0,1,0,1,0,0,0,0,0,0,1
2984,1,4,27.77156392405726,1,1,2,9.46515104020379,1,0,0,1,0,0,1,0,0,0,0,0,1,0,0,0,0,1
2985,1,4,18.78899502725141,1,1,3,76.89996117969582,1,1,0,0,1,0,0,1,0,0,0,1,0,0,0,0,1,0
2986,1,3,26.128736033683786,0,0,1,8.65592238433086,1,0,1,0,0,0,0,1,0,0,0,1,0,0,1,0,0,0
2987,0,5,75.13717705355027,1,1,5,14.341910768111521,1,0,0,0,0,1,0,0,0,1,1,0,0,0,1,0,0,0
2988,0,2,37.00580360461602,1,1,5,89.8215593694945,0,0,0,0,0,1,1,0,0,0,1,0,0,0,1,0,0,0
2989,1,1,17.338928084132977,1,1,4,75.30746586017598,0,0,1,0,0,0,1,0,0,0,0,0,1,0,1,0,0,0
2990,1,5,9.838549250696927,1,0,2,36.55082712319834,1,0,1,0,0,0,0,0,0,1,0,0,0,1,0,1,0,0
2991,1,5,32.731318882968786,0,0,4,63.8724356656204,1,1,1,0,0,0,0,1,0,0,1,0,0,0,0,0,0,1
2992,1,1,13.61364403505113,1,1,3,45.72472217106943,1,1,0,0,1,0,0,0,0,1,1,0,0,0,1,0,0,0
2993,1,5,15.637361253330695,1,1,5,6.65377608963137,1,0,0,0,1,0,0,0,0,1,1,0,0,0,0,0,0,1
2994,1,3,68.38839734462702,0,0,3,72.11276163386957,1,0,0,0,0,1,0,0,0,1,0,0,1,0,0,1,0,0
2995,0,5,1.973209566840528,1,0,5,76.32557237361534,0,1,0,0,1,0,1,0,0,0,0,0,0,1,0,1,0,0
2996,0,3,11.755326162543799,0,0,5,88.23413861520164,1,1,0,1,0,0,1,0,0,0,0,0,0,1,0,1,0,0
2997,0,2,84.43654912130964,0,1,5,54.063734661128,0,1,0,0,0,1,1,0,0,0,0,0,1,0,0,0,0,1
2998,1,2,84.49140850182532,1,0,1,67.3137951001456,1,0,0,0,1,0,1,0,0,0,0,0,0,1,1,0,0,0
2999,1,4,32.92434787635769,0,0,3,43.80504183748679,1,0,1,0,0,0,0,0,1,0,0,1,0,0,0,0,0,1
3000,1,3,8.795300836872899,1,0,4,31.89092591078264,1,0,0,1,0,0,0,0,0,1,0,0,1,0,1,0,0,0
3001,1,2,70.49703338072058,0,1,2,41.169999518810926,1,0,1,0,0,0,0,0,0,1,1,0,0,0,0,0,1,0
3002,1,5,36.01316877738744,0,0,4,91.17523566644877,0,0,0,0,0,1,1,0,0,0,0,0,0,1,1,0,0,0
3003,1,1,4.546462720492583,1,1,3,16.417128504418866,0,1,1,0,0,0,0,1,0,0,0,1,0,0,1,0,0,0
3004,0,1,15.782698129979856,0,1,2,24.84998176205455,0,0,0,0,1,0,0,0,1,0,0,0,1,0,1,0,0,0
3005,0,3,13.72148119640243,1,1,4,60.61907913777321,0,0,0,0,1,0,0,0,1,0,0,0,1,0,0,1,0,0
3006,1,4,58.91163438276622,1,1,2,11.628132156118621,0,0,0,0,0,1,0,1,0,0,1,0,0,0,0,0,1,0
3007,0,5,89.81175836035614,1,0,3,89.18645116524272,1,0,1,0,0,0,1,0,0,0,1,0,0,0,1,0,0,0
3008,1,3,79.30720333234575,1,1,5,4.723637186326258,1,0,0,0,0,1,0,0,1,0,0,0,1,0,0,0,1,0
3009,0,1,54.65160450172301,0,1,3,75.53122932649062,0,0,1,0,0,0,0,0,1,0,0,1,0,0,0,0,0,1
3010,1,3,42.21551649274801,1,1,1,37.372804714929984,1,0,0,1,0,0,0,0,0,1,1,0,0,0,0,0,0,1
3011,1,5,61.867670906886495,0,0,2,5.116557361146112,1,0,0,0,1,0,0,0,0,1,0,0,1,0,0,1,0,0
3012,0,2,44.381274098008085,1,0,3,84.29278937187372,1,0,0,0,0,1,1,0,0,0,0,0,1,0,0,0,0,1
3013,0,5,24.609912257631596,0,0,5,64.04602346804552,0,0,0,1,0,0,1,0,0,0,1,0,0,0,0,0,1,0
3014,1,2,67.91974553522796,0,0,5,0.8858709148138466,0,0,0,1,0,0,0,0,0,1,0,0,0,1,0,0,1,0
3015,1,2,87.3243945741321,0,1,3,26.753284838461322,0,1,0,0,0,1,0,0,0,1,0,1,0,0,0,0,1,0
3016,0,2,37.28703306808605,0,1,4,35.20456077250241,0,0,0,0,0,1,0,0,0,1,0,0,0,1,0,0,1,0
3017,0,3,84.1538467691337,1,1,3,32.25781488992712,1,0,0,1,0,0,0,1,0,0,0,0,0,1,0,0,1,0
3018,1,1,43.108204648349044,1,0,5,49.8342029029642,1,1,1,0,0,0,0,0,1,0,0,1,0,0,0,1,0,0
3019,0,3,40.1335943099426,0,0,3,52.68029578768457,1,0,0,1,0,0,1,0,0,0,0,1,0,0,1,0,0,0
3020,1,1,2.8324357547027668,0,0,1,39.67540177931582,1,0,0,0,0,1,1,0,0,0,1,0,0,0,0,0,0,1
3021,1,5,69.52789013674104,1,1,4,33.17703387778569,1,1,0,1,0,0,0,1,0,0,1,0,0,0,0,0,1,0
3022,1,4,80.75025251138229,0,1,3,50.44093282900553,1,1,1,0,0,0,0,0,0,1,1,0,0,0,0,0,0,1
3023,1,5,66.3556919558561,0,1,5,3.3615404628659973,0,0,0,0,1,0,0,0,1,0,0,1,0,0,0,1,0,0
3024,0,3,15.13609513919435,1,0,3,64.52017600316147,1,1,0,0,1,0,0,0,0,1,0,0,0,1,0,1,0,0
3025,0,3,10.329346755264313,0,0,3,60.59825169036446,1,0,0,1,0,0,1,0,0,0,0,1,0,0,1,0,0,0
3026,0,1,57.28587516185395,0,1,2,27.921979972514954,1,1,1,0,0,0,0,1,0,0,1,0,0,0,0,1,0,0
3027,0,3,40.15162541846019,1,0,3,17.951544700063714,1,0,0,0,1,0,0,0,1,0,0,0,0,1,1,0,0,0
3028,0,2,42.90977834855896,0,1,1,7.29849726279348,1,0,0,1,0,0,0,0,1,0,1,0,0,0,0,0,1,0
3029,0,3,96.78002467430076,1,1,5,58.73437513061115,0,0,0,1,0,0,0,0,1,0,0,0,0,1,0,1,0,0
3030,0,1,72.39226711930654,1,0,2,56.890027258520206,1,1,1,0,0,0,0,0,1,0,1,0,0,0,0,0,0,1
3031,1,1,41.17877392077567,1,1,3,53.33180901105532,1,1,0,0,0,1,0,1,0,0,0,1,0,0,0,1,0,0
3032,0,2,1.909927984171489,1,1,4,98.56182681871509,0,1,0,1,0,0,1,0,0,0,0,0,1,0,0,1,0,0
3033,0,1,3.409569785327027,0,1,1,53.154411102152,0,0,0,0,0,1,0,0,1,0,0,0,1,0,0,0,1,0
3034,1,4,68.48036956458562,1,1,1,72.17907299696908,1,0,0,0,0,1,0,0,1,0,0,0,0,1,1,0,0,0
3035,0,5,83.77387595177639,1,1,1,11.29182718335986,1,0,0,0,1,0,1,0,0,0,0,1,0,0,1,0,0,0
3036,0,3,70.77026295496837,0,0,2,29.897078918556343,0,0,0,0,0,1,0,0,0,1,1,0,0,0,0,1,0,0
3037,1,4,40.588775260472545,1,1,3,27.544661492797175,1,0,1,0,0,0,0,0,1,0,0,0,0,1,0,0,0,1
3038,0,3,3.1135737930569563,0,0,1,57.59755058580084,0,1,0,0,1,0,0,0,1,0,0,0,0,1,0,1,0,0
3039,0,4,96.74016302352297,1,1,3,33.0813228357074,0,1,0,0,1,0,0,0,0,1,1,0,0,0,0,0,0,1
3040,0,3,98.63360621580867,1,0,4,64.106642687005,0,0,0,0,1,0,1,0,0,0,1,0,0,0,0,0,1,0
3041,1,2,54.936455144426866,1,0,3,69.00897392017029,1,1,0,1,0,0,1,0,0,0,1,0,0,0,0,0,1,0
3042,0,1,7.067096469510559,1,0,3,3.3689837177403814,0,1,0,1,0,0,0,0,1,0,0,1,0,0,1,0,0,0
3043,0,1,54.09725059144669,0,1,3,63.97577124394452,0,0,0,0,0,1,1,0,0,0,0,0,1,0,0,0,0,1
3044,1,2,89.23384702208084,0,0,5,11.678736227884134,1,0,0,0,1,0,0,0,0,1,0,0,0,1,0,1,0,0
3045,0,4,67.99855101282135,0,1,2,46.51353018555673,0,0,0,0,1,0,0,1,0,0,0,0,0,1,0,1,0,0
3046,1,5,71.99892310327243,1,1,3,72.65765707689302,0,1,1,0,0,0,0,0,0,1,0,0,1,0,0,1,0,0
3047,1,4,8.496983743224929,1,0,1,70.3344995945146,1,0,0,0,0,1,0,0,0,1,0,0,0,1,0,1,0,0
3048,0,1,10.651163703180144,1,0,5,29.98225449974611,1,0,1,0,0,0,0,1,0,0,0,1,0,0,0,0,1,0
3049,1,5,12.734877637588527,0,1,3,27.236585046081785,1,0,0,0,0,1,0,0,0,1,1,0,0,0,0,0,0,1
3050,1,3,90.43768336609926,1,1,5,44.02265078556221,1,1,0,0,0,1,0,0,1,0,0,0,1,0,0,0,1,0
3051,0,5,52.58496362638133,0,1,2,18.866708301778722,1,0,0,1,0,0,0,0,1,0,0,1,0,0,0,0,0,1
3052,1,4,79.15750963929912,0,0,5,97.46990127084798,1,0,0,1,0,0,1,0,0,0,1,0,0,0,1,0,0,0
3053,1,2,11.529125988360022,0,1,1,34.49170713139779,1,1,1,0,0,0,1,0,0,0,0,0,1,0,0,0,0,1
3054,0,3,92.7642705508595,1,1,3,92.29932740121771,1,0,0,0,0,1,0,0,0,1,0,1,0,0,0,1,0,0
3055,0,4,82.11420914972102,1,1,1,90.82649629599618,1,0,0,0,1,0,0,0,1,0,0,0,1,0,0,0,1,0
3056,0,3,22.476414477535613,1,1,4,36.484898756231445,1,0,0,1,0,0,0,0,1,0,0,0,1,0,0,1,0,0
3057,1,5,87.41822332939535,1,1,5,25.40846322729058,1,0,0,0,1,0,0,1,0,0,0,1,0,0,0,0,0,1
3058,0,1,26.344275939680927,0,1,5,77.08356345262631,1,1,1,0,0,0,1,0,0,0,0,0,0,1,0,0,0,1
3059,1,4,20.53398793390565,0,1,5,22.937784756365375,1,0,0,1,0,0,0,0,1,0,0,1,0,0,1,0,0,0
3060,1,2,26.424393681221236,1,1,2,52.12463899624763,1,1,0,1,0,0,0,0,0,1,0,0,1,0,0,0,0,1
3061,1,5,90.99550632726093,1,1,1,11.068937441988991,0,0,0,0,0,1,0,0,1,0,0,0,1,0,0,0,0,1
3062,1,4,91.55919855148696,1,1,4,38.59321545494295,1,0,1,0,0,0,1,0,0,0,0,1,0,0,0,1,0,0
3063,1,2,32.89957746879688,0,1,2,7.815492365511679,1,0,0,0,0,1,0,0,0,1,1,0,0,0,0,0,0,1
3064,1,4,70.54341850945512,1,1,2,28.343959268605744,0,0,0,1,0,0,1,0,0,0,1,0,0,0,0,0,0,1
3065,1,5,67.57452551641833,0,0,3,66.52937381905463,0,1,1,0,0,0,0,0,1,0,1,0,0,0,0,0,1,0
3066,0,4,80.65626321304032,0,1,4,99.13071565501804,0,0,0,1,0,0,0,0,1,0,1,0,0,0,0,0,1,0
3067,0,3,29.650950014213105,0,1,5,25.480759650657824,1,0,1,0,0,0,0,0,1,0,0,1,0,0,1,0,0,0
3068,1,5,51.01385419104019,0,1,5,47.332129054933915,0,1,0,1,0,0,1,0,0,0,0,0,0,1,1,0,0,0
3069,1,4,66.76739510082868,0,1,3,44.804611466915304,1,0,0,0,1,0,0,0,0,1,1,0,0,0,0,1,0,0
3070,0,1,2.6256818809906046,0,1,5,18.415363420756147,1,1,0,0,1,0,0,0,1,0,0,0,1,0,0,1,0,0
3071,1,4,37.673874533095464,0,0,1,61.00690361975077,0,0,0,0,0,1,0,0,1,0,1,0,0,0,0,0,1,0
3072,0,3,69.58883576785689,1,1,5,72.47049468219717,0,1,0,0,1,0,0,0,1,0,0,0,0,1,0,0,1,0
3073,0,2,25.25950931191334,1,0,1,14.721948343645163,0,1,0,1,0,0,0,1,0,0,0,1,0,0,0,0,1,0
3074,0,2,95.77041070064872,1,1,3,75.71245725808014,1,0,0,1,0,0,0,1,0,0,0,0,0,1,1,0,0,0
3075,1,2,3.016137150683895,0,0,3,70.01616357954912,0,0,0,0,1,0,0,0,0,1,0,0,0,1,1,0,0,0
3076,1,1,95.80871875874229,0,0,1,19.73428808276233,0,1,0,0,0,1,1,0,0,0,0,0,0,1,0,0,0,1
3077,0,3,21.676386801040003,1,1,5,64.89476251179033,0,0,0,0,1,0,0,0,1,0,1,0,0,0,1,0,0,0
3078,0,5,4.8822041925369986,0,0,3,39.36716793635225,0,0,1,0,0,0,0,0,1,0,1,0,0,0,0,0,0,1
3079,0,2,29.247403322355748,0,0,3,68.11377524944298,0,1,1,0,0,0,1,0,0,0,0,0,0,1,0,1,0,0
3080,0,3,78.62823072902253,0,1,1,49.60968522358542,0,0,1,0,0,0,1,0,0,0,0,1,0,0,1,0,0,0
3081,0,4,75.24420064480532,0,0,3,4.813767523405099,0,0,0,0,1,0,0,0,0,1,1,0,0,0,0,1,0,0
3082,1,1,20.884041642279204,0,0,5,78.69669881377929,0,0,0,0,1,0,1,0,0,0,0,1,0,0,0,0,0,1
3083,0,3,19.67901335917994,0,0,3,55.55999247190837,1,0,0,0,1,0,0,0,1,0,1,0,0,0,0,1,0,0
3084,1,3,64.25799158045407,0,1,1,72.47946228587325,0,1,1,0,0,0,0,0,0,1,0,1,0,0,0,1,0,0
3085,0,5,45.80826896757305,0,1,5,12.607177488025856,1,0,0,0,0,1,0,1,0,0,1,0,0,0,1,0,0,0
3086,1,3,79.22899533309023,0,1,4,72.12724726031007,0,1,0,1,0,0,0,0,0,1,0,0,0,1,0,0,0,1
3087,1,5,2.413277869255359,0,1,1,41.36661885164818,1,0,0,0,1,0,0,0,0,1,0,0,1,0,0,0,0,1
3088,1,1,61.04118607605711,0,0,4,79.92670440257235,1,1,0,0,0,1,0,0,0,1,0,0,1,0,0,0,1,0
3089,1,1,73.06720122398758,0,1,3,59.916587532298685,1,0,0,1,0,0,1,0,0,0,0,1,0,0,1,0,0,0
3090,1,4,99.3386112028669,1,0,5,35.490212526980024,0,0,0,1,0,0,0,0,1,0,0,1,0,0,1,0,0,0
3091,1,5,67.87816942368468,0,1,3,20.191695224727944,1,0,0,1,0,0,1,0,0,0,0,0,0,1,0,0,0,1
3092,0,5,23.18451565499663,0,1,5,81.59241686392426,1,0,0,0,0,1,0,0,1,0,0,0,0,1,1,0,0,0
3093,1,2,10.818619488003877,1,0,2,56.019266357652576,0,0,0,0,0,1,1,0,0,0,0,1,0,0,0,1,0,0
3094,0,2,64.09167746440754,1,0,3,98.74680726302647,0,1,1,0,0,0,0,0,0,1,0,0,1,0,0,0,1,0
3095,1,4,52.318306751821595,1,1,3,37.348867034543176,1,0,0,0,0,1,0,0,1,0,0,0,0,1,0,0,0,1
3096,1,1,89.91452884450165,0,1,3,68.57192215857968,0,0,0,0,0,1,1,0,0,0,0,1,0,0,1,0,0,0
3097,0,2,72.66080211812749,0,1,1,62.28208717764808,0,0,0,0,0,1,0,0,0,1,0,0,0,1,1,0,0,0
3098,1,3,50.974245004262066,1,1,5,63.758170928744875,0,0,0,1,0,0,0,1,0,0,0,0,0,1,0,1,0,0
3099,0,1,40.35894707651476,1,1,5,73.69799645356571,1,1,0,0,1,0,1,0,0,0,1,0,0,0,1,0,0,0
3100,0,3,40.43746995708203,1,0,5,13.910827998295405,1,0,1,0,0,0,1,0,0,0,0,0,0,1,1,0,0,0
3101,0,5,22.630428615123456,0,1,1,54.964404399827096,0,1,0,0,1,0,0,1,0,0,0,1,0,0,0,1,0,0
3102,0,1,1.7325971755697056,0,0,5,50.9129670394423,1,0,0,0,1,0,1,0,0,0,0,0,0,1,1,0,0,0
3103,1,4,57.49105882071062,1,1,3,34.252978909054065,0,1,0,0,0,1,0,1,0,0,0,1,0,0,0,0,1,0
3104,1,5,21.24147325232152,0,1,4,43.61502665192361,0,0,1,0,0,0,0,0,1,0,1,0,0,0,0,1,0,0
3105,0,5,20.832691772804147,0,0,2,51.88120766512172,0,1,0,0,1,0,0,1,0,0,1,0,0,0,0,0,0,1
3106,1,3,12.538122867648049,1,1,5,32.09223149653611,0,0,0,0,1,0,0,0,0,1,0,0,1,0,0,0,1,0
3107,1,5,18.959549017669275,1,0,1,29.315883201854774,0,0,1,0,0,0,0,1,0,0,1,0,0,0,1,0,0,0
3108,0,2,3.1789149555137675,1,0,1,73.82725746665123,1,0,0,0,0,1,0,0,1,0,1,0,0,0,0,1,0,0
3109,1,1,67.4231449748532,0,1,5,6.691814271974272,0,1,0,0,1,0,0,1,0,0,0,1,0,0,0,1,0,0
3110,0,2,40.13971163126943,0,0,4,31.296307850378202,1,0,0,1,0,0,0,1,0,0,0,0,1,0,1,0,0,0
3111,0,3,56.152459877314506,0,1,5,65.3711146133795,0,0,0,0,1,0,0,0,1,0,1,0,0,0,0,0,0,1
3112,1,3,63.69576180207995,0,1,1,20.877296833104253,0,0,0,1,0,0,1,0,0,0,0,0,0,1,0,0,1,0
3113,1,1,97.24845622761592,0,1,2,57.227263528558225,1,0,0,0,0,1,1,0,0,0,0,0,1,0,1,0,0,0
3114,1,5,6.826586585550098,1,1,4,30.21641416485491,1,0,0,0,1,0,0,0,0,1,1,0,0,0,0,0,0,1
3115,0,4,41.7917684831438,0,1,5,84.33012733502105,1,0,1,0,0,0,0,0,0,1,0,0,1,0,0,1,0,0
3116,0,3,24.589793352648105,0,1,2,34.9989332129135,1,0,1,0,0,0,0,1,0,0,1,0,0,0,0,1,0,0
3117,1,1,47.67119318568142,1,1,5,22.951656173091052,0,1,0,0,1,0,1,0,0,0,0,1,0,0,0,1,0,0
3118,1,4,92.04723006138882,1,0,4,53.01037770893914,0,0,0,0,0,1,1,0,0,0,0,0,1,0,1,0,0,0
3119,1,5,72.39842652481514,1,1,1,13.566051300555937,1,0,0,0,0,1,0,1,0,0,0,0,1,0,0,0,0,1
3120,1,3,66.19495864798934,1,0,4,79.74839674050584,1,0,1,0,0,0,0,0,1,0,1,0,0,0,1,0,0,0
3121,0,1,44.12458764311774,0,1,3,68.00282512726602,1,1,0,0,1,0,1,0,0,0,0,0,1,0,1,0,0,0
3122,1,1,67.11124983744358,0,1,5,77.05089046949158,1,0,0,0,0,1,0,0,0,1,1,0,0,0,0,0,1,0
3123,0,1,3.237537727440809,1,0,2,39.88781997971246,1,1,1,0,0,0,0,1,0,0,0,0,0,1,0,0,1,0
3124,0,3,58.623867202989445,0,0,2,83.50034138549418,1,0,0,1,0,0,0,0,1,0,0,0,1,0,0,0,1,0
3125,1,4,55.37765625992483,1,0,4,49.354813073715334,1,0,0,0,1,0,0,0,0,1,0,0,1,0,0,0,0,1
3126,1,1,34.664043196319284,0,0,4,9.469903492023724,1,0,0,1,0,0,1,0,0,0,0,1,0,0,0,1,0,0
3127,1,5,20.15141254241084,0,1,4,22.402924899184907,0,0,0,1,0,0,0,0,1,0,0,1,0,0,0,0,1,0
3128,0,1,80.75555509993009,0,1,2,71.10528015282193,0,0,0,0,0,1,0,0,0,1,0,0,1,0,0,1,0,0
3129,1,4,5.386211445509648,1,0,1,89.64222988085027,1,0,0,0,0,1,0,1,0,0,0,1,0,0,0,0,0,1
3130,1,3,6.967286442358778,1,1,2,9.518559241860869,0,1,0,0,0,1,0,0,1,0,0,0,1,0,0,0,1,0
3131,0,1,44.05217439841466,0,0,1,86.42147910972118,1,1,0,0,1,0,0,0,1,0,1,0,0,0,0,0,1,0
3132,1,1,25.255454740860507,0,0,4,79.90698291784977,0,0,0,1,0,0,0,1,0,0,0,0,1,0,0,1,0,0
3133,0,5,74.54524135070204,1,0,3,35.65610599850855,1,0,0,0,1,0,1,0,0,0,0,0,1,0,1,0,0,0
3134,1,5,63.4190076921191,1,0,2,68.92768043966564,0,0,0,0,0,1,1,0,0,0,0,0,0,1,0,0,0,1
3135,0,1,77.25347961266314,0,0,4,18.695134380153323,1,0,0,1,0,0,0,0,1,0,0,1,0,0,0,0,0,1
3136,1,1,32.46789563378011,0,1,2,81.33932999339456,0,0,0,0,1,0,0,0,1,0,0,1,0,0,0,0,1,0
3137,1,5,74.05189396178675,1,0,4,65.73390218490105,0,0,0,0,1,0,0,0,1,0,0,0,0,1,0,0,0,1
3138,0,4,86.23032360263988,0,0,2,43.882937946706505,1,0,1,0,0,0,0,0,0,1,1,0,0,0,0,1,0,0
3139,0,2,34.52744944185717,1,1,5,86.4517315546703,0,0,0,0,1,0,0,0,1,0,1,0,0,0,1,0,0,0
3140,1,2,33.989582116183335,1,0,2,13.923450130090153,0,0,0,0,0,1,1,0,0,0,1,0,0,0,1,0,0,0
3141,0,1,89.99514039064263,0,0,5,84.57856324363028,0,1,0,0,1,0,0,1,0,0,0,0,0,1,0,0,0,1
3142,0,5,4.979025318770914,0,1,1,2.388640652226781,0,0,0,1,0,0,0,1,0,0,0,0,1,0,1,0,0,0
3143,0,3,35.018940573084436,0,1,2,75.32004043267962,1,1,0,0,1,0,0,1,0,0,1,0,0,0,0,1,0,0
3144,0,3,11.867249207180407,1,1,1,57.33640767453678,1,0,1,0,0,0,0,0,1,0,1,0,0,0,0,0,1,0
3145,1,2,2.8980590249976235,1,1,3,69.67232732206092,1,0,0,1,0,0,0,0,1,0,0,0,0,1,0,0,1,0
3146,1,4,11.286941764682211,1,1,5,41.23445257310656,0,1,0,1,0,0,0,1,0,0,0,1,0,0,0,0,0,1
3147,0,2,43.1245791180277,0,0,2,86.44411258921632,1,0,1,0,0,0,0,0,0,1,0,0,0,1,0,0,0,1
3148,0,1,68.69560692277908,0,0,1,31.314902413981326,0,0,0,0,0,1,0,0,0,1,0,1,0,0,0,0,0,1
3149,0,4,28.928242444196293,1,0,4,27.49552851985274,0,0,0,1,0,0,0,0,0,1,1,0,0,0,0,0,1,0
3150,0,3,84.96753074011248,1,1,1,30.175064574784237,0,0,0,0,0,1,0,0,0,1,1,0,0,0,0,0,0,1
3151,1,5,43.761562873835004,0,1,2,77.43638428425841,1,1,0,1,0,0,1,0,0,0,0,0,1,0,1,0,0,0
3152,1,5,96.82280509617436,1,1,3,49.52917313507123,1,0,0,1,0,0,0,1,0,0,0,0,1,0,0,0,1,0
3153,0,1,95.41556694437,0,1,5,53.70853258541466,0,0,0,0,0,1,1,0,0,0,0,1,0,0,0,1,0,0
3154,0,2,77.3276222666815,0,1,4,83.16554184088552,0,1,0,1,0,0,0,0,1,0,1,0,0,0,0,0,0,1
3155,0,1,93.24054961466182,1,1,1,83.33655523166117,1,0,0,0,0,1,0,0,0,1,1,0,0,0,0,0,1,0
3156,1,5,70.70960761611116,1,0,2,16.17381045684443,0,1,1,0,0,0,0,0,0,1,0,0,0,1,0,0,0,1
3157,0,3,89.55831899911814,1,1,2,54.97676728883171,0,0,0,0,0,1,0,1,0,0,1,0,0,0,0,0,1,0
3158,1,5,23.647371736630653,1,0,5,12.601820643380323,1,0,1,0,0,0,0,0,0,1,1,0,0,0,0,0,1,0
3159,0,4,34.54202001767987,1,0,4,86.85284711947578,1,0,0,1,0,0,0,1,0,0,0,0,0,1,0,0,1,0
3160,1,5,75.29300660048615,0,0,1,83.70057020975378,0,1,0,0,0,1,0,0,1,0,0,0,0,1,0,1,0,0
3161,0,5,42.45612382065571,1,1,1,84.93488582211324,1,0,0,1,0,0,0,0,0,1,1,0,0,0,0,0,1,0
3162,1,4,83.73274338245179,0,1,1,70.48585003799668,0,1,0,0,0,1,0,0,0,1,0,0,1,0,1,0,0,0
3163,0,2,87.76388715877751,1,1,5,46.68773060424564,0,0,1,0,0,0,1,0,0,0,0,0,1,0,0,0,0,1
3164,0,5,29.972948472092487,1,1,5,40.472122634454855,1,0,1,0,0,0,0,1,0,0,1,0,0,0,0,0,0,1
3165,0,1,82.34508081895736,1,1,4,39.522456391361,0,1,0,0,0,1,0,1,0,0,0,0,1,0,0,0,0,1
3166,1,5,15.426427106515007,1,0,1,6.62127886087609,1,0,1,0,0,0,0,0,0,1,0,0,0,1,0,0,1,0
3167,0,1,33.4196711536849,1,0,1,94.8870286464511,1,0,0,1,0,0,1,0,0,0,0,0,1,0,0,0,0,1
3168,1,4,51.7964951121389,1,1,4,45.027565672346846,1,1,0,1,0,0,0,0,0,1,1,0,0,0,1,0,0,0
3169,1,5,22.64437621038922,0,0,4,93.01148992783793,0,0,0,0,1,0,0,1,0,0,0,0,1,0,1,0,0,0
3170,0,4,57.926782957519926,1,0,4,87.92575391617268,1,0,1,0,0,0,0,1,0,0,1,0,0,0,1,0,0,0
3171,0,4,57.86950787176466,1,1,2,82.86103877920145,0,0,0,1,0,0,0,0,0,1,0,0,1,0,0,1,0,0
3172,0,2,20.690289485090574,1,0,4,58.83088848308269,0,0,0,0,0,1,0,0,1,0,1,0,0,0,1,0,0,0
3173,1,5,79.56413448854566,1,0,3,10.155588595064058,1,0,1,0,0,0,0,0,0,1,1,0,0,0,1,0,0,0
3174,0,1,63.164448941149686,0,1,5,32.391144955153614,0,1,0,1,0,0,1,0,0,0,0,0,1,0,0,0,0,1
3175,1,1,31.776050682495427,0,0,4,60.35862092860723,1,0,1,0,0,0,0,1,0,0,0,0,1,0,0,0,1,0
3176,1,5,23.21847834702919,0,1,2,1.3455808414671089,1,0,0,0,0,1,0,1,0,0,0,0,0,1,0,0,0,1
3177,0,2,87.87501388344936,0,1,3,4.263091366849759,1,0,0,1,0,0,0,0,0,1,0,1,0,0,0,1,0,0
3178,0,2,83.57422452246527,0,1,2,67.76633822005779,0,0,0,0,1,0,0,0,1,0,1,0,0,0,0,1,0,0
3179,0,2,22.976067485552633,0,0,2,88.82028515018462,1,0,0,0,1,0,0,1,0,0,1,0,0,0,0,1,0,0
3180,0,1,3.560522651650877,1,0,2,85.51631293232035,1,1,1,0,0,0,0,0,0,1,1,0,0,0,1,0,0,0
3181,0,4,80.45325957431238,1,0,2,16.81452764774121,1,0,0,0,0,1,0,0,1,0,1,0,0,0,1,0,0,0
3182,0,2,61.550855526504314,0,1,1,91.12334525923411,0,0,0,1,0,0,0,0,0,1,0,0,1,0,1,0,0,0
3183,1,1,10.088202805345968,1,0,5,69.63022006512706,0,1,0,0,0,1,0,0,0,1,0,0,1,0,0,0,1,0
3184,1,1,58.73582062188951,1,0,1,71.63259543256837,1,0,0,1,0,0,0,0,0,1,0,1,0,0,0,0,0,1
3185,1,4,45.218268536169425,1,1,3,30.404120073741492,1,0,1,0,0,0,0,1,0,0,1,0,0,0,1,0,0,0
3186,0,5,77.45503274736916,1,1,1,71.59967756838184,1,0,0,1,0,0,0,0,1,0,0,1,0,0,0,1,0,0
3187,1,5,20.908484215873003,1,1,3,70.97722775838923,0,0,0,0,0,1,1,0,0,0,0,0,0,1,0,0,1,0
3188,1,2,45.31567443050265,0,0,4,59.46655256131199,0,0,0,0,0,1,1,0,0,0,0,1,0,0,0,0,1,0
3189,1,2,15.624411425191676,0,1,3,35.72884032590436,0,0,1,0,0,0,0,1,0,0,0,1,0,0,0,1,0,0
3190,1,4,95.75272278108467,0,0,1,81.10144376849608,1,0,0,0,0,1,0,1,0,0,0,0,0,1,1,0,0,0
3191,1,2,77.87381569251642,0,1,1,93.7517937980269,0,0,0,1,0,0,0,0,0,1,0,0,0,1,0,0,1,0
3192,0,4,73.67224265013965,0,1,3,86.98884250269964,1,0,1,0,0,0,0,0,0,1,0,1,0,0,0,1,0,0
3193,0,1,69.0206665020802,0,1,1,24.297919421305803,0,0,0,1,0,0,0,0,1,0,0,0,0,1,1,0,0,0
3194,1,2,42.33364424663817,1,1,3,44.567382904965605,1,1,0,0,0,1,0,0,0,1,0,1,0,0,0,0,1,0
3195,1,1,92.32824157031447,0,0,2,34.241435229412154,0,1,1,0,0,0,0,0,1,0,0,0,1,0,0,0,1,0
3196,1,3,7.29170119270054,1,0,5,70.74795502096134,0,0,0,1,0,0,0,0,0,1,0,0,1,0,0,0,0,1
3197,0,4,80.32590716789518,1,0,3,83.14903376710063,0,0,0,0,0,1,0,0,0,1,0,1,0,0,0,0,0,1
3198,0,3,21.52327321057327,0,1,2,21.57961324394687,0,1,0,0,0,1,1,0,0,0,0,0,0,1,0,0,1,0
3199,1,2,32.4027955633848,0,0,2,94.72755353525584,1,0,0,0,1,0,0,1,0,0,0,0,0,1,0,0,1,0
3200,0,1,51.94297289673083,0,1,2,67.73291332995683,1,1,0,0,0,1,0,0,1,0,0,0,1,0,0,0,1,0
3201,0,2,78.26550110555796,1,1,2,21.844787157687062,1,0,0,1,0,0,1,0,0,0,0,0,1,0,0,0,0,1
3202,1,3,83.85349076537366,0,0,3,37.10946113074267,0,0,1,0,0,0,0,0,0,1,0,0,0,1,1,0,0,0
3203,0,2,58.37322501601248,0,1,1,10.46068580565489,1,1,0,0,1,0,1,0,0,0,0,0,0,1,0,0,0,1
3204,0,5,40.30354889346852,0,1,2,59.70689850296086,0,1,0,0,0,1,0,0,1,0,0,0,0,1,0,1,0,0
3205,1,3,94.65024214032101,1,0,4,16.919152279262406,0,0,0,0,0,1,0,1,0,0,0,0,0,1,0,0,1,0
3206,0,2,24.652129583936834,0,0,2,69.30899381630414,0,1,0,0,0,1,1,0,0,0,0,1,0,0,0,1,0,0
3207,0,1,80.30945758806354,0,1,1,73.72467432246549,1,0,0,1,0,0,0,0,1,0,0,0,0,1,0,1,0,0
3208,1,2,61.204962144815326,1,0,1,47.93348183234317,0,1,0,0,1,0,0,0,0,1,0,0,1,0,0,1,0,0
3209,0,1,37.689501688521375,1,1,5,9.38167711441853,0,0,0,1,0,0,1,0,0,0,0,0,1,0,0,0,0,1
3210,0,5,0.13679843635368005,1,0,5,61.08731899715513,0,0,0,0,1,0,0,1,0,0,1,0,0,0,0,0,0,1
3211,1,2,44.65993013486268,0,1,2,37.22052521238144,0,0,1,0,0,0,0,0,1,0,0,0,0,1,1,0,0,0
3212,1,5,27.671999754229926,0,1,2,94.96474712140464,1,0,0,1,0,0,0,1,0,0,0,1,0,0,0,1,0,0
3213,1,3,10.434661332556061,1,1,5,51.320570670204155,1,0,0,1,0,0,0,0,0,1,1,0,0,0,0,1,0,0
3214,0,1,7.515856533808485,0,0,2,7.226606886417397,1,0,1,0,0,0,0,1,0,0,1,0,0,0,0,0,0,1
3215,1,3,34.7558327311602,1,0,4,63.60490831971792,1,0,0,0,1,0,0,0,0,1,0,1,0,0,0,1,0,0
3216,0,1,61.47573887406486,1,1,3,77.93537025264985,1,0,0,0,0,1,0,0,0,1,1,0,0,0,0,0,0,1
3217,1,5,83.75193153647736,1,0,5,16.050280940560246,0,0,1,0,0,0,1,0,0,0,1,0,0,0,0,0,1,0
3218,0,4,18.35632449473269,1,0,5,44.90573643443864,1,0,0,0,0,1,0,0,0,1,0,0,1,0,0,0,1,0
3219,1,2,42.46439713090496,1,0,1,74.31969532378214,1,0,0,0,0,1,0,1,0,0,1,0,0,0,0,1,0,0
3220,1,5,39.19561401421522,0,1,2,2.0493615388880837,1,0,1,0,0,0,1,0,0,0,0,1,0,0,1,0,0,0
3221,1,1,51.33940092085156,0,0,5,2.8969796097377043,1,0,0,0,1,0,0,0,0,1,0,0,0,1,0,0,0,1
3222,1,1,80.95872708095528,0,0,5,67.69120668828613,1,1,0,0,0,1,0,0,1,0,0,0,0,1,0,0,1,0
3223,0,1,55.36452179992348,0,0,4,72.51264983250967,0,0,1,0,0,0,0,0,1,0,0,0,0,1,0,0,1,0
3224,1,1,84.66549135022942,1,1,2,84.58694373197217,1,0,0,1,0,0,0,0,0,1,0,0,1,0,0,1,0,0
3225,1,2,51.855175606897774,0,1,3,39.95998157926274,0,0,0,1,0,0,1,0,0,0,0,0,1,0,0,0,0,1
3226,0,3,60.38473651812715,1,1,4,38.977666504550555,1,0,0,1,0,0,1,0,0,0,0,0,1,0,0,1,0,0
3227,1,4,43.73832424929898,1,0,3,55.23679727296575,0,0,1,0,0,0,1,0,0,0,0,1,0,0,0,0,0,1
3228,0,2,82.30955802956336,0,1,1,75.73269550349312,0,1,0,1,0,0,0,1,0,0,0,0,0,1,1,0,0,0
3229,1,1,92.38272063646527,0,0,5,64.09921969382192,1,1,0,0,0,1,0,0,1,0,0,1,0,0,0,0,0,1
3230,1,2,63.91447381231457,1,0,4,32.732330384385264,1,0,0,1,0,0,0,0,0,1,0,1,0,0,0,0,1,0
3231,1,5,82.07824491729039,0,1,3,34.65472564358447,1,1,0,1,0,0,0,0,0,1,1,0,0,0,0,1,0,0
3232,0,1,5.900333399910029,0,0,2,76.3004935567106,0,0,0,0,0,1,0,0,1,0,0,0,0,1,0,0,0,1
3233,1,4,90.61117514466575,0,1,1,53.464666176160335,0,0,0,1,0,0,0,1,0,0,1,0,0,0,0,0,1,0
3234,1,1,18.89250668391246,0,0,1,9.797617557980942,1,0,0,0,0,1,1,0,0,0,0,0,1,0,0,1,0,0
3235,1,4,25.652042732580792,1,0,5,15.29949541522898,0,0,0,1,0,0,0,0,1,0,0,0,1,0,0,1,0,0
3236,0,4,5.333006820674624,1,0,5,85.11903759383158,1,1,0,0,0,1,0,0,0,1,0,1,0,0,1,0,0,0
3237,0,3,96.5400116974059,0,0,3,99.8803431698492,0,0,0,1,0,0,0,1,0,0,0,1,0,0,0,0,1,0
3238,1,3,85.20108494883763,1,0,3,33.56829057412549,1,0,0,0,0,1,0,0,0,1,1,0,0,0,0,0,0,1
3239,0,2,91.31846040910838,1,1,1,38.67016615568254,0,0,1,0,0,0,1,0,0,0,1,0,0,0,0,0,1,0
3240,1,2,84.7216167760015,0,1,3,15.448802478958623,1,1,0,0,0,1,0,0,1,0,0,1,0,0,0,1,0,0
3241,1,4,47.953055272128886,0,1,5,23.571308406042156,0,0,0,1,0,0,1,0,0,0,0,0,0,1,1,0,0,0
3242,1,1,92.40819340907635,1,1,1,42.46298457758879,0,0,0,1,0,0,0,1,0,0,0,1,0,0,0,0,0,1
3243,1,5,96.94728204271883,1,0,1,28.43896444107625,1,0,0,0,1,0,0,0,1,0,0,0,0,1,1,0,0,0
3244,1,5,50.25669767893975,1,0,2,70.1424854590515,0,1,0,0,0,1,1,0,0,0,1,0,0,0,1,0,0,0
3245,1,1,17.562478132883818,0,1,2,53.78494415041681,0,0,1,0,0,0,1,0,0,0,0,0,1,0,0,0,1,0
3246,1,1,65.86225089630943,1,1,3,82.22971282932437,1,0,0,0,0,1,1,0,0,0,0,0,1,0,0,1,0,0
3247,0,3,97.54382898535707,1,0,3,72.45249177190193,1,0,0,0,0,1,0,1,0,0,1,0,0,0,0,1,0,0
3248,0,5,87.2146859858875,0,1,5,12.81006119604805,1,1,1,0,0,0,1,0,0,0,1,0,0,0,0,0,0,1
3249,0,4,86.18151761459075,1,0,5,12.338896557671875,0,0,0,0,0,1,0,0,0,1,0,0,1,0,1,0,0,0
3250,0,2,93.3818016807282,0,0,2,89.5648638507457,0,0,1,0,0,0,0,0,1,0,0,0,0,1,1,0,0,0
3251,0,3,89.39522605525471,0,1,1,81.95112394477025,1,0,1,0,0,0,0,0,1,0,1,0,0,0,1,0,0,0
3252,0,5,77.62816640182929,1,0,4,46.79173231627088,0,1,0,0,0,1,1,0,0,0,0,0,0,1,0,0,1,0
3253,0,1,71.82728321618272,0,0,4,13.036413477397257,0,0,0,0,0,1,0,1,0,0,0,0,0,1,0,1,0,0
3254,1,5,26.476717374475434,0,1,3,89.85762906858054,0,0,0,1,0,0,0,0,0,1,0,0,1,0,1,0,0,0
3255,1,4,62.13400214284492,1,1,4,23.07005573759301,1,0,0,1,0,0,0,0,0,1,0,0,0,1,1,0,0,0
3256,1,3,52.14886217058895,0,0,4,3.553477462965471,1,0,0,0,1,0,0,0,1,0,0,0,1,0,0,1,0,0
3257,1,1,86.19440915809912,1,1,2,92.42395249874022,1,1,0,0,1,0,0,0,1,0,1,0,0,0,0,0,0,1
3258,0,4,49.171257349007206,0,0,1,80.89356207230112,1,0,0,0,0,1,0,0,0,1,0,1,0,0,0,0,1,0
3259,0,2,12.77427635426891,0,1,5,69.34816923184484,0,0,1,0,0,0,0,0,1,0,0,1,0,0,0,0,1,0
3260,1,3,0.4972485322349174,1,0,2,3.403035735203508,1,0,0,0,1,0,1,0,0,0,0,1,0,0,0,0,1,0
3261,1,4,67.78731204686652,1,0,5,52.84311783927092,1,1,0,0,0,1,0,0,0,1,0,1,0,0,0,1,0,0
3262,0,4,54.99083871271615,1,0,2,65.36361550837711,0,0,0,0,1,0,0,0,1,0,0,1,0,0,0,0,1,0
3263,1,1,33.096290435844836,0,0,2,75.93472407820315,1,0,1,0,0,0,1,0,0,0,0,1,0,0,1,0,0,0
3264,1,2,16.897215003789036,1,0,4,47.10738847985236,0,1,0,0,0,1,1,0,0,0,0,0,0,1,0,0,1,0
3265,1,4,46.67153224039021,0,0,5,95.3349300081557,0,0,1,0,0,0,0,0,0,1,0,0,0,1,0,1,0,0
3266,1,3,10.028647247890564,1,0,2,24.478106097317454,0,0,0,0,0,1,1,0,0,0,0,1,0,0,0,0,1,0
3267,0,4,33.610848922114315,0,0,4,6.973491736182236,0,0,0,0,1,0,0,0,0,1,1,0,0,0,0,0,0,1
3268,1,5,37.92119062356344,1,0,3,33.27662450086498,0,1,0,1,0,0,1,0,0,0,1,0,0,0,0,0,0,1
3269,1,3,46.561869483796215,0,1,5,66.18048703067126,1,0,0,0,1,0,0,0,0,1,0,0,0,1,0,1,0,0
3270,0,3,46.662075133884684,1,0,2,73.7157204276272,0,0,0,0,1,0,0,0,0,1,0,0,0,1,0,1,0,0
3271,0,4,25.700564347427722,0,1,3,73.84968971148089,1,0,0,1,0,0,0,0,0,1,0,1,0,0,0,0,0,1
3272,1,1,85.02109816019876,0,1,4,11.067382762273393,1,0,0,1,0,0,0,0,0,1,1,0,0,0,0,0,1,0
3273,0,3,35.55435062567456,0,1,2,88.508945462827,0,1,0,0,0,1,1,0,0,0,0,0,1,0,1,0,0,0
3274,1,5,22.958730889251633,0,0,4,28.083370292288645,0,1,0,0,0,1,0,0,0,1,0,1,0,0,0,1,0,0
3275,1,1,17.580988341059022,1,0,4,20.991110766322652,1,1,1,0,0,0,0,0,1,0,0,0,0,1,0,0,0,1
3276,0,1,32.257839450333556,0,1,4,61.44574769376007,0,1,1,0,0,0,1,0,0,0,0,0,0,1,0,0,1,0
3277,1,1,6.755288297753436,1,0,5,21.18490744338335,1,1,0,0,1,0,0,0,0,1,0,0,0,1,0,1,0,0
3278,1,3,3.290752298097166,0,0,3,50.8038492855024,0,0,0,1,0,0,1,0,0,0,0,0,1,0,0,0,1,0
3279,1,1,60.51421968028677,1,0,3,40.70296965453738,0,0,1,0,0,0,1,0,0,0,1,0,0,0,1,0,0,0
3280,1,4,61.914713604919,0,0,1,23.203426262851746,0,1,0,0,1,0,1,0,0,0,0,0,0,1,0,1,0,0
3281,0,1,52.95882026382897,0,0,2,29.205963250167798,1,0,0,1,0,0,1,0,0,0,0,1,0,0,1,0,0,0
3282,0,5,76.22851952317244,1,0,4,42.7407231360863,0,0,0,0,0,1,0,0,0,1,0,0,1,0,1,0,0,0
3283,1,2,3.915054427707798,1,1,2,34.616034631519824,0,0,0,0,1,0,1,0,0,0,1,0,0,0,1,0,0,0
3284,0,5,93.59731082094676,0,1,3,38.15757843715895,1,0,0,0,0,1,0,0,1,0,0,1,0,0,0,0,0,1
3285,1,3,9.506512325706051,1,1,3,73.54346215702385,1,1,1,0,0,0,1,0,0,0,0,1,0,0,1,0,0,0
3286,1,1,67.40229943935935,1,1,4,16.837991269233456,1,1,1,0,0,0,1,0,0,0,0,0,1,0,1,0,0,0
3287,1,1,13.33965889408093,1,1,5,62.76185873324245,0,0,0,1,0,0,0,0,1,0,0,0,1,0,0,0,1,0
3288,1,4,87.99054333077923,0,0,4,67.81577756478349,1,0,0,0,1,0,0,0,0,1,0,0,1,0,0,0,0,1
3289,1,1,51.07132869450312,1,0,4,80.20870461767448,1,0,0,0,0,1,0,0,1,0,0,0,0,1,0,0,0,1
3290,0,5,8.229354101797604,0,0,1,84.7327175309659,1,0,0,1,0,0,0,1,0,0,1,0,0,0,0,0,0,1
3291,1,3,61.67241127000735,1,1,5,15.866554346711482,0,1,1,0,0,0,0,0,1,0,0,0,0,1,0,0,0,1
3292,0,2,0.9109943882201654,1,1,2,13.826076111800223,0,0,1,0,0,0,0,0,0,1,0,0,1,0,1,0,0,0
3293,0,1,77.60221784402445,0,0,5,61.4771013146609,0,0,0,0,1,0,0,0,1,0,0,0,1,0,0,0,1,0
3294,1,2,65.05849866461234,1,1,4,75.69165505829645,1,1,0,0,0,1,1,0,0,0,0,0,1,0,1,0,0,0
3295,1,1,21.262474936350728,1,0,4,27.23264302396825,0,1,0,0,1,0,0,0,0,1,0,0,0,1,1,0,0,0
3296,1,3,37.475091617609365,1,0,4,52.58472055731129,0,0,0,0,0,1,0,1,0,0,0,1,0,0,0,0,0,1
3297,1,5,0.7806694488890265,1,0,4,77.2239430611771,1,1,0,0,0,1,0,0,0,1,0,0,1,0,0,0,0,1
3298,1,3,69.3683814971205,1,1,4,76.75031082404543,0,1,0,0,1,0,1,0,0,0,0,0,0,1,0,1,0,0
3299,0,2,32.26681375097192,1,1,5,65.38201661137455,0,1,0,1,0,0,0,1,0,0,0,0,1,0,0,0,1,0
3300,1,1,57.15889152967192,1,0,4,7.878769593336498,1,0,0,0,1,0,0,0,0,1,0,0,0,1,0,0,0,1
3301,1,2,95.67276279144629,0,0,3,5.064386027572398,1,0,0,0,1,0,0,0,0,1,1,0,0,0,0,0,0,1
3302,0,5,29.9466712947585,0,1,3,38.844531004941395,1,1,1,0,0,0,1,0,0,0,1,0,0,0,1,0,0,0
3303,0,3,99.02378840873183,0,1,1,2.6687426479218956,1,0,1,0,0,0,0,0,1,0,0,0,0,1,1,0,0,0
3304,1,2,63.27283860075664,0,1,2,90.41443318547523,1,1,0,0,1,0,0,0,1,0,0,0,1,0,1,0,0,0
3305,0,2,24.208866628550496,0,1,3,2.0144664754724206,1,1,0,0,1,0,0,1,0,0,0,0,0,1,0,0,0,1
3306,1,5,43.67778830212578,1,0,1,2.9612862141981555,1,0,1,0,0,0,1,0,0,0,1,0,0,0,0,0,1,0
3307,0,1,74.04531223835897,0,0,5,16.532737837146026,1,0,0,0,0,1,1,0,0,0,0,0,0,1,0,0,0,1
3308,0,2,44.64779076830813,0,1,2,62.70151315855603,0,0,0,0,1,0,0,0,1,0,1,0,0,0,0,0,0,1
3309,1,5,6.8507567341552384,1,1,4,54.15541405863561,0,0,0,1,0,0,0,0,1,0,1,0,0,0,0,0,1,0
3310,0,1,16.860366138254236,0,1,4,65.9487136555351,0,0,0,1,0,0,0,1,0,0,0,1,0,0,0,0,0,1
3311,0,1,79.12977457839455,1,1,5,89.35551411080014,0,0,0,1,0,0,0,0,1,0,0,0,1,0,0,0,0,1
3312,0,3,64.83730757180614,1,0,2,45.49456508116988,0,1,0,0,1,0,0,1,0,0,0,0,0,1,0,0,1,0
3313,0,5,56.98254773321337,0,1,3,4.387597588049841,1,1,0,0,0,1,0,0,0,1,0,0,1,0,0,0,0,1
3314,0,1,16.76219707554013,0,1,2,76.34966252114577,1,0,0,0,0,1,0,1,0,0,0,0,1,0,0,1,0,0
3315,0,3,83.77574453503394,1,0,1,81.19644627737702,1,1,1,0,0,0,0,1,0,0,1,0,0,0,0,1,0,0
3316,1,4,96.07401095862501,1,1,5,4.988835988656581,0,0,0,0,1,0,0,1,0,0,1,0,0,0,1,0,0,0
3317,1,5,4.088709749066954,0,0,3,24.284929363747388,0,0,0,0,0,1,0,0,0,1,0,0,0,1,0,0,0,1
3318,0,4,7.803187065385531,1,0,2,77.0596799331734,1,1,0,0,1,0,0,0,1,0,0,0,0,1,0,0,1,0
3319,1,1,88.47245033145647,0,0,2,37.615523854631185,1,0,1,0,0,0,0,1,0,0,0,0,0,1,0,0,1,0
3320,1,5,81.55522540321283,0,1,3,47.2651398464419,0,1,1,0,0,0,0,0,1,0,1,0,0,0,0,1,0,0
3321,1,3,61.793445551129366,0,0,1,82.31757424782154,0,0,1,0,0,0,0,1,0,0,0,1,0,0,1,0,0,0
3322,0,1,94.4965208986138,0,1,1,9.46195384091425,1,0,0,1,0,0,0,0,1,0,0,0,0,1,0,0,0,1
3323,1,5,64.64305779920032,1,1,2,67.72843244653043,0,1,0,0,1,0,0,1,0,0,1,0,0,0,0,0,1,0
3324,0,5,21.59852757295033,1,0,4,21.49843867509992,0,0,1,0,0,0,0,0,1,0,0,1,0,0,0,0,1,0
3325,1,4,72.86423237169002,0,0,3,6.2651431076516495,1,1,0,0,1,0,1,0,0,0,0,0,1,0,0,0,0,1
3326,0,1,64.57103447456373,0,0,1,66.24978455910615,1,0,0,1,0,0,0,0,0,1,1,0,0,0,1,0,0,0
3327,0,3,98.57447020100294,1,1,1,12.14122529731223,0,1,0,1,0,0,0,1,0,0,0,0,0,1,0,1,0,0
3328,1,3,21.389573637479174,1,1,1,74.70072588025167,1,0,1,0,0,0,0,0,0,1,0,0,0,1,0,0,0,1
3329,1,1,59.7884936362599,1,0,5,20.270539125521726,1,0,1,0,0,0,0,1,0,0,0,1,0,0,0,0,0,1
3330,0,1,78.01675222251225,1,1,4,4.851202035785207,0,1,0,0,0,1,1,0,0,0,0,1,0,0,0,0,0,1
3331,1,2,33.89830893381708,1,0,1,9.929746499248559,0,0,0,0,1,0,1,0,0,0,1,0,0,0,0,1,0,0
3332,1,4,37.96795830982377,0,1,4,84.12702487459069,1,1,1,0,0,0,0,0,0,1,0,1,0,0,0,0,1,0
3333,1,1,88.79018383283207,0,1,2,37.09682163402742,0,1,0,0,0,1,0,1,0,0,1,0,0,0,0,0,0,1
3334,0,1,40.419487960888134,0,1,2,30.22666413674179,1,0,0,0,1,0,0,0,1,0,0,1,0,0,0,0,0,1
3335,0,2,62.473285189561444,0,1,5,49.11988197125265,1,1,1,0,0,0,0,1,0,0,0,0,1,0,0,0,0,1
3336,1,2,88.92381375268256,1,0,4,63.29325688500843,0,0,0,0,0,1,0,0,1,0,0,0,0,1,0,0,0,1
3337,1,5,20.982658309056134,1,0,3,3.7102245313097026,1,0,0,0,0,1,0,0,0,1,0,0,0,1,1,0,0,0
3338,1,3,98.18772963526058,0,0,5,89.81885134505315,0,0,0,0,1,0,0,0,0,1,0,0,1,0,1,0,0,0
3339,0,4,70.19535339703258,0,1,1,95.8481364820397,0,1,0,0,0,1,1,0,0,0,0,0,0,1,1,0,0,0
3340,0,5,49.61216941414448,1,1,2,41.73068161548692,0,0,0,0,1,0,0,0,1,0,0,0,0,1,0,0,1,0
3341,1,1,43.09205643509977,0,0,2,41.26289025154567,0,1,0,0,1,0,0,1,0,0,0,0,0,1,0,0,0,1
3342,1,2,95.43646155515046,0,0,3,87.85599212644715,1,0,0,0,1,0,1,0,0,0,0,0,0,1,0,0,0,1
3343,1,3,20.572482752966636,1,0,5,42.931179813744755,1,0,0,1,0,0,0,0,0,1,0,0,1,0,0,0,0,1
3344,1,5,31.168325684596134,1,1,4,85.61899348114633,1,0,0,0,0,1,1,0,0,0,1,0,0,0,0,0,0,1
3345,1,3,30.779275554792473,1,0,2,2.833694448938806,0,0,0,0,1,0,0,1,0,0,0,0,0,1,0,1,0,0
3346,1,2,28.900633473446348,0,0,1,48.96506087679649,1,0,1,0,0,0,0,1,0,0,0,0,1,0,0,1,0,0
3347,0,5,46.85380452156892,1,0,3,95.24290447723615,1,1,0,1,0,0,0,0,0,1,0,0,0,1,0,1,0,0
3348,1,5,98.91792332678332,1,0,3,25.28046587306726,0,0,0,1,0,0,1,0,0,0,0,0,1,0,0,0,0,1
3349,0,3,88.87867667162173,0,0,3,26.615482045243144,0,0,0,0,0,1,0,0,1,0,0,0,1,0,0,1,0,0
3350,1,2,32.794956832148614,1,0,1,63.01229887126274,1,0,0,0,1,0,0,0,1,0,1,0,0,0,0,1,0,0
3351,1,1,42.287011573013764,0,0,3,92.61908833209671,1,1,0,0,0,1,0,0,1,0,0,1,0,0,0,0,1,0
3352,0,5,66.94807463859314,0,0,4,19.874224128964315,0,1,0,1,0,0,0,1,0,0,1,0,0,0,0,0,1,0
3353,0,1,1.7151680696614102,0,0,4,92.16510258507805,0,0,0,0,1,0,1,0,0,0,1,0,0,0,0,1,0,0
3354,0,2,82.01536586856479,0,1,5,66.30037441148806,0,1,1,0,0,0,0,0,1,0,0,0,0,1,0,1,0,0
3355,0,5,87.97980573119195,1,0,5,99.3047314261054,1,0,0,0,1,0,1,0,0,0,0,0,1,0,0,0,1,0
3356,1,5,85.7200334324534,0,0,4,73.64588464526308,1,0,0,1,0,0,0,0,0,1,0,1,0,0,0,1,0,0
3357,0,1,37.50543868855362,1,0,1,66.78005407173056,0,0,1,0,0,0,0,0,1,0,0,0,1,0,0,0,0,1
3358,1,4,46.19995073642082,1,1,5,81.49031719599662,0,1,0,0,1,0,1,0,0,0,0,0,0,1,0,1,0,0
3359,0,1,1.2388321903755828,1,1,3,17.51403192902925,1,0,1,0,0,0,0,1,0,0,0,0,1,0,0,0,0,1
3360,1,1,39.939534804355084,1,0,4,94.59856130333498,0,1,1,0,0,0,0,0,0,1,0,0,0,1,0,1,0,0
3361,1,4,46.04268223666015,1,1,2,16.559550877606256,0,0,0,1,0,0,0,0,0,1,1,0,0,0,1,0,0,0
3362,1,2,90.69742930684787,0,1,1,2.5670369896454215,0,0,1,0,0,0,0,0,0,1,1,0,0,0,0,1,0,0
3363,1,2,89.39876737572474,1,0,1,69.78568411977422,1,0,0,0,0,1,0,0,0,1,0,0,0,1,1,0,0,0
3364,1,5,96.60970640879096,0,1,4,18.45954261288336,1,0,0,1,0,0,0,1,0,0,1,0,0,0,0,1,0,0
3365,1,3,88.51049850905204,0,1,2,75.87531796318846,0,1,0,0,0,1,0,1,0,0,0,0,1,0,0,1,0,0
3366,0,3,0.8200709427645614,0,0,1,79.50389779823774,1,0,1,0,0,0,0,0,1,0,0,1,0,0,0,0,0,1
3367,1,5,64.14608523322197,1,0,5,23.669924065539316,0,0,0,0,0,1,0,1,0,0,0,1,0,0,0,0,1,0
3368,0,3,6.823768310304079,1,1,2,8.672033057521134,1,0,0,0,1,0,0,1,0,0,0,0,1,0,0,0,1,0
3369,0,1,27.25942863799854,1,0,3,50.08209662787998,1,0,1,0,0,0,0,0,0,1,0,1,0,0,0,0,0,1
3370,1,1,57.830762947058034,1,0,5,89.02185105682909,0,0,0,0,1,0,0,1,0,0,0,0,1,0,0,0,1,0
3371,0,4,70.0613818407539,0,0,2,84.72911010293791,0,0,0,0,0,1,0,0,0,1,0,0,0,1,1,0,0,0
3372,1,4,65.46320259170952,1,1,4,11.708245650026882,1,1,0,0,1,0,1,0,0,0,0,1,0,0,1,0,0,0
3373,0,5,4.905836740864322,1,0,1,96.47832645185287,1,0,1,0,0,0,1,0,0,0,0,0,0,1,0,1,0,0
3374,1,5,10.360386956955203,0,1,5,26.394919538736804,0,1,0,0,1,0,1,0,0,0,0,0,0,1,1,0,0,0
3375,0,5,12.858681293127338,0,1,4,34.93911770230406,0,1,0,0,0,1,1,0,0,0,0,0,1,0,0,0,1,0
3376,1,1,9.141437676969112,0,0,2,14.905024307213132,0,0,0,0,0,1,1,0,0,0,0,1,0,0,1,0,0,0
3377,1,3,17.823442326932227,0,1,3,37.7802965542646,0,0,0,0,0,1,1,0,0,0,1,0,0,0,0,1,0,0
3378,1,5,68.84877913115594,0,0,1,63.564110631968,0,1,1,0,0,0,1,0,0,0,1,0,0,0,1,0,0,0
3379,1,5,83.08372511591529,0,0,1,50.60782601178351,1,0,0,0,0,1,0,0,0,1,1,0,0,0,0,0,1,0
3380,0,1,40.88138900734103,0,0,5,82.7539485062785,0,0,1,0,0,0,0,0,0,1,1,0,0,0,0,0,0,1
3381,1,1,69.27815064283436,1,0,4,64.13008112568218,0,0,0,0,1,0,0,0,0,1,0,0,1,0,0,1,0,0
3382,0,1,20.00162612658265,1,0,2,26.354447144930425,0,0,0,0,0,1,0,0,0,1,0,0,0,1,0,0,0,1
3383,0,3,97.32801516334081,0,1,2,55.74380316168327,1,0,0,0,1,0,0,1,0,0,0,1,0,0,1,0,0,0
3384,0,5,34.99975228576183,0,1,4,6.419112588820964,1,0,0,1,0,0,0,1,0,0,0,0,1,0,0,1,0,0
3385,1,2,84.58669062048351,1,0,1,58.079056074446115,1,1,0,0,1,0,0,0,1,0,1,0,0,0,0,1,0,0
3386,0,2,94.53663726293871,0,1,4,38.96638295404685,0,1,0,1,0,0,0,1,0,0,0,1,0,0,1,0,0,0
3387,0,5,86.47139628753023,0,1,2,9.839849205582762,0,0,0,0,1,0,0,0,0,1,0,0,1,0,0,1,0,0
3388,0,5,6.7067651540288935,0,1,4,30.746395299078166,1,0,1,0,0,0,0,0,0,1,0,0,0,1,1,0,0,0
3389,1,5,65.0307157307256,0,1,1,89.80869926009849,1,1,0,0,1,0,1,0,0,0,1,0,0,0,0,0,0,1
3390,1,5,12.00907065715512,0,0,5,58.60379474301891,0,0,1,0,0,0,1,0,0,0,0,1,0,0,0,0,0,1
3391,0,3,0.5663000525796713,1,0,1,90.32648489430511,1,1,1,0,0,0,0,0,1,0,0,1,0,0,0,0,1,0
3392,1,2,5.178344394306745,0,0,3,41.08039869745676,1,1,0,0,0,1,0,1,0,0,1,0,0,0,0,0,1,0
3393,1,4,91.61491964470572,0,1,3,97.8908599390088,0,0,1,0,0,0,0,0,0,1,0,0,0,1,1,0,0,0
3394,0,2,90.84635142603938,0,1,4,36.00190534981904,1,0,0,1,0,0,0,1,0,0,1,0,0,0,1,0,0,0
3395,0,2,22.58243877640338,1,0,1,75.68046151455093,0,0,0,0,0,1,0,0,1,0,0,0,0,1,0,0,0,1
3396,1,1,54.706121479862624,1,0,1,30.540308348005684,1,0,0,0,0,1,1,0,0,0,0,1,0,0,0,1,0,0
3397,0,5,95.50282622659262,0,1,2,10.59905484499587,1,1,0,0,1,0,0,0,0,1,1,0,0,0,1,0,0,0
3398,1,5,49.670612969676256,0,0,5,83.30565967356205,0,0,1,0,0,0,1,0,0,0,0,0,0,1,0,1,0,0
3399,1,5,39.35778201457579,0,1,1,76.25815268701596,1,0,1,0,0,0,0,0,0,1,0,0,0,1,0,0,1,0
3400,1,1,48.324869404462454,0,0,4,82.06290338183034,0,1,0,1,0,0,1,0,0,0,0,0,1,0,0,0,0,1
3401,1,3,79.02157615519442,1,0,2,29.9694531685612,1,0,0,0,1,0,1,0,0,0,0,0,0,1,1,0,0,0
3402,1,3,47.72776325332353,1,1,2,70.36616256009704,1,0,0,0,1,0,0,0,1,0,1,0,0,0,0,0,1,0
3403,1,4,78.32776812823695,0,0,4,21.992284774856497,0,0,0,0,0,1,0,1,0,0,1,0,0,0,1,0,0,0
3404,0,3,43.16974456409329,0,0,4,1.1311536261484623,0,1,0,0,0,1,1,0,0,0,0,0,0,1,0,0,1,0
3405,0,3,25.200567121138285,1,0,1,86.6488775635668,1,0,0,0,0,1,0,0,0,1,1,0,0,0,0,0,0,1
3406,1,5,32.647272981862066,1,0,1,52.3525487055993,0,0,0,1,0,0,0,1,0,0,0,1,0,0,1,0,0,0
3407,1,2,7.782346463716594,0,0,2,98.36533374820884,0,0,0,1,0,0,0,1,0,0,0,1,0,0,1,0,0,0
3408,1,3,49.73811444092764,0,0,2,38.50356949037468,0,0,0,0,0,1,1,0,0,0,1,0,0,0,0,1,0,0
3409,0,3,14.8110924889023,0,1,5,95.68730069894703,0,0,0,0,1,0,1,0,0,0,0,0,0,1,0,1,0,0
3410,1,1,81.15470063347328,1,1,2,61.50572634725594,1,0,0,1,0,0,1,0,0,0,0,1,0,0,1,0,0,0
3411,0,4,42.059057415689416,1,1,4,51.22050718368634,1,0,0,0,1,0,0,1,0,0,0,0,0,1,0,0,0,1
3412,1,1,76.5002323991723,1,1,4,30.28096031797474,0,0,0,0,1,0,0,0,1,0,1,0,0,0,0,1,0,0
3413,1,5,95.44604275386335,1,1,5,82.52763412727408,1,0,1,0,0,0,1,0,0,0,0,0,1,0,1,0,0,0
3414,0,2,84.9477949713236,0,0,3,82.87947463711231,1,0,0,0,0,1,0,1,0,0,0,1,0,0,1,0,0,0
3415,0,4,95.14636797458196,1,0,3,41.692953220351136,1,1,1,0,0,0,0,1,0,0,1,0,0,0,0,0,1,0
3416,1,1,56.79365268707303,1,1,4,72.72931419439783,1,1,0,0,0,1,0,0,0,1,0,1,0,0,0,0,0,1
3417,1,3,16.532443398054188,1,0,3,44.723793577827195,1,1,0,0,0,1,1,0,0,0,0,0,0,1,0,1,0,0
3418,1,3,93.53959541837006,0,0,3,73.96592944666763,1,0,0,0,1,0,0,0,1,0,0,0,1,0,0,1,0,0
3419,0,4,86.85043905967709,1,0,5,99.4190156718625,0,1,0,0,0,1,0,0,0,1,0,0,1,0,0,0,1,0
3420,0,3,86.44129910669285,1,0,2,26.249631376411166,1,0,0,0,1,0,1,0,0,0,1,0,0,0,1,0,0,0
3421,0,1,69.32744274087185,1,0,2,63.4052457179731,1,1,0,0,1,0,0,0,0,1,0,1,0,0,0,1,0,0
3422,0,1,62.49162621860794,0,1,3,37.98779651065634,0,1,0,0,0,1,1,0,0,0,0,0,1,0,1,0,0,0
3423,0,3,1.4723891861331495,1,1,1,54.83715636485032,0,0,0,0,1,0,0,0,0,1,0,1,0,0,0,1,0,0
3424,0,3,74.80540690881162,0,0,5,87.41472802966624,1,0,0,0,1,0,0,0,1,0,0,0,0,1,0,1,0,0
3425,1,5,9.153511748280573,0,1,3,34.75758694446548,1,0,0,0,1,0,0,0,0,1,0,0,0,1,1,0,0,0
3426,1,2,25.97509361025758,1,1,1,7.238830214123637,1,0,0,1,0,0,0,0,0,1,1,0,0,0,1,0,0,0
3427,0,4,55.149029535133685,0,1,1,79.8937185242959,1,0,0,0,1,0,0,0,0,1,0,0,1,0,0,1,0,0
3428,1,1,45.17325848760416,1,1,5,55.50248552032346,0,0,0,1,0,0,1,0,0,0,0,0,1,0,0,0,1,0
3429,1,4,1.5774389771445962,0,0,2,44.940094714206694,0,0,0,1,0,0,1,0,0,0,0,1,0,0,0,0,1,0
3430,0,5,82.39850584517123,0,1,4,18.333304689592754,0,0,0,0,1,0,0,0,1,0,0,0,0,1,0,0,1,0
3431,1,1,87.88009580859264,1,0,1,9.285273170458453,0,1,0,0,1,0,0,0,0,1,0,0,1,0,0,0,1,0
3432,0,5,68.18729434967669,1,1,4,27.873555962455367,0,0,0,1,0,0,0,1,0,0,1,0,0,0,0,0,1,0
3433,0,5,54.10678586568224,0,1,4,71.8904263347552,0,0,0,1,0,0,0,0,0,1,1,0,0,0,1,0,0,0
3434,1,3,96.07378388994714,0,0,5,41.17709286401636,1,0,0,0,1,0,0,1,0,0,0,0,1,0,0,1,0,0
3435,0,4,11.995620774819194,0,0,2,57.02275873856214,1,1,0,0,1,0,0,1,0,0,1,0,0,0,0,0,1,0
3436,0,4,73.79100536649891,0,1,5,8.204555366298083,1,0,0,0,0,1,0,0,0,1,0,0,1,0,0,0,0,1
3437,0,3,12.836061289519785,1,1,1,12.324304352941995,0,0,0,1,0,0,0,1,0,0,0,0,1,0,0,1,0,0
3438,0,4,38.18447989234157,0,0,2,1.1305830893589386,1,1,0,1,0,0,0,1,0,0,0,0,1,0,0,0,0,1
3439,0,3,58.548450917097874,0,1,3,67.32844505490651,0,0,0,0,0,1,0,0,0,1,0,0,1,0,1,0,0,0
3440,0,1,73.70876905043524,1,0,2,26.445452248842006,0,1,0,1,0,0,1,0,0,0,0,1,0,0,0,1,0,0
3441,0,5,0.3716100271983991,0,0,5,96.69265858331619,1,0,1,0,0,0,0,0,0,1,0,0,1,0,1,0,0,0
3442,0,5,26.05978863717762,1,0,5,30.84558103271955,1,0,0,1,0,0,0,0,1,0,1,0,0,0,0,0,0,1
3443,1,4,53.82003914098203,1,1,4,36.361803886601116,1,0,0,0,0,1,0,1,0,0,0,0,0,1,0,1,0,0
3444,1,2,53.2873679161507,1,0,3,46.94898314477096,1,0,1,0,0,0,0,0,1,0,0,1,0,0,0,1,0,0
3445,1,5,63.7626434946264,0,0,2,31.91407487921929,0,0,0,0,1,0,0,1,0,0,0,0,0,1,1,0,0,0
3446,0,3,30.385358086822244,1,1,3,81.74432218771624,1,1,0,0,0,1,1,0,0,0,0,0,0,1,0,1,0,0
3447,0,2,54.05292510889357,1,0,4,87.62068099979827,0,1,0,0,0,1,0,1,0,0,0,0,0,1,0,0,0,1
3448,1,2,18.978677743457638,1,1,3,1.1036079208309513,0,1,0,0,1,0,0,0,0,1,0,0,0,1,1,0,0,0
3449,1,5,18.687221440345546,0,1,3,65.46616285613827,1,0,0,0,0,1,0,1,0,0,0,0,0,1,0,0,0,1
3450,1,5,57.656396342260685,0,0,2,68.60882798989822,0,0,0,1,0,0,0,0,1,0,1,0,0,0,0,1,0,0
3451,0,5,68.5472585045341,0,1,3,96.14248765980811,1,1,0,0,1,0,0,0,0,1,0,0,1,0,0,0,0,1
3452,1,3,12.039996668128794,0,1,4,37.03991972679867,0,1,0,0,0,1,0,0,1,0,1,0,0,0,0,1,0,0
3453,1,2,12.278990190422334,1,1,1,19.527996834769212,0,1,0,0,1,0,1,0,0,0,0,1,0,0,0,0,0,1
3454,0,4,56.53026914604504,1,0,1,52.05810695421839,0,1,0,0,1,0,0,0,1,0,1,0,0,0,0,0,0,1
3455,1,3,27.009575228364557,1,0,5,44.755568457839004,1,1,0,0,1,0,0,0,1,0,0,1,0,0,0,0,1,0
3456,0,1,39.23991022411144,0,0,1,79.17314656040575,1,0,1,0,0,0,0,0,1,0,0,0,1,0,0,1,0,0
3457,0,5,40.07484476475779,1,1,2,90.39754412355404,1,0,0,0,0,1,0,0,0,1,0,0,0,1,0,0,1,0
3458,0,2,17.85528592849164,0,0,5,8.670802763642993,1,0,1,0,0,0,1,0,0,0,0,0,1,0,0,0,1,0
3459,1,3,0.1314633430626433,0,0,1,84.65794786489087,0,1,0,0,0,1,1,0,0,0,1,0,0,0,1,0,0,0
3460,1,1,85.31518099690074,0,1,1,90.89708782214917,1,0,0,1,0,0,1,0,0,0,1,0,0,0,1,0,0,0
3461,0,3,71.50019688976883,1,0,5,92.41358782643574,0,1,0,1,0,0,0,0,1,0,0,0,1,0,0,0,0,1
3462,1,3,69.05385581155656,1,1,2,76.43098588512048,1,1,0,1,0,0,0,0,0,1,0,0,1,0,0,1,0,0
3463,1,4,54.65051381133197,0,0,5,74.2082560904078,0,1,0,0,0,1,0,0,0,1,1,0,0,0,1,0,0,0
3464,1,4,70.09696545781205,1,1,2,1.4896775002422924,0,0,0,0,1,0,0,0,0,1,0,0,1,0,0,0,1,0
3465,1,3,93.56883775476258,0,1,2,92.01916224898284,0,0,0,0,1,0,0,0,1,0,0,1,0,0,0,1,0,0
3466,0,1,66.56737362292911,1,1,4,35.15052138087766,0,0,1,0,0,0,1,0,0,0,0,1,0,0,0,0,0,1
3467,1,2,26.509140192744994,0,1,1,4.1121896617392295,0,1,1,0,0,0,0,0,1,0,1,0,0,0,0,0,0,1
3468,0,2,57.0560051740898,0,0,1,41.29793101065179,0,1,0,1,0,0,0,0,0,1,1,0,0,0,1,0,0,0
3469,0,5,44.23244033662102,0,1,3,73.28526332705493,1,1,1,0,0,0,0,0,1,0,0,0,1,0,1,0,0,0
3470,1,5,55.64191311121495,1,1,5,44.195520162509624,0,1,0,0,0,1,0,1,0,0,0,0,1,0,1,0,0,0
3471,0,2,51.7610477412825,1,1,4,75.80110894721658,1,0,0,0,0,1,1,0,0,0,0,0,0,1,0,0,0,1
3472,1,3,85.87752852284649,1,1,1,50.94094269112358,1,0,1,0,0,0,1,0,0,0,0,1,0,0,0,0,1,0
3473,1,3,65.18001033810671,1,1,3,29.942714812695204,1,0,1,0,0,0,0,0,0,1,1,0,0,0,1,0,0,0
3474,0,4,18.875847793410394,1,1,4,20.291234415353266,0,1,1,0,0,0,0,0,1,0,1,0,0,0,0,0,0,1
3475,0,4,6.301677887537083,0,0,2,42.11032953536923,0,0,1,0,0,0,0,0,0,1,1,0,0,0,0,1,0,0
3476,0,5,42.436378868134696,1,1,1,3.5803451713935175,0,0,0,1,0,0,0,0,1,0,1,0,0,0,0,0,0,1
3477,0,2,1.5610622257729245,0,0,5,42.25439049984073,0,1,0,1,0,0,0,1,0,0,0,0,0,1,0,1,0,0
3478,1,3,31.829738583333565,1,1,4,6.862009676462433,0,1,1,0,0,0,1,0,0,0,0,1,0,0,0,1,0,0
3479,1,2,36.802146943922565,1,1,3,87.70047077407988,1,1,0,0,0,1,1,0,0,0,0,0,0,1,0,0,1,0
3480,1,1,37.55888740099239,1,0,5,57.548103184751255,0,0,0,1,0,0,0,0,1,0,0,1,0,0,1,0,0,0
3481,0,2,97.93500243238927,0,1,2,64.60429629302597,1,0,0,0,0,1,1,0,0,0,1,0,0,0,0,1,0,0
3482,0,1,30.390087697246827,1,1,5,28.886399044361035,0,0,0,0,1,0,0,0,1,0,0,1,0,0,1,0,0,0
3483,0,4,26.522749537862122,0,0,3,22.582107649954565,0,1,0,0,0,1,0,0,0,1,1,0,0,0,0,0,0,1
3484,1,4,12.938093106754122,1,0,2,70.79052491734066,1,0,1,0,0,0,0,1,0,0,0,0,0,1,1,0,0,0
3485,0,5,51.10088356826128,0,0,3,67.15654830218243,1,1,0,0,1,0,0,0,1,0,0,1,0,0,0,0,0,1
3486,1,2,15.367430621362066,0,0,1,12.267845635396501,0,0,0,1,0,0,0,1,0,0,0,0,1,0,0,1,0,0
3487,0,2,61.62947127307845,0,1,3,23.864138310167082,0,0,0,1,0,0,0,0,0,1,0,1,0,0,0,0,1,0
3488,1,1,15.515977893834954,0,0,5,94.65757864702101,1,1,0,0,1,0,0,0,0,1,1,0,0,0,0,1,0,0
3489,1,4,57.66733177592012,1,0,1,30.41774255315478,0,0,0,0,0,1,0,0,0,1,0,0,1,0,0,0,0,1
3490,0,1,82.62692391746262,1,0,1,2.583151031938169,0,0,0,1,0,0,0,0,1,0,1,0,0,0,0,1,0,0
3491,0,4,4.252463351909263,0,1,4,6.378205082608179,0,0,1,0,0,0,0,1,0,0,0,0,1,0,0,0,1,0
3492,1,1,41.97469749182059,1,0,5,77.54947969499334,0,0,0,0,1,0,0,1,0,0,0,0,1,0,1,0,0,0
3493,1,4,46.10489672188355,0,1,5,75.71556845655051,0,0,1,0,0,0,1,0,0,0,0,1,0,0,0,0,0,1
3494,0,1,79.10721434781124,1,1,2,38.18272694338647,0,0,0,0,1,0,0,0,1,0,0,1,0,0,1,0,0,0
3495,0,4,46.79156319455442,1,1,3,15.320077644443952,1,1,0,1,0,0,1,0,0,0,0,0,1,0,0,0,1,0
3496,1,1,56.75357864563202,1,1,3,49.810521691824704,0,0,0,0,0,1,1,0,0,0,0,0,1,0,0,1,0,0
3497,0,2,79.12042535880711,0,0,5,33.18886552204653,1,0,0,0,1,0,0,0,1,0,0,0,1,0,0,0,1,0
3498,1,5,55.97584929292907,1,0,3,37.3968347897176,0,0,0,0,1,0,1,0,0,0,1,0,0,0,0,0,0,1
3499,1,1,35.82994135195824,0,1,5,26.09853540879632,1,0,1,0,0,0,1,0,0,0,0,1,0,0,0,0,0,1
3500,0,5,8.584227762058227,1,0,1,6.28579127094584,0,0,0,1,0,0,1,0,0,0,1,0,0,0,0,1,0,0
3501,0,2,72.99156295125776,0,0,3,79.11592768422004,1,0,1,0,0,0,0,0,0,1,0,1,0,0,0,0,0,1
3502,0,2,87.11381501621551,1,0,3,61.822082482985266,1,0,0,1,0,0,0,0,1,0,0,0,0,1,0,0,1,0
3503,0,4,97.0064537020164,0,0,5,83.4635123769588,0,0,1,0,0,0,0,0,0,1,1,0,0,0,0,0,0,1
3504,0,5,92.65998807715683,0,1,5,50.320197738359255,1,0,0,0,1,0,1,0,0,0,0,1,0,0,1,0,0,0
3505,1,3,79.74179088332487,0,0,2,98.49866391051034,1,1,1,0,0,0,1,0,0,0,0,0,1,0,0,0,1,0
3506,1,4,64.34719322457282,1,0,3,96.25249094046052,0,0,0,0,0,1,0,0,0,1,0,0,1,0,0,0,1,0
3507,0,5,78.14601458306385,0,1,4,27.17834870965422,0,0,0,1,0,0,1,0,0,0,0,1,0,0,0,0,0,1
3508,0,1,43.208371285206795,1,0,5,38.69769235345911,1,0,0,1,0,0,0,0,1,0,0,0,1,0,0,1,0,0
3509,0,1,59.477621479083496,0,0,4,75.27094129707595,0,0,0,0,1,0,0,1,0,0,0,0,1,0,0,1,0,0
3510,1,2,34.86998091391852,0,0,1,77.66034619777757,1,0,0,1,0,0,0,0,0,1,0,0,0,1,0,1,0,0
3511,0,3,32.670921498038275,0,1,1,91.06991362402236,0,1,0,0,0,1,0,1,0,0,0,0,0,1,0,0,0,1
3512,0,1,75.66917732760338,1,0,4,65.26338336022535,1,0,1,0,0,0,0,1,0,0,0,0,0,1,0,0,0,1
3513,1,5,45.393278230356174,1,0,1,47.5120976913207,1,0,0,0,1,0,0,1,0,0,1,0,0,0,0,0,0,1
3514,1,5,21.21612629310292,1,1,4,37.765154965465264,1,1,0,0,0,1,0,0,0,1,0,0,0,1,0,0,1,0
3515,0,1,20.19381619418659,1,0,2,41.91785513970223,1,0,0,1,0,0,1,0,0,0,0,0,0,1,0,0,1,0
3516,0,5,85.91723615699335,1,1,2,85.04051510573424,0,0,0,1,0,0,0,0,1,0,0,0,0,1,0,0,0,1
3517,0,5,67.77604943626712,1,1,1,98.00088436073946,1,0,0,0,0,1,1,0,0,0,0,1,0,0,0,1,0,0
3518,1,2,54.604607335811586,1,1,4,5.190918491996499,0,0,1,0,0,0,0,0,1,0,0,0,1,0,1,0,0,0
3519,0,3,40.09387359963594,0,0,4,58.02446630404406,0,0,1,0,0,0,1,0,0,0,0,1,0,0,0,1,0,0
3520,0,2,43.08173907871258,0,0,4,52.005397206100845,1,0,0,0,1,0,0,1,0,0,0,0,0,1,0,0,1,0
3521,0,3,5.743519419494381,1,0,1,37.61422748480503,1,1,0,1,0,0,0,1,0,0,1,0,0,0,0,0,1,0
3522,1,5,45.49101448678427,1,0,4,85.15764430261741,1,0,0,0,0,1,0,0,1,0,0,1,0,0,0,1,0,0
3523,1,3,79.54549106220819,1,0,5,57.57430168949209,1,0,1,0,0,0,0,0,0,1,0,0,0,1,0,1,0,0
3524,0,5,38.79864800953223,1,1,4,31.311606223352793,0,1,0,0,1,0,1,0,0,0,1,0,0,0,0,0,1,0
3525,0,5,38.35812525432579,1,1,5,44.41040383371002,1,1,0,1,0,0,0,1,0,0,1,0,0,0,0,0,1,0
3526,1,2,1.57165830192878,0,1,2,35.680355738388826,1,0,0,1,0,0,0,0,1,0,1,0,0,0,0,0,0,1
3527,1,2,45.78352625580686,1,1,5,43.00856077161117,0,0,0,0,1,0,1,0,0,0,0,0,1,0,1,0,0,0
3528,1,4,2.533765294796686,1,0,2,7.126579034395464,0,0,0,0,1,0,0,0,1,0,1,0,0,0,0,0,0,1
3529,1,1,57.03494280087611,1,1,1,11.19158162169217,1,1,1,0,0,0,0,0,0,1,0,0,0,1,0,0,0,1
3530,1,4,50.678338158231405,0,1,2,62.36916833036098,1,1,0,0,0,1,0,0,0,1,0,1,0,0,0,1,0,0
3531,1,4,84.00084989239988,0,0,2,68.40683773964385,1,0,0,1,0,0,1,0,0,0,0,1,0,0,0,1,0,0
3532,1,3,58.17806109257212,0,1,4,63.66204152669644,1,0,0,0,0,1,0,0,0,1,0,0,0,1,1,0,0,0
3533,1,5,32.342735532221525,0,0,3,76.30753973972058,1,1,0,1,0,0,1,0,0,0,0,0,1,0,0,0,0,1
3534,1,5,51.62310094169141,1,0,2,94.35340214777406,1,0,0,1,0,0,1,0,0,0,0,0,1,0,0,0,0,1
3535,0,5,69.97063557499187,0,0,5,86.06183068926552,1,1,0,0,0,1,0,0,0,1,1,0,0,0,0,0,1,0
3536,0,1,9.39637954103828,0,1,1,41.85095793712434,1,1,0,0,1,0,0,0,1,0,0,0,0,1,0,0,1,0
3537,0,3,62.107408847043374,0,1,5,21.754313692127536,1,1,1,0,0,0,0,0,1,0,1,0,0,0,1,0,0,0
3538,1,3,91.66262819779791,0,1,1,31.18522116012513,1,0,0,1,0,0,1,0,0,0,1,0,0,0,0,1,0,0
3539,0,5,29.91302956312444,0,1,5,58.77414879452921,0,1,0,0,1,0,0,1,0,0,0,0,0,1,0,0,1,0
3540,1,4,62.66250948764123,1,1,2,85.62083344575669,0,0,0,1,0,0,1,0,0,0,0,0,1,0,1,0,0,0
3541,1,1,82.13294503502435,0,1,3,70.17241235075471,1,0,1,0,0,0,0,0,1,0,0,0,1,0,0,0,0,1
3542,0,4,51.18063974386241,0,0,2,54.301310476906764,1,0,0,1,0,0,1,0,0,0,0,1,0,0,1,0,0,0
3543,1,2,71.79795340203849,0,0,4,60.18783595600345,1,0,1,0,0,0,0,0,1,0,0,0,0,1,1,0,0,0
3544,0,3,31.101033848926008,1,1,5,52.826121372830436,1,0,1,0,0,0,0,0,0,1,1,0,0,0,0,0,1,0
3545,0,3,30.605845292514477,1,1,3,97.16275113296298,1,1,0,1,0,0,1,0,0,0,0,0,0,1,0,0,1,0
3546,0,4,66.75840217985606,1,0,5,81.60914522555603,0,1,0,1,0,0,1,0,0,0,1,0,0,0,0,0,0,1
3547,1,1,70.54088739734838,1,0,4,78.12772154011486,1,1,1,0,0,0,0,0,0,1,0,1,0,0,0,0,0,1
3548,0,3,93.70096995121438,1,0,4,51.7328986863732,0,0,0,0,1,0,0,0,0,1,0,1,0,0,0,0,0,1
3549,1,4,22.483857471797453,1,1,4,33.18094575695413,1,0,0,0,0,1,0,1,0,0,0,1,0,0,1,0,0,0
3550,0,1,46.82175960879691,1,1,2,1.9514094337760524,1,1,1,0,0,0,0,0,0,1,0,1,0,0,1,0,0,0
3551,0,4,25.05134731638914,1,1,2,4.343002435971988,1,1,0,1,0,0,0,1,0,0,1,0,0,0,0,0,1,0
3552,0,1,8.00921608802454,0,0,3,3.0237925162444834,1,1,0,1,0,0,0,0,0,1,0,0,1,0,0,0,0,1
3553,1,5,40.32305279474877,0,1,4,98.04767667777253,1,0,0,0,1,0,0,0,1,0,1,0,0,0,0,0,1,0
3554,1,1,37.40807472882033,1,1,2,11.448233846789046,1,1,0,0,0,1,1,0,0,0,0,1,0,0,0,0,0,1
3555,1,2,27.04341199821879,0,1,1,14.211885297580807,1,1,1,0,0,0,0,0,0,1,0,0,1,0,0,0,0,1
3556,0,5,29.699489113941645,1,1,1,48.41499874581,1,0,1,0,0,0,0,0,1,0,0,0,0,1,0,0,1,0
3557,0,4,36.04118063512781,0,1,2,48.140116689315896,0,0,0,0,0,1,0,0,0,1,1,0,0,0,0,0,1,0
3558,1,5,98.88376327800935,0,1,3,91.99737672850691,1,1,1,0,0,0,1,0,0,0,0,0,0,1,0,0,1,0
3559,1,5,78.295776596728,1,0,5,7.353273167292307,1,0,0,0,0,1,0,0,0,1,0,1,0,0,0,0,0,1
3560,1,4,7.140120108690695,0,1,4,95.72391651566987,1,0,0,1,0,0,0,0,0,1,0,0,0,1,1,0,0,0
3561,1,4,87.24131764867018,1,0,2,21.63902383410089,1,0,0,0,0,1,1,0,0,0,0,0,1,0,0,0,1,0
3562,1,2,63.33033263986714,1,0,3,97.0153809304833,1,0,1,0,0,0,0,0,0,1,0,0,1,0,0,0,1,0
3563,1,4,89.05937601219091,0,0,5,54.13240988026158,0,0,0,0,0,1,1,0,0,0,0,0,1,0,1,0,0,0
3564,0,3,34.17096871302282,1,1,3,65.20127459310301,1,0,0,0,1,0,0,1,0,0,1,0,0,0,1,0,0,0
3565,1,3,46.451886481171876,0,1,5,31.572877266064726,0,0,0,1,0,0,0,0,0,1,0,0,0,1,0,1,0,0
3566,0,2,89.62270573081084,0,1,1,61.18239510995952,0,1,0,1,0,0,0,0,1,0,0,0,0,1,0,0,1,0
3567,0,1,27.25731359136815,1,1,5,71.08297798993978,1,0,0,0,0,1,0,0,0,1,0,0,0,1,0,1,0,0
3568,1,1,91.55008762454153,1,0,1,1.0370167292305554,0,0,1,0,0,0,1,0,0,0,0,1,0,0,0,1,0,0
3569,1,3,82.84997121442692,1,1,4,3.422842518170399,1,0,0,0,1,0,1,0,0,0,1,0,0,0,1,0,0,0
3570,0,4,98.05579409092934,1,0,2,98.64770119382993,0,1,0,1,0,0,0,0,1,0,1,0,0,0,0,0,0,1
3571,1,2,32.42575870163631,1,1,1,45.75571048928154,1,0,0,1,0,0,0,0,1,0,0,0,0,1,0,0,0,1
3572,1,1,23.57531800047834,0,1,3,93.58175254365545,0,0,1,0,0,0,1,0,0,0,1,0,0,0,1,0,0,0
3573,0,1,33.08668970457281,1,0,5,72.98976168166686,1,0,1,0,0,0,0,1,0,0,0,0,0,1,0,1,0,0
3574,0,5,95.46497959887353,0,0,3,37.29683079673853,0,1,0,0,1,0,0,1,0,0,0,0,0,1,0,1,0,0
3575,0,3,33.30732960529416,1,0,1,15.084200465852982,0,0,0,0,0,1,1,0,0,0,0,0,0,1,0,1,0,0
3576,1,4,56.521181995723815,0,1,3,97.81517330502119,1,0,1,0,0,0,0,1,0,0,0,0,1,0,0,1,0,0
3577,0,2,40.36792825865142,0,0,5,58.44962570983871,0,1,0,0,0,1,0,0,1,0,0,1,0,0,0,0,1,0
3578,1,1,39.62201444817809,0,0,2,19.23566233684999,0,0,0,0,1,0,0,1,0,0,1,0,0,0,0,1,0,0
3579,0,5,19.33786098790552,0,0,3,68.1652980294747,0,0,0,0,0,1,0,0,1,0,0,1,0,0,1,0,0,0
3580,0,3,53.707954079759,0,1,4,9.204850983033786,0,0,0,1,0,0,0,0,0,1,0,0,1,0,0,1,0,0
3581,0,3,84.94042549672068,1,0,5,86.80372797401596,1,0,0,0,0,1,0,0,1,0,1,0,0,0,0,1,0,0
3582,1,2,4.94850135538708,0,0,5,9.013734725533896,0,0,0,0,1,0,0,0,0,1,0,0,0,1,1,0,0,0
3583,1,1,88.92265936634216,1,1,4,23.619435829116895,1,0,0,0,1,0,0,0,1,0,0,1,0,0,0,1,0,0
3584,0,2,66.54729651372995,0,0,1,9.143080542737536,1,1,0,0,1,0,0,0,1,0,0,0,1,0,0,0,0,1
3585,0,2,61.673808057490284,1,0,4,10.37872168494658,0,0,0,0,0,1,0,1,0,0,1,0,0,0,1,0,0,0
3586,0,5,62.59002329239922,0,0,1,52.38341536591826,0,0,0,1,0,0,0,0,1,0,1,0,0,0,0,0,1,0
3587,1,3,29.626983595446944,0,1,2,68.69898025593922,1,1,1,0,0,0,1,0,0,0,0,1,0,0,0,0,1,0
3588,0,4,41.51445038682877,1,0,1,78.84817833459536,1,1,0,1,0,0,0,0,0,1,0,1,0,0,1,0,0,0
3589,1,3,79.92900059042147,1,0,2,69.50552896020935,1,0,0,0,0,1,0,0,0,1,1,0,0,0,0,0,1,0
3590,0,3,30.63810369362896,0,0,2,36.34898120360709,0,0,0,0,0,1,0,0,1,0,1,0,0,0,0,0,1,0
3591,0,5,47.00202095726967,0,0,4,55.72877870470532,0,0,1,0,0,0,1,0,0,0,0,0,1,0,0,0,1,0
3592,0,4,1.9632271387653333,1,0,2,92.76640744282307,0,1,0,0,0,1,0,0,1,0,0,0,0,1,1,0,0,0
3593,0,1,73.35583529355067,0,0,1,38.757661575405564,1,0,0,0,1,0,0,0,1,0,0,0,0,1,0,1,0,0
3594,0,4,41.770217667860564,0,0,3,25.24043690281237,0,0,0,0,1,0,0,1,0,0,0,0,1,0,0,0,1,0
3595,0,1,52.53587684736038,1,1,5,51.931935556092036,1,1,0,0,1,0,0,0,1,0,1,0,0,0,0,0,0,1
3596,1,4,11.468931781075863,0,1,5,29.7335211842098,1,0,0,0,1,0,0,0,1,0,0,1,0,0,0,1,0,0
3597,0,2,99.17142287874368,0,1,1,26.181705196187586,1,0,0,0,1,0,0,1,0,0,0,1,0,0,0,1,0,0
3598,1,4,30.246782698484598,1,0,3,77.88033012532631,1,0,0,0,0,1,0,1,0,0,1,0,0,0,0,0,1,0
3599,0,5,63.49896615964503,0,1,2,89.08358573975357,1,1,1,0,0,0,1,0,0,0,0,0,1,0,0,0,1,0
3600,0,1,58.12363448544654,1,0,1,50.23166827489517,0,1,1,0,0,0,0,1,0,0,1,0,0,0,0,1,0,0
3601,1,3,78.50922039249903,1,0,2,77.97828819673583,1,0,0,0,1,0,0,0,0,1,0,1,0,0,0,0,1,0
3602,0,5,29.383695562196056,0,0,4,18.708942619724123,0,0,0,0,0,1,0,0,0,1,1,0,0,0,1,0,0,0
3603,1,1,75.59273449972372,0,1,3,54.76430130358479,1,1,0,1,0,0,1,0,0,0,1,0,0,0,1,0,0,0
3604,1,1,38.25017306857343,1,1,5,63.61999427056659,0,1,0,1,0,0,0,0,1,0,0,0,1,0,0,0,1,0
3605,0,3,41.11609658463491,1,0,1,49.066416781677205,0,0,0,0,0,1,1,0,0,0,0,0,0,1,0,1,0,0
3606,1,2,67.27125264867702,0,0,5,11.688021634819624,1,0,0,0,1,0,0,1,0,0,0,1,0,0,0,0,1,0
3607,1,5,78.42857717404688,1,1,2,73.41002318190773,0,1,1,0,0,0,0,0,1,0,0,1,0,0,0,0,0,1
3608,0,3,66.68666361205591,0,1,2,83.90781771894993,0,0,0,0,0,1,1,0,0,0,1,0,0,0,1,0,0,0
3609,1,3,89.98795205711521,1,1,4,63.52262549814589,1,0,0,1,0,0,1,0,0,0,0,1,0,0,0,1,0,0
3610,0,2,28.515902951006733,1,1,2,16.916100161682735,1,0,0,1,0,0,0,0,0,1,0,1,0,0,0,0,0,1
3611,0,5,90.06167321019494,1,1,2,7.455243984854299,1,1,0,1,0,0,1,0,0,0,0,0,0,1,0,0,1,0
3612,0,3,13.08635259433787,0,1,5,30.16039081744789,0,0,0,0,1,0,0,0,1,0,0,1,0,0,1,0,0,0
3613,0,2,65.95303190299806,1,1,5,3.699011185041945,0,0,0,1,0,0,1,0,0,0,0,1,0,0,0,0,0,1
3614,1,5,54.76306513801775,1,0,1,83.92190104529338,0,1,0,0,0,1,1,0,0,0,0,0,1,0,0,1,0,0
3615,0,4,49.46359404155894,1,0,1,70.30604400702092,1,0,0,0,0,1,0,1,0,0,0,0,1,0,1,0,0,0
3616,0,1,31.09120288621783,1,1,2,56.36886610006293,0,0,0,1,0,0,1,0,0,0,0,0,1,0,0,0,1,0
3617,1,2,50.37327453082342,0,1,3,88.96325034837318,1,0,0,0,0,1,0,0,1,0,0,0,1,0,0,0,1,0
3618,0,1,16.177335638470325,1,0,1,11.00934997700711,1,0,0,1,0,0,0,0,0,1,0,0,1,0,1,0,0,0
3619,0,4,36.93209442116756,0,1,2,71.44597498760332,0,0,0,1,0,0,0,0,0,1,0,0,0,1,0,0,0,1
3620,1,3,9.86809174838774,1,0,5,14.663220693317502,0,0,1,0,0,0,0,0,0,1,0,1,0,0,1,0,0,0
3621,1,3,57.184659978631956,1,0,4,6.092542676868485,1,0,0,0,1,0,0,0,0,1,1,0,0,0,1,0,0,0
3622,1,5,9.576788619962695,0,1,5,13.290450737136549,1,0,0,0,1,0,0,1,0,0,0,0,0,1,1,0,0,0
3623,1,2,16.03446439051657,0,0,5,95.09400907086179,0,1,1,0,0,0,0,0,1,0,1,0,0,0,0,0,0,1
3624,1,2,8.54668014874813,1,1,4,44.043338465803906,1,1,1,0,0,0,0,1,0,0,0,0,1,0,1,0,0,0
3625,1,5,38.13106399520779,1,1,5,4.899569622283528,1,0,0,0,1,0,0,0,0,1,0,1,0,0,0,1,0,0
3626,1,1,84.19584544183485,1,0,1,58.36346482548337,0,1,0,1,0,0,0,1,0,0,0,0,1,0,0,0,1,0
3627,0,3,90.68963916338278,0,0,5,19.97140661325645,1,1,0,1,0,0,1,0,0,0,0,0,0,1,0,0,0,1
3628,1,3,7.188945460001339,1,0,4,0.683641025976689,0,0,0,0,1,0,0,0,1,0,1,0,0,0,0,1,0,0
3629,1,2,63.4550140861627,0,1,2,75.83857944440095,0,1,0,1,0,0,1,0,0,0,0,1,0,0,1,0,0,0
3630,1,2,68.43854245920734,1,1,2,15.486307891986417,0,0,1,0,0,0,0,1,0,0,0,0,0,1,0,1,0,0
3631,0,5,53.37699424320241,0,1,2,94.24864723598762,1,1,0,1,0,0,1,0,0,0,0,0,0,1,0,0,0,1
3632,0,4,66.6984861469546,0,1,4,59.279986878657276,0,1,0,1,0,0,0,1,0,0,0,1,0,0,0,0,1,0
3633,1,1,23.369071544309527,0,1,4,8.699582254064019,0,1,0,0,0,1,0,1,0,0,0,1,0,0,0,0,0,1
3634,1,4,48.964421181901606,1,1,1,21.78244286721628,0,0,0,0,0,1,0,0,1,0,0,0,0,1,1,0,0,0
3635,1,4,39.08758490358285,1,1,4,61.084463725984406,0,0,0,0,0,1,0,0,1,0,1,0,0,0,1,0,0,0
3636,0,2,8.970795143963105,0,0,2,33.81127280484769,0,0,0,1,0,0,0,0,1,0,1,0,0,0,0,0,1,0
3637,0,2,62.555643972248895,0,1,4,53.2143051049093,0,0,0,0,1,0,0,0,0,1,0,0,0,1,0,0,0,1
3638,1,2,49.52151926715462,0,0,3,79.95120465963701,1,0,1,0,0,0,0,0,1,0,0,0,0,1,0,0,0,1
3639,0,4,27.51740269025832,1,0,5,79.26015082375531,1,0,0,1,0,0,1,0,0,0,0,0,1,0,0,0,0,1
3640,1,1,47.368526040337144,1,1,1,69.79868039830627,1,1,0,0,1,0,0,0,1,0,0,0,1,0,0,1,0,0
3641,0,2,77.5298018397503,1,0,2,88.60543061299862,1,1,0,1,0,0,0,0,1,0,1,0,0,0,0,0,1,0
3642,0,3,80.16577628080638,0,0,2,19.936069157789625,0,1,1,0,0,0,0,0,1,0,0,0,1,0,0,0,0,1
3643,1,1,64.9526128749369,1,0,3,17.72414885510142,1,0,0,1,0,0,0,1,0,0,1,0,0,0,0,0,1,0
3644,1,3,46.77478334001638,1,1,1,79.93495162534305,1,0,1,0,0,0,0,1,0,0,0,1,0,0,0,1,0,0
3645,1,1,57.5749639203848,1,0,5,32.088934622781565,1,0,0,1,0,0,0,0,1,0,0,0,1,0,0,0,0,1
3646,1,2,38.50153713556171,0,1,1,51.218241311244796,0,0,1,0,0,0,0,1,0,0,1,0,0,0,0,1,0,0
3647,0,5,12.655634299423824,1,1,1,74.39521487195456,0,0,0,1,0,0,0,1,0,0,1,0,0,0,1,0,0,0
3648,0,2,38.562059738609186,1,1,2,39.593235929434776,0,0,1,0,0,0,0,0,0,1,0,0,0,1,1,0,0,0
3649,0,4,53.03327560696343,1,0,4,13.016230019421338,1,1,0,0,0,1,1,0,0,0,1,0,0,0,1,0,0,0
3650,1,4,59.883401465058405,1,0,5,67.94572017872916,0,1,0,1,0,0,0,1,0,0,0,0,1,0,0,0,1,0
3651,0,1,93.58009760546209,1,1,1,81.71593868479574,0,1,0,1,0,0,1,0,0,0,0,0,0,1,0,0,0,1
3652,1,4,77.73334450306162,0,1,3,1.2797283580869179,0,0,0,0,1,0,0,1,0,0,0,0,0,1,0,0,0,1
3653,0,2,15.199256144467732,0,1,2,56.25521161977447,1,0,0,0,1,0,0,0,1,0,0,0,1,0,0,1,0,0
3654,1,3,17.418220665292804,0,0,4,46.940509239756366,0,1,1,0,0,0,0,1,0,0,0,1,0,0,0,1,0,0
3655,1,2,10.049475923975404,0,0,4,25.959600652729087,1,0,0,1,0,0,0,1,0,0,0,0,1,0,1,0,0,0
3656,0,1,73.81817272209177,1,0,2,16.102856711992818,1,0,1,0,0,0,1,0,0,0,0,0,1,0,0,0,1,0
3657,1,4,70.6122278491857,1,0,1,18.80373112911102,0,0,0,0,0,1,0,0,1,0,0,0,0,1,0,0,1,0
3658,1,3,98.63629016968811,0,0,2,72.4973184224711,0,1,0,0,1,0,0,0,0,1,0,0,1,0,0,1,0,0
3659,0,5,52.20234176643487,0,0,4,53.619513414361975,0,0,1,0,0,0,1,0,0,0,0,1,0,0,0,1,0,0
3660,1,3,82.6414928848882,0,0,4,98.11543813349456,0,0,1,0,0,0,0,0,1,0,0,1,0,0,0,0,0,1
3661,1,3,57.643985864278754,1,1,3,24.323079825215345,1,1,0,0,1,0,0,0,1,0,0,1,0,0,0,0,0,1
3662,1,2,87.4086712527437,1,0,3,95.69041767877466,1,0,0,1,0,0,1,0,0,0,0,0,0,1,0,1,0,0
3663,0,5,72.10210393027515,1,1,4,51.51095593383735,1,1,1,0,0,0,0,1,0,0,0,0,1,0,0,0,0,1
3664,0,1,64.28840149912529,0,0,3,14.602637764899761,1,0,0,0,1,0,0,0,1,0,1,0,0,0,0,1,0,0
3665,1,1,56.51226709830504,0,1,3,14.817904269929317,0,1,0,1,0,0,0,0,0,1,0,0,1,0,0,0,1,0
3666,0,3,72.29705244429748,0,0,3,60.85679904901578,1,0,0,0,0,1,0,1,0,0,0,1,0,0,1,0,0,0
3667,1,3,41.965384267101044,1,0,4,83.14227466318924,1,0,0,0,1,0,1,0,0,0,0,0,1,0,0,1,0,0
3668,1,4,9.657658070566411,1,0,1,74.77115252535144,0,1,1,0,0,0,1,0,0,0,0,0,0,1,0,1,0,0
3669,1,5,3.9986128797840803,0,1,1,65.56273426355999,1,0,0,0,0,1,1,0,0,0,0,0,1,0,0,0,0,1
3670,1,3,47.90237316091739,0,0,5,17.210806248823886,0,0,0,1,0,0,1,0,0,0,0,0,0,1,0,1,0,0
3671,1,4,59.92915822201413,1,0,3,10.834000577093894,0,0,0,1,0,0,0,0,0,1,1,0,0,0,0,0,1,0
3672,0,5,7.884903057062543,1,1,1,0.02480237084775405,0,0,0,0,1,0,0,0,0,1,1,0,0,0,1,0,0,0
3673,1,1,28.690354891210223,0,0,5,10.17938612339362,1,1,0,0,1,0,0,0,1,0,0,0,0,1,0,0,0,1
3674,0,4,32.20322059754871,0,0,2,76.6366607483384,0,0,0,0,1,0,0,0,0,1,0,0,1,0,0,0,1,0
3675,0,5,56.27955352082512,1,1,3,89.52484159890376,0,0,0,1,0,0,1,0,0,0,0,1,0,0,1,0,0,0
3676,1,4,27.848245604278908,0,0,1,24.03504588554185,0,0,0,0,0,1,0,0,0,1,0,0,0,1,0,0,0,1
3677,1,3,9.564859955600669,0,1,1,79.48942404500859,1,0,0,1,0,0,0,1,0,0,0,0,1,0,0,0,1,0
3678,0,2,16.48567409465501,1,1,1,19.884876560798105,1,0,1,0,0,0,0,1,0,0,0,0,1,0,0,1,0,0
3679,0,1,17.39478016041932,0,1,5,24.92716833582015,0,1,0,1,0,0,0,0,1,0,0,0,1,0,0,0,0,1
3680,0,3,84.26949442227615,1,0,2,22.41580943922027,1,0,1,0,0,0,1,0,0,0,0,1,0,0,0,1,0,0
3681,1,3,28.431968697829145,0,0,3,5.17299090491713,1,1,0,0,0,1,0,0,0,1,0,1,0,0,0,0,0,1
3682,0,5,71.46917339147569,1,1,1,19.406126810016477,1,1,0,0,1,0,0,0,1,0,0,1,0,0,1,0,0,0
3683,1,4,56.78387463393057,0,1,4,37.35433446073093,1,0,0,0,1,0,0,0,1,0,0,0,0,1,0,0,0,1
3684,1,1,97.7038753616442,0,0,3,40.54697153882901,1,1,0,1,0,0,0,0,0,1,0,0,0,1,0,0,0,1
3685,1,3,27.282266888020224,0,0,4,30.94664138931624,0,1,0,0,1,0,0,0,1,0,0,1,0,0,0,0,1,0
3686,0,5,15.837302052920021,1,0,5,51.472528564386685,1,1,0,0,0,1,1,0,0,0,0,0,0,1,0,0,0,1
3687,1,1,5.203783769456038,0,1,1,37.799823249982346,1,0,0,0,1,0,0,0,0,1,0,1,0,0,1,0,0,0
3688,1,4,24.095966228128052,0,0,3,97.03646461740854,1,0,0,1,0,0,0,1,0,0,0,0,0,1,0,0,1,0
3689,1,3,68.40708864153926,1,1,3,80.73504543312649,1,1,0,0,0,1,0,1,0,0,0,0,1,0,0,1,0,0
3690,1,3,8.525822463686062,0,1,1,93.09773459429218,0,1,1,0,0,0,0,0,0,1,0,1,0,0,0,0,0,1
3691,1,3,24.470184514965855,1,0,2,55.74269462127032,0,0,0,1,0,0,0,0,1,0,0,0,0,1,1,0,0,0
3692,0,1,85.5308368184012,1,0,5,67.83396287213075,1,1,1,0,0,0,0,0,1,0,0,0,1,0,1,0,0,0
3693,1,1,58.295294936452024,1,1,1,16.667637510119437,0,1,0,0,0,1,0,1,0,0,0,0,1,0,0,0,0,1
3694,1,1,6.952154025319546,0,1,3,75.27857572371326,1,0,0,1,0,0,0,1,0,0,0,0,0,1,0,0,0,1
3695,0,1,4.768314424976328,1,0,2,23.597111116527337,1,0,0,1,0,0,1,0,0,0,0,0,1,0,0,1,0,0
3696,1,5,6.112287532576688,0,1,3,14.583292773417622,0,0,0,0,0,1,0,0,1,0,1,0,0,0,0,1,0,0
3697,0,2,94.18750501472528,1,0,4,4.185934873916142,0,1,0,0,1,0,1,0,0,0,0,1,0,0,0,1,0,0
3698,1,5,84.98714285610546,0,0,3,47.22302496019653,1,0,0,1,0,0,0,1,0,0,0,1,0,0,0,1,0,0
3699,0,3,84.49400420187747,1,1,5,28.678925962935033,1,0,0,1,0,0,0,1,0,0,0,0,1,0,0,1,0,0
3700,0,5,92.42167622435458,1,1,1,98.67271726361886,0,1,1,0,0,0,0,1,0,0,0,0,0,1,0,1,0,0
3701,1,4,50.52553902509103,0,0,3,24.983430201581303,1,0,0,0,1,0,0,1,0,0,1,0,0,0,0,0,1,0
3702,1,1,24.7344671143344,1,1,4,86.6543280318654,1,0,1,0,0,0,1,0,0,0,0,0,0,1,0,0,1,0
3703,1,4,40.134800423851814,0,1,4,31.64387691313277,0,0,1,0,0,0,0,1,0,0,0,1,0,0,1,0,0,0
3704,0,4,71.88640728838108,1,0,1,74.91268523124124,0,0,0,0,1,0,0,0,0,1,0,0,1,0,0,0,1,0
3705,0,3,87.60328715212651,0,1,4,65.98413100697053,0,0,0,0,1,0,0,0,1,0,1,0,0,0,0,0,0,1
3706,0,1,43.50909266995243,1,0,1,56.17835546616823,1,0,0,0,0,1,0,1,0,0,0,0,1,0,0,0,0,1
3707,1,4,53.53809553820612,1,1,5,41.682494345410134,1,1,0,0,1,0,0,0,1,0,1,0,0,0,0,0,0,1
3708,0,3,93.17829932762533,0,0,1,67.1105012844593,0,0,0,1,0,0,0,1,0,0,0,0,1,0,1,0,0,0
3709,0,1,10.749863710942908,1,1,2,40.727835021685856,0,0,0,0,1,0,1,0,0,0,0,0,0,1,0,0,1,0
3710,1,2,86.2299216974124,0,1,4,54.81002343273198,1,1,0,0,0,1,0,0,1,0,0,1,0,0,0,0,0,1
3711,0,3,15.930748225193591,0,1,4,58.980173683596895,1,0,0,0,0,1,1,0,0,0,0,0,1,0,0,0,1,0
3712,0,5,48.386135029062025,1,1,3,26.735522003712397,1,0,0,0,0,1,0,1,0,0,0,0,1,0,0,0,0,1
3713,1,1,21.842312866305956,1,1,2,33.97364773053898,0,0,0,0,1,0,0,0,0,1,1,0,0,0,0,1,0,0
3714,0,4,60.29476306906042,1,1,3,1.8050063557803142,0,0,0,0,1,0,0,0,0,1,0,0,0,1,0,0,1,0
3715,1,4,55.857342170826605,0,1,1,85.21589933947841,1,1,1,0,0,0,0,0,0,1,0,0,0,1,0,0,1,0
3716,1,5,38.000736424075185,0,1,5,75.59831443006347,1,1,1,0,0,0,0,0,0,1,1,0,0,0,0,0,0,1
3717,1,5,86.33035148451243,1,0,4,18.35304533029224,1,1,0,1,0,0,0,0,0,1,0,0,0,1,0,0,1,0
3718,1,4,65.98133202880598,0,1,5,36.20484500085587,1,1,1,0,0,0,1,0,0,0,0,1,0,0,0,1,0,0
3719,1,1,72.12051249619437,1,1,1,42.10694830090284,0,0,0,1,0,0,0,0,0,1,0,0,1,0,0,0,0,1
3720,0,3,15.065973820766853,1,1,1,33.437869200008805,0,0,0,0,0,1,0,1,0,0,1,0,0,0,0,1,0,0
3721,0,5,88.31656779756176,1,1,2,79.82428066060898,0,0,1,0,0,0,1,0,0,0,0,0,0,1,0,0,0,1
3722,1,5,16.704016362001838,0,1,3,72.54207061154852,0,0,0,0,1,0,1,0,0,0,0,1,0,0,0,0,1,0
3723,1,5,22.27849642099602,0,0,4,76.71587301411955,0,0,1,0,0,0,0,0,0,1,0,1,0,0,0,0,0,1
3724,0,2,12.805513849688044,1,0,4,90.41300509343533,1,0,0,1,0,0,0,0,1,0,0,0,0,1,1,0,0,0
3725,1,1,44.035920796881555,0,1,5,59.51512559003793,0,0,1,0,0,0,0,1,0,0,0,0,0,1,0,0,0,1
3726,1,1,88.77092317523098,1,1,2,61.45343290280544,0,0,0,0,0,1,1,0,0,0,1,0,0,0,0,0,1,0
3727,1,1,25.244751960985955,1,1,1,72.19341196472328,0,0,0,0,1,0,0,1,0,0,0,0,0,1,0,1,0,0
3728,0,1,37.37534204229532,0,1,2,68.12325946506772,1,0,0,1,0,0,0,0,1,0,1,0,0,0,0,1,0,0
3729,0,1,84.6066420075422,1,0,4,86.98130183989618,1,0,0,0,1,0,1,0,0,0,0,0,1,0,1,0,0,0
3730,1,4,61.78152797588892,1,1,3,77.01982058445448,0,0,0,0,1,0,0,1,0,0,0,1,0,0,0,0,0,1
3731,1,5,75.16163936462769,1,0,5,12.045861647880852,0,0,0,1,0,0,0,0,0,1,1,0,0,0,0,0,0,1
3732,0,4,21.400004943611485,1,1,1,92.83586154477868,0,0,0,0,1,0,1,0,0,0,0,1,0,0,0,1,0,0
3733,0,2,71.64898633325755,1,0,1,68.30992903012024,0,0,0,0,1,0,1,0,0,0,0,0,1,0,0,1,0,0
3734,1,3,22.761057864177246,0,0,1,12.714592582635376,1,0,1,0,0,0,1,0,0,0,0,0,0,1,0,0,1,0
3735,1,5,98.7313982210661,0,0,3,77.19737357159326,0,0,0,0,1,0,1,0,0,0,1,0,0,0,1,0,0,0
3736,0,2,55.98861561267373,1,1,4,35.841252973920454,0,1,0,0,1,0,0,0,0,1,0,0,0,1,0,1,0,0
3737,0,4,69.5639258043137,0,1,4,80.59779120365032,0,0,0,0,1,0,0,0,1,0,0,1,0,0,0,0,0,1
3738,0,3,11.840158414150281,1,1,2,95.54059429902169,0,1,0,0,1,0,0,0,1,0,1,0,0,0,0,1,0,0
3739,1,2,25.065598004156953,1,1,2,25.52420361089297,1,0,0,1,0,0,0,1,0,0,0,0,1,0,0,0,1,0
3740,0,3,13.974065956435433,1,1,4,85.74110460849093,0,0,0,0,0,1,0,0,0,1,0,0,1,0,0,0,0,1
3741,1,2,39.017071527172305,1,0,1,77.35613701439385,0,1,1,0,0,0,0,0,0,1,0,0,0,1,0,0,1,0
3742,0,4,28.41358642053985,0,0,3,67.11849002004672,0,0,0,0,1,0,0,1,0,0,0,0,1,0,0,0,1,0
3743,0,3,73.29222596305692,0,0,4,38.49205445609136,0,0,0,0,1,0,0,0,0,1,0,0,1,0,0,0,1,0
3744,0,2,10.870897962815118,1,1,3,10.986209544445991,0,0,0,1,0,0,0,0,0,1,0,0,0,1,1,0,0,0
3745,0,4,75.20593684503683,0,0,5,48.3896827919927,1,1,0,0,0,1,1,0,0,0,0,0,0,1,0,0,0,1
3746,1,5,4.570482463858749,1,1,1,10.566662977749052,1,0,0,0,1,0,1,0,0,0,1,0,0,0,0,0,0,1
3747,1,4,20.201783732239242,0,0,5,50.01472268783252,0,0,0,1,0,0,1,0,0,0,1,0,0,0,0,0,1,0
3748,0,4,79.1964991964603,1,1,4,82.02932707755697,1,1,1,0,0,0,0,0,0,1,0,0,0,1,1,0,0,0
3749,1,5,74.27766411078949,1,0,2,99.76381344009631,0,0,1,0,0,0,0,0,0,1,0,1,0,0,0,1,0,0
3750,0,4,47.632611391886336,1,1,4,19.800871149310893,0,0,0,0,1,0,0,0,1,0,0,1,0,0,0,0,0,1
3751,0,5,4.998271507755181,0,0,5,20.785804234702244,0,0,0,0,1,0,1,0,0,0,1,0,0,0,0,1,0,0
3752,0,5,60.989374166929935,0,0,3,81.08833319190691,0,0,0,0,0,1,0,1,0,0,1,0,0,0,0,0,0,1
3753,0,5,40.67241039740984,1,0,4,46.90586322972099,0,0,0,0,0,1,0,0,0,1,0,0,0,1,0,0,1,0
3754,1,2,31.652815019796975,0,1,2,91.58045960318819,0,0,0,0,1,0,1,0,0,0,0,1,0,0,0,0,0,1
3755,0,3,64.04106368265342,0,0,5,76.89962375812144,1,0,0,1,0,0,0,0,1,0,0,0,0,1,0,0,1,0
3756,0,2,43.66145622017263,0,0,4,73.64277647301923,0,0,0,0,0,1,1,0,0,0,1,0,0,0,0,0,0,1
3757,1,5,9.242110045317864,0,0,5,10.19537086546568,1,0,0,0,1,0,0,0,1,0,0,0,1,0,0,0,1,0
3758,0,3,91.59504705123443,0,1,5,3.5875565174090074,1,1,0,0,0,1,0,0,1,0,0,0,1,0,0,1,0,0
3759,0,3,77.8493099453379,0,0,1,31.676281965986142,1,0,0,0,1,0,0,0,0,1,0,0,1,0,0,1,0,0
3760,0,5,5.637819129055243,0,1,3,21.72983608489536,0,0,1,0,0,0,0,0,1,0,0,0,0,1,0,1,0,0
3761,1,3,52.50638701906956,0,0,1,71.23088859285131,0,0,0,0,1,0,0,0,1,0,0,1,0,0,0,0,0,1
3762,0,3,8.33775628986283,0,0,5,45.07337241660504,0,0,1,0,0,0,0,1,0,0,1,0,0,0,1,0,0,0
3763,1,2,83.7289859058485,0,1,2,52.3146374628919,0,1,0,0,0,1,0,0,1,0,0,1,0,0,0,1,0,0
3764,0,3,61.301396105197185,0,1,2,81.3741482871899,0,0,0,0,1,0,0,1,0,0,0,1,0,0,0,0,0,1
3765,0,5,17.244913357306846,0,0,1,47.850468176570935,1,0,0,0,0,1,0,1,0,0,1,0,0,0,0,0,1,0
3766,1,1,2.074134280620077,0,1,2,54.49263208053991,1,0,1,0,0,0,1,0,0,0,0,1,0,0,1,0,0,0
3767,0,1,3.1581012146420617,1,1,5,84.2320266408022,0,0,0,0,1,0,1,0,0,0,0,0,1,0,1,0,0,0
3768,0,1,50.736547206482975,1,1,4,43.13358093075128,1,1,0,0,0,1,0,0,0,1,1,0,0,0,1,0,0,0
3769,1,5,73.43734786767739,0,0,5,8.3126707913599,1,0,1,0,0,0,0,0,0,1,0,0,1,0,0,1,0,0
3770,1,1,12.084045133395914,0,0,4,52.17052095929825,0,0,0,0,0,1,0,0,0,1,0,0,0,1,0,1,0,0
3771,1,2,22.128406591495754,0,0,2,57.93616842328475,0,0,0,1,0,0,0,0,1,0,0,0,1,0,0,1,0,0
3772,1,5,32.72599451695323,1,1,3,51.1796804312993,0,0,1,0,0,0,1,0,0,0,0,0,0,1,0,1,0,0
3773,1,5,21.8076782061153,1,1,3,25.80495172181174,1,0,1,0,0,0,0,0,1,0,0,0,0,1,0,0,1,0
3774,0,5,39.13365626871587,0,1,5,22.3690068252128,1,1,1,0,0,0,1,0,0,0,1,0,0,0,0,0,0,1
3775,1,3,55.96150057650762,0,1,5,36.975637193184156,1,0,0,0,1,0,0,0,1,0,0,0,1,0,1,0,0,0
3776,0,3,68.49367482413092,0,0,2,16.62287385036798,1,1,0,0,1,0,0,0,0,1,0,0,1,0,0,0,0,1
3777,0,3,96.37751822072285,0,1,3,66.60236792738348,1,0,0,0,1,0,1,0,0,0,0,0,1,0,1,0,0,0
3778,0,4,93.08436696831946,0,0,3,61.46749012796443,1,0,0,1,0,0,1,0,0,0,1,0,0,0,1,0,0,0
3779,1,2,57.01269748289145,1,1,5,63.23956156787837,1,0,0,1,0,0,0,1,0,0,0,0,0,1,1,0,0,0
3780,1,5,73.41500564563546,0,0,3,22.479749313994123,0,1,1,0,0,0,1,0,0,0,0,0,0,1,1,0,0,0
3781,0,5,95.08722046254279,1,0,5,24.652901420388407,1,0,0,1,0,0,1,0,0,0,0,0,0,1,0,0,1,0
3782,1,3,8.347194454140483,0,1,1,78.73902591187502,0,0,0,0,0,1,0,0,1,0,1,0,0,0,0,0,1,0
3783,1,5,0.5634759861429139,0,1,3,69.01117725585154,0,0,1,0,0,0,0,0,0,1,1,0,0,0,1,0,0,0
3784,1,5,2.979976372958326,1,1,4,87.51798491675412,1,1,1,0,0,0,0,1,0,0,0,1,0,0,1,0,0,0
3785,1,1,56.33493623729638,1,0,2,40.350571777679534,1,1,0,0,0,1,0,0,1,0,0,0,1,0,0,1,0,0
3786,0,5,76.28334253025342,0,1,5,54.73278320977527,0,0,1,0,0,0,1,0,0,0,0,0,0,1,1,0,0,0
3787,0,4,36.70749507450346,1,0,3,73.87777059304135,1,1,0,1,0,0,0,0,1,0,0,1,0,0,0,0,0,1
3788,1,3,54.523917472761866,0,1,3,97.41549690325564,0,0,0,0,1,0,0,0,0,1,0,1,0,0,0,0,1,0
3789,0,2,51.63663185485369,1,0,5,98.96318128456957,1,0,0,0,0,1,0,1,0,0,0,0,1,0,0,0,0,1
3790,1,2,9.477089159201956,1,1,4,99.91754124782804,1,0,0,1,0,0,0,0,1,0,1,0,0,0,0,1,0,0
3791,1,1,32.15882642240489,0,0,3,89.05264830648065,0,0,0,0,0,1,1,0,0,0,0,1,0,0,0,0,1,0
3792,0,2,1.9435155182301989,0,0,1,63.9650819137078,0,1,0,0,0,1,0,0,1,0,1,0,0,0,0,1,0,0
3793,0,2,11.070568880651088,1,0,2,0.6970950789452757,0,0,1,0,0,0,1,0,0,0,1,0,0,0,0,1,0,0
3794,0,3,81.18582229097778,0,1,5,69.95437632777562,0,0,1,0,0,0,0,1,0,0,0,0,1,0,0,0,0,1
3795,1,3,82.9413497248319,1,0,3,23.85995161369412,1,1,0,1,0,0,0,1,0,0,0,1,0,0,1,0,0,0
3796,0,4,80.19463200450697,1,1,2,5.716714731024375,0,0,0,0,0,1,0,0,1,0,0,0,0,1,0,0,1,0
3797,1,1,72.68186409522366,0,0,5,69.71844289451361,0,0,1,0,0,0,0,1,0,0,0,1,0,0,0,0,1,0
3798,0,2,79.33128463999017,1,1,5,75.60109271761934,0,0,1,0,0,0,0,0,0,1,0,0,0,1,1,0,0,0
3799,0,4,67.09823412695184,0,1,5,65.94331201677495,1,0,0,0,0,1,0,0,1,0,0,0,0,1,0,0,0,1
3800,1,1,66.98333388162887,0,0,4,36.516978381625634,1,0,0,1,0,0,1,0,0,0,1,0,0,0,0,1,0,0
3801,1,2,66.7361797491808,1,0,1,51.10041240791233,0,1,0,1,0,0,0,0,1,0,0,0,0,1,0,0,0,1
3802,1,2,51.40427896782042,0,1,5,93.49476269957474,1,0,0,0,0,1,1,0,0,0,0,0,1,0,0,1,0,0
3803,1,3,36.334723346484445,1,0,4,72.96109659769422,0,1,0,1,0,0,0,1,0,0,0,1,0,0,0,0,1,0
3804,1,5,73.01952661615549,1,1,5,50.46842334993359,1,0,1,0,0,0,1,0,0,0,1,0,0,0,1,0,0,0
3805,1,1,29.864601358674157,0,1,5,59.34491519510722,0,0,0,0,0,1,1,0,0,0,1,0,0,0,1,0,0,0
3806,1,2,54.290213147761925,0,1,4,92.76835983463563,0,0,1,0,0,0,1,0,0,0,0,0,0,1,0,0,1,0
3807,1,1,43.335562021788135,1,1,1,39.378252226967746,1,0,0,0,1,0,1,0,0,0,1,0,0,0,0,1,0,0
3808,0,4,27.662227709370114,0,1,2,10.184371548609029,0,1,0,0,1,0,0,0,0,1,0,0,1,0,0,0,0,1
3809,1,4,97.46899204524632,1,1,3,32.58262417030714,0,0,0,1,0,0,1,0,0,0,0,0,1,0,0,1,0,0
3810,1,5,25.875164520181947,1,1,5,41.520021473628645,0,0,0,0,1,0,0,0,1,0,1,0,0,0,1,0,0,0
3811,0,2,30.929306372303,1,1,1,27.296386986048827,1,0,1,0,0,0,0,0,0,1,1,0,0,0,0,0,0,1
3812,1,3,16.158750175806823,1,1,3,52.89724052500503,1,1,0,0,1,0,1,0,0,0,0,0,1,0,0,0,0,1
3813,0,2,82.29806253142905,1,0,5,30.485787514607733,0,1,1,0,0,0,1,0,0,0,0,0,0,1,0,1,0,0
3814,0,1,58.65894005544894,0,1,3,10.317958538238258,0,0,0,1,0,0,1,0,0,0,1,0,0,0,0,1,0,0
3815,1,4,61.303925647238565,1,1,4,18.80685136060507,0,0,0,1,0,0,0,0,0,1,0,0,0,1,0,1,0,0
3816,0,1,82.05614117990979,1,1,1,91.81560834231391,1,0,1,0,0,0,1,0,0,0,1,0,0,0,0,0,0,1
3817,1,5,34.29196586298794,1,0,1,62.95956291008603,0,1,0,0,1,0,1,0,0,0,0,0,1,0,0,0,1,0
3818,0,4,19.363342538021378,1,0,2,31.43087127630504,0,1,0,1,0,0,1,0,0,0,1,0,0,0,0,0,0,1
3819,0,3,19.840536399390395,1,0,2,36.69179125004399,0,0,0,0,0,1,0,1,0,0,1,0,0,0,1,0,0,0
3820,0,4,73.26198214622593,1,0,3,49.33831714090251,1,1,0,1,0,0,0,0,1,0,1,0,0,0,0,0,1,0
3821,1,2,61.41151544624475,0,0,4,67.31300335627051,0,0,0,0,1,0,1,0,0,0,0,0,1,0,0,0,1,0
3822,1,2,20.633887858208887,0,0,3,58.217988984377,1,1,0,0,0,1,0,0,1,0,0,0,1,0,0,1,0,0
3823,0,4,14.506539464042357,1,1,5,93.26981245629415,0,1,0,0,1,0,0,1,0,0,0,0,1,0,0,0,0,1
3824,0,5,12.068730516197279,1,0,1,62.574882657230944,0,1,1,0,0,0,0,1,0,0,0,1,0,0,1,0,0,0
3825,1,2,62.779864770303774,1,0,3,91.07919796049416,0,0,0,0,0,1,1,0,0,0,0,1,0,0,0,0,0,1
3826,1,2,0.011864491085000761,0,0,3,0.5430159164565351,1,0,0,0,1,0,0,0,1,0,0,1,0,0,0,1,0,0
3827,0,3,1.8319342603543731,1,0,1,89.05594719219464,0,1,0,0,0,1,0,0,0,1,0,1,0,0,0,0,0,1
3828,0,4,38.955313562609525,1,0,1,72.14585879660443,0,0,0,0,1,0,1,0,0,0,0,0,1,0,1,0,0,0
3829,1,2,69.13498642761624,1,1,2,17.219345411208597,0,0,0,0,0,1,0,0,0,1,1,0,0,0,0,1,0,0
3830,1,5,69.5039376497404,1,1,2,26.30380192450511,1,1,0,0,1,0,0,1,0,0,0,0,1,0,0,0,0,1
3831,1,1,43.01182736076906,1,0,1,54.280999916388154,0,0,1,0,0,0,0,1,0,0,0,1,0,0,1,0,0,0
3832,1,4,69.10736066045696,1,1,3,12.493815535054287,0,0,0,0,0,1,0,0,1,0,0,0,0,1,1,0,0,0
3833,1,3,52.10961795801254,0,0,5,78.53682691120457,0,0,0,0,0,1,0,0,0,1,0,0,0,1,0,1,0,0
3834,0,2,97.69314167973153,1,1,3,79.11738662224266,1,0,0,0,0,1,0,0,0,1,0,0,1,0,0,1,0,0
3835,1,5,16.246021383683306,1,1,5,30.094898865508167,1,0,0,0,0,1,1,0,0,0,1,0,0,0,0,0,1,0
3836,0,4,60.066726770560564,1,0,1,6.981700497279597,1,0,1,0,0,0,0,0,1,0,0,1,0,0,0,0,1,0
3837,1,5,49.12387759510036,1,0,5,98.88474592335746,1,0,0,0,0,1,0,0,1,0,1,0,0,0,1,0,0,0
3838,0,5,19.446634465769442,1,0,2,25.072887924432486,1,0,0,1,0,0,0,0,0,1,1,0,0,0,0,1,0,0
3839,1,3,74.99904321417034,1,1,1,6.755865131734506,0,0,1,0,0,0,0,1,0,0,1,0,0,0,0,1,0,0
3840,1,4,27.550801993199524,1,1,4,32.99649593835557,1,1,0,1,0,0,0,0,1,0,0,1,0,0,0,0,0,1
3841,0,2,38.17098190935416,1,0,5,96.90032621742931,1,0,0,0,0,1,0,1,0,0,0,0,1,0,0,0,0,1
3842,0,3,37.483056958753004,1,0,5,79.2927612751995,1,1,0,0,1,0,1,0,0,0,0,1,0,0,0,0,0,1
3843,1,2,24.42044731879488,0,1,4,48.03330798101434,1,0,0,1,0,0,0,0,1,0,0,1,0,0,0,0,0,1
3844,1,1,43.070533169840516,0,0,4,30.533042172568024,1,1,0,0,0,1,0,0,1,0,0,0,1,0,0,0,1,0
3845,1,5,47.334588092761834,0,1,1,42.33060985474687,1,0,0,1,0,0,1,0,0,0,0,0,1,0,0,0,0,1
3846,1,1,74.42216728093075,1,1,3,1.7365608230642149,0,0,0,0,0,1,0,0,1,0,0,0,1,0,0,1,0,0
3847,1,5,76.50685743770372,0,0,4,71.83704814413359,0,0,0,0,0,1,0,0,0,1,0,0,0,1,1,0,0,0
3848,0,3,15.855596829166208,0,1,5,9.96442715518432,1,1,0,0,0,1,0,0,0,1,0,0,0,1,1,0,0,0
3849,0,2,59.27722993275321,0,1,4,51.90375768743072,1,1,0,0,1,0,1,0,0,0,0,0,1,0,1,0,0,0
3850,1,2,89.61977982793955,0,1,1,56.58450528625697,1,1,0,1,0,0,0,1,0,0,1,0,0,0,0,0,1,0
3851,0,3,10.878660888456082,1,1,1,0.16897743022938894,1,0,1,0,0,0,0,1,0,0,0,0,0,1,1,0,0,0
3852,0,4,47.291404453413854,0,0,5,97.98786259774313,0,0,1,0,0,0,0,0,1,0,0,1,0,0,0,0,1,0
3853,0,1,75.03531224083427,0,1,5,30.213903768888663,1,0,1,0,0,0,0,1,0,0,0,1,0,0,0,0,1,0
3854,1,1,61.14913343823433,1,0,5,7.722425099211582,0,0,1,0,0,0,0,1,0,0,0,0,0,1,1,0,0,0
3855,0,2,10.058565659662388,0,1,3,85.43885582594902,0,0,0,0,0,1,1,0,0,0,0,1,0,0,0,0,1,0
3856,1,2,39.660612535097236,1,0,5,15.195260405134526,0,0,0,1,0,0,0,1,0,0,0,0,1,0,0,0,0,1
3857,0,2,50.723949821686396,0,1,1,2.4955136224488528,0,0,0,1,0,0,0,1,0,0,0,1,0,0,0,0,0,1
3858,1,3,99.58456017162729,0,1,1,49.469067959289724,1,1,0,0,1,0,0,1,0,0,0,0,0,1,0,0,0,1
3859,0,4,17.860790932365276,0,0,4,12.991698579757339,0,0,0,1,0,0,0,0,0,1,1,0,0,0,0,0,1,0
3860,1,1,98.24237671601125,1,1,5,98.24230663538808,1,0,0,1,0,0,0,0,0,1,0,1,0,0,0,0,0,1
3861,1,5,37.61497842294439,0,0,3,1.0410986612515827,1,0,0,1,0,0,1,0,0,0,0,1,0,0,1,0,0,0
3862,0,3,20.032048607382137,0,1,2,5.119734418863198,0,1,0,0,1,0,0,0,1,0,1,0,0,0,1,0,0,0
3863,1,1,41.4109082123996,1,0,4,83.3283966398969,0,1,1,0,0,0,1,0,0,0,0,0,0,1,0,0,1,0
3864,1,4,61.399512403481715,0,0,3,23.97516960380259,0,0,0,1,0,0,0,0,1,0,1,0,0,0,0,0,1,0
3865,1,3,21.349739391099586,0,1,5,91.15967533839442,1,0,0,0,1,0,0,0,1,0,0,1,0,0,0,0,0,1
3866,1,1,29.143908330212774,0,1,3,31.11370534749598,0,0,0,0,1,0,0,1,0,0,0,0,0,1,0,1,0,0
3867,1,3,85.45465017352898,0,1,2,6.978265136040573,1,0,0,0,0,1,0,1,0,0,0,0,1,0,1,0,0,0
3868,1,1,99.90094616688678,0,1,3,1.0591799041535621,1,0,0,0,1,0,1,0,0,0,0,0,0,1,0,1,0,0
3869,1,1,31.81726914984264,1,1,2,28.256727705717587,1,0,1,0,0,0,1,0,0,0,0,0,0,1,0,0,0,1
3870,1,4,14.885680394994028,1,1,2,47.37305754958992,1,0,0,1,0,0,1,0,0,0,0,0,1,0,0,0,1,0
3871,0,5,79.31708199940417,1,1,2,0.1016110926069902,0,1,0,0,1,0,0,0,0,1,0,0,0,1,0,0,0,1
3872,0,4,60.04556872751452,0,1,3,58.11072025438943,0,0,1,0,0,0,0,0,0,1,0,1,0,0,0,1,0,0
3873,1,1,10.040114337560112,0,1,5,33.36615586747318,0,0,0,0,1,0,0,0,0,1,0,1,0,0,0,0,0,1
3874,1,3,94.6771481436021,0,0,1,39.01535293624114,0,0,0,0,1,0,0,0,0,1,0,1,0,0,0,0,1,0
3875,0,4,7.804952839989198,0,0,1,26.14109481981066,0,1,0,0,1,0,0,0,0,1,0,1,0,0,0,1,0,0
3876,0,5,62.535640163364114,0,0,3,52.90452054410628,0,0,0,0,1,0,0,1,0,0,0,0,1,0,0,0,0,1
3877,0,1,42.39372558935814,1,1,5,23.012262196814383,1,0,0,0,1,0,0,0,1,0,0,1,0,0,0,0,1,0
3878,1,4,55.66239182399359,1,0,1,13.482208615647052,0,1,1,0,0,0,0,0,0,1,0,0,0,1,0,0,0,1
3879,0,4,21.321419566014445,1,1,2,89.06470820480449,1,0,0,1,0,0,1,0,0,0,1,0,0,0,0,0,0,1
3880,1,4,68.81103992506516,0,1,3,39.055498303055245,1,0,0,1,0,0,0,0,1,0,0,0,1,0,0,0,1,0
3881,1,4,95.97196891333397,1,1,3,7.693035022099181,1,0,0,1,0,0,0,0,0,1,0,0,1,0,0,0,1,0
3882,0,3,45.84258740449157,1,1,4,23.032275456633144,1,1,0,1,0,0,0,0,0,1,1,0,0,0,0,0,0,1
3883,1,5,52.295827756822725,1,0,4,30.99429482008168,0,0,1,0,0,0,0,1,0,0,0,1,0,0,1,0,0,0
3884,1,5,23.981167056888133,1,0,4,76.96463093485407,0,0,0,0,0,1,0,1,0,0,0,1,0,0,0,0,0,1
3885,1,1,89.18679837510811,0,0,5,2.2255494529349162,1,0,0,0,0,1,0,1,0,0,0,0,0,1,0,0,1,0
3886,1,2,97.11744051399582,0,1,3,47.824948847811434,1,0,1,0,0,0,0,0,0,1,0,1,0,0,1,0,0,0
3887,0,3,78.62968850860543,1,1,4,40.769248535671785,0,0,1,0,0,0,0,1,0,0,0,1,0,0,0,0,1,0
3888,0,1,54.277350215980405,1,0,3,96.84004016349243,1,0,0,0,1,0,0,0,0,1,0,0,0,1,0,0,0,1
3889,1,1,95.67968245086307,1,1,2,18.00750122966115,0,0,0,0,1,0,0,0,1,0,0,1,0,0,0,1,0,0
3890,1,4,15.38500553672768,1,0,4,62.78707461637188,1,0,0,0,1,0,0,0,1,0,1,0,0,0,0,0,1,0
3891,0,2,47.849085989521846,1,0,3,20.21968850927296,1,0,0,1,0,0,0,0,0,1,0,1,0,0,0,0,1,0
3892,1,2,53.76057067264131,1,0,5,54.8422054171841,0,0,0,0,1,0,1,0,0,0,1,0,0,0,0,1,0,0
3893,0,3,49.19164197523768,1,1,5,55.506323251378916,0,0,0,0,0,1,0,0,0,1,1,0,0,0,0,0,1,0
3894,1,2,80.24182871787032,1,0,5,7.5346729858452255,0,1,0,1,0,0,0,0,1,0,1,0,0,0,0,0,1,0
3895,1,1,67.0402891016364,1,1,4,45.645129419723176,0,1,0,0,1,0,0,0,1,0,0,1,0,0,0,0,1,0
3896,0,2,12.665846591826169,0,0,5,46.11561079599631,0,0,0,1,0,0,0,0,0,1,0,1,0,0,0,1,0,0
3897,0,2,34.645130734306036,1,1,1,31.913667414214654,0,0,0,0,0,1,0,0,0,1,0,0,1,0,0,0,0,1
3898,0,5,33.90768483868863,0,1,2,27.71585536876544,0,0,0,0,1,0,0,0,0,1,0,0,0,1,0,0,1,0
3899,0,1,56.563219279292866,0,0,3,22.429797411620488,1,1,0,0,0,1,0,0,1,0,0,0,0,1,1,0,0,0
3900,1,2,29.145841765789694,1,1,1,0.5941071874669746,0,1,0,0,0,1,1,0,0,0,0,0,1,0,0,0,0,1
3901,0,2,11.72717695539106,1,1,4,0.18162844889733076,1,0,0,0,0,1,0,0,0,1,1,0,0,0,0,0,0,1
3902,1,4,65.36826656571354,0,1,3,58.978721079059426,0,1,0,0,1,0,0,0,1,0,0,0,0,1,1,0,0,0
3903,0,2,85.10369385350225,0,0,3,29.14639111406875,0,1,1,0,0,0,0,0,0,1,0,0,1,0,1,0,0,0
3904,0,2,93.16080954659239,1,1,5,16.788865578320046,1,1,0,0,1,0,0,0,1,0,1,0,0,0,1,0,0,0
3905,1,5,97.25784176594759,0,0,3,68.47352055122997,1,1,0,0,0,1,0,0,0,1,0,0,1,0,0,1,0,0
3906,0,1,78.1116846209014,1,0,3,52.89045694794455,1,1,0,0,1,0,0,0,1,0,0,1,0,0,0,0,1,0
3907,0,3,13.970242829190216,1,1,2,91.49582768812512,1,0,0,0,0,1,0,0,0,1,0,1,0,0,0,0,0,1
3908,0,1,85.31118242367245,0,0,4,83.10169370720031,0,0,1,0,0,0,0,1,0,0,1,0,0,0,1,0,0,0
3909,0,4,39.996007338247395,1,0,1,72.6729191099967,0,1,0,1,0,0,0,0,0,1,1,0,0,0,0,0,1,0
3910,1,1,72.99113137923636,0,0,5,12.658195718501442,0,0,1,0,0,0,0,0,1,0,0,1,0,0,0,0,1,0
3911,1,2,53.12680049608358,1,0,2,66.60887389587626,0,0,1,0,0,0,0,0,0,1,0,0,0,1,0,1,0,0
3912,0,4,82.86061336487836,1,0,1,69.39264429376296,0,0,0,1,0,0,1,0,0,0,0,0,0,1,0,0,0,1
3913,0,1,42.55057328396886,0,1,1,76.33325899747106,1,1,0,0,1,0,0,0,0,1,0,1,0,0,0,0,1,0
3914,0,4,6.179381074002077,0,1,2,26.313272375740926,0,0,0,1,0,0,0,0,0,1,0,0,0,1,1,0,0,0
3915,1,3,55.68237108824709,1,0,5,64.02975036637513,0,0,0,0,1,0,0,0,0,1,0,1,0,0,1,0,0,0
3916,1,1,17.12905546676732,1,0,4,61.82784582825398,1,0,0,0,1,0,1,0,0,0,0,0,1,0,0,1,0,0
3917,1,2,96.55176323529227,0,1,2,38.53100498114925,1,1,0,0,0,1,1,0,0,0,0,0,1,0,1,0,0,0
3918,1,4,52.696306582549155,1,1,2,66.35069803688079,1,0,0,0,0,1,1,0,0,0,0,0,1,0,1,0,0,0
3919,0,5,55.35587938372605,0,1,2,8.66955613163649,0,0,0,1,0,0,0,1,0,0,0,0,0,1,0,1,0,0
3920,0,4,90.72657128148177,0,0,5,64.35050211219884,1,0,1,0,0,0,1,0,0,0,0,0,1,0,0,1,0,0
3921,0,5,62.45852451511749,0,0,2,60.601558421266645,1,0,0,1,0,0,0,1,0,0,1,0,0,0,1,0,0,0
3922,1,2,30.272937718970717,1,1,2,21.06244072540878,1,0,0,0,1,0,0,0,0,1,1,0,0,0,0,0,0,1
3923,0,3,29.609461691337113,0,0,3,81.8213619519869,1,1,0,0,0,1,0,1,0,0,0,0,1,0,0,0,0,1
3924,1,5,50.15786499064562,1,1,3,87.44140002627032,1,1,0,1,0,0,0,0,0,1,1,0,0,0,0,1,0,0
3925,1,3,86.66082289291589,0,1,3,21.04839472536595,0,0,0,1,0,0,0,1,0,0,0,0,1,0,0,0,0,1
3926,0,4,79.47293407362785,1,0,3,7.596108423720349,0,0,0,0,0,1,1,0,0,0,0,0,1,0,0,0,0,1
3927,0,2,96.27405860568447,1,1,2,60.35754635415495,1,1,0,0,0,1,1,0,0,0,0,1,0,0,0,0,0,1
3928,0,5,7.188612285220364,0,1,3,47.99175269832978,1,0,0,0,0,1,0,1,0,0,0,0,1,0,0,1,0,0
3929,1,4,26.832606896433862,0,1,1,42.75942292620577,1,0,0,0,1,0,0,1,0,0,1,0,0,0,0,0,0,1
3930,1,1,8.0207707813726,0,1,4,76.10083300436972,1,1,0,0,0,1,1,0,0,0,0,0,0,1,1,0,0,0
3931,0,4,75.10791939024362,1,1,3,96.9662639508915,1,1,1,0,0,0,0,0,0,1,0,0,1,0,1,0,0,0
3932,0,3,14.083368915038363,1,0,5,47.76637193761967,1,1,0,1,0,0,0,0,0,1,0,1,0,0,0,1,0,0
3933,1,2,9.988631799760672,1,1,4,0.6155078774774947,0,0,0,0,0,1,0,0,0,1,1,0,0,0,0,0,0,1
3934,0,2,56.16722070995576,0,0,1,59.62671345383781,1,1,0,0,0,1,0,0,0,1,0,1,0,0,0,0,1,0
3935,1,4,41.14847121191585,0,0,4,65.39658721298393,1,0,0,0,1,0,0,0,1,0,0,0,1,0,0,0,1,0
3936,1,1,71.51013387624671,0,1,4,82.80183059953265,1,0,0,0,1,0,0,0,0,1,0,0,1,0,1,0,0,0
3937,0,3,48.701539170027296,0,1,1,19.940698109611745,1,1,0,1,0,0,0,0,1,0,0,0,1,0,1,0,0,0
3938,0,4,42.533459594045276,0,1,3,52.432763351893094,0,0,1,0,0,0,0,0,1,0,0,0,1,0,0,0,1,0
3939,0,4,42.55004487469709,1,0,1,44.71315003893655,1,0,0,1,0,0,1,0,0,0,1,0,0,0,0,1,0,0
3940,0,2,87.18763803988546,0,0,5,66.44404611626308,0,1,0,0,0,1,1,0,0,0,0,0,0,1,0,0,0,1
3941,1,3,39.52256507224664,1,0,1,6.394306370316471,1,1,1,0,0,0,0,1,0,0,0,0,1,0,0,0,1,0
3942,1,1,33.339712776963346,0,1,2,88.40129316995248,1,0,1,0,0,0,0,0,0,1,0,1,0,0,0,0,0,1
3943,1,2,33.853507702272935,0,1,2,51.11574042382784,1,0,1,0,0,0,0,0,0,1,1,0,0,0,0,0,1,0
3944,0,4,19.66007968148903,0,1,4,87.704544496999,1,1,1,0,0,0,1,0,0,0,1,0,0,0,1,0,0,0
3945,1,2,86.06888505739894,0,1,3,34.0237131863138,0,1,0,1,0,0,1,0,0,0,1,0,0,0,0,0,0,1
3946,0,2,14.663081502758157,0,1,3,65.35222146406274,1,1,0,0,1,0,1,0,0,0,0,1,0,0,0,1,0,0
3947,0,5,90.86107377996053,1,0,2,95.67251493094109,0,0,0,0,1,0,0,1,0,0,0,0,0,1,0,0,0,1
3948,0,2,28.346772191100623,0,0,5,94.33791907097796,0,0,0,0,0,1,0,0,0,1,0,1,0,0,0,0,0,1
3949,0,2,89.94268221738469,1,0,1,94.4102754771217,1,0,0,0,1,0,0,1,0,0,0,1,0,0,0,0,1,0
3950,0,3,79.08206568145772,1,1,1,4.2946840516931655,0,0,0,0,1,0,0,0,1,0,0,1,0,0,0,1,0,0
3951,0,2,58.198752095035864,1,1,1,40.30160009745227,0,0,0,0,1,0,0,0,1,0,0,0,1,0,1,0,0,0
3952,1,1,66.94700039185992,1,0,5,6.078125744776552,1,0,0,0,1,0,0,0,0,1,0,0,1,0,0,0,0,1
3953,0,4,32.58440908249277,0,1,5,30.947701327508238,1,0,0,0,0,1,1,0,0,0,0,1,0,0,0,0,0,1
3954,1,3,57.42286143276624,0,0,1,17.457809509382894,1,0,0,1,0,0,1,0,0,0,0,1,0,0,0,0,1,0
3955,1,2,29.240290072669705,0,1,1,62.013742411189554,1,0,1,0,0,0,0,1,0,0,0,0,1,0,1,0,0,0
3956,0,1,40.22728138904617,0,1,5,78.07461512653963,1,0,0,0,1,0,0,0,1,0,0,0,1,0,0,0,1,0
3957,0,4,76.46625552292447,0,1,1,51.33469652634014,1,0,0,1,0,0,0,0,1,0,0,0,0,1,0,1,0,0
3958,0,3,24.393256381021622,1,1,5,79.54730732978825,0,0,0,0,1,0,0,0,0,1,0,1,0,0,1,0,0,0
3959,1,1,83.88460158375378,0,0,4,1.2813296606231206,1,0,0,0,1,0,0,0,1,0,1,0,0,0,0,1,0,0
3960,0,2,37.588285366499655,0,1,2,82.04763646591957,0,0,1,0,0,0,1,0,0,0,0,0,0,1,0,0,1,0
3961,1,5,53.21699608561809,1,0,2,17.836022468880653,1,0,1,0,0,0,1,0,0,0,1,0,0,0,1,0,0,0
3962,0,5,94.19604875628733,0,0,5,46.09359014047739,0,1,1,0,0,0,1,0,0,0,0,0,0,1,0,1,0,0
3963,0,3,68.12556301868749,0,0,1,44.25856159031684,0,1,0,0,1,0,0,0,0,1,0,1,0,0,0,1,0,0
3964,1,1,64.56041128446273,1,0,2,87.31555291648469,0,0,0,0,1,0,0,1,0,0,1,0,0,0,0,0,1,0
3965,1,4,71.16077276050291,0,0,3,96.59791472839676,1,1,0,0,1,0,0,0,1,0,0,0,1,0,1,0,0,0
3966,0,1,91.81113387605613,1,1,1,25.512096653753215,0,0,1,0,0,0,0,0,0,1,0,0,0,1,0,1,0,0
3967,1,5,24.851370922151084,1,0,5,6.741317259320101,1,0,0,0,0,1,0,1,0,0,1,0,0,0,0,0,0,1
3968,1,3,61.32412057993384,0,0,3,65.05217824548465,0,1,0,1,0,0,0,0,0,1,0,0,0,1,1,0,0,0
3969,1,2,40.03938543836523,1,0,5,50.28405867532084,1,0,0,0,0,1,0,0,1,0,0,1,0,0,1,0,0,0
3970,1,1,1.1855293210243922,0,0,1,56.57051419106944,1,0,0,0,1,0,1,0,0,0,1,0,0,0,0,0,0,1
3971,1,5,12.53008964061092,0,0,4,4.627021276999987,0,1,0,0,1,0,0,1,0,0,1,0,0,0,1,0,0,0
3972,0,4,32.49918952635884,0,1,4,77.53098216179458,1,1,0,0,0,1,0,1,0,0,1,0,0,0,1,0,0,0
3973,0,3,56.49999711819157,1,0,4,23.235341508729768,1,1,0,0,1,0,0,0,0,1,0,0,0,1,0,0,0,1
3974,1,2,88.14747766962716,1,1,1,33.49367809112771,1,1,0,1,0,0,0,0,0,1,0,0,1,0,0,0,1,0
3975,0,1,79.11141182014396,1,0,1,22.835371254937385,0,0,0,0,1,0,1,0,0,0,0,0,1,0,0,1,0,0
3976,0,4,55.33336724227704,1,1,3,94.59445605920519,1,0,0,1,0,0,0,0,0,1,0,0,1,0,0,0,0,1
3977,1,2,7.387041790746762,1,1,1,16.872181654058515,1,0,0,0,0,1,0,0,1,0,0,1,0,0,1,0,0,0
3978,0,5,28.590629039497863,1,1,1,73.23190040181696,0,0,0,0,0,1,0,0,1,0,1,0,0,0,0,1,0,0
3979,1,5,36.67086478922439,1,1,3,24.574729393853666,0,0,0,0,1,0,0,0,1,0,0,0,1,0,0,1,0,0
3980,1,4,62.17171852038425,1,1,3,42.49196191083093,1,1,0,1,0,0,0,0,1,0,0,0,1,0,0,1,0,0
3981,0,5,6.492362297984111,1,1,5,99.60618771721226,0,0,0,0,1,0,1,0,0,0,1,0,0,0,0,0,1,0
3982,1,3,53.019355450047335,1,1,2,10.057674424215712,1,0,1,0,0,0,1,0,0,0,0,1,0,0,1,0,0,0
3983,1,4,90.14645761447072,1,0,2,88.1359231086574,0,0,1,0,0,0,1,0,0,0,0,0,0,1,1,0,0,0
3984,1,5,70.54326956974029,0,1,5,94.60498962688789,0,0,1,0,0,0,0,0,0,1,0,0,0,1,0,1,0,0
3985,1,1,79.70768065627564,1,0,4,69.82272949292792,0,1,1,0,0,0,1,0,0,0,0,0,0,1,0,1,0,0
3986,1,5,68.16756483590734,0,0,1,0.9962189735323479,0,0,0,0,1,0,0,1,0,0,1,0,0,0,0,0,1,0
3987,0,3,20.658911217259224,0,0,3,82.07985840317805,1,0,1,0,0,0,0,1,0,0,0,1,0,0,0,0,1,0
3988,0,2,11.048382006601864,0,1,3,88.22719276107809,0,0,0,1,0,0,0,1,0,0,1,0,0,0,0,1,0,0
3989,1,2,82.9490673004909,0,0,4,98.09341568879339,1,0,0,0,0,1,0,0,0,1,0,0,0,1,1,0,0,0
3990,1,5,69.55044360155284,1,1,3,83.93157477500958,1,0,0,0,0,1,0,0,0,1,0,0,1,0,0,0,0,1
3991,0,2,57.50615588163682,0,1,4,44.558696730652116,1,0,1,0,0,0,1,0,0,0,0,0,1,0,0,0,1,0
3992,1,5,18.928286496824597,0,1,5,68.86496766939297,0,0,1,0,0,0,0,0,1,0,0,0,1,0,1,0,0,0
3993,0,3,60.33449653117534,0,0,4,48.51285119573397,0,0,1,0,0,0,0,1,0,0,0,0,0,1,0,0,1,0
3994,1,2,3.132178522215978,1,0,2,35.30183495227131,0,1,0,0,1,0,0,0,0,1,0,1,0,0,1,0,0,0
3995,1,1,11.883913439395943,0,1,4,62.64264931507213,0,0,0,0,0,1,0,1,0,0,0,0,0,1,0,1,0,0
3996,1,5,31.189014980442455,0,1,5,76.98324396417759,1,0,1,0,0,0,1,0,0,0,1,0,0,0,0,0,1,0
3997,1,2,44.373827741116436,1,1,4,63.59007866781931,0,0,0,1,0,0,0,0,0,1,0,1,0,0,0,0,0,1
3998,1,3,12.056449582200035,1,1,5,82.65783676462115,1,0,1,0,0,0,0,0,1,0,0,0,1,0,0,1,0,0
3999,1,3,11.99401838575358,1,0,2,17.637497460007335,0,0,0,0,0,1,0,0,1,0,0,1,0,0,0,0,1,0
4000,1,1,72.58936605836355,1,0,1,37.369455160315944,0,1,1,0,0,0,0,0,0,1,0,1,0,0,0,1,0,0
4001,0,3,56.97194065334856,1,0,5,31.25858127342299,1,0,0,0,0,1,0,0,1,0,0,0,0,1,0,0,0,1
4002,0,3,53.3741980777665,1,0,1,19.412713966779847,0,0,1,0,0,0,1,0,0,0,0,1,0,0,0,0,1,0
4003,0,2,45.243449511754996,1,0,5,44.31743274853509,0,0,0,1,0,0,0,0,1,0,0,0,0,1,0,0,1,0
4004,1,5,97.6543106344564,1,1,4,94.78728728646666,1,1,1,0,0,0,0,1,0,0,1,0,0,0,0,0,1,0
4005,1,4,4.980028289437676,1,1,1,53.800829170716234,0,0,0,1,0,0,0,1,0,0,0,1,0,0,1,0,0,0
4006,1,3,18.06271761615774,0,0,5,28.64048767036452,1,0,0,1,0,0,0,1,0,0,0,1,0,0,1,0,0,0
4007,1,3,64.75077574012373,1,1,5,35.40606183030375,1,0,1,0,0,0,0,0,0,1,0,1,0,0,0,0,1,0
4008,1,4,13.636565385124133,0,0,1,61.30757117171277,0,1,0,1,0,0,0,0,0,1,0,0,1,0,0,1,0,0
4009,1,3,58.93809380091738,0,1,5,35.27467418130803,1,0,0,0,1,0,0,0,0,1,0,0,0,1,0,1,0,0
4010,1,2,56.776122548108,1,1,1,53.8346722920669,1,0,1,0,0,0,0,0,0,1,0,0,0,1,0,0,1,0
4011,0,2,97.1005183639642,1,1,2,27.415989345282732,0,0,1,0,0,0,0,0,0,1,0,0,1,0,0,0,0,1
4012,1,4,88.33864870490224,1,0,3,34.593127090018584,0,1,0,1,0,0,1,0,0,0,0,0,0,1,0,0,0,1
4013,0,3,94.55533437674526,1,0,2,70.57278588363599,0,0,0,1,0,0,0,0,0,1,1,0,0,0,0,0,0,1
4014,0,3,11.360236947397961,0,0,1,58.46183516438875,1,0,1,0,0,0,0,0,1,0,0,0,1,0,1,0,0,0
4015,1,5,86.81484372541888,0,1,4,9.348686331337952,1,0,0,0,1,0,1,0,0,0,0,0,0,1,1,0,0,0
4016,1,3,12.909066172830597,1,1,4,97.31825185060397,0,1,0,1,0,0,0,0,0,1,1,0,0,0,1,0,0,0
4017,0,2,63.2932178543989,0,1,3,4.933692295888514,1,0,0,1,0,0,0,0,1,0,0,0,0,1,1,0,0,0
4018,0,1,72.00781606780022,1,1,1,8.293957228166382,1,0,0,0,0,1,1,0,0,0,0,0,1,0,0,1,0,0
4019,1,1,16.085349814928584,0,1,5,70.13860487411337,0,0,0,0,1,0,0,1,0,0,0,0,0,1,0,0,1,0
4020,1,1,63.26593759295397,0,0,2,70.80181394308231,0,1,0,0,1,0,1,0,0,0,1,0,0,0,0,0,1,0
4021,0,1,5.246049291199406,1,0,2,1.8935533226771883,0,1,1,0,0,0,0,0,0,1,1,0,0,0,0,0,1,0
4022,1,3,29.32660857428302,1,1,3,64.2753899463598,1,0,0,0,1,0,1,0,0,0,1,0,0,0,0,1,0,0
4023,1,3,92.11584939341166,0,0,3,3.326001477645646,1,0,1,0,0,0,1,0,0,0,0,0,0,1,0,0,0,1
4024,1,5,17.17311629018692,1,1,3,96.07699938900271,0,0,0,0,0,1,0,1,0,0,0,0,1,0,0,0,0,1
4025,0,3,6.52699924503275,0,1,3,69.61425938329354,1,1,0,0,1,0,1,0,0,0,0,0,0,1,1,0,0,0
4026,0,1,44.36781996554594,1,0,3,18.657810132095143,0,0,0,1,0,0,1,0,0,0,0,1,0,0,1,0,0,0
4027,0,4,85.06182085272715,1,1,3,15.810478816041906,0,0,0,0,0,1,0,1,0,0,0,0,1,0,0,1,0,0
4028,1,4,7.667238196828996,1,0,5,56.966230272040896,0,0,1,0,0,0,0,0,0,1,0,1,0,0,0,1,0,0
4029,1,2,35.553536523040854,1,0,5,63.3518725636599,1,0,0,0,0,1,0,0,1,0,0,0,0,1,0,0,0,1
4030,0,2,89.97748345593261,1,0,2,83.12376298717386,1,0,1,0,0,0,1,0,0,0,0,0,1,0,0,0,1,0
4031,0,3,11.815554994445431,1,1,2,90.33211492135617,1,0,0,0,0,1,0,1,0,0,0,1,0,0,0,0,1,0
4032,0,4,31.06685059119466,1,0,3,39.253344405820656,1,0,1,0,0,0,1,0,0,0,0,0,0,1,0,1,0,0
4033,1,1,77.84206115357038,0,1,2,84.40848423714895,1,1,0,0,1,0,0,0,0,1,0,0,1,0,0,1,0,0
4034,0,1,54.32109871388043,1,1,3,54.238003531673385,1,1,0,1,0,0,0,0,0,1,1,0,0,0,0,1,0,0
4035,0,1,83.2333140633583,0,1,5,47.05821406020196,0,0,1,0,0,0,0,1,0,0,1,0,0,0,1,0,0,0
4036,1,3,11.15953930487984,1,1,4,69.8970646057788,0,0,0,0,0,1,0,0,1,0,1,0,0,0,0,0,1,0
4037,1,3,92.05541713797227,0,1,5,10.319496134465378,0,1,1,0,0,0,0,0,1,0,0,1,0,0,0,1,0,0
4038,1,5,93.49117945152088,1,1,1,26.538650573251253,0,0,1,0,0,0,1,0,0,0,0,1,0,0,0,1,0,0
4039,0,1,15.531302014670633,1,1,5,81.67626854113882,1,0,1,0,0,0,0,1,0,0,0,0,0,1,1,0,0,0
4040,1,1,3.3875464406750044,0,1,1,50.4078838337409,0,0,0,0,0,1,0,0,1,0,1,0,0,0,0,1,0,0
4041,1,3,98.98413819555688,1,0,2,90.8043436482094,0,0,0,1,0,0,0,0,0,1,0,1,0,0,0,0,1,0
4042,0,3,48.22515923024244,1,0,5,8.870373388291085,0,0,0,0,1,0,0,0,1,0,1,0,0,0,1,0,0,0
4043,1,5,57.207540403543135,1,1,4,31.341281098004515,1,0,0,1,0,0,0,1,0,0,0,0,0,1,0,1,0,0
4044,0,5,61.590473366657626,1,1,5,35.55498928040366,0,0,1,0,0,0,0,0,0,1,0,0,1,0,0,0,1,0
4045,0,2,78.96684627805027,1,0,5,42.27203227231541,0,0,0,0,0,1,1,0,0,0,0,1,0,0,0,0,1,0
4046,1,4,81.19879690459179,0,0,5,98.68200515642484,0,0,0,1,0,0,0,0,0,1,0,1,0,0,1,0,0,0
4047,1,1,19.392522431977387,1,0,3,31.066271406820167,0,0,1,0,0,0,0,0,1,0,0,0,1,0,0,0,1,0
4048,1,1,23.66367406335266,0,0,5,51.86824529654336,1,1,0,0,1,0,0,0,1,0,0,1,0,0,1,0,0,0
4049,1,5,87.68330289463721,0,0,5,53.60713238710018,1,1,0,0,1,0,0,0,1,0,0,0,0,1,0,0,1,0
4050,1,5,81.95176047505865,0,0,4,77.07979386073666,0,0,0,0,1,0,1,0,0,0,0,1,0,0,0,1,0,0
4051,1,2,61.761938155395534,0,1,1,51.78689940858079,0,0,1,0,0,0,0,0,1,0,0,1,0,0,1,0,0,0
4052,0,4,99.46991591248498,0,0,1,60.573740062051066,1,1,0,0,0,1,0,1,0,0,0,0,1,0,0,0,1,0
4053,0,2,73.51839435513237,0,0,4,75.33280507609116,1,1,0,1,0,0,1,0,0,0,0,0,0,1,1,0,0,0
4054,1,4,21.583676813024887,0,0,2,10.113200467994531,1,1,0,0,1,0,0,0,0,1,1,0,0,0,0,0,1,0
4055,0,1,84.66440643326783,0,0,5,96.34721235249694,1,0,1,0,0,0,0,0,1,0,1,0,0,0,1,0,0,0
4056,1,2,41.473263637014,1,1,2,84.6304176079448,0,0,1,0,0,0,0,1,0,0,0,0,1,0,0,1,0,0
4057,0,5,3.6152660541289183,0,1,4,38.8772613623107,1,1,0,1,0,0,0,1,0,0,0,0,0,1,1,0,0,0
4058,0,2,32.14212778116706,1,1,2,72.84175890737433,0,0,0,0,1,0,1,0,0,0,0,0,1,0,1,0,0,0
4059,0,2,76.35512340593853,0,1,1,76.23251044087466,1,0,1,0,0,0,0,1,0,0,0,0,1,0,0,1,0,0
4060,1,1,96.02062071864732,0,1,3,85.02464494156568,0,0,0,1,0,0,1,0,0,0,1,0,0,0,0,0,1,0
4061,0,5,27.613641630319385,1,1,2,18.831682513405212,1,0,0,0,0,1,1,0,0,0,0,0,0,1,0,0,0,1
4062,1,5,24.651632440971504,0,1,3,70.37027526438025,0,0,0,0,0,1,1,0,0,0,0,0,0,1,0,1,0,0
4063,0,3,56.361658559830005,1,1,2,3.3340530526283607,1,0,0,0,0,1,0,0,0,1,0,0,1,0,1,0,0,0
4064,0,3,81.16838996624467,0,0,4,11.557912405388137,1,1,0,0,1,0,0,0,0,1,1,0,0,0,0,1,0,0
4065,0,3,74.65256821609466,1,0,3,77.60669604655037,0,0,0,1,0,0,0,1,0,0,0,0,0,1,0,1,0,0
4066,0,1,55.995890256281655,1,1,2,81.30030038817596,0,0,0,1,0,0,0,0,0,1,0,0,1,0,1,0,0,0
4067,0,2,63.13896816144785,0,1,4,59.243645212456464,1,0,1,0,0,0,1,0,0,0,0,1,0,0,1,0,0,0
4068,1,5,24.2098957326344,0,1,1,58.16859741838972,0,0,1,0,0,0,1,0,0,0,1,0,0,0,0,0,0,1
4069,1,5,43.25742650033506,0,0,5,74.95114283679297,0,1,1,0,0,0,0,0,0,1,0,0,0,1,0,1,0,0
4070,0,2,25.536562652029993,0,1,4,90.60848220887016,1,0,0,1,0,0,0,1,0,0,0,0,0,1,1,0,0,0
4071,0,5,88.44179748446376,1,1,4,42.11151708676297,1,0,1,0,0,0,1,0,0,0,0,0,0,1,0,0,1,0
4072,0,2,11.255450736551575,1,1,1,11.482111860734822,1,0,0,1,0,0,0,0,0,1,1,0,0,0,0,0,1,0
4073,0,1,67.97405578563708,1,1,3,83.89993844272881,0,0,0,1,0,0,0,0,1,0,0,0,1,0,0,0,1,0
4074,1,1,26.028319716502345,1,0,2,34.1644145970753,1,0,0,0,0,1,0,1,0,0,0,1,0,0,0,0,1,0
4075,0,1,47.55774097184664,1,1,3,13.378577321059037,1,0,1,0,0,0,0,1,0,0,0,0,0,1,0,1,0,0
4076,1,2,29.941278024663276,1,0,4,61.461640014283134,0,0,0,0,0,1,0,1,0,0,1,0,0,0,0,1,0,0
4077,0,2,32.324531705947166,1,0,2,57.80839252116896,0,1,0,0,1,0,0,0,1,0,0,0,0,1,0,0,0,1
4078,1,4,26.039301361102197,0,1,5,47.42462065023887,1,0,0,0,1,0,1,0,0,0,0,0,1,0,0,1,0,0
4079,0,5,75.27929211954387,0,0,5,85.97972442471588,0,0,0,0,1,0,0,1,0,0,0,1,0,0,1,0,0,0
4080,0,5,36.57158571790471,0,1,2,27.222583540336785,0,0,0,1,0,0,0,0,0,1,0,0,0,1,0,0,0,1
4081,1,4,72.63570177140826,0,0,4,1.3235265284380127,1,0,0,1,0,0,0,1,0,0,1,0,0,0,0,1,0,0
4082,0,4,45.606993010401276,0,1,1,32.346871894219994,0,0,0,1,0,0,0,0,0,1,0,0,1,0,0,1,0,0
4083,0,1,54.72460421002873,0,0,3,0.9705960402128788,0,1,1,0,0,0,0,1,0,0,0,1,0,0,1,0,0,0
4084,0,4,54.328747571348735,0,0,3,54.359121089683924,0,0,0,0,0,1,0,0,0,1,1,0,0,0,1,0,0,0
4085,1,2,97.58520793435888,0,1,1,37.8248292859848,1,0,0,1,0,0,0,0,0,1,0,0,0,1,1,0,0,0
4086,0,3,36.70624557109512,1,0,1,81.3942740857086,0,0,0,0,0,1,0,0,0,1,1,0,0,0,0,0,1,0
4087,0,2,20.76840953975976,0,1,5,79.75853524908175,1,0,0,0,0,1,0,0,1,0,0,1,0,0,0,1,0,0
4088,1,4,91.17919403666022,0,1,1,43.46384932986636,1,0,0,0,0,1,0,0,1,0,0,0,1,0,0,1,0,0
4089,1,5,17.483928931557323,0,0,2,21.648527358582303,0,0,1,0,0,0,0,0,1,0,0,0,1,0,0,1,0,0
4090,1,2,83.44228458443446,1,1,5,42.242986594229706,1,0,1,0,0,0,1,0,0,0,0,0,0,1,0,0,0,1
4091,0,5,15.021489546692578,0,1,4,64.13177325436293,1,1,0,0,1,0,0,0,0,1,0,0,0,1,0,0,0,1
4092,0,2,65.87243342274063,1,1,5,19.020598157290735,1,0,0,0,1,0,1,0,0,0,0,0,0,1,0,0,0,1
4093,0,5,15.054081326453606,1,1,5,77.30466155703029,0,0,0,0,0,1,0,0,1,0,0,0,0,1,0,0,0,1
4094,1,2,92.30858192394294,0,0,3,33.05602104352738,1,0,0,0,1,0,0,0,0,1,0,1,0,0,0,0,0,1
4095,0,5,56.50082826528312,1,0,1,93.21769949174093,1,1,0,0,0,1,1,0,0,0,0,0,0,1,1,0,0,0
4096,0,3,32.92738391400876,0,0,2,51.18705302746079,1,0,1,0,0,0,0,0,1,0,1,0,0,0,0,0,0,1
4097,1,1,14.032277496359491,0,1,1,84.71265341297222,1,0,1,0,0,0,1,0,0,0,0,1,0,0,0,1,0,0
4098,1,2,37.11922361459939,0,0,3,61.58925802966026,1,0,1,0,0,0,1,0,0,0,0,1,0,0,0,0,1,0
4099,1,3,70.50200348688116,1,0,1,55.460184377873766,1,0,0,1,0,0,0,0,1,0,0,0,0,1,0,1,0,0
4100,1,1,38.49508839285471,0,0,2,68.21301334851123,1,1,0,0,0,1,0,0,0,1,0,1,0,0,0,1,0,0
4101,1,2,24.609413609544404,0,1,1,81.14911237077608,0,1,1,0,0,0,0,1,0,0,1,0,0,0,1,0,0,0
4102,0,3,57.740944829381725,0,0,3,64.45075044097362,0,1,0,0,0,1,0,1,0,0,0,1,0,0,0,0,1,0
4103,1,3,41.78218528371196,1,1,2,79.72406871917023,0,0,0,0,1,0,1,0,0,0,0,1,0,0,0,1,0,0
4104,0,3,16.58062360302923,1,0,1,19.0465164459513,1,0,0,0,1,0,1,0,0,0,1,0,0,0,1,0,0,0
4105,0,4,15.39879902774568,1,0,3,27.75165403748011,1,0,1,0,0,0,1,0,0,0,1,0,0,0,0,0,1,0
4106,1,5,70.74619902218548,1,1,3,22.97228215873067,0,0,0,0,0,1,0,0,0,1,0,1,0,0,0,0,1,0
4107,1,1,97.46718955162564,0,0,5,79.83031878145758,1,1,1,0,0,0,1,0,0,0,0,0,1,0,1,0,0,0
4108,1,5,23.309407086205635,0,1,2,8.612855885707582,1,1,0,0,1,0,1,0,0,0,0,1,0,0,0,0,0,1
4109,0,5,77.314860083149,1,1,2,79.58631974417281,0,0,1,0,0,0,1,0,0,0,1,0,0,0,1,0,0,0
4110,1,5,8.76067024504652,0,0,1,38.90422998145217,1,0,0,0,0,1,0,0,1,0,1,0,0,0,1,0,0,0
4111,1,3,38.15759190521817,1,1,5,7.950716201739549,0,0,0,0,1,0,0,1,0,0,1,0,0,0,0,0,0,1
4112,1,5,50.6688152808257,0,1,2,42.442626152646234,0,1,0,1,0,0,0,1,0,0,0,0,1,0,1,0,0,0
4113,1,4,26.87469452897683,0,1,3,30.05023005338513,1,0,0,0,1,0,0,0,1,0,1,0,0,0,1,0,0,0
4114,1,2,52.95784165142504,1,1,2,59.19521827826496,0,1,0,1,0,0,0,0,0,1,0,0,0,1,1,0,0,0
4115,0,3,88.26144276638544,1,0,5,47.25266330938129,1,0,1,0,0,0,0,0,0,1,0,0,0,1,0,1,0,0
4116,0,1,94.44379623549935,0,1,4,29.67773910883501,1,1,1,0,0,0,0,0,0,1,0,0,1,0,1,0,0,0
4117,0,2,10.055695437304946,1,1,3,86.22659444055155,0,0,0,0,0,1,0,0,1,0,1,0,0,0,1,0,0,0
4118,1,2,27.184593398420233,0,0,2,40.68214248455689,1,1,0,1,0,0,0,1,0,0,1,0,0,0,0,0,1,0
4119,1,2,97.9133917517725,0,0,3,47.068999180177876,1,0,1,0,0,0,0,1,0,0,0,0,0,1,0,0,1,0
4120,1,5,27.04184104022437,0,0,1,84.66285247524577,0,0,0,1,0,0,1,0,0,0,0,0,0,1,0,0,1,0
4121,0,5,69.2707351143441,0,1,3,8.905660834402129,1,0,1,0,0,0,0,1,0,0,0,1,0,0,1,0,0,0
4122,1,3,25.345369387036463,1,1,2,38.98931417777447,1,0,0,0,1,0,0,0,0,1,0,0,1,0,0,0,0,1
4123,1,5,35.63655933210382,0,1,1,40.28566865283898,0,0,1,0,0,0,0,0,0,1,0,1,0,0,1,0,0,0
4124,1,5,19.127898789689745,0,1,1,49.58256551566834,1,0,0,0,0,1,1,0,0,0,0,0,1,0,0,1,0,0
4125,0,5,85.63001936971452,0,0,1,10.61205923594053,1,1,0,0,1,0,1,0,0,0,1,0,0,0,0,1,0,0
4126,1,3,88.2648763819504,1,0,4,10.266012124955138,1,1,0,0,0,1,0,1,0,0,1,0,0,0,0,1,0,0
4127,0,3,29.691250791543155,0,1,4,41.641595576591584,0,1,0,0,1,0,1,0,0,0,0,0,1,0,0,1,0,0
4128,1,4,82.358982417063,1,1,1,3.302900834672784,0,1,0,1,0,0,1,0,0,0,0,1,0,0,1,0,0,0
4129,0,4,35.824165003698404,1,1,2,25.49843590596351,0,0,0,0,0,1,0,0,1,0,0,0,0,1,0,0,1,0
4130,0,4,9.90194228951583,1,1,1,20.117675377156363,1,0,1,0,0,0,0,1,0,0,0,0,1,0,1,0,0,0
4131,0,4,75.80763972920734,1,0,1,48.93862613235748,0,0,0,1,0,0,0,0,0,1,0,0,1,0,1,0,0,0
4132,1,2,59.64462488988447,1,0,3,1.1159557218210603,0,1,1,0,0,0,0,0,1,0,0,0,1,0,1,0,0,0
4133,1,2,27.438244367075036,1,0,3,67.57334502639705,0,0,0,0,1,0,0,0,0,1,1,0,0,0,1,0,0,0
4134,0,4,25.299974051184705,1,0,3,85.5587307130736,0,0,0,0,1,0,1,0,0,0,0,0,1,0,0,0,0,1
4135,0,4,97.56233704823212,0,1,5,70.67415182393043,1,0,1,0,0,0,1,0,0,0,1,0,0,0,0,0,1,0
4136,1,1,86.25010408930913,0,0,3,81.80781693620001,0,0,1,0,0,0,0,0,0,1,0,0,0,1,0,0,1,0
4137,1,2,80.97983293737647,1,1,3,64.33164037981865,1,1,0,1,0,0,0,0,1,0,0,0,0,1,0,1,0,0
4138,0,1,12.801770864166562,1,0,2,50.73670343891416,0,0,1,0,0,0,0,0,1,0,0,1,0,0,1,0,0,0
4139,1,1,75.51872742482605,1,0,4,21.90215973096674,1,1,0,0,0,1,0,0,1,0,1,0,0,0,0,1,0,0
4140,1,5,21.454022120328652,0,1,4,27.96263476828641,0,0,0,0,0,1,1,0,0,0,0,0,0,1,0,0,1,0
4141,1,3,97.73889432082407,1,0,4,31.77080037195177,1,1,1,0,0,0,0,1,0,0,0,0,0,1,0,0,1,0
4142,1,2,5.20891879622577,0,0,5,3.801766946648377,0,1,0,0,0,1,1,0,0,0,0,1,0,0,0,1,0,0
4143,0,4,35.21384835602436,0,0,1,91.30887714119002,1,0,1,0,0,0,0,0,0,1,0,1,0,0,0,0,1,0
4144,1,4,42.86478407787152,1,0,3,90.0302702633374,0,0,0,1,0,0,0,0,1,0,0,1,0,0,0,0,1,0
4145,1,3,82.42029115622545,0,1,2,10.777784952995518,1,1,0,0,0,1,0,1,0,0,1,0,0,0,0,0,0,1
4146,0,2,76.62228180040461,1,0,5,55.66935655500531,0,0,0,0,0,1,0,0,1,0,0,0,1,0,1,0,0,0
4147,0,4,37.49921449465896,1,0,4,46.76412942038358,1,0,1,0,0,0,1,0,0,0,1,0,0,0,1,0,0,0
4148,1,4,56.556029345804085,1,0,5,68.34139970419953,0,0,0,0,0,1,0,1,0,0,0,1,0,0,0,0,1,0
4149,1,5,83.55951636077303,0,1,2,60.30176605383345,1,0,0,0,1,0,0,1,0,0,0,0,1,0,0,0,1,0
4150,1,1,1.8199592151052713,1,1,5,12.432180117933079,0,0,0,1,0,0,1,0,0,0,0,0,0,1,0,0,0,1
4151,1,4,80.21780995244721,0,0,4,66.00776449617956,0,1,0,1,0,0,0,0,1,0,1,0,0,0,0,1,0,0
4152,0,2,94.68960253420421,1,0,1,60.887230395603765,0,1,0,0,0,1,0,0,1,0,0,1,0,0,0,0,0,1
4153,0,3,3.206452148417116,1,0,4,53.12236379738056,1,1,0,0,0,1,0,0,1,0,0,1,0,0,0,0,0,1
4154,0,5,4.558098707818258,1,1,4,40.24062665732268,0,1,0,0,1,0,1,0,0,0,0,0,1,0,0,1,0,0
4155,1,2,34.45140055660201,1,0,4,95.49209940531644,0,0,0,0,1,0,0,0,0,1,1,0,0,0,0,0,1,0
4156,1,5,8.776956376767453,1,0,5,84.94395613111159,0,0,0,0,0,1,0,0,0,1,0,0,0,1,1,0,0,0
4157,1,1,47.92760802938882,0,1,2,58.50849749199203,1,0,0,0,0,1,0,0,1,0,0,0,0,1,0,0,0,1
4158,1,4,72.87106850897787,1,1,4,0.6377825267616433,1,1,0,0,1,0,0,1,0,0,0,0,1,0,0,0,0,1
4159,0,2,56.689923503181774,1,1,5,43.212324216977315,0,0,1,0,0,0,0,0,0,1,0,0,1,0,1,0,0,0
4160,0,3,19.643190907274032,1,0,2,70.03397285500989,0,0,0,0,1,0,0,0,1,0,0,0,0,1,0,0,0,1
4161,1,1,65.48113000303577,0,0,1,11.72942347694923,1,0,1,0,0,0,0,0,0,1,0,0,1,0,0,1,0,0
4162,0,1,68.48544791789159,1,0,4,40.654961657174226,1,1,0,1,0,0,0,0,1,0,0,0,1,0,1,0,0,0
4163,1,5,93.24459556850147,1,1,3,19.17252239526381,1,1,0,1,0,0,0,0,0,1,1,0,0,0,1,0,0,0
4164,1,1,14.679689737704905,1,0,5,33.81429871488177,0,1,0,0,1,0,0,0,0,1,0,0,1,0,0,1,0,0
4165,0,2,69.23361649097234,1,0,1,2.666920401982309,0,0,1,0,0,0,0,1,0,0,0,1,0,0,0,1,0,0
4166,1,5,91.14272188531474,0,1,1,12.673238226489936,1,0,0,0,1,0,0,1,0,0,0,1,0,0,1,0,0,0
4167,1,1,50.15641533206342,1,1,1,45.47568501392605,0,0,0,0,1,0,0,0,0,1,0,1,0,0,0,1,0,0
4168,0,3,36.17996798630564,0,0,5,89.81899210357803,1,0,1,0,0,0,0,0,1,0,0,0,1,0,0,0,0,1
4169,1,2,17.074949422115825,0,1,2,49.05816216008606,1,0,0,0,1,0,0,1,0,0,0,0,0,1,0,0,1,0
4170,1,3,86.67868864897576,0,0,3,45.307746870788414,1,0,0,1,0,0,1,0,0,0,0,1,0,0,0,0,0,1
4171,0,3,39.424637484059446,0,0,2,78.7569392971489,1,0,0,0,0,1,0,1,0,0,1,0,0,0,0,1,0,0
4172,1,5,92.48824432676923,1,0,4,26.78300769359557,0,1,0,0,0,1,0,0,0,1,0,0,1,0,0,0,0,1
4173,0,4,84.77582981307762,1,1,3,9.506874922485608,1,1,0,0,1,0,0,0,0,1,0,0,0,1,0,0,1,0
4174,1,5,37.663985179719575,0,0,2,20.957262033667913,0,0,1,0,0,0,1,0,0,0,0,0,0,1,0,0,1,0
4175,0,2,57.39143089462625,0,1,4,79.13008369492825,0,1,1,0,0,0,0,1,0,0,0,0,1,0,0,0,1,0
4176,0,2,2.7174036293921455,0,1,3,67.70479250936182,1,0,0,1,0,0,0,0,0,1,0,0,1,0,0,1,0,0
4177,0,5,26.32214028671347,1,1,5,9.153318225403584,0,0,1,0,0,0,1,0,0,0,1,0,0,0,0,1,0,0
4178,1,4,71.02728485692496,0,1,4,66.70931602834497,0,0,1,0,0,0,1,0,0,0,0,0,1,0,0,1,0,0
4179,0,5,67.79109458462668,0,0,2,93.1551484884375,0,1,0,1,0,0,0,0,1,0,0,0,1,0,0,0,1,0
4180,0,2,35.3369459541751,0,1,3,4.495495600135612,1,0,0,0,1,0,0,1,0,0,0,0,0,1,0,1,0,0
4181,0,4,80.86080319094565,0,0,4,61.641809591783556,1,1,0,0,0,1,0,1,0,0,0,1,0,0,1,0,0,0
4182,0,2,23.58360518998711,0,0,4,37.9164569782912,1,0,0,1,0,0,0,1,0,0,0,1,0,0,0,0,0,1
4183,0,4,46.127053315227165,1,0,5,50.103145901350544,0,1,0,0,1,0,0,0,0,1,0,0,0,1,0,0,0,1
4184,1,4,47.25306353109008,0,0,4,52.81788159786876,0,0,0,1,0,0,1,0,0,0,0,0,1,0,1,0,0,0
4185,1,5,34.08167688700171,1,1,3,77.10460974673539,1,1,0,0,1,0,0,0,1,0,1,0,0,0,0,1,0,0
4186,1,5,95.46661011251672,1,1,1,55.701251977293886,0,1,0,1,0,0,0,1,0,0,0,1,0,0,0,0,0,1
4187,1,5,69.66840335151014,1,0,3,59.30856281251098,1,1,0,0,1,0,0,0,1,0,0,0,1,0,0,0,1,0
4188,1,4,53.919933532730155,1,0,3,33.29118437718095,1,1,0,1,0,0,0,0,1,0,0,1,0,0,0,0,0,1
4189,1,4,51.051509338864854,1,0,5,12.594529778427543,1,0,0,0,1,0,1,0,0,0,0,0,0,1,0,0,0,1
4190,1,2,15.929609247109655,0,1,5,68.27323334218323,0,0,0,1,0,0,0,1,0,0,0,1,0,0,0,0,0,1
4191,0,3,37.218689706809826,1,1,4,0.048214047845163144,0,1,0,0,0,1,0,0,1,0,0,0,0,1,0,1,0,0
4192,1,5,67.27733147291075,1,0,5,32.87171694903692,1,0,0,0,0,1,0,1,0,0,0,0,0,1,1,0,0,0
4193,0,2,92.45702196867337,0,0,4,21.804395442465996,1,1,1,0,0,0,0,1,0,0,0,0,0,1,0,0,0,1
4194,0,2,81.64640593918385,1,0,1,38.85334407561275,1,0,0,0,1,0,0,1,0,0,1,0,0,0,0,0,1,0
4195,1,1,30.038980395997118,0,1,2,31.126802706382563,0,0,0,1,0,0,0,0,1,0,0,0,1,0,0,0,0,1
4196,0,5,43.39566256899333,0,0,5,70.42170797522591,1,0,0,0,1,0,1,0,0,0,0,0,0,1,0,1,0,0
4197,0,2,8.291752071279458,0,1,5,26.020605058643643,1,0,0,0,0,1,1,0,0,0,0,0,0,1,0,1,0,0
4198,0,1,10.217232303558077,0,1,1,56.07503455874625,0,0,0,0,1,0,0,0,1,0,0,1,0,0,0,0,1,0
4199,0,5,47.02303869987151,0,1,5,45.57704300579364,0,0,0,1,0,0,0,0,0,1,0,0,1,0,0,0,0,1
4200,1,4,53.021940681710014,1,0,1,80.10575053355227,0,0,0,0,1,0,0,1,0,0,1,0,0,0,0,0,0,1
4201,1,1,26.402709569691396,0,1,4,42.80924878621658,1,1,0,1,0,0,0,1,0,0,1,0,0,0,0,0,1,0
4202,1,4,64.27826891859412,0,1,5,86.3876077931563,0,0,0,0,0,1,1,0,0,0,0,1,0,0,1,0,0,0
4203,1,3,70.33806855801377,1,0,5,0.01457676072530445,1,1,0,0,0,1,0,0,1,0,1,0,0,0,0,1,0,0
4204,1,3,29.91161316119577,1,0,4,60.48363552056498,1,0,0,0,0,1,0,0,1,0,0,1,0,0,1,0,0,0
4205,1,3,75.84247257075418,1,0,5,0.9806993534163921,1,1,1,0,0,0,0,0,0,1,0,0,1,0,1,0,0,0
4206,1,3,20.560491903913338,1,1,3,71.39343233434745,0,0,0,0,0,1,0,0,0,1,0,1,0,0,0,0,0,1
4207,1,2,54.425137727557384,0,1,1,23.492240182820833,1,0,0,0,1,0,1,0,0,0,0,1,0,0,0,0,1,0
4208,1,3,80.42810935621732,1,0,2,37.998125177312936,0,0,1,0,0,0,0,0,0,1,0,0,0,1,0,1,0,0
4209,1,2,53.700908568255535,0,1,3,38.04375142735038,0,0,0,0,0,1,0,0,0,1,1,0,0,0,1,0,0,0
4210,0,2,90.79627185210506,1,0,2,84.64224183598917,0,1,0,0,1,0,0,0,1,0,0,0,1,0,1,0,0,0
4211,1,5,5.850123287463582,1,0,3,10.209276089295427,1,1,0,0,1,0,0,0,1,0,0,0,1,0,0,0,0,1
4212,0,2,58.83138454914718,1,1,3,66.68969533502626,0,0,0,0,1,0,0,0,0,1,0,0,0,1,0,0,0,1
4213,0,2,56.17554525443901,1,1,3,98.12568291942038,1,1,0,1,0,0,1,0,0,0,0,1,0,0,0,0,0,1
4214,0,3,66.03533285426847,1,1,1,2.2384429137610296,1,0,1,0,0,0,0,0,0,1,0,0,1,0,0,0,1,0
4215,0,2,83.34068386803077,0,1,2,96.58941987618161,0,1,0,0,1,0,1,0,0,0,0,0,1,0,0,1,0,0
4216,1,4,72.5853084338395,0,0,4,1.8404728943539617,1,0,0,1,0,0,0,0,0,1,0,1,0,0,0,1,0,0
4217,0,3,79.02827353728418,0,0,4,84.11494584590625,0,0,0,0,0,1,0,0,1,0,0,1,0,0,0,0,0,1
4218,1,1,28.881672571762152,1,1,5,96.12444196591092,0,0,0,0,1,0,0,0,1,0,0,0,1,0,1,0,0,0
4219,1,3,38.74973785689646,0,1,1,99.30273822719167,0,1,0,1,0,0,1,0,0,0,0,1,0,0,0,0,0,1
4220,0,2,62.67769740462303,1,1,1,45.912134097055215,0,0,0,0,1,0,0,0,0,1,1,0,0,0,0,0,0,1
4221,1,4,55.346147192493525,1,0,1,86.69575062502106,1,0,1,0,0,0,0,0,0,1,0,0,1,0,0,0,1,0
4222,0,3,96.11038749705365,0,0,3,12.233954302960504,0,0,1,0,0,0,1,0,0,0,0,1,0,0,0,0,0,1
4223,0,4,18.683449993441936,0,1,1,42.53843386142614,1,0,0,0,0,1,0,0,0,1,0,0,1,0,0,1,0,0
4224,1,1,35.127837245114165,1,0,4,30.79749761830265,1,0,0,0,1,0,0,1,0,0,0,0,1,0,0,0,0,1
4225,1,1,57.27552332848548,1,0,1,39.517705060707854,0,0,0,1,0,0,0,0,1,0,0,0,0,1,0,1,0,0
4226,0,5,86.7963769936152,0,0,3,70.19808522643922,1,1,0,0,0,1,0,0,1,0,1,0,0,0,1,0,0,0
4227,1,5,92.93485246909917,1,0,2,8.748020004275524,0,1,0,0,1,0,1,0,0,0,1,0,0,0,0,1,0,0
4228,1,3,33.603633082759856,0,1,1,99.81639603286298,0,1,0,0,0,1,0,0,0,1,0,0,0,1,0,1,0,0
4229,1,5,6.710846152635163,0,1,2,63.50671590369197,0,0,0,1,0,0,1,0,0,0,0,0,0,1,0,0,0,1
4230,0,4,42.161969792218514,1,1,5,87.3517586572262,1,0,0,0,0,1,0,1,0,0,0,0,1,0,0,1,0,0
4231,0,5,39.43441432335071,1,1,3,82.96955652387791,0,0,0,0,0,1,0,0,0,1,1,0,0,0,0,1,0,0
4232,1,4,98.64870679296895,1,0,1,76.59975440388064,1,0,0,0,0,1,0,1,0,0,0,0,0,1,1,0,0,0
4233,1,5,43.10612442907894,1,1,5,3.9223531124082722,0,1,0,0,1,0,1,0,0,0,0,1,0,0,0,1,0,0
4234,1,5,30.572299930322945,0,1,5,51.64670765835401,1,1,0,1,0,0,0,0,1,0,0,0,1,0,0,1,0,0
4235,1,5,36.5377374534934,1,1,2,32.81483762145068,0,0,1,0,0,0,0,1,0,0,1,0,0,0,0,0,0,1
4236,1,2,39.69262806238139,0,1,4,11.293911582184023,1,1,0,0,1,0,0,0,0,1,0,0,1,0,0,0,1,0
4237,0,2,82.1540382196616,0,1,4,34.29902064199032,0,1,1,0,0,0,1,0,0,0,0,0,1,0,0,0,0,1
4238,1,5,8.101489283126417,1,0,4,64.48030373081824,1,1,1,0,0,0,1,0,0,0,0,1,0,0,1,0,0,0
4239,0,4,31.650704887502666,0,1,4,23.06264286221442,0,0,0,0,1,0,1,0,0,0,0,1,0,0,0,0,0,1
4240,1,3,96.63184919070996,1,0,3,44.45954292225463,1,0,0,0,1,0,0,0,1,0,0,0,0,1,0,1,0,0
4241,0,1,15.310250479879993,1,0,1,40.44942436286503,0,0,0,1,0,0,1,0,0,0,0,1,0,0,0,0,1,0
4242,1,2,74.260132153259,0,0,1,5.246296280641117,1,1,0,1,0,0,1,0,0,0,1,0,0,0,0,0,0,1
4243,0,5,35.63935011982904,0,0,3,62.80825293828008,0,1,0,0,0,1,0,0,1,0,0,0,0,1,0,0,0,1
4244,1,1,58.17855261945254,0,0,2,61.884690229253394,0,0,1,0,0,0,1,0,0,0,1,0,0,0,1,0,0,0
4245,0,2,9.954803850888204,1,0,1,96.64145052470047,0,0,0,1,0,0,1,0,0,0,1,0,0,0,0,1,0,0
4246,0,3,30.641166735394656,1,1,5,29.800521663147705,1,1,0,0,0,1,0,1,0,0,0,0,0,1,0,0,0,1
4247,0,4,50.086494166088826,0,0,1,41.895102864202094,1,0,0,1,0,0,1,0,0,0,0,1,0,0,0,0,0,1
4248,0,5,23.17006581758584,1,1,3,40.36376223494131,0,0,0,0,1,0,0,0,1,0,0,0,1,0,0,0,1,0
4249,0,3,54.18699430531522,1,0,2,91.97439009857786,1,0,0,1,0,0,0,1,0,0,0,1,0,0,1,0,0,0
4250,0,2,21.97593140627163,0,0,1,40.86493153892714,0,0,1,0,0,0,1,0,0,0,1,0,0,0,0,1,0,0
4251,1,5,65.01005526505539,1,0,3,44.27641442059587,0,0,0,1,0,0,0,0,1,0,1,0,0,0,0,0,0,1
4252,0,1,90.43543402503143,0,1,5,25.234453419174674,0,0,1,0,0,0,0,0,0,1,0,0,0,1,0,0,1,0
4253,1,4,8.548863735157141,0,0,4,0.11681464240477224,1,1,0,0,1,0,1,0,0,0,1,0,0,0,0,0,0,1
4254,1,2,21.661603577608634,0,0,5,11.045067137536746,0,0,1,0,0,0,0,0,0,1,0,0,0,1,0,0,0,1
4255,1,4,84.44230272603299,1,1,5,70.3889151427309,1,1,0,1,0,0,0,1,0,0,0,0,0,1,1,0,0,0
4256,1,5,63.15534854419575,0,0,2,68.24955933756426,1,0,0,0,0,1,0,0,1,0,0,1,0,0,0,0,1,0
4257,1,3,7.870891714256523,0,0,1,32.253057284487106,0,1,0,0,1,0,0,1,0,0,1,0,0,0,0,0,1,0
4258,0,4,48.63501151094953,0,0,4,47.300622774697565,1,0,0,1,0,0,0,0,0,1,0,1,0,0,0,1,0,0
4259,0,1,20.9758515011335,0,1,3,29.737839338031623,1,0,0,0,1,0,0,0,0,1,0,0,1,0,0,0,0,1
4260,0,2,19.909639407006974,1,0,4,73.0916388557895,1,0,0,0,1,0,0,0,0,1,0,1,0,0,0,0,1,0
4261,1,1,94.06453433605238,0,0,1,84.2499350106405,0,0,0,1,0,0,0,0,1,0,1,0,0,0,0,0,0,1
4262,0,4,76.1541548076109,1,1,2,89.91052926554752,0,0,0,1,0,0,0,0,0,1,0,0,1,0,0,0,0,1
4263,0,3,69.62305935241437,0,1,1,17.387132142112083,1,0,0,0,0,1,0,0,0,1,1,0,0,0,0,1,0,0
4264,0,3,23.89288170778586,1,0,3,69.50167418345532,1,0,0,0,1,0,0,0,1,0,0,0,1,0,0,1,0,0
4265,0,1,11.857343304095046,1,0,4,96.30046771305895,0,0,0,0,1,0,0,0,0,1,1,0,0,0,0,0,1,0
4266,0,5,87.08326212853501,1,0,5,65.06117041312974,0,1,0,1,0,0,1,0,0,0,0,1,0,0,0,0,0,1
4267,1,5,0.587956934245093,1,0,1,35.09741436011091,1,0,1,0,0,0,0,0,0,1,1,0,0,0,0,0,1,0
4268,0,3,38.80964237010196,0,1,2,63.59463658006981,0,0,0,1,0,0,0,0,1,0,0,0,0,1,0,0,0,1
4269,1,1,27.761250296133355,0,1,2,68.8426052320934,0,0,0,0,1,0,0,0,0,1,0,0,0,1,0,0,1,0
4270,1,1,57.037620034882366,1,1,4,39.70472998603945,1,1,0,1,0,0,0,0,1,0,0,1,0,0,0,0,1,0
4271,1,1,25.050843588583472,1,0,5,10.3990950547861,0,1,0,0,0,1,0,0,0,1,0,1,0,0,0,0,0,1
4272,1,4,31.120535932830794,1,1,3,60.66598675202233,1,0,1,0,0,0,1,0,0,0,0,0,1,0,1,0,0,0
4273,1,5,85.00398549931936,0,1,5,80.21408005167268,1,0,0,1,0,0,0,0,1,0,0,1,0,0,0,1,0,0
4274,0,5,60.31888234045187,1,0,4,99.75764837560588,1,1,0,0,0,1,0,0,1,0,0,0,0,1,0,0,0,1
4275,0,4,14.568252732936838,1,0,5,22.305830696294205,1,1,0,0,1,0,0,0,1,0,0,1,0,0,0,0,1,0
4276,0,2,72.64715434958316,0,0,4,70.03889741817349,0,0,0,1,0,0,0,0,1,0,0,0,0,1,1,0,0,0
4277,1,4,20.74592014798784,0,0,5,2.8043200166073645,0,0,0,0,1,0,0,0,0,1,0,1,0,0,0,0,1,0
4278,0,1,43.30049301124801,0,0,1,96.98252797478109,0,1,0,0,0,1,0,0,0,1,0,0,0,1,1,0,0,0
4279,0,4,64.66072368392933,0,0,2,1.256446152438051,0,0,0,0,1,0,1,0,0,0,0,0,1,0,0,0,0,1
4280,1,1,27.192953745748728,0,1,4,35.87949616387115,1,1,0,0,0,1,1,0,0,0,1,0,0,0,0,1,0,0
4281,1,3,38.410681467579224,0,0,4,7.640277297623221,0,0,0,0,0,1,0,0,0,1,1,0,0,0,0,0,1,0
4282,1,1,73.41495973041509,1,0,2,62.09679616080689,1,0,0,0,0,1,0,1,0,0,0,0,0,1,1,0,0,0
4283,1,5,93.79109534243433,1,1,3,33.949979560802355,1,0,0,1,0,0,0,0,1,0,0,1,0,0,1,0,0,0
4284,0,4,52.924505695947296,0,1,4,73.29439313304604,1,0,0,0,1,0,0,0,0,1,0,1,0,0,0,1,0,0
4285,1,1,0.9970971556622743,1,1,1,48.637806666805204,0,0,0,0,1,0,1,0,0,0,1,0,0,0,0,0,1,0
4286,1,2,33.84637512418305,0,1,5,41.940341635196496,1,1,1,0,0,0,0,0,1,0,0,0,0,1,0,0,0,1
4287,0,3,39.86343348455345,1,1,1,34.85163491147919,1,0,1,0,0,0,1,0,0,0,0,1,0,0,0,0,0,1
4288,0,2,33.91736200022441,0,0,4,8.612916701465245,0,0,1,0,0,0,0,1,0,0,1,0,0,0,0,0,1,0
4289,1,2,43.626886111556274,0,0,3,20.48248526792148,1,0,1,0,0,0,0,0,1,0,0,0,0,1,0,1,0,0
4290,0,2,63.26662538183997,1,1,4,63.910250498848555,0,0,0,0,1,0,0,1,0,0,0,0,1,0,0,1,0,0
4291,1,3,12.112802699775315,1,1,3,49.67516685387622,0,0,0,0,0,1,0,1,0,0,0,1,0,0,0,1,0,0
4292,1,3,27.263050886750552,0,1,2,7.008945160555957,1,1,0,0,0,1,0,1,0,0,0,1,0,0,1,0,0,0
4293,0,3,50.764808601762454,0,1,5,54.39517176398548,1,1,0,1,0,0,0,0,0,1,0,0,0,1,1,0,0,0
4294,0,3,31.55733081799751,0,0,1,5.414266144908286,0,0,0,0,0,1,1,0,0,0,1,0,0,0,0,1,0,0
4295,1,2,99.10853381353594,0,1,3,51.172694751998826,0,0,0,0,1,0,0,0,1,0,0,0,0,1,0,0,1,0
4296,1,5,43.143146703748826,0,1,1,96.49614468988891,1,0,0,0,1,0,0,0,0,1,1,0,0,0,0,0,0,1
4297,1,5,86.97991535922162,0,0,2,30.734455373040205,1,0,0,0,1,0,1,0,0,0,0,0,0,1,1,0,0,0
4298,0,3,89.65098356138644,1,0,4,72.35031386421754,1,0,0,1,0,0,0,0,0,1,0,0,1,0,0,1,0,0
4299,1,4,83.60069997223499,1,0,3,74.55520405919752,1,0,1,0,0,0,1,0,0,0,0,1,0,0,1,0,0,0
4300,1,1,4.689824094516782,1,1,5,40.48595334111397,1,0,0,0,0,1,0,0,1,0,1,0,0,0,1,0,0,0
4301,1,4,94.77467316133514,1,1,3,59.329215077990995,1,0,0,0,1,0,0,0,1,0,0,0,1,0,0,1,0,0
4302,1,4,12.874256213317691,1,0,4,47.20460906975376,1,0,0,0,1,0,0,0,1,0,0,0,0,1,0,0,1,0
4303,1,4,3.4403627714294505,0,1,4,28.336301971080637,1,0,1,0,0,0,0,0,1,0,1,0,0,0,0,0,0,1
4304,0,5,41.43696079065575,0,1,5,75.47420952005399,1,0,0,0,1,0,1,0,0,0,1,0,0,0,0,0,1,0
4305,1,1,19.463403275785605,1,0,5,70.28266156484058,1,0,0,0,0,1,0,0,0,1,0,0,1,0,1,0,0,0
4306,1,4,18.419652966323618,0,0,2,90.05488645732306,0,0,0,1,0,0,0,0,1,0,0,0,0,1,0,0,1,0
4307,1,3,28.78196133761506,1,0,1,61.81261796596027,0,0,0,0,1,0,0,0,1,0,0,0,1,0,0,0,1,0
4308,1,5,24.840560524685486,1,1,3,38.87201411961959,0,0,0,0,0,1,0,0,1,0,0,0,0,1,0,0,0,1
4309,0,3,68.4795402150153,0,0,2,71.40075581026751,0,0,0,0,1,0,0,1,0,0,0,0,1,0,0,1,0,0
4310,0,3,18.677730663607008,0,1,1,61.903622955864215,1,0,1,0,0,0,0,0,1,0,0,0,1,0,0,1,0,0
4311,0,4,54.31183051972586,1,1,2,61.66141928006347,0,1,0,0,1,0,0,0,1,0,0,0,1,0,0,1,0,0
4312,1,3,98.64265461435298,1,1,5,84.98377570282211,1,1,0,0,1,0,1,0,0,0,0,0,1,0,0,0,1,0
4313,1,1,43.238242095628884,1,0,5,91.04685387469529,1,1,0,1,0,0,0,1,0,0,0,0,0,1,0,0,1,0
4314,0,3,64.18731087954365,1,0,4,18.02416644216873,1,0,1,0,0,0,1,0,0,0,0,1,0,0,0,0,0,1
4315,0,4,96.93716777298737,0,0,3,31.405022421725548,1,1,1,0,0,0,0,0,0,1,0,0,1,0,0,1,0,0
4316,0,3,13.763899804136425,1,1,3,65.03057009675413,1,1,0,1,0,0,0,1,0,0,0,0,0,1,0,0,0,1
4317,1,5,41.86070092930494,0,0,3,55.72212337096225,0,0,0,0,1,0,1,0,0,0,0,1,0,0,0,0,0,1
4318,1,5,85.01924001952541,1,0,2,65.23261694994594,0,0,0,0,0,1,1,0,0,0,1,0,0,0,0,0,1,0
4319,0,5,93.23056827448798,1,1,2,43.301459932718856,0,0,1,0,0,0,0,0,0,1,1,0,0,0,0,1,0,0
4320,0,2,60.12360579589051,0,1,3,41.24390137160495,1,0,1,0,0,0,0,0,0,1,0,0,1,0,1,0,0,0
4321,0,5,14.342060254022337,0,0,4,11.76539052597343,0,1,0,0,1,0,0,0,1,0,1,0,0,0,1,0,0,0
4322,1,5,90.1471583947655,0,0,1,62.36482401045308,0,0,0,0,1,0,0,0,1,0,0,0,1,0,0,0,1,0
4323,1,2,17.444656619094257,0,1,2,17.57856525649608,1,1,1,0,0,0,0,1,0,0,0,0,1,0,0,0,1,0
4324,1,5,35.28778483321185,0,1,3,67.1021595637972,1,0,0,0,1,0,0,1,0,0,0,1,0,0,0,0,1,0
4325,0,4,37.550797776226176,1,1,5,96.70722432299812,0,1,0,0,0,1,0,0,0,1,1,0,0,0,0,0,1,0
4326,0,5,44.729153987262805,1,0,2,25.641282747629546,1,0,1,0,0,0,0,1,0,0,0,0,1,0,1,0,0,0
4327,1,5,79.01658159309495,1,0,1,14.215230534960476,1,1,0,0,0,1,0,0,1,0,1,0,0,0,0,1,0,0
4328,0,2,80.21443781024846,0,1,2,2.417524528093362,0,0,0,0,0,1,0,0,0,1,0,1,0,0,0,0,0,1
4329,1,4,71.96550732781142,0,0,1,37.88271863453391,0,0,0,0,1,0,1,0,0,0,1,0,0,0,1,0,0,0
4330,0,3,2.212867442158162,0,0,1,21.461105885689324,1,0,0,0,0,1,0,0,0,1,0,1,0,0,0,1,0,0
4331,0,1,56.484510221715155,1,0,2,49.18594231439361,1,0,0,0,1,0,0,1,0,0,0,1,0,0,0,0,1,0
4332,0,4,74.74929558814,0,1,1,52.43060279927505,0,1,0,1,0,0,0,0,1,0,0,1,0,0,0,0,0,1
4333,0,3,44.46252400615428,1,0,2,34.932774437710165,0,0,0,0,1,0,0,0,1,0,0,0,1,0,0,1,0,0
4334,1,4,94.49360453653965,1,1,2,74.99062222781426,0,0,0,0,0,1,1,0,0,0,0,0,0,1,0,1,0,0
4335,0,3,82.3810521880351,1,0,4,90.48066707122159,1,0,0,1,0,0,1,0,0,0,0,0,1,0,0,0,0,1
4336,1,3,63.815506548683075,0,1,5,21.152309779327403,0,0,0,0,1,0,0,0,0,1,1,0,0,0,0,1,0,0
4337,1,4,6.242518368251337,1,1,1,83.62977734061265,0,0,0,0,0,1,0,0,1,0,0,0,1,0,0,1,0,0
4338,1,2,65.23462475831381,1,0,2,13.118789975537815,0,0,1,0,0,0,1,0,0,0,0,0,1,0,0,0,0,1
4339,0,4,91.15796012522189,1,0,1,22.870218454349732,1,1,1,0,0,0,1,0,0,0,0,0,0,1,0,0,0,1
4340,1,4,37.94453868809514,0,1,2,56.14156862337853,1,1,0,0,1,0,0,0,0,1,1,0,0,0,1,0,0,0
4341,1,3,83.8132525605361,1,1,2,30.658148875561043,0,1,0,0,1,0,0,0,0,1,0,1,0,0,0,0,1,0
4342,1,1,31.3161142862179,0,0,2,4.171079058884597,1,0,1,0,0,0,0,0,1,0,0,1,0,0,0,0,1,0
4343,0,3,57.01032915473028,0,1,5,29.487214170978547,0,0,0,0,0,1,0,1,0,0,1,0,0,0,0,1,0,0
4344,0,5,64.84244183707824,1,1,1,90.48701885969027,0,0,0,0,0,1,0,1,0,0,0,0,1,0,0,0,1,0
4345,1,4,67.79950375588949,1,0,5,17.42231619218211,0,0,0,0,0,1,0,0,1,0,0,0,0,1,1,0,0,0
4346,0,4,88.25493144643481,0,0,5,76.3750879842776,1,0,0,0,1,0,0,1,0,0,0,0,0,1,0,1,0,0
4347,1,2,23.462226700628207,1,0,5,72.22820060044813,0,0,0,1,0,0,0,0,1,0,1,0,0,0,0,0,1,0
4348,1,3,26.236958528897468,0,0,5,10.622481606424206,1,1,0,1,0,0,0,0,1,0,1,0,0,0,0,0,1,0
4349,0,2,70.40409933107368,0,1,4,32.94429645838667,1,1,0,1,0,0,1,0,0,0,0,0,1,0,0,1,0,0
4350,1,4,17.71938124840381,0,0,1,18.935628913870993,0,1,0,1,0,0,0,1,0,0,0,0,0,1,0,0,0,1
4351,0,3,46.42704049639603,1,0,1,2.315018119327117,1,0,0,1,0,0,0,0,1,0,1,0,0,0,1,0,0,0
4352,0,3,2.003438407721514,0,0,2,17.304067523589627,0,0,0,0,1,0,0,1,0,0,0,0,1,0,0,1,0,0
4353,1,5,14.097933699011412,0,0,1,20.1577941633729,0,1,0,0,1,0,0,1,0,0,0,0,1,0,0,1,0,0
4354,0,5,67.88463850288615,1,1,5,16.59802473044284,0,0,0,1,0,0,0,0,0,1,1,0,0,0,0,0,1,0
4355,0,1,74.7461603481754,1,1,3,9.109720943732036,0,0,0,0,1,0,0,1,0,0,0,0,0,1,0,0,0,1
4356,1,5,11.531903323787684,0,0,1,52.63051322213006,1,1,0,0,1,0,0,0,1,0,0,1,0,0,0,0,1,0
4357,1,3,22.7709550411197,0,0,3,32.26390417028065,0,0,0,1,0,0,1,0,0,0,0,0,1,0,0,1,0,0
4358,0,5,9.89044465370511,0,0,4,90.82493614081196,0,1,0,0,0,1,0,1,0,0,0,1,0,0,0,1,0,0
4359,0,1,43.34128439251168,1,0,2,18.721346801943717,0,0,0,0,1,0,0,0,1,0,0,0,1,0,0,0,1,0
4360,1,4,12.611607074463327,0,1,2,60.286263009644614,0,1,0,0,0,1,0,0,0,1,0,0,0,1,0,0,0,1
4361,0,5,43.729601716689004,0,1,2,90.06203842656424,1,0,0,0,1,0,0,1,0,0,0,1,0,0,0,1,0,0
4362,0,3,73.20982558011316,1,1,4,4.718965106588291,1,0,0,0,1,0,1,0,0,0,1,0,0,0,1,0,0,0
4363,0,4,68.33886331434175,1,1,5,51.62774709389733,0,0,0,1,0,0,0,1,0,0,0,0,1,0,0,0,0,1
4364,0,3,28.046048685184523,0,0,3,45.06688125311871,1,0,0,0,1,0,0,0,1,0,1,0,0,0,0,1,0,0
4365,0,4,67.37625492469324,1,1,1,92.8778608077409,0,0,1,0,0,0,0,1,0,0,1,0,0,0,0,0,0,1
4366,0,3,92.7712130899577,0,1,5,66.37647728743617,0,1,1,0,0,0,0,1,0,0,0,0,0,1,0,0,0,1
4367,0,5,34.75243870849155,0,0,2,34.91614099520438,0,1,0,1,0,0,0,0,0,1,1,0,0,0,1,0,0,0
4368,1,5,32.911915369760656,1,1,2,71.15212185081488,1,0,0,0,0,1,0,1,0,0,0,0,1,0,0,1,0,0
4369,1,1,57.14386514820175,0,1,5,58.265402071385076,0,0,0,0,0,1,1,0,0,0,1,0,0,0,0,0,0,1
4370,1,4,24.55018110274718,0,1,3,34.71698980348046,1,0,0,0,0,1,0,1,0,0,1,0,0,0,0,1,0,0
4371,1,1,65.1578927980252,1,0,5,78.52486778353881,1,0,1,0,0,0,0,0,0,1,0,0,1,0,0,1,0,0
4372,1,2,83.2261770672481,0,0,4,66.81697598063643,0,1,0,0,0,1,0,0,1,0,1,0,0,0,0,0,0,1
4373,0,5,45.9318505098632,1,0,2,0.5416298342469705,1,0,0,0,0,1,0,1,0,0,0,0,0,1,0,0,1,0
4374,0,4,67.95073249283824,0,0,3,86.51346060109877,0,1,0,1,0,0,0,1,0,0,0,0,1,0,0,0,0,1
4375,0,1,65.18854238829952,1,1,1,39.709188222113035,1,0,0,0,0,1,0,0,0,1,0,0,0,1,0,0,1,0
4376,0,1,3.8665561847589514,1,1,2,64.54476005873211,1,0,1,0,0,0,0,0,0,1,1,0,0,0,0,0,1,0
4377,1,2,18.34162951757764,1,0,5,39.67683209719184,1,1,1,0,0,0,0,0,0,1,0,1,0,0,0,0,1,0
4378,0,1,89.35300018181299,1,0,3,88.13620442339001,1,0,1,0,0,0,0,1,0,0,0,0,0,1,0,0,1,0
4379,0,3,93.88921473650194,1,0,2,65.08354461890161,0,0,0,1,0,0,1,0,0,0,0,0,0,1,0,0,0,1
4380,1,5,78.04396399111774,1,1,1,57.93862091002897,0,0,0,1,0,0,0,0,0,1,1,0,0,0,0,0,1,0
4381,0,1,92.12481483276946,0,1,1,98.02647501025477,0,0,0,0,1,0,0,0,1,0,0,1,0,0,0,1,0,0
4382,0,1,30.614865091857478,0,0,5,28.064052006065097,0,0,0,0,0,1,0,1,0,0,0,0,1,0,0,0,0,1
4383,1,2,24.7710971779047,1,0,4,6.525429061162447,0,0,0,1,0,0,0,0,1,0,0,1,0,0,1,0,0,0
4384,0,3,38.430018756052,0,0,5,51.60104329061445,0,0,1,0,0,0,0,0,1,0,0,0,1,0,0,0,1,0
4385,0,1,5.534199855045285,1,0,3,42.40178338159395,0,0,1,0,0,0,1,0,0,0,1,0,0,0,0,0,0,1
4386,0,5,80.98716190413278,1,0,5,45.42900490770451,1,0,0,1,0,0,0,0,1,0,0,1,0,0,0,0,1,0
4387,0,5,98.41754851150772,0,0,3,62.010483828573435,1,1,0,1,0,0,0,0,0,1,1,0,0,0,0,1,0,0
4388,0,1,82.40292924366098,1,0,4,61.51216366038392,0,0,0,1,0,0,0,0,0,1,0,0,0,1,0,0,1,0
4389,1,3,55.49753348525481,0,0,5,39.2264293331531,0,0,0,0,1,0,0,1,0,0,0,1,0,0,0,0,0,1
4390,1,5,29.52819704829498,1,1,1,86.28770239625547,1,0,1,0,0,0,1,0,0,0,0,0,1,0,0,1,0,0
4391,1,5,19.76978885435806,1,0,3,65.14585094871656,1,0,0,0,1,0,1,0,0,0,0,0,0,1,0,0,1,0
4392,1,3,36.406287179665995,0,1,3,88.99116791086679,0,0,0,0,1,0,0,0,1,0,0,0,1,0,1,0,0,0
4393,1,3,66.69695295482063,1,0,1,91.31539051024458,0,1,0,0,0,1,1,0,0,0,0,0,0,1,0,0,1,0
4394,1,1,44.70615555408236,1,1,5,16.73120758608543,1,0,1,0,0,0,0,0,1,0,0,0,1,0,0,0,1,0
4395,0,4,93.4059820084486,1,0,4,68.05618738910603,1,0,1,0,0,0,0,0,1,0,0,0,1,0,0,1,0,0
4396,1,2,85.42203429657324,0,0,2,31.751186383764274,1,0,0,1,0,0,1,0,0,0,1,0,0,0,0,0,1,0
4397,1,4,10.240061596289895,0,1,5,83.64290545484792,1,0,0,1,0,0,0,1,0,0,0,0,0,1,0,0,0,1
4398,0,4,13.152522388570997,0,0,5,73.28515796555052,1,0,0,0,0,1,0,0,1,0,1,0,0,0,0,0,0,1
4399,0,5,67.62391853001108,0,1,3,19.874768752585304,0,0,0,0,1,0,0,0,0,1,1,0,0,0,0,1,0,0
4400,1,3,23.07683899803543,0,1,3,93.87307665032205,1,1,0,1,0,0,0,0,0,1,1,0,0,0,0,0,0,1
4401,0,5,79.10298770117512,1,1,4,68.34790069924235,0,0,0,1,0,0,1,0,0,0,1,0,0,0,1,0,0,0
4402,1,2,59.13581423263531,0,0,4,94.86331032375814,1,0,1,0,0,0,1,0,0,0,0,0,1,0,0,0,1,0
4403,0,1,22.983052773335,0,1,4,20.19111721934085,0,1,1,0,0,0,0,0,1,0,1,0,0,0,0,1,0,0
4404,1,2,47.868679748059115,1,0,1,86.97050943986339,0,1,0,1,0,0,0,0,1,0,1,0,0,0,0,0,0,1
4405,0,5,40.60762923670333,1,1,2,66.80728204156352,0,0,1,0,0,0,0,0,0,1,1,0,0,0,1,0,0,0
4406,0,5,87.31593591894047,0,0,2,55.22865937826461,0,1,0,0,0,1,0,0,1,0,0,0,1,0,1,0,0,0
4407,1,5,3.216247497705027,1,1,4,82.05128998610388,0,1,0,1,0,0,0,0,0,1,0,0,0,1,0,1,0,0
4408,1,5,89.584389046679,1,1,3,63.28638868457098,1,0,1,0,0,0,0,0,1,0,0,0,1,0,0,1,0,0
4409,1,4,65.20826828797433,1,0,2,66.96001605521047,0,0,0,0,0,1,0,1,0,0,0,0,1,0,0,0,0,1
4410,1,1,73.75381875483788,0,0,5,25.36705842560909,1,0,1,0,0,0,0,1,0,0,0,0,1,0,0,0,1,0
4411,1,4,0.26074633926337354,1,0,1,81.70536886312914,0,0,1,0,0,0,0,0,0,1,0,0,0,1,1,0,0,0
4412,0,5,62.823943403723234,1,0,3,65.03027023273145,1,0,1,0,0,0,0,1,0,0,1,0,0,0,1,0,0,0
4413,1,3,58.8486163711026,0,0,1,84.43891787008013,0,1,0,1,0,0,0,1,0,0,1,0,0,0,0,1,0,0
4414,1,4,53.72055563862999,1,0,5,35.15269655433837,0,0,0,0,1,0,1,0,0,0,0,0,0,1,1,0,0,0
4415,0,5,78.5866856705885,1,0,2,33.171012240572296,1,1,1,0,0,0,0,0,1,0,0,0,0,1,0,1,0,0
4416,0,5,55.58710963965052,0,0,1,2.3902964598464194,1,1,0,0,0,1,1,0,0,0,0,1,0,0,0,0,1,0
4417,1,1,85.70971895598576,0,0,1,76.86053267945152,1,0,0,1,0,0,0,0,0,1,1,0,0,0,0,1,0,0
4418,0,2,23.263148640963838,0,1,1,33.03143870917516,1,1,0,1,0,0,1,0,0,0,0,0,1,0,0,0,1,0
4419,0,4,80.59825889716998,1,1,5,32.721230970582695,1,1,0,0,0,1,0,0,0,1,0,0,1,0,0,0,0,1
4420,1,4,17.931277282480572,0,1,3,68.86845154747697,0,0,1,0,0,0,0,1,0,0,1,0,0,0,0,1,0,0
4421,0,4,81.31177919689799,0,1,3,25.28689767727943,0,1,0,0,1,0,1,0,0,0,0,0,0,1,0,0,0,1
4422,0,5,94.04635188285677,1,0,5,90.90204865991362,0,0,1,0,0,0,0,1,0,0,0,1,0,0,0,0,1,0
4423,1,1,33.56941423103841,1,1,1,53.80659912552167,1,0,0,0,0,1,0,0,1,0,0,0,1,0,1,0,0,0
4424,1,5,52.98863139801888,1,1,1,96.94772360453631,0,0,0,1,0,0,0,1,0,0,0,1,0,0,0,0,0,1
4425,0,5,65.83290229231477,1,1,4,7.666884458945422,1,1,0,0,1,0,0,0,1,0,0,0,1,0,0,1,0,0
4426,0,3,7.947166585449461,1,0,2,33.682536764570294,0,1,0,1,0,0,0,1,0,0,0,0,1,0,0,1,0,0
4427,1,1,49.408071820412026,0,0,2,38.14703434143959,1,0,0,0,0,1,1,0,0,0,1,0,0,0,0,0,0,1
4428,0,4,36.05849765882467,0,1,3,73.04207200805799,1,0,1,0,0,0,1,0,0,0,0,0,1,0,0,0,0,1
4429,0,2,87.24556312513081,0,1,5,21.296225793061375,0,0,0,0,1,0,0,1,0,0,0,1,0,0,0,0,0,1
4430,0,4,87.66795187083261,1,1,1,37.53458533825711,1,0,0,1,0,0,0,0,0,1,0,1,0,0,0,1,0,0
4431,1,5,70.07795395472368,0,0,2,91.06425439575916,0,0,0,1,0,0,0,0,0,1,1,0,0,0,0,0,0,1
4432,0,1,65.57244745924983,1,1,5,11.4550883689029,0,1,0,1,0,0,0,0,1,0,0,0,1,0,0,0,0,1
4433,0,1,73.36884592758568,1,1,5,74.5324000658666,1,1,1,0,0,0,0,0,1,0,0,1,0,0,0,0,1,0
4434,1,1,36.598690100280706,0,0,1,70.24851116274694,0,0,0,0,1,0,0,1,0,0,0,0,0,1,0,0,0,1
4435,0,3,40.45192467506254,0,1,5,13.050507659410904,1,0,1,0,0,0,1,0,0,0,1,0,0,0,0,0,0,1
4436,0,4,55.37047228887053,1,1,2,68.84906873685756,1,1,1,0,0,0,0,0,1,0,0,0,0,1,0,1,0,0
4437,1,3,93.80281273644674,1,1,4,56.97837893089097,0,1,1,0,0,0,0,1,0,0,0,1,0,0,0,1,0,0
4438,1,2,72.39998741195626,0,1,2,28.752233714408483,1,0,0,0,0,1,0,0,1,0,0,0,0,1,1,0,0,0
4439,1,5,55.09892444962233,0,1,4,31.11411950525529,1,0,0,0,0,1,1,0,0,0,1,0,0,0,0,1,0,0
4440,1,3,77.04130148967145,1,1,5,83.29922753357623,0,1,0,0,0,1,0,0,1,0,0,0,0,1,0,1,0,0
4441,0,3,37.089031223842504,1,1,2,23.101498626622174,1,0,0,0,1,0,0,1,0,0,0,1,0,0,0,1,0,0
4442,0,5,73.04667011443706,1,1,1,51.27805294276744,1,1,1,0,0,0,0,0,1,0,0,0,0,1,0,1,0,0
4443,1,1,41.067624828270034,1,0,5,68.11497373031969,1,1,1,0,0,0,0,0,0,1,0,0,0,1,0,0,0,1
4444,1,5,27.96614070149861,0,1,1,12.990169433685416,1,0,0,0,0,1,0,0,1,0,0,0,0,1,1,0,0,0
4445,0,4,60.972404752229245,0,1,4,93.23538712163145,0,1,1,0,0,0,1,0,0,0,0,0,1,0,0,1,0,0
4446,1,5,68.68775596501845,1,1,3,26.06343150283855,0,0,1,0,0,0,1,0,0,0,0,1,0,0,0,0,0,1
4447,0,1,45.929356117956424,1,0,3,31.883492300321812,0,0,0,1,0,0,1,0,0,0,0,0,0,1,0,1,0,0
4448,1,5,56.55007313555015,0,1,4,66.61157381092573,0,0,1,0,0,0,1,0,0,0,0,1,0,0,1,0,0,0
4449,0,3,69.40660748559569,1,0,3,7.819164713613347,0,0,0,1,0,0,0,1,0,0,0,0,0,1,0,0,1,0
4450,1,2,76.77100515575094,1,1,5,62.76126899186166,0,0,1,0,0,0,0,0,1,0,1,0,0,0,0,0,1,0
4451,1,3,89.55714790830763,1,0,5,91.60299601857504,1,0,0,0,1,0,0,0,1,0,1,0,0,0,1,0,0,0
4452,0,2,35.454420626432814,1,0,2,24.909055530142478,1,0,0,0,0,1,0,0,1,0,1,0,0,0,0,0,0,1
4453,1,5,95.14772528525936,1,0,5,36.19077267846027,1,0,0,1,0,0,0,0,1,0,0,0,0,1,0,0,0,1
4454,0,4,63.72798101230875,1,1,3,23.233395752125773,1,1,0,0,0,1,0,1,0,0,0,1,0,0,1,0,0,0
4455,0,5,78.77018826989477,0,1,1,81.87687489129341,1,0,0,1,0,0,1,0,0,0,1,0,0,0,0,0,1,0
4456,0,1,69.97690434814383,1,0,2,16.760782350446636,0,1,0,1,0,0,0,0,1,0,0,0,1,0,0,1,0,0
4457,0,5,20.55717253484066,0,1,1,34.662823543585695,0,0,0,1,0,0,0,0,1,0,1,0,0,0,0,0,1,0
4458,0,2,7.143838300882832,0,0,3,60.10218214251366,1,0,0,0,1,0,1,0,0,0,1,0,0,0,0,1,0,0
4459,1,3,72.62864640181202,0,1,1,40.45544326659992,0,0,1,0,0,0,0,0,0,1,0,0,1,0,1,0,0,0
4460,1,4,51.10526677945765,1,1,3,6.546931450707804,0,0,0,1,0,0,0,0,0,1,1,0,0,0,1,0,0,0
4461,0,5,70.22133684083246,1,0,5,94.77206676150927,0,0,0,0,1,0,1,0,0,0,0,0,0,1,1,0,0,0
4462,1,5,47.684280391545975,1,0,2,33.790044175856636,0,0,0,1,0,0,0,0,1,0,0,0,0,1,0,0,1,0
4463,0,3,31.2234520416504,0,1,4,44.56512127647778,0,0,1,0,0,0,1,0,0,0,1,0,0,0,1,0,0,0
4464,1,4,28.501790925956826,0,0,3,16.75453352033658,1,0,0,1,0,0,0,0,1,0,0,1,0,0,0,0,1,0
4465,1,5,73.05321308699942,1,0,5,86.53502390459232,1,0,0,0,1,0,0,0,1,0,0,1,0,0,0,0,0,1
4466,1,5,27.678008146577472,1,1,1,29.142878786461157,0,1,1,0,0,0,0,0,0,1,1,0,0,0,0,1,0,0
4467,1,2,71.46768709254209,0,0,5,1.9823043399462281,0,0,0,0,1,0,0,0,0,1,0,0,1,0,0,1,0,0
4468,0,2,38.396012631737854,0,1,1,31.64025825879171,0,0,1,0,0,0,0,0,1,0,0,0,0,1,0,1,0,0
4469,0,1,77.08984043188025,0,1,1,98.4059684532896,1,0,1,0,0,0,0,0,1,0,0,0,0,1,1,0,0,0
4470,1,3,14.280992578266961,1,0,1,14.68428728149952,0,1,0,0,0,1,0,0,1,0,0,0,0,1,0,1,0,0
4471,1,4,20.497994320434554,0,0,1,3.1202487988527428,0,0,0,0,0,1,0,0,0,1,1,0,0,0,1,0,0,0
4472,0,5,68.59116057201635,0,0,2,57.817559022898266,0,0,0,0,0,1,0,0,1,0,0,0,0,1,0,0,1,0
4473,1,5,56.02311201982626,0,1,1,37.16665464675081,0,1,1,0,0,0,1,0,0,0,1,0,0,0,1,0,0,0
4474,0,1,20.38783426215992,1,0,2,79.49752992104516,1,0,0,1,0,0,0,1,0,0,1,0,0,0,0,1,0,0
4475,0,5,90.28270117268217,1,1,4,73.18877638587253,1,1,0,0,1,0,0,1,0,0,0,1,0,0,1,0,0,0
4476,0,3,27.59441474126463,1,0,2,18.54190280998266,0,0,0,0,1,0,0,0,1,0,0,0,1,0,1,0,0,0
4477,1,1,42.10713981936338,0,0,1,56.46323051550998,1,0,0,0,1,0,1,0,0,0,0,0,1,0,0,0,1,0
4478,0,3,20.228794187253797,0,1,4,3.243600745608488,0,1,0,0,0,1,0,0,1,0,0,0,1,0,1,0,0,0
4479,1,1,38.802761834151426,0,0,5,43.9478228134477,1,0,1,0,0,0,1,0,0,0,0,0,0,1,0,1,0,0
4480,0,5,49.164675011147416,0,0,2,71.40532219683575,0,1,0,0,0,1,0,0,0,1,0,1,0,0,1,0,0,0
4481,1,1,29.52470545129191,1,1,5,41.49587920877701,1,0,0,1,0,0,0,0,0,1,0,1,0,0,0,0,0,1
4482,1,2,76.90936731964834,0,0,4,11.795414782016088,0,1,1,0,0,0,0,0,1,0,1,0,0,0,1,0,0,0
4483,1,4,39.393297864624714,0,0,2,6.153358698935407,0,0,0,0,1,0,0,0,0,1,0,1,0,0,0,0,0,1
4484,0,5,72.95099999587671,1,1,1,85.36594497811767,0,0,0,0,0,1,0,0,1,0,1,0,0,0,0,1,0,0
4485,0,4,20.707217539024334,0,0,2,89.13269599491133,0,0,0,0,0,1,0,1,0,0,0,1,0,0,0,0,0,1
4486,1,5,37.703549679317874,0,0,1,34.30924812177998,1,0,0,1,0,0,1,0,0,0,1,0,0,0,0,0,0,1
4487,1,4,0.8058288895535171,0,1,3,16.417232463075294,1,0,0,1,0,0,1,0,0,0,0,0,0,1,0,0,0,1
4488,1,2,75.86375839137118,1,0,2,97.8616213124221,1,0,0,0,0,1,0,1,0,0,0,1,0,0,0,0,0,1
4489,0,4,62.588664433048415,0,0,2,54.586380360121055,1,0,0,1,0,0,0,1,0,0,0,0,1,0,0,0,0,1
4490,0,1,81.78233249204561,1,0,5,47.66550437158246,0,0,0,0,1,0,0,1,0,0,1,0,0,0,1,0,0,0
4491,0,4,45.561078810271326,0,1,5,74.1607747393279,1,0,0,1,0,0,0,1,0,0,0,1,0,0,0,0,1,0
4492,0,5,79.97406437128392,1,0,4,16.88693394213616,1,0,0,1,0,0,0,0,0,1,0,1,0,0,0,0,0,1
4493,1,3,64.75825442709784,1,1,1,57.998972340391084,1,1,0,0,0,1,1,0,0,0,1,0,0,0,0,1,0,0
4494,1,4,0.36129325342386664,1,0,5,89.0162356407589,1,0,0,0,0,1,1,0,0,0,0,1,0,0,0,1,0,0
4495,0,4,25.369429508851194,0,0,4,2.3068485937858596,0,0,1,0,0,0,0,1,0,0,0,0,1,0,1,0,0,0
4496,0,4,49.3891352206248,0,0,1,67.29397068520986,0,0,1,0,0,0,0,0,1,0,1,0,0,0,0,0,1,0
4497,1,5,61.86873497119713,1,0,1,55.14239557514055,1,0,0,0,0,1,0,0,1,0,1,0,0,0,0,0,1,0
4498,0,4,6.5590864664637145,1,0,1,95.0800784474451,1,1,0,1,0,0,0,0,1,0,1,0,0,0,0,0,0,1
4499,0,5,70.50799281837918,0,0,3,25.869850992221387,0,0,0,1,0,0,0,0,1,0,1,0,0,0,0,1,0,0
4500,0,5,54.35360976472599,1,0,1,85.8891641926373,0,0,1,0,0,0,0,0,0,1,1,0,0,0,0,1,0,0
4501,0,3,52.57793068182857,0,0,4,30.89857018832849,1,1,1,0,0,0,1,0,0,0,0,0,1,0,1,0,0,0
4502,0,1,29.20455580979151,0,0,1,42.98635760629078,1,0,1,0,0,0,1,0,0,0,1,0,0,0,0,0,0,1
4503,0,5,59.48230994905769,1,1,1,21.328756476449506,1,0,0,0,1,0,1,0,0,0,0,0,1,0,0,1,0,0
4504,1,2,2.7492889631774653,1,0,4,86.35910157855093,1,0,0,0,1,0,0,0,1,0,0,0,1,0,0,0,0,1
4505,0,4,6.470033050398849,0,1,2,19.540966065360987,0,0,1,0,0,0,0,1,0,0,0,0,1,0,0,0,1,0
4506,0,2,73.38700872128415,0,1,1,85.90129932645455,0,1,0,1,0,0,0,0,1,0,1,0,0,0,0,0,0,1
4507,1,4,32.18913425339639,0,0,4,45.561338257054764,0,1,1,0,0,0,1,0,0,0,0,0,1,0,0,0,0,1
4508,1,3,34.69670756244838,1,1,5,83.50854938168207,0,1,0,0,1,0,0,0,1,0,1,0,0,0,1,0,0,0
4509,1,5,20.83852032564518,0,1,4,26.448855910986502,0,1,0,1,0,0,0,1,0,0,0,0,1,0,1,0,0,0
4510,0,1,44.56206920999322,1,1,3,13.273014137120654,0,1,0,0,1,0,0,1,0,0,1,0,0,0,0,0,1,0
4511,1,5,5.199343141130031,1,1,5,55.49612649599018,1,1,0,1,0,0,0,0,1,0,0,1,0,0,0,0,1,0
4512,0,4,30.036322357111366,0,0,2,50.94370670557166,0,0,0,0,1,0,1,0,0,0,0,1,0,0,0,0,0,1
4513,0,1,52.71239217776975,1,1,2,35.66073780035326,1,0,0,1,0,0,0,0,0,1,0,0,1,0,0,1,0,0
4514,0,5,46.563192155913704,1,0,4,66.28214185384144,0,0,0,1,0,0,1,0,0,0,0,0,0,1,0,0,0,1
4515,1,1,99.96696431230338,1,1,4,9.514282875751157,1,0,0,1,0,0,0,0,0,1,0,0,0,1,0,0,1,0
4516,1,4,38.876465211691006,1,1,1,62.200107491512945,0,0,0,1,0,0,1,0,0,0,0,1,0,0,1,0,0,0
4517,1,3,38.69990592543089,0,1,1,21.175609350023695,0,1,0,0,0,1,0,0,1,0,0,0,1,0,1,0,0,0
4518,1,3,50.35817774144603,0,0,3,12.895455602129713,1,0,0,0,1,0,0,0,0,1,0,0,1,0,0,0,1,0
4519,1,5,19.03031102712298,1,0,1,90.9608180125356,1,0,0,0,1,0,1,0,0,0,0,0,1,0,0,0,0,1
4520,0,2,87.63044229591578,1,0,4,45.97957611538346,1,0,0,0,0,1,0,0,1,0,0,0,0,1,0,1,0,0
4521,0,4,57.22677888644485,1,0,4,76.34168715880244,1,0,0,1,0,0,1,0,0,0,0,1,0,0,1,0,0,0
4522,0,5,19.21076391994224,1,1,1,8.911692844851714,0,0,0,1,0,0,0,1,0,0,0,0,1,0,0,0,0,1
4523,0,5,79.34415913721324,1,0,3,5.746487800608335,0,0,0,0,1,0,0,1,0,0,0,1,0,0,0,1,0,0
4524,1,3,3.433217114285325,0,1,4,49.48522129210649,0,1,0,0,0,1,1,0,0,0,0,1,0,0,0,0,1,0
4525,1,1,98.25642005854273,0,0,3,31.555115154513082,0,1,0,1,0,0,0,0,1,0,1,0,0,0,0,0,0,1
4526,0,4,86.51493347713713,0,1,4,0.49072925094826303,0,0,0,1,0,0,1,0,0,0,0,0,0,1,0,1,0,0
4527,1,1,57.963945553401985,0,1,3,18.329464489886693,1,0,0,1,0,0,0,0,1,0,0,1,0,0,0,0,0,1
4528,1,4,11.129566275706647,1,0,3,21.877551549045794,0,1,1,0,0,0,0,0,0,1,1,0,0,0,1,0,0,0
4529,0,2,21.52727732896714,1,1,3,28.850635453109387,0,0,0,0,0,1,0,1,0,0,0,0,0,1,0,0,1,0
4530,0,3,27.943517031356315,0,1,1,87.75355770433512,1,0,0,1,0,0,0,0,0,1,0,0,1,0,1,0,0,0
4531,1,2,24.103173790361097,0,1,2,42.060253113196865,0,0,1,0,0,0,0,0,1,0,0,0,1,0,1,0,0,0
4532,1,5,49.75200104534457,0,1,3,67.94323904770867,1,0,0,0,0,1,1,0,0,0,1,0,0,0,0,0,0,1
4533,0,3,94.45603702671478,1,1,3,1.839609266153297,0,1,0,1,0,0,0,1,0,0,0,0,1,0,0,0,1,0
4534,0,5,44.41725847678105,1,0,4,81.39256778828677,0,0,0,0,1,0,0,0,1,0,1,0,0,0,0,0,0,1
4535,0,2,66.15645681734054,1,0,2,24.032894419641725,0,0,1,0,0,0,0,0,1,0,1,0,0,0,0,1,0,0
4536,1,4,68.85832059788231,0,1,4,30.90393289104346,1,0,1,0,0,0,0,1,0,0,0,0,1,0,0,0,1,0
4537,0,5,87.15807252544828,0,1,4,4.525643198703855,1,1,0,1,0,0,1,0,0,0,0,0,0,1,1,0,0,0
4538,0,1,3.3821287571519254,1,0,3,40.96929059736154,1,0,0,1,0,0,0,1,0,0,1,0,0,0,1,0,0,0
4539,1,4,40.43300593475422,1,0,5,85.25767727400451,0,0,1,0,0,0,1,0,0,0,0,0,0,1,1,0,0,0
4540,1,4,78.47351140860994,1,0,2,37.87342581202891,1,0,0,0,1,0,1,0,0,0,0,0,0,1,0,0,0,1
4541,1,2,81.48670149654463,0,1,4,90.86052707563924,0,1,0,0,1,0,0,0,1,0,1,0,0,0,0,0,0,1
4542,1,2,92.73326151740112,1,1,5,86.74476031926818,0,1,0,0,0,1,1,0,0,0,0,0,0,1,0,0,0,1
4543,1,3,70.27943598180023,1,0,5,6.196094299432597,1,1,0,1,0,0,1,0,0,0,1,0,0,0,0,0,1,0
4544,0,3,24.51539461047435,0,0,4,30.527194378181267,1,0,0,0,1,0,0,1,0,0,0,0,1,0,0,0,1,0
4545,0,1,50.566574308437815,1,0,3,91.04173075174606,1,0,0,0,0,1,0,1,0,0,0,0,1,0,0,0,1,0
4546,1,4,3.234528791889757,1,1,1,2.980894247466981,0,1,0,0,1,0,1,0,0,0,0,0,1,0,0,0,1,0
4547,1,1,64.69283410982469,1,1,4,76.58082846087595,1,1,0,1,0,0,0,0,1,0,0,0,1,0,0,1,0,0
4548,1,1,55.42952115087567,1,1,3,90.6427979151267,0,0,0,0,0,1,0,1,0,0,0,0,1,0,1,0,0,0
4549,1,2,66.68362807612931,0,0,2,77.04913983358269,0,0,0,0,0,1,0,0,0,1,0,0,0,1,0,0,0,1
4550,1,1,93.01405533875955,1,1,3,74.38143170059077,1,0,0,0,0,1,0,0,1,0,0,0,0,1,0,0,0,1
4551,0,1,68.72766117204316,0,0,5,84.33557756171498,0,0,0,0,1,0,0,1,0,0,0,0,0,1,0,1,0,0
4552,0,5,32.04499303747612,1,0,2,66.57895610320112,1,1,0,1,0,0,0,1,0,0,0,1,0,0,1,0,0,0
4553,0,3,19.873666387015675,0,0,2,42.30961887829716,0,0,0,0,0,1,0,0,0,1,0,1,0,0,1,0,0,0
4554,0,3,85.46362068186548,1,1,1,6.275555133505517,0,1,1,0,0,0,1,0,0,0,1,0,0,0,0,1,0,0
4555,1,4,19.433214327376056,1,1,1,78.79674450144459,0,0,0,1,0,0,0,1,0,0,0,1,0,0,0,0,1,0
4556,0,3,16.16095805953639,0,1,4,90.52536390408915,1,0,1,0,0,0,0,0,0,1,0,0,1,0,1,0,0,0
4557,1,4,20.66120806809758,1,1,3,51.15864615532002,0,0,1,0,0,0,0,0,0,1,0,0,1,0,0,0,1,0
4558,1,5,50.88408481305068,1,1,4,53.251047445579005,0,0,0,0,0,1,0,1,0,0,0,0,1,0,0,1,0,0
4559,1,3,12.418744315945684,0,1,1,40.32869841460677,0,1,0,0,0,1,0,0,1,0,1,0,0,0,0,0,0,1
4560,0,5,93.81183305967022,1,0,5,85.6882610833859,1,0,0,0,1,0,0,1,0,0,1,0,0,0,0,0,0,1
4561,1,3,96.62537072400896,1,0,1,1.4803303963580094,0,0,0,0,1,0,0,0,0,1,1,0,0,0,0,0,0,1
4562,0,3,97.38018532829989,1,1,3,62.454854961518514,0,0,0,0,1,0,0,1,0,0,1,0,0,0,0,0,0,1
4563,0,5,3.9124804819719805,1,1,5,90.74130977587377,1,0,0,1,0,0,0,0,1,0,0,0,0,1,1,0,0,0
4564,1,1,94.61975264800317,1,1,4,10.32223255322674,0,0,0,0,1,0,1,0,0,0,1,0,0,0,0,0,1,0
4565,1,1,99.74149326174252,0,0,4,95.9164537397988,1,0,1,0,0,0,1,0,0,0,1,0,0,0,0,0,0,1
4566,1,1,94.2429109345487,0,1,1,96.7678164035114,1,0,0,0,1,0,0,1,0,0,0,1,0,0,0,0,0,1
4567,0,1,67.09389057627061,1,0,1,92.9788965156154,1,0,0,0,0,1,0,1,0,0,0,0,0,1,0,0,0,1
4568,1,3,70.12301524085008,1,1,4,46.25460959719226,0,0,0,0,1,0,0,0,0,1,0,0,1,0,0,1,0,0
4569,0,2,12.225293987344765,0,0,4,38.29700030322974,0,0,0,1,0,0,0,0,1,0,0,1,0,0,1,0,0,0
4570,1,5,87.42970770749625,0,0,2,70.59477365220373,0,0,0,1,0,0,0,0,0,1,1,0,0,0,0,1,0,0
4571,1,2,5.96395846287715,0,1,3,31.869021794409168,0,1,1,0,0,0,0,0,0,1,0,0,1,0,0,0,1,0
4572,0,2,31.77305466176398,0,0,2,6.834415309538954,0,0,0,1,0,0,1,0,0,0,0,0,1,0,0,0,0,1
4573,0,4,99.1151645148187,0,0,2,90.14221633620312,0,0,0,0,1,0,0,0,0,1,0,0,1,0,1,0,0,0
4574,0,1,42.23278791029953,0,0,4,63.485605993175454,1,0,0,0,0,1,0,0,0,1,0,1,0,0,1,0,0,0
4575,0,3,13.115622396525872,1,0,3,20.715449829126786,1,0,0,1,0,0,1,0,0,0,0,0,0,1,1,0,0,0
4576,0,1,96.92946620490801,1,1,4,1.8408561348284391,1,1,1,0,0,0,1,0,0,0,0,0,0,1,0,1,0,0
4577,0,1,98.41396470417361,1,0,2,72.35159669313079,0,1,0,0,1,0,0,0,1,0,0,0,1,0,0,1,0,0
4578,1,2,18.704268523871438,1,0,2,85.27999227643956,1,0,1,0,0,0,0,0,1,0,1,0,0,0,0,1,0,0
4579,1,4,86.48038087401709,1,0,4,40.56475756483271,1,0,0,1,0,0,0,0,1,0,0,0,0,1,0,1,0,0
4580,0,1,39.04233261938918,0,1,1,8.089821085314508,0,0,0,1,0,0,0,1,0,0,0,0,0,1,0,0,1,0
4581,1,5,38.13684644867145,0,1,1,64.86212377003498,0,0,1,0,0,0,1,0,0,0,1,0,0,0,0,0,0,1
4582,0,5,26.269763189690167,0,0,4,29.692905223489863,1,1,0,0,1,0,0,1,0,0,0,1,0,0,0,0,0,1
4583,1,1,4.471027455489651,0,1,5,14.394672495027693,1,0,0,1,0,0,0,1,0,0,0,1,0,0,0,1,0,0
4584,1,2,26.800898368522354,0,1,5,51.03965552062344,0,0,0,0,0,1,0,0,1,0,1,0,0,0,0,1,0,0
4585,0,2,5.377690533305202,0,1,1,48.184372489225794,1,0,0,1,0,0,1,0,0,0,0,1,0,0,0,1,0,0
4586,0,3,92.43720463599634,1,1,3,51.67704090773599,1,1,0,0,1,0,0,1,0,0,0,0,1,0,0,0,1,0
4587,0,4,66.17206723927285,1,1,2,82.3932323559199,0,1,0,1,0,0,0,0,0,1,0,0,0,1,0,0,1,0
4588,1,2,88.66226500163916,0,1,3,48.45458824776856,1,1,1,0,0,0,0,0,0,1,0,1,0,0,1,0,0,0
4589,0,3,71.72906814705706,1,1,1,90.05405797458631,0,0,0,1,0,0,1,0,0,0,0,0,1,0,0,0,0,1
4590,1,5,13.128687108263925,0,0,4,84.18106196221657,0,1,0,1,0,0,0,1,0,0,0,0,1,0,0,1,0,0
4591,0,5,94.05815367352979,1,0,5,65.1115949283202,1,0,0,0,1,0,0,0,1,0,0,0,1,0,1,0,0,0
4592,1,5,89.9893053632767,0,0,1,5.685185760530597,1,0,1,0,0,0,0,1,0,0,0,0,1,0,0,0,0,1
4593,1,1,34.80760779010357,0,1,3,86.49443894628354,0,0,0,0,1,0,0,0,0,1,0,0,1,0,1,0,0,0
4594,0,4,11.15333403516765,1,0,3,90.5572029446741,0,1,0,1,0,0,0,0,0,1,1,0,0,0,0,0,1,0
4595,1,3,70.41547507888738,0,1,1,37.50471345102928,1,0,0,0,0,1,0,0,1,0,0,0,0,1,0,0,1,0
4596,1,4,72.83613027367225,1,1,2,52.61517596566083,0,1,0,1,0,0,1,0,0,0,0,0,0,1,1,0,0,0
4597,0,1,89.68290448407072,1,0,3,28.102067063852722,1,0,0,0,1,0,0,1,0,0,1,0,0,0,1,0,0,0
4598,1,3,5.265575945107992,0,0,2,1.4716334007391918,1,1,0,0,0,1,0,0,0,1,1,0,0,0,0,0,0,1
4599,0,3,14.170383802737184,0,0,2,47.945106131913086,0,0,0,0,1,0,0,1,0,0,0,0,1,0,0,1,0,0
4600,0,2,59.82487928791823,0,0,4,12.935897337763125,1,1,0,0,1,0,0,0,1,0,0,1,0,0,0,0,0,1
4601,0,4,61.913155087008256,1,1,1,18.332471022658257,1,0,1,0,0,0,0,0,1,0,0,0,0,1,0,0,0,1
4602,0,4,3.3609662315006283,1,0,1,48.07108116222616,0,0,0,0,0,1,1,0,0,0,0,1,0,0,0,0,1,0
4603,1,2,39.69320510616584,0,0,2,86.70383409800222,1,0,0,1,0,0,0,0,1,0,0,0,0,1,0,0,1,0
4604,1,5,58.41617312760491,0,1,4,84.46326717542824,0,0,0,0,1,0,1,0,0,0,0,0,1,0,1,0,0,0
4605,1,1,73.79113331517338,0,1,3,96.5068421430034,0,0,0,1,0,0,0,1,0,0,0,1,0,0,0,0,1,0
4606,0,4,31.615069177832854,0,1,3,48.26806185234379,1,0,1,0,0,0,0,0,0,1,0,0,0,1,0,0,0,1
4607,1,2,48.39034930218414,0,1,1,55.20089097144623,0,0,1,0,0,0,0,0,0,1,0,0,0,1,1,0,0,0
4608,1,3,81.40548723120092,0,1,2,82.21162343100087,0,1,0,0,0,1,1,0,0,0,0,0,1,0,1,0,0,0
4609,0,2,95.38950638977404,0,0,4,69.96734103996725,1,0,1,0,0,0,0,0,0,1,0,1,0,0,0,0,1,0
4610,0,5,23.03146753898455,1,0,4,18.282210690233924,1,0,1,0,0,0,1,0,0,0,0,0,1,0,0,1,0,0
4611,1,1,25.30422058198962,1,1,3,39.817475208995624,1,0,0,1,0,0,1,0,0,0,0,1,0,0,0,0,1,0
4612,0,5,93.98181874338755,0,0,3,92.91592920764897,1,1,1,0,0,0,0,1,0,0,0,1,0,0,1,0,0,0
4613,0,3,39.59111507626836,0,1,5,14.612714329278276,0,1,1,0,0,0,0,1,0,0,0,0,0,1,1,0,0,0
4614,0,3,71.83483245207427,1,0,5,20.93563740264004,0,0,0,0,1,0,0,0,1,0,1,0,0,0,0,1,0,0
4615,0,3,61.22652287298762,0,0,2,40.066004192105794,0,1,1,0,0,0,1,0,0,0,0,1,0,0,0,0,0,1
4616,1,3,28.55876797940563,1,0,5,93.98741327661035,1,0,0,0,1,0,0,1,0,0,0,1,0,0,1,0,0,0
4617,0,2,65.35622219580249,1,0,4,11.38181416173467,0,0,1,0,0,0,1,0,0,0,0,0,1,0,0,1,0,0
4618,0,3,65.55659009569733,0,0,5,67.29423666930614,1,0,1,0,0,0,1,0,0,0,0,1,0,0,0,0,0,1
4619,0,3,59.24431854090763,1,1,1,13.212252391206569,1,1,0,0,0,1,1,0,0,0,0,1,0,0,0,0,1,0
4620,0,2,9.966082484951288,1,0,1,52.45010355837869,1,1,0,0,0,1,0,1,0,0,0,1,0,0,0,1,0,0
4621,0,3,99.51718223740377,0,0,3,53.656351324013265,0,1,0,0,1,0,1,0,0,0,0,1,0,0,0,0,0,1
4622,0,5,40.04164611708274,0,0,3,4.262610653419452,0,0,1,0,0,0,1,0,0,0,0,1,0,0,1,0,0,0
4623,0,5,63.825098539698885,1,0,2,95.41177907715729,1,0,0,1,0,0,0,0,1,0,1,0,0,0,1,0,0,0
4624,0,4,88.57616941126193,0,1,1,80.66226302358515,1,0,0,0,0,1,1,0,0,0,0,0,0,1,0,1,0,0
4625,1,5,42.328848841983636,1,1,2,30.285420152625598,1,0,0,1,0,0,0,0,1,0,0,1,0,0,0,0,1,0
4626,0,1,77.39250568055486,1,1,2,13.062429180973535,1,0,0,0,0,1,1,0,0,0,0,0,1,0,0,1,0,0
4627,1,1,97.1824424679406,1,0,5,34.562671302404866,0,1,0,0,0,1,0,0,1,0,0,0,1,0,1,0,0,0
4628,0,1,35.89347602530483,1,1,3,89.42765462442335,0,0,1,0,0,0,0,1,0,0,0,1,0,0,0,0,0,1
4629,0,2,40.52695702327367,1,1,2,13.268359684330001,1,0,0,0,0,1,0,1,0,0,0,1,0,0,0,0,1,0
4630,0,5,90.55760589965686,1,1,2,34.931709832477594,0,0,0,1,0,0,0,0,0,1,0,1,0,0,0,0,0,1
4631,0,1,15.9642867815183,0,1,3,49.4304424664829,1,1,0,0,0,1,1,0,0,0,1,0,0,0,0,1,0,0
4632,1,4,2.859483835944232,0,0,3,3.2884316786656376,1,0,0,0,1,0,0,0,0,1,0,0,0,1,0,1,0,0
4633,0,2,90.88890048491119,0,0,1,26.80337126513016,1,0,1,0,0,0,0,0,0,1,0,0,1,0,0,0,0,1
4634,0,4,82.15915741175803,0,0,3,59.56338935677179,1,0,1,0,0,0,0,0,1,0,1,0,0,0,0,0,0,1
4635,1,5,97.2583032551332,1,0,5,32.396458121585226,0,0,0,0,1,0,0,1,0,0,1,0,0,0,0,0,0,1
4636,1,3,5.823778271067825,1,1,1,87.05254403532592,1,0,0,0,1,0,1,0,0,0,0,1,0,0,0,1,0,0
4637,0,4,15.617733044098724,1,0,2,93.67654187192154,0,0,0,0,1,0,1,0,0,0,0,0,0,1,0,0,0,1
4638,1,3,10.531255908980885,1,0,5,44.15428654497238,1,0,0,0,0,1,0,0,1,0,0,1,0,0,1,0,0,0
4639,1,2,68.34161322937092,1,0,5,53.20204754162222,1,0,1,0,0,0,0,0,0,1,0,0,1,0,0,0,0,1
4640,1,4,60.60100737471432,0,1,1,63.08082683110099,0,1,0,0,1,0,0,0,1,0,0,0,0,1,1,0,0,0
4641,0,4,35.933519938725965,0,1,2,66.45349660947898,0,1,0,0,0,1,0,0,0,1,0,1,0,0,1,0,0,0
4642,0,2,5.7423479402245015,0,1,1,6.32579444004846,0,0,0,0,1,0,1,0,0,0,0,0,1,0,0,0,0,1
4643,0,2,63.966198404654094,1,0,4,5.367943026615951,1,1,0,1,0,0,0,0,1,0,1,0,0,0,0,0,1,0
4644,1,1,57.01204851150566,1,0,4,86.5587674247754,1,1,0,1,0,0,0,0,0,1,0,0,1,0,0,0,1,0
4645,0,5,11.290321106061574,0,0,1,21.987204679268878,0,0,1,0,0,0,0,0,1,0,0,0,1,0,0,0,1,0
4646,1,4,90.89097044737142,1,0,2,58.410550294380826,0,0,0,0,0,1,0,1,0,0,0,0,1,0,1,0,0,0
4647,0,4,19.894970967199054,1,1,2,62.46718145136085,1,0,0,1,0,0,0,0,1,0,0,0,0,1,0,0,1,0
4648,0,2,74.35091521438564,0,0,3,16.44642774002407,1,1,0,1,0,0,1,0,0,0,1,0,0,0,0,0,1,0
4649,1,2,88.50758625429482,1,1,5,76.15966267696498,0,0,0,0,0,1,0,0,1,0,0,0,0,1,0,0,0,1
4650,0,5,57.94749906937084,0,1,1,86.59456182976709,0,0,0,0,1,0,1,0,0,0,1,0,0,0,0,1,0,0
4651,1,2,24.684890529825132,0,0,5,28.53776813176979,1,0,0,0,0,1,1,0,0,0,0,1,0,0,1,0,0,0
4652,1,3,30.924851762514137,0,1,5,87.78401809234371,1,0,0,0,1,0,0,0,1,0,0,1,0,0,0,1,0,0
4653,0,3,88.57475337188323,0,0,4,8.103716876456456,1,1,0,1,0,0,0,0,1,0,0,0,1,0,1,0,0,0
4654,1,3,29.825715637648464,1,0,4,80.04639262072368,1,1,0,1,0,0,0,0,1,0,0,0,1,0,1,0,0,0
4655,0,3,74.61904833173043,1,0,1,64.01111609436934,1,0,0,1,0,0,0,1,0,0,0,0,0,1,0,0,1,0
4656,0,5,99.01652122554053,1,0,1,58.311078938531736,0,0,1,0,0,0,0,1,0,0,1,0,0,0,0,0,0,1
4657,1,4,99.98167193626777,0,1,2,23.013274482494815,1,0,1,0,0,0,0,0,0,1,1,0,0,0,0,1,0,0
4658,0,3,53.34797482693314,1,1,1,36.18418027799849,0,0,1,0,0,0,0,0,1,0,1,0,0,0,0,1,0,0
4659,1,2,82.65557967860978,0,0,2,91.03043842702093,1,0,0,0,0,1,0,0,0,1,0,0,1,0,0,0,1,0
4660,0,3,99.02498679211995,1,1,2,46.57410864257508,1,1,0,1,0,0,0,0,0,1,0,0,1,0,0,1,0,0
4661,0,5,37.46728898419822,1,1,1,59.43800843627953,1,0,0,1,0,0,1,0,0,0,1,0,0,0,0,1,0,0
4662,0,2,25.240958507030587,0,1,2,93.58515327960218,1,0,0,0,0,1,0,0,0,1,0,0,1,0,1,0,0,0
4663,0,3,11.42333558421832,1,0,5,46.64884403232421,0,0,1,0,0,0,0,0,1,0,1,0,0,0,0,0,0,1
4664,0,4,14.08996380731261,0,0,2,38.82692383934088,1,0,0,0,0,1,0,1,0,0,0,0,0,1,0,0,0,1
4665,1,2,85.35563636206633,0,0,5,89.32021110481209,1,0,1,0,0,0,0,0,0,1,0,1,0,0,0,1,0,0
4666,1,2,58.872309030707406,1,1,5,91.0887954505611,1,0,0,1,0,0,0,0,0,1,1,0,0,0,0,1,0,0
4667,1,4,87.37091753924858,1,0,5,35.46382593019886,0,0,0,0,1,0,0,1,0,0,0,0,1,0,1,0,0,0
4668,1,2,78.94550890321685,1,0,3,59.19896825502069,1,1,1,0,0,0,0,0,0,1,0,0,0,1,0,0,1,0
4669,1,3,67.37446300480178,1,0,3,96.3727772833238,1,0,0,1,0,0,0,0,1,0,0,0,1,0,1,0,0,0
4670,1,2,60.93121919068607,0,0,2,5.547069513939629,0,0,0,1,0,0,0,0,0,1,0,0,1,0,0,0,1,0
4671,0,3,4.833890417809295,0,0,1,3.980241952058383,1,1,0,0,1,0,1,0,0,0,0,0,1,0,0,0,1,0
4672,0,4,87.22751960031923,1,0,2,51.658050886898074,0,0,0,1,0,0,0,0,0,1,1,0,0,0,1,0,0,0
4673,1,1,41.784206167971426,1,1,3,29.124014362658844,0,0,0,1,0,0,1,0,0,0,0,0,0,1,0,0,0,1
4674,1,4,55.9786857071392,1,0,4,58.18498849341503,1,0,1,0,0,0,0,1,0,0,1,0,0,0,1,0,0,0
4675,0,3,2.195350187702072,0,1,4,72.42953529335946,1,1,1,0,0,0,0,1,0,0,0,1,0,0,0,0,1,0
4676,0,5,93.60735018627871,1,0,2,6.907433752097236,0,0,0,0,1,0,0,0,0,1,1,0,0,0,0,0,0,1
4677,0,4,90.27404610920014,0,1,3,88.23674758021949,1,0,0,0,1,0,0,0,0,1,0,1,0,0,0,0,0,1
4678,1,5,54.32780299181056,1,1,5,27.688700123695597,1,0,0,1,0,0,0,1,0,0,0,0,0,1,1,0,0,0
4679,1,5,57.73116331683574,1,1,3,38.13474821801942,0,0,1,0,0,0,1,0,0,0,0,0,0,1,0,0,0,1
4680,1,3,70.50172124034887,0,0,2,33.70367519640502,0,0,0,0,1,0,0,1,0,0,1,0,0,0,0,0,0,1
4681,0,3,26.469489643615006,0,0,3,83.98348580891988,1,1,0,0,1,0,0,1,0,0,1,0,0,0,1,0,0,0
4682,0,1,22.191562271330255,1,1,4,17.06522001621008,1,0,0,0,0,1,1,0,0,0,0,0,1,0,0,1,0,0
4683,1,2,67.40229466016328,0,1,5,2.8673218311647264,1,0,0,0,1,0,0,1,0,0,0,1,0,0,0,0,0,1
4684,1,4,10.442244615890816,0,0,2,97.18016117192292,1,0,0,1,0,0,0,0,0,1,0,0,1,0,1,0,0,0
4685,0,3,45.40620047233808,1,0,2,98.0632475221104,0,0,1,0,0,0,0,0,0,1,0,0,1,0,1,0,0,0
4686,0,4,49.276042399909,0,0,1,25.76928298801858,1,0,0,0,1,0,0,1,0,0,0,0,0,1,0,1,0,0
4687,0,5,38.1336976915168,0,1,5,0.9352635104255325,1,0,0,0,0,1,0,0,0,1,1,0,0,0,0,0,0,1
4688,0,2,18.526817569773467,1,1,2,64.59171021933336,1,1,1,0,0,0,0,0,1,0,0,0,0,1,0,0,1,0
4689,1,1,35.53162643253547,1,1,3,64.84632827647695,0,1,0,0,1,0,0,1,0,0,1,0,0,0,0,0,1,0
4690,0,4,33.755725356045,0,1,3,94.03567144657202,0,0,0,0,0,1,0,0,1,0,0,0,0,1,0,0,0,1
4691,0,2,49.926567464875035,1,1,3,29.847051074256026,1,0,0,0,1,0,0,1,0,0,0,0,0,1,0,0,0,1
4692,0,1,67.46808415785193,0,0,3,18.950417789648743,0,0,1,0,0,0,0,1,0,0,0,0,0,1,1,0,0,0
4693,1,4,96.82351235261706,0,1,2,61.63823471830578,0,1,1,0,0,0,0,0,1,0,0,1,0,0,1,0,0,0
4694,1,2,14.416326017432823,0,1,4,56.36710655584294,1,1,1,0,0,0,0,1,0,0,0,0,0,1,0,0,1,0
4695,0,3,87.30171099410818,1,0,5,71.77367937066163,0,0,0,1,0,0,0,0,0,1,0,1,0,0,0,0,0,1
4696,0,4,28.417800039026243,0,0,3,88.51274032904455,0,0,0,0,1,0,0,0,1,0,0,0,0,1,1,0,0,0
4697,0,2,59.137277000140564,0,0,2,55.97451874799895,1,1,0,1,0,0,0,1,0,0,1,0,0,0,0,0,1,0
4698,1,1,54.673694798386805,0,1,2,15.007525979379178,0,0,1,0,0,0,0,0,0,1,0,1,0,0,0,0,1,0
4699,1,2,55.694841862826294,1,0,3,59.81289433616429,0,1,0,0,0,1,0,0,1,0,1,0,0,0,0,1,0,0
4700,1,3,72.33586117188129,1,1,1,37.410156743125796,1,1,0,0,1,0,0,0,1,0,1,0,0,0,0,0,0,1
4701,0,4,38.168830574899594,1,0,2,45.273502860910355,1,1,0,1,0,0,0,0,0,1,1,0,0,0,0,1,0,0
4702,1,4,31.90999632368556,0,1,5,95.9484390889166,0,0,0,0,1,0,0,1,0,0,0,1,0,0,1,0,0,0
4703,0,4,85.28345731854773,0,1,5,55.494705424253766,1,0,0,0,0,1,0,1,0,0,0,0,1,0,1,0,0,0
4704,0,3,22.009504027427027,1,0,1,14.964715887894242,1,0,0,1,0,0,0,0,1,0,0,1,0,0,0,0,1,0
4705,0,1,18.024603731114308,0,1,2,44.3158607124516,0,1,1,0,0,0,1,0,0,0,0,0,1,0,1,0,0,0
4706,1,4,1.5607436655260876,0,0,1,22.843050261616295,0,0,0,1,0,0,0,1,0,0,0,1,0,0,0,1,0,0
4707,0,1,21.057778202918676,0,1,2,13.548249433293002,1,0,0,0,1,0,0,1,0,0,0,0,0,1,0,0,0,1
4708,1,2,51.853143331670836,0,1,2,71.2234112335033,1,0,0,0,1,0,0,0,0,1,0,0,1,0,0,0,1,0
4709,1,1,53.850887301411355,1,1,1,62.85690691389,1,0,0,0,1,0,1,0,0,0,0,0,0,1,0,0,1,0
4710,0,1,25.442049119553435,1,0,4,49.77888665177617,0,1,0,0,1,0,1,0,0,0,0,0,1,0,1,0,0,0
4711,0,4,7.227417004119985,1,1,3,42.323829579084624,0,1,1,0,0,0,0,0,1,0,0,1,0,0,0,0,1,0
4712,1,5,74.46407963452062,0,0,3,32.221773082087815,0,1,0,1,0,0,0,0,0,1,0,1,0,0,0,0,1,0
4713,0,5,75.79753485622997,0,1,3,8.800871221850226,1,1,1,0,0,0,0,0,0,1,0,0,1,0,0,0,0,1
4714,1,3,99.78363962915616,1,1,1,29.926964753019348,0,0,1,0,0,0,0,1,0,0,0,0,0,1,0,0,1,0
4715,0,3,90.00295705347176,1,0,2,83.83946229617858,0,0,1,0,0,0,0,0,1,0,1,0,0,0,0,0,0,1
4716,1,5,92.60620645176425,1,0,2,78.3675394587312,1,0,0,0,1,0,0,1,0,0,0,0,1,0,0,1,0,0
4717,1,2,79.82038257439419,0,1,5,97.23177239412414,0,0,0,0,1,0,1,0,0,0,0,0,1,0,0,0,1,0
4718,1,4,61.55028533824991,1,1,2,65.60671121310386,1,0,0,0,1,0,0,0,0,1,0,0,0,1,0,1,0,0
4719,1,4,12.854595760451048,0,1,4,55.36397575683929,1,1,0,1,0,0,0,0,1,0,1,0,0,0,0,0,0,1
4720,0,2,62.23132974558777,1,1,3,29.604448324287002,1,0,0,0,0,1,0,1,0,0,0,0,1,0,0,0,1,0
4721,0,2,5.5955860414626635,0,1,4,7.686024251356017,1,1,0,0,1,0,0,1,0,0,1,0,0,0,1,0,0,0
4722,1,5,88.52991112711923,0,1,3,61.801833848618145,1,1,0,1,0,0,1,0,0,0,1,0,0,0,1,0,0,0
4723,1,3,48.182133541419745,1,0,1,48.8162191675772,0,0,0,0,1,0,0,0,0,1,0,1,0,0,0,0,1,0
4724,0,2,69.74728319758002,0,1,4,75.90745133976107,1,0,0,0,1,0,1,0,0,0,0,0,0,1,0,0,0,1
4725,0,3,5.2243663695964,0,0,2,41.185792841563604,1,1,1,0,0,0,0,1,0,0,0,0,1,0,1,0,0,0
4726,0,1,53.424842292282534,1,1,3,98.55513578643699,1,0,1,0,0,0,0,0,0,1,0,0,1,0,0,1,0,0
4727,0,4,30.126339785336253,1,1,5,39.761205486343385,1,1,1,0,0,0,0,0,0,1,1,0,0,0,0,0,0,1
4728,0,5,28.496826573724565,1,0,4,33.30716349115808,0,0,0,1,0,0,1,0,0,0,0,0,1,0,0,0,0,1
4729,0,4,38.96559147031825,0,1,1,87.09863767505804,0,1,0,0,0,1,0,0,0,1,1,0,0,0,0,0,1,0
4730,1,5,0.06394608605349017,0,1,5,39.55064230189351,0,1,0,0,0,1,1,0,0,0,0,0,1,0,0,1,0,0
4731,0,1,46.66608817201735,1,0,1,87.08973191206802,0,0,0,1,0,0,0,0,0,1,0,0,0,1,0,0,0,1
4732,0,4,48.65666836079383,1,1,3,2.7354285623850227,1,0,0,0,1,0,0,0,0,1,0,0,1,0,0,0,1,0
4733,1,1,86.31309158390641,0,0,4,69.25933110655878,1,0,0,1,0,0,0,0,1,0,1,0,0,0,0,1,0,0
4734,0,5,44.85256078824824,1,1,1,7.18528734990973,1,0,0,0,1,0,0,0,0,1,1,0,0,0,0,0,0,1
4735,0,2,36.35562938676728,1,1,5,14.823246308495186,0,0,0,1,0,0,0,1,0,0,0,0,1,0,1,0,0,0
4736,0,4,99.47470513624633,0,0,5,70.00750198695911,1,0,0,1,0,0,0,0,1,0,0,0,1,0,0,1,0,0
4737,0,1,57.12133246024963,0,0,2,28.97233412135247,0,1,0,1,0,0,1,0,0,0,1,0,0,0,0,0,0,1
4738,0,4,47.26132086341395,1,1,1,21.043340127939945,1,1,0,0,0,1,0,1,0,0,0,1,0,0,0,1,0,0
4739,1,4,49.59358345483794,0,0,4,80.15261376293442,1,1,1,0,0,0,1,0,0,0,0,1,0,0,1,0,0,0
4740,0,4,80.91812975088051,0,0,4,94.6246864173697,0,0,0,1,0,0,1,0,0,0,0,0,1,0,0,0,0,1
4741,1,3,34.06763689701609,1,0,2,23.23806485383013,1,0,0,0,0,1,0,1,0,0,0,0,0,1,1,0,0,0
4742,1,1,38.91604626859456,1,1,5,31.71959562356853,1,1,1,0,0,0,1,0,0,0,0,0,1,0,0,0,1,0
4743,0,1,75.58733593374653,1,0,1,71.40733060064102,1,1,1,0,0,0,0,0,1,0,0,0,0,1,0,0,1,0
4744,1,4,7.298373961376948,0,0,5,81.52928705558762,1,0,0,1,0,0,0,1,0,0,0,0,1,0,0,0,0,1
4745,0,2,86.51691581432587,1,0,1,99.91623003272926,1,0,0,0,1,0,1,0,0,0,1,0,0,0,0,0,0,1
4746,1,4,43.02026964679699,0,0,1,27.337072325359923,0,0,0,0,1,0,1,0,0,0,0,0,1,0,0,1,0,0
4747,1,3,58.12929755056484,1,0,1,55.661858875352046,1,1,0,0,1,0,0,0,0,1,0,0,0,1,0,0,0,1
4748,0,5,75.74761592598351,0,1,5,13.401894145470406,1,1,0,1,0,0,0,0,0,1,0,0,0,1,0,0,1,0
4749,0,3,26.605192243934482,0,1,5,33.08401050984974,0,0,0,0,1,0,1,0,0,0,0,0,1,0,0,0,0,1
4750,0,2,89.03142083206511,1,1,5,4.496857122460285,1,0,0,0,0,1,0,1,0,0,0,0,1,0,0,1,0,0
4751,0,4,97.92249722566108,0,1,3,21.083854283635052,1,0,0,0,0,1,0,0,1,0,0,1,0,0,0,0,1,0
4752,0,1,49.42743614061246,1,1,5,50.654497678459244,1,1,0,0,0,1,1,0,0,0,0,0,1,0,0,0,0,1
4753,1,4,93.69373650326733,1,0,2,16.3759122847043,1,1,0,0,0,1,1,0,0,0,0,0,1,0,1,0,0,0
4754,1,2,0.11286225269827588,0,0,3,88.93833101726092,1,1,1,0,0,0,1,0,0,0,1,0,0,0,1,0,0,0
4755,1,1,89.42378296355284,0,1,1,71.0309011429648,1,0,0,0,0,1,0,0,0,1,0,0,0,1,1,0,0,0
4756,1,3,31.104531975130556,0,0,4,2.7736002539431093,0,0,0,0,1,0,0,1,0,0,0,1,0,0,1,0,0,0
4757,1,5,31.149542472760196,1,0,3,87.67015557252138,0,1,0,1,0,0,1,0,0,0,1,0,0,0,0,1,0,0
4758,1,5,22.80888647699394,1,0,3,97.73209941954688,1,1,0,0,1,0,0,0,0,1,0,0,1,0,1,0,0,0
4759,1,4,31.701390115090188,1,1,1,50.18615697670036,1,0,0,0,0,1,1,0,0,0,0,0,0,1,1,0,0,0
4760,0,3,21.34845836986351,1,0,5,31.46106775495777,1,0,1,0,0,0,1,0,0,0,0,0,1,0,0,0,0,1
4761,0,2,90.58691063099718,1,0,5,26.346444940004933,1,0,0,0,0,1,0,1,0,0,0,0,1,0,1,0,0,0
4762,1,5,89.90237272133665,1,1,3,8.741949421854866,1,0,0,1,0,0,0,0,0,1,0,0,1,0,1,0,0,0
4763,1,3,10.221131492062252,0,1,5,49.16093780690309,0,0,0,0,1,0,0,0,1,0,0,0,1,0,0,0,0,1
4764,0,4,14.285842886649247,1,0,3,5.014002210273604,1,0,0,1,0,0,0,1,0,0,0,0,0,1,0,0,1,0
4765,0,1,86.20186390106666,1,0,4,50.383719132751835,0,0,0,1,0,0,0,0,1,0,1,0,0,0,0,1,0,0
4766,0,4,39.89377708727459,1,1,4,25.254844072509307,1,1,0,1,0,0,0,0,0,1,0,0,1,0,0,1,0,0
4767,0,4,16.927167733927828,1,1,1,47.64319555781835,0,0,0,0,1,0,0,0,0,1,0,0,1,0,0,0,1,0
4768,1,3,51.066940243656724,0,0,2,41.838412634445376,0,0,0,0,0,1,0,0,1,0,0,1,0,0,0,0,0,1
4769,0,5,41.666804992009496,0,0,2,30.51142520043012,0,0,0,1,0,0,0,0,0,1,0,1,0,0,0,0,1,0
4770,1,3,21.91615537379652,0,1,5,44.86382395166729,0,1,0,0,1,0,0,1,0,0,0,0,0,1,0,1,0,0
4771,1,1,72.07522182776344,1,0,2,47.403388924565235,1,0,1,0,0,0,1,0,0,0,0,0,1,0,0,1,0,0
4772,1,3,63.128931233273086,1,1,4,83.36917615752387,1,1,0,0,1,0,0,0,1,0,0,0,1,0,0,0,1,0
4773,0,2,9.966161355544056,1,1,1,66.57833434322701,1,1,1,0,0,0,1,0,0,0,0,0,1,0,1,0,0,0
4774,0,4,92.53867143253424,0,1,4,43.3156597681352,1,0,0,0,1,0,0,0,1,0,0,0,0,1,0,1,0,0
4775,1,5,55.84699657300691,1,0,3,90.52419375757364,1,1,0,0,0,1,1,0,0,0,0,0,0,1,0,0,1,0
4776,1,1,25.02044870635418,1,0,5,75.57407765033082,0,0,0,1,0,0,1,0,0,0,0,0,1,0,1,0,0,0
4777,1,4,20.62918150723635,0,1,5,7.571689710828977,1,0,0,0,0,1,0,1,0,0,0,0,1,0,1,0,0,0
4778,0,3,13.594798137220154,0,1,2,15.374582926589031,0,1,0,0,1,0,1,0,0,0,0,0,0,1,0,0,0,1
4779,1,2,42.46374063903507,1,1,3,8.166788361087661,1,1,0,1,0,0,0,0,1,0,0,0,1,0,0,0,1,0
4780,0,3,13.554101309083677,0,1,2,31.886335977897883,0,1,1,0,0,0,1,0,0,0,1,0,0,0,0,1,0,0
4781,1,4,41.58164125952262,1,0,2,43.56466208031734,1,1,0,0,1,0,0,0,0,1,1,0,0,0,0,0,0,1
4782,1,1,14.877042823411768,1,1,2,50.424592275987436,0,0,0,1,0,0,1,0,0,0,0,0,0,1,0,1,0,0
4783,1,5,65.68075215238893,0,1,3,85.1412198696779,0,0,1,0,0,0,1,0,0,0,1,0,0,0,1,0,0,0
4784,0,4,78.52420216863582,1,1,2,1.7956285783114923,1,1,1,0,0,0,0,0,0,1,0,1,0,0,0,0,1,0
4785,0,1,54.95227475227586,0,0,5,42.82884057451235,0,0,0,0,0,1,0,0,0,1,0,0,1,0,1,0,0,0
4786,1,4,68.00568748548973,0,1,2,41.09983736821633,0,0,0,0,1,0,0,0,1,0,0,1,0,0,1,0,0,0
4787,0,2,93.8378737084061,1,1,3,94.74759366593022,1,0,1,0,0,0,0,0,0,1,0,1,0,0,1,0,0,0
4788,1,3,63.83715295706078,0,1,3,24.103691762419288,0,0,0,1,0,0,0,0,0,1,0,1,0,0,0,0,1,0
4789,0,5,36.415819818388265,1,1,4,12.240581190546894,0,0,1,0,0,0,0,0,1,0,1,0,0,0,0,0,0,1
4790,0,1,44.948015867491556,1,1,2,14.2260212183976,1,0,1,0,0,0,0,0,1,0,0,0,1,0,0,1,0,0
4791,0,5,86.0525226072037,0,0,3,52.01427239278289,0,0,0,0,0,1,1,0,0,0,0,0,1,0,1,0,0,0
4792,1,5,13.072031895009639,0,0,2,39.09038035054664,0,0,0,0,0,1,0,1,0,0,0,0,0,1,0,1,0,0
4793,0,5,32.573702245043265,0,0,1,75.41420283639894,0,0,0,1,0,0,0,0,1,0,0,1,0,0,0,1,0,0
4794,0,1,57.72800689704841,1,1,5,32.31823721535429,0,0,0,0,0,1,0,0,0,1,1,0,0,0,0,0,0,1
4795,1,1,67.63895694084344,1,1,5,12.796175200235481,1,0,1,0,0,0,1,0,0,0,0,1,0,0,0,0,1,0
4796,1,5,76.34990754317053,1,0,2,38.687578972103395,1,0,1,0,0,0,0,0,0,1,0,1,0,0,0,1,0,0
4797,1,3,31.820679599608713,1,1,5,88.3035617322555,1,1,0,0,0,1,0,0,1,0,0,0,1,0,0,0,0,1
4798,1,4,14.585913400915029,1,0,5,40.55265534210627,1,1,1,0,0,0,0,1,0,0,0,0,0,1,0,1,0,0
4799,0,5,95.48392096765598,1,1,1,83.3627722475148,1,0,1,0,0,0,1,0,0,0,1,0,0,0,1,0,0,0
4800,0,2,7.6392217132039475,1,0,5,37.15300858535811,1,1,0,1,0,0,0,0,1,0,0,0,1,0,0,0,0,1
4801,0,5,9.580535578688544,0,0,5,28.138562391645472,0,0,0,0,0,1,0,0,1,0,0,1,0,0,0,0,1,0
4802,0,1,49.494254190196884,1,1,3,77.48627299053456,0,0,1,0,0,0,0,0,0,1,0,0,1,0,0,0,1,0
4803,0,4,81.92710281435983,1,1,5,20.92345276713766,0,1,0,0,0,1,0,1,0,0,0,1,0,0,1,0,0,0
4804,1,2,77.45041063553268,0,0,2,23.183070616981148,1,1,0,1,0,0,0,0,1,0,1,0,0,0,1,0,0,0
4805,0,4,93.76992661940918,1,0,5,4.981283807596637,1,0,0,0,0,1,0,0,0,1,0,0,1,0,0,1,0,0
4806,0,4,14.160257561298838,1,1,2,18.784571128199445,0,0,1,0,0,0,1,0,0,0,0,0,1,0,0,0,0,1
4807,0,2,37.5727257062436,0,0,5,37.881539360979865,0,0,0,0,0,1,0,0,0,1,0,0,1,0,0,0,0,1
4808,1,5,28.214212872171007,1,1,2,39.957269871490375,1,0,1,0,0,0,1,0,0,0,0,0,1,0,0,0,0,1
4809,1,5,86.0870123554672,0,0,5,42.06280869315733,0,0,1,0,0,0,0,0,0,1,0,0,1,0,0,0,0,1
4810,0,5,48.835462028120034,1,1,2,47.96929462353744,1,0,1,0,0,0,0,1,0,0,1,0,0,0,0,1,0,0
4811,1,3,2.6847934415666352,1,1,5,57.19106157591509,0,0,0,1,0,0,0,0,0,1,0,0,0,1,0,0,0,1
4812,1,5,70.79644068383966,0,1,1,18.942902459545717,1,0,0,0,0,1,0,1,0,0,1,0,0,0,0,0,0,1
4813,1,2,38.869809782660255,0,0,3,61.39441830760658,0,0,0,1,0,0,0,1,0,0,0,0,1,0,0,0,1,0
4814,1,3,53.11467633710123,1,1,3,33.65545874692886,1,0,0,0,0,1,1,0,0,0,0,1,0,0,0,0,1,0
4815,1,5,89.37874270099981,1,1,3,73.40107351391283,0,0,0,1,0,0,0,0,0,1,0,1,0,0,0,1,0,0
4816,1,3,25.673777463281166,0,1,3,55.72044501863175,1,0,0,0,1,0,0,0,0,1,0,0,1,0,1,0,0,0
4817,1,2,24.026467561217714,1,0,1,55.426862683810604,0,1,1,0,0,0,0,0,0,1,0,0,0,1,0,0,1,0
4818,0,5,26.319250418008934,0,1,1,68.54869885928731,0,0,1,0,0,0,0,1,0,0,0,0,1,0,1,0,0,0
4819,0,1,33.81079912597027,0,1,5,33.30189909535674,0,0,0,1,0,0,0,0,1,0,1,0,0,0,0,1,0,0
4820,1,2,10.735397464609964,0,1,1,42.92329405614754,1,0,0,0,1,0,0,0,0,1,0,0,0,1,0,0,1,0
4821,0,4,69.72196608085895,1,1,3,58.28978684328819,0,0,1,0,0,0,0,0,0,1,0,0,0,1,0,0,1,0
4822,0,4,20.739871782913653,1,1,4,42.15556205157256,0,0,0,0,0,1,0,0,1,0,1,0,0,0,0,1,0,0
4823,1,2,92.61457472705857,1,0,5,44.42574744337533,1,0,0,1,0,0,1,0,0,0,0,0,0,1,0,0,0,1
4824,0,4,21.56863139098707,0,1,2,27.248707278904316,0,0,1,0,0,0,0,0,0,1,0,0,1,0,0,1,0,0
4825,1,2,25.56420293087751,1,1,3,28.73850262565758,0,0,1,0,0,0,0,0,1,0,0,0,1,0,1,0,0,0
4826,1,1,29.702022881081636,0,0,3,69.89574070047861,0,0,0,1,0,0,0,0,0,1,0,1,0,0,1,0,0,0
4827,1,2,76.8538097011416,0,0,3,0.428114202680574,0,0,0,1,0,0,0,1,0,0,1,0,0,0,0,0,0,1
4828,0,5,42.76064874420298,1,0,1,9.52904222083385,0,1,0,0,0,1,0,0,1,0,0,0,0,1,0,1,0,0
4829,0,5,81.93346240306187,1,0,2,94.88098895045057,0,0,0,0,0,1,0,1,0,0,0,0,0,1,0,1,0,0
4830,0,3,78.48537123557885,0,1,5,18.701808186300685,0,1,1,0,0,0,0,0,1,0,0,0,0,1,0,0,0,1
4831,0,4,92.94904227674665,1,0,3,41.8120891874874,1,0,1,0,0,0,1,0,0,0,0,0,1,0,0,1,0,0
4832,1,4,75.66041551040547,0,1,2,84.9685136123002,0,0,0,1,0,0,0,1,0,0,1,0,0,0,0,0,1,0
4833,1,2,5.191116966906284,1,0,4,0.010237252584688328,1,0,1,0,0,0,0,0,0,1,0,0,1,0,0,1,0,0
4834,0,4,83.72812736990583,0,0,1,92.51791894708498,0,0,1,0,0,0,0,0,1,0,0,0,0,1,0,0,1,0
4835,1,5,93.80725967054111,1,1,3,5.3488623896368654,1,0,0,1,0,0,0,0,0,1,0,0,1,0,0,1,0,0
4836,1,1,99.3689192549669,0,0,2,17.08690495240107,1,0,1,0,0,0,1,0,0,0,0,0,0,1,0,0,1,0
4837,0,2,12.526759413246513,1,0,2,2.9103543332409387,0,0,1,0,0,0,0,0,1,0,0,0,0,1,1,0,0,0
4838,1,4,61.327326932653456,0,1,3,51.95200462345985,1,0,0,0,1,0,1,0,0,0,0,0,1,0,0,0,0,1
4839,0,5,19.94586658841594,0,0,2,94.30943100855022,0,0,0,0,0,1,0,0,1,0,0,0,0,1,1,0,0,0
4840,1,3,26.2509640912599,0,0,2,83.90366115940365,1,0,0,1,0,0,0,1,0,0,0,0,1,0,0,0,1,0
4841,0,4,74.55843382228579,0,0,5,63.97485462646788,1,1,0,0,1,0,0,0,0,1,0,1,0,0,0,0,0,1
4842,1,1,97.76677176990603,0,1,1,18.5488637573597,1,1,0,0,0,1,0,1,0,0,0,0,1,0,1,0,0,0
4843,1,1,59.48555014630229,0,1,5,86.95970985269842,1,1,0,0,0,1,0,1,0,0,0,1,0,0,1,0,0,0
4844,0,4,85.05844698222474,1,1,1,75.4775391136719,0,0,0,0,0,1,0,1,0,0,0,1,0,0,0,0,1,0
4845,0,4,0.8883803828827919,0,1,1,26.68477635474832,0,0,0,0,1,0,0,1,0,0,0,0,1,0,0,1,0,0
4846,0,5,3.6631639849619257,0,1,5,80.50891633958567,1,0,0,0,1,0,0,0,1,0,1,0,0,0,0,1,0,0
4847,0,4,59.67243373258634,1,0,3,87.71513380318488,1,1,0,0,0,1,0,0,0,1,1,0,0,0,0,0,1,0
4848,1,3,38.89831016004391,1,1,2,69.82260124296712,0,1,1,0,0,0,0,0,1,0,0,0,1,0,1,0,0,0
4849,1,5,88.97578149731538,0,0,4,10.038415097052821,1,0,1,0,0,0,0,0,1,0,0,0,1,0,0,1,0,0
4850,0,2,30.198191308573374,1,1,5,98.42468433298002,1,1,0,0,1,0,0,0,1,0,0,0,0,1,0,1,0,0
4851,1,3,43.20510275040475,1,0,5,7.600098896598628,0,1,0,0,1,0,0,1,0,0,0,0,0,1,1,0,0,0
4852,0,5,52.79091978315682,0,1,3,65.44739881502338,1,0,0,0,1,0,1,0,0,0,0,0,1,0,0,0,1,0
4853,0,5,27.303883288624753,0,1,2,11.052525520579625,1,1,0,0,0,1,0,1,0,0,1,0,0,0,0,0,1,0
4854,1,1,90.84948674532943,1,0,5,90.54133586208218,1,0,1,0,0,0,0,0,1,0,0,0,0,1,0,1,0,0
4855,1,5,46.453358465809714,1,0,4,34.997768342237876,0,0,0,0,1,0,0,1,0,0,0,0,0,1,0,0,1,0
4856,0,3,42.41556091190169,1,0,2,51.150302238780576,1,0,0,0,1,0,0,0,0,1,1,0,0,0,1,0,0,0
4857,0,4,84.97530489343326,1,0,5,17.876158436401056,1,0,0,1,0,0,0,0,0,1,0,0,1,0,0,0,1,0
4858,0,3,31.19784016478985,1,1,5,54.656218978313774,0,1,0,0,0,1,0,1,0,0,1,0,0,0,0,0,0,1
4859,1,2,81.7465344510961,1,0,1,93.88399052389893,0,1,0,1,0,0,0,1,0,0,0,1,0,0,0,0,1,0
4860,1,5,12.227285272134946,0,0,1,90.16330706331568,0,0,1,0,0,0,1,0,0,0,0,0,0,1,0,0,1,0
4861,1,5,18.278853336489963,1,1,5,6.3895920202235885,0,0,0,1,0,0,0,1,0,0,0,0,0,1,0,0,1,0
4862,1,5,95.08416661717347,0,0,3,37.82585064743373,0,0,0,1,0,0,0,1,0,0,0,0,0,1,0,0,0,1
4863,0,5,84.2447490807708,0,0,1,26.74313630421663,1,0,0,1,0,0,1,0,0,0,1,0,0,0,1,0,0,0
4864,0,1,38.789890145640626,1,0,5,48.13614771130889,1,0,0,0,0,1,0,1,0,0,1,0,0,0,0,0,1,0
4865,0,1,63.845644871702945,0,1,2,83.37291623350697,1,0,1,0,0,0,0,1,0,0,0,0,1,0,0,1,0,0
4866,0,4,94.29701894309558,1,0,4,73.88517856494306,1,0,0,1,0,0,0,1,0,0,0,0,0,1,0,0,1,0
4867,0,5,21.185890286408426,0,1,1,34.39781921638474,1,1,0,0,0,1,0,1,0,0,0,1,0,0,0,0,0,1
4868,0,2,5.901047022300066,1,0,5,38.26658295621969,0,0,1,0,0,0,0,1,0,0,0,0,1,0,0,0,0,1
4869,1,4,53.74680645053053,0,1,1,65.42549920082402,0,0,0,0,1,0,0,0,1,0,1,0,0,0,0,1,0,0
4870,1,5,14.259687866359327,1,1,2,19.422516883264784,0,0,0,1,0,0,0,1,0,0,0,1,0,0,0,0,0,1
4871,0,1,18.731909271137514,0,0,3,10.272802014449134,0,0,1,0,0,0,1,0,0,0,0,0,1,0,0,0,0,1
4872,0,2,89.15391897315794,1,0,5,24.25884642109223,1,1,0,1,0,0,0,1,0,0,1,0,0,0,0,0,0,1
4873,1,4,0.7403458644891336,0,0,2,12.403243135242981,0,0,0,0,1,0,0,0,1,0,0,1,0,0,1,0,0,0
4874,1,2,81.68200264638685,0,0,4,35.198424324732635,1,0,1,0,0,0,1,0,0,0,0,0,1,0,0,0,0,1
4875,1,5,51.69507763356076,0,0,5,93.75657840594262,1,0,0,0,0,1,1,0,0,0,0,1,0,0,0,0,1,0
4876,1,3,55.92943876453004,1,0,4,12.029947602516778,0,1,1,0,0,0,0,1,0,0,1,0,0,0,0,1,0,0
4877,0,2,67.17679604563625,1,1,3,81.83221436090668,1,0,0,0,0,1,0,0,0,1,0,0,1,0,0,0,1,0
4878,0,2,43.14449923080104,1,1,5,53.46480314381527,0,0,1,0,0,0,0,0,1,0,1,0,0,0,0,0,1,0
4879,0,1,11.561188819241474,1,0,5,63.29030765007971,0,0,0,0,0,1,0,0,0,1,0,0,0,1,0,1,0,0
4880,0,5,10.282022380482381,1,1,2,17.008236801808195,0,1,0,0,1,0,0,1,0,0,0,0,0,1,1,0,0,0
4881,0,2,75.43621991839426,0,0,1,15.137331147189448,0,0,0,0,1,0,0,0,1,0,0,1,0,0,1,0,0,0
4882,1,5,22.10351432672849,1,0,5,16.274367681181058,0,0,0,0,1,0,0,0,0,1,0,0,0,1,0,0,0,1
4883,0,1,2.81016836176442,1,1,3,66.70628763917479,1,0,1,0,0,0,0,0,1,0,1,0,0,0,1,0,0,0
4884,1,5,97.96138890989411,0,0,5,74.7788266741729,1,0,0,0,1,0,0,1,0,0,0,1,0,0,1,0,0,0
4885,0,1,98.03915193606933,1,1,5,92.0244944499519,1,0,0,1,0,0,0,0,1,0,0,0,1,0,0,0,0,1
4886,0,1,37.81413373437799,1,0,5,39.81923526671355,0,0,0,0,1,0,0,1,0,0,1,0,0,0,1,0,0,0
4887,0,4,2.5523844557113207,1,1,5,46.19693841001401,1,0,0,0,0,1,0,0,0,1,0,0,1,0,1,0,0,0
4888,0,5,72.72646585927497,1,0,3,46.959501599581245,1,1,0,0,0,1,0,0,1,0,0,0,1,0,0,0,0,1
4889,0,3,83.10120604856692,1,1,2,26.989790278656713,1,1,0,0,0,1,1,0,0,0,0,0,1,0,0,0,1,0
4890,1,4,12.501369011580977,1,1,1,32.82326546439967,0,0,1,0,0,0,0,1,0,0,0,0,1,0,0,0,1,0
4891,1,1,13.545861490923627,0,0,3,84.68202360767562,0,0,0,1,0,0,0,0,1,0,1,0,0,0,0,1,0,0
4892,1,3,82.22239996967906,1,0,3,34.372218458592165,1,1,0,0,1,0,1,0,0,0,0,0,0,1,1,0,0,0
4893,0,2,92.19073887152348,1,1,4,86.90961019234852,1,0,0,1,0,0,1,0,0,0,1,0,0,0,0,0,0,1
4894,0,2,79.07548366741496,1,0,1,30.526771148305308,1,1,0,1,0,0,1,0,0,0,0,0,0,1,0,0,0,1
4895,1,4,20.074494916952958,0,0,2,33.98831625426503,1,1,0,0,0,1,1,0,0,0,0,0,1,0,1,0,0,0
4896,0,3,41.152121943422095,0,0,2,56.02808717789113,0,0,0,0,0,1,0,1,0,0,0,0,0,1,1,0,0,0
4897,0,5,60.08424258659141,0,0,4,10.312684714322584,1,0,0,0,0,1,0,0,1,0,0,0,1,0,0,0,0,1
4898,1,3,16.02934738208287,0,0,4,92.2062267166209,1,0,1,0,0,0,1,0,0,0,0,1,0,0,0,0,0,1
4899,0,4,21.06024926325083,1,0,3,82.03998386385193,1,1,0,1,0,0,0,0,1,0,0,0,1,0,0,0,0,1
4900,1,5,28.2886072068555,0,1,2,67.05038275075773,0,0,0,1,0,0,0,0,1,0,0,0,0,1,0,1,0,0
4901,0,5,50.95132702908365,1,1,2,98.8125013698127,0,0,1,0,0,0,0,0,0,1,0,1,0,0,0,0,1,0
4902,1,2,51.080488717754754,1,0,2,1.5999361346902052,1,0,1,0,0,0,0,0,1,0,0,1,0,0,0,0,0,1
4903,0,3,81.42945193475526,1,1,3,41.106031643232285,0,0,1,0,0,0,0,1,0,0,0,0,1,0,0,0,1,0
4904,0,5,75.30102006876255,0,0,2,85.83430583316742,0,0,0,1,0,0,0,1,0,0,1,0,0,0,1,0,0,0
4905,1,4,91.3735675109942,1,1,5,43.30172797739914,0,0,0,1,0,0,1,0,0,0,0,0,0,1,0,0,1,0
4906,0,2,83.29017228245964,0,0,4,0.5241336809270636,1,0,0,0,0,1,0,0,1,0,0,1,0,0,0,0,1,0
4907,0,5,25.387754830565466,1,0,4,15.775411559595398,0,0,0,0,0,1,0,1,0,0,1,0,0,0,0,0,1,0
4908,1,3,33.12967693039999,0,0,4,43.40724123867524,1,0,0,1,0,0,0,1,0,0,0,0,1,0,1,0,0,0
4909,0,2,50.04232436325338,0,1,4,66.79478609527236,0,0,0,0,0,1,0,1,0,0,0,0,1,0,0,0,1,0
4910,1,3,1.4271134563644594,1,0,5,16.265426838482256,0,0,1,0,0,0,1,0,0,0,0,0,1,0,0,0,1,0
4911,0,3,90.39020062837214,1,0,1,44.80430602983698,1,1,0,0,1,0,0,1,0,0,0,0,1,0,0,1,0,0
4912,0,3,4.4344212562339225,1,1,2,1.2788537735544225,1,0,0,0,0,1,0,0,1,0,0,0,0,1,1,0,0,0
4913,0,2,32.244127081663635,0,1,4,47.750052223429726,0,0,0,1,0,0,0,1,0,0,0,1,0,0,0,0,1,0
4914,0,5,56.91747911964067,0,0,2,89.59244762391758,0,0,0,0,0,1,0,1,0,0,0,0,0,1,1,0,0,0
4915,1,1,51.78413886068658,0,1,2,59.67680315235901,1,0,0,0,0,1,1,0,0,0,0,1,0,0,0,0,0,1
4916,0,5,65.44598928258748,1,1,5,44.06556312271691,0,1,0,0,0,1,0,0,1,0,1,0,0,0,0,0,1,0
4917,1,2,52.752017529420904,0,0,2,16.22593356943244,1,0,0,0,1,0,0,1,0,0,1,0,0,0,1,0,0,0
4918,0,1,22.900142570303437,1,0,4,20.241856351651165,1,0,1,0,0,0,0,0,1,0,0,1,0,0,0,0,1,0
4919,0,1,20.107818779387188,0,0,2,7.650995007007911,1,0,0,1,0,0,0,0,1,0,0,0,1,0,0,0,1,0
4920,0,1,90.72470690754986,0,0,5,74.24110435605999,0,1,0,0,1,0,0,1,0,0,1,0,0,0,0,0,0,1
4921,0,4,26.396673673559256,0,1,4,7.7135277574807315,0,0,0,1,0,0,1,0,0,0,0,0,0,1,0,1,0,0
4922,1,2,28.097723387951344,1,0,5,38.394882873420165,1,0,0,1,0,0,0,0,1,0,0,1,0,0,1,0,0,0
4923,1,4,41.29528961003446,1,0,3,74.98446935127548,0,0,0,1,0,0,0,0,0,1,1,0,0,0,0,0,1,0
4924,1,1,13.943832714997395,1,0,1,71.28226994134951,1,0,0,0,1,0,0,1,0,0,0,1,0,0,0,0,0,1
4925,1,4,50.72728444232404,0,1,2,57.75321665852749,0,0,1,0,0,0,0,0,1,0,0,0,1,0,0,0,0,1
4926,0,4,66.50317617021314,0,0,2,57.13077341260681,0,0,0,1,0,0,0,0,1,0,0,1,0,0,0,1,0,0
4927,1,2,78.60004920773669,0,0,2,9.032808029190608,0,0,1,0,0,0,0,0,1,0,1,0,0,0,0,1,0,0
4928,1,3,71.14542418642291,0,0,3,17.491527175448994,0,0,1,0,0,0,0,1,0,0,0,1,0,0,0,0,0,1
4929,0,4,14.76359640802637,1,1,1,53.474445710721085,1,0,0,0,0,1,0,0,0,1,1,0,0,0,0,0,0,1
4930,0,4,45.60671449709239,0,0,5,34.80803282555798,0,0,0,0,1,0,0,0,1,0,1,0,0,0,1,0,0,0
4931,0,1,3.858620080817843,0,0,3,1.8937101093339015,1,0,0,0,1,0,0,0,1,0,1,0,0,0,1,0,0,0
4932,0,1,1.7797996720949283,1,0,3,79.81667328791634,0,0,0,0,0,1,1,0,0,0,0,0,0,1,0,0,0,1
4933,1,1,44.013041827380064,1,0,4,65.38132671074966,1,0,0,0,0,1,0,1,0,0,0,0,1,0,0,0,0,1
4934,1,5,25.296049445762904,1,1,3,32.578546666909666,0,1,1,0,0,0,0,1,0,0,0,0,1,0,0,1,0,0
4935,0,4,68.33607948733628,0,1,3,9.820519729237398,1,1,0,1,0,0,0,0,1,0,0,1,0,0,1,0,0,0
4936,0,1,72.42407868134126,1,0,2,59.12007606420349,0,1,0,0,1,0,1,0,0,0,0,1,0,0,0,0,0,1
4937,0,2,89.54037245582556,0,1,4,34.85495685666451,1,0,0,1,0,0,0,0,1,0,1,0,0,0,1,0,0,0
4938,1,5,76.06825135390388,1,1,5,25.53893370081426,0,0,0,1,0,0,0,0,1,0,0,0,1,0,1,0,0,0
4939,1,3,4.82441231365417,0,0,1,72.14692530161588,0,0,0,0,0,1,0,1,0,0,0,1,0,0,0,0,0,1
4940,0,4,37.16230103577677,0,0,5,32.81500610494358,0,1,0,1,0,0,1,0,0,0,0,1,0,0,0,0,0,1
4941,0,4,27.30233517521221,0,1,4,13.604849159691279,1,1,1,0,0,0,0,0,1,0,0,0,1,0,0,0,1,0
4942,1,2,38.613244982716125,0,0,2,48.16537478295935,1,0,0,0,0,1,0,1,0,0,1,0,0,0,1,0,0,0
4943,0,3,16.007565896870158,0,0,1,82.84657882495068,0,0,0,1,0,0,0,0,1,0,0,1,0,0,1,0,0,0
4944,0,3,9.770410369059345,0,0,5,84.96587841996273,1,0,0,0,0,1,0,0,1,0,1,0,0,0,0,1,0,0
4945,1,5,52.098454250840064,1,0,1,84.93431648003485,0,0,1,0,0,0,1,0,0,0,0,0,1,0,0,1,0,0
4946,0,4,72.03813108663944,0,1,1,42.09198394014817,0,1,1,0,0,0,1,0,0,0,0,0,1,0,0,1,0,0
4947,1,1,70.19109019319428,0,0,1,79.09342112394347,0,1,0,1,0,0,1,0,0,0,0,1,0,0,1,0,0,0
4948,0,2,45.09443221762272,0,1,3,85.02307679654601,1,1,0,0,0,1,0,0,1,0,0,1,0,0,0,0,0,1
4949,0,2,52.22789862889461,0,0,4,45.95382101926465,1,0,0,1,0,0,0,0,0,1,0,0,1,0,0,0,0,1
4950,1,2,51.63287225086414,1,0,4,31.873938892037945,0,1,0,1,0,0,1,0,0,0,1,0,0,0,0,0,0,1
4951,1,2,69.15703777680562,0,1,2,70.19645468105938,1,1,0,0,0,1,0,0,0,1,1,0,0,0,1,0,0,0
4952,0,1,4.792517595602408,0,1,5,90.44692723559949,1,1,0,1,0,0,0,0,0,1,0,0,0,1,0,0,0,1
4953,1,1,70.9896108871224,1,1,2,97.21524851245123,0,0,1,0,0,0,0,0,0,1,0,0,1,0,0,1,0,0
4954,0,5,58.22009007572875,0,1,5,29.022480567715547,0,0,0,0,0,1,0,1,0,0,0,1,0,0,0,0,0,1
4955,0,4,19.81087146715742,1,0,1,95.61710561317173,1,0,0,0,0,1,0,0,1,0,0,0,1,0,0,0,0,1
4956,1,1,4.90588537462645,0,0,5,49.92822467074933,0,0,0,0,0,1,1,0,0,0,0,1,0,0,0,1,0,0
4957,0,5,10.852779055788842,0,1,5,30.603470430098046,0,0,0,0,0,1,0,0,1,0,1,0,0,0,0,0,1,0
4958,0,3,52.469134141926965,1,0,1,98.8398110223529,1,0,0,1,0,0,0,0,1,0,0,1,0,0,0,0,1,0
4959,1,4,75.84085300912828,1,0,2,87.7807975123844,1,1,0,1,0,0,0,1,0,0,0,0,0,1,0,0,1,0
4960,1,1,33.465728712450115,1,0,5,69.24165892752904,1,0,1,0,0,0,0,1,0,0,1,0,0,0,1,0,0,0
4961,0,3,37.91239107052217,0,1,2,89.49422301216397,0,1,0,0,1,0,0,1,0,0,0,0,0,1,1,0,0,0
4962,1,5,93.41464150461124,1,1,2,68.14878727049167,0,0,0,0,1,0,0,0,1,0,0,0,1,0,0,1,0,0
4963,1,1,21.3013084032576,1,1,4,44.04037984420949,1,0,1,0,0,0,0,0,0,1,0,1,0,0,0,0,1,0
4964,1,1,10.374942457535163,0,1,1,94.8049557054005,1,0,0,0,1,0,0,0,1,0,1,0,0,0,1,0,0,0
4965,1,3,34.341011380001795,0,1,1,96.3247677716093,0,0,1,0,0,0,0,1,0,0,0,1,0,0,0,0,0,1
4966,0,1,74.59221194922738,0,1,3,31.417509728973837,1,1,0,1,0,0,0,0,1,0,0,0,0,1,0,0,1,0
4967,0,2,62.60772910561319,1,1,2,35.43953345633306,1,0,0,0,0,1,0,1,0,0,1,0,0,0,0,0,1,0
4968,0,1,41.57954393695692,0,0,3,38.27204407654045,0,0,0,0,0,1,0,1,0,0,0,0,0,1,1,0,0,0
4969,1,4,96.47525328318305,1,0,1,82.21459517172414,0,0,0,1,0,0,1,0,0,0,1,0,0,0,0,0,1,0
4970,1,3,73.49964382945733,1,1,1,79.11456508431024,1,1,0,0,0,1,0,0,0,1,0,0,1,0,0,1,0,0
4971,1,4,6.186142438329378,1,0,3,98.3115104756128,1,0,0,0,0,1,0,1,0,0,0,0,1,0,0,1,0,0
4972,1,5,74.46314438540483,1,0,1,46.521367703236,0,1,0,0,1,0,1,0,0,0,0,1,0,0,1,0,0,0
4973,1,4,2.403855590585835,0,1,1,73.6767094067595,0,0,0,1,0,0,0,0,0,1,0,0,0,1,0,0,1,0
4974,1,2,65.03233231174055,0,0,4,85.67204698454748,0,1,0,0,1,0,0,1,0,0,0,0,0,1,0,1,0,0
4975,1,2,21.048283629265875,1,0,5,22.12304381339767,0,0,0,0,1,0,0,0,0,1,1,0,0,0,0,0,1,0
4976,0,4,69.64422090375577,1,1,4,62.05554275116324,1,0,0,0,0,1,0,0,0,1,0,0,1,0,0,1,0,0
4977,0,5,30.977956664779615,0,1,5,54.770767639719885,0,0,0,0,0,1,0,0,1,0,0,1,0,0,0,1,0,0
4978,1,1,87.30063079555649,0,0,4,74.28270050004,0,0,0,1,0,0,1,0,0,0,0,0,1,0,0,0,1,0
4979,1,2,33.69138365914605,1,1,4,69.54279826176692,1,1,0,0,0,1,0,0,0,1,0,0,0,1,1,0,0,0
4980,1,4,61.9695855404297,1,1,2,81.27926108516374,1,0,0,0,0,1,0,0,1,0,0,1,0,0,1,0,0,0
4981,0,4,28.59275596539883,1,0,3,31.114519035146394,1,0,0,1,0,0,0,0,0,1,0,0,1,0,1,0,0,0
4982,0,4,91.72215451421782,1,1,4,21.63563916735941,0,0,0,0,0,1,0,0,1,0,0,0,1,0,0,0,1,0
4983,1,1,78.09959810281724,1,0,2,80.51987309074251,1,1,0,0,1,0,0,1,0,0,1,0,0,0,0,0,1,0
4984,1,3,24.330287634460312,0,1,4,36.056343102723,0,1,0,1,0,0,0,1,0,0,1,0,0,0,0,0,1,0
4985,0,5,94.87967125586596,1,0,3,28.757355792657847,0,1,0,0,0,1,0,0,1,0,0,0,0,1,1,0,0,0
4986,0,3,35.715758957622825,0,1,2,33.681852552686955,1,0,1,0,0,0,0,1,0,0,0,0,1,0,0,0,1,0
4987,0,5,65.18649476671875,1,0,5,6.635399105102746,0,1,0,1,0,0,0,1,0,0,1,0,0,0,1,0,0,0
4988,0,5,74.28532311143964,0,1,3,77.31443461572675,1,0,0,1,0,0,0,1,0,0,0,0,1,0,0,1,0,0
4989,1,4,2.2902161464912307,1,0,1,71.51596585400799,1,0,1,0,0,0,0,0,0,1,0,1,0,0,1,0,0,0
4990,0,2,95.89673461572463,0,1,2,55.269245382874,0,0,0,0,0,1,0,0,1,0,0,0,1,0,1,0,0,0
4991,0,4,34.44413060873649,0,0,1,71.60849799072093,0,1,0,0,0,1,1,0,0,0,0,0,1,0,0,0,0,1
4992,1,1,18.977889343122424,1,1,2,37.31331667482952,0,0,0,1,0,0,1,0,0,0,0,0,0,1,0,0,0,1
4993,0,5,85.07077917284981,1,0,5,29.536907611037954,1,0,0,1,0,0,0,0,1,0,0,1,0,0,1,0,0,0
4994,0,2,70.28992828234144,0,0,2,86.23009893481458,1,0,0,0,0,1,0,0,0,1,0,1,0,0,0,0,0,1
4995,0,5,8.674327262335257,0,1,4,42.24545702892062,1,1,0,0,0,1,0,1,0,0,1,0,0,0,0,0,1,0
4996,1,5,11.704458137676955,0,1,1,19.591217178469012,0,0,0,0,1,0,0,1,0,0,0,1,0,0,0,0,0,1
4997,0,4,71.5191870653649,1,0,1,74.90439156123414,1,1,0,1,0,0,0,0,0,1,0,0,0,1,0,0,0,1
4998,1,2,7.478325595908397,0,1,2,33.58718542861926,1,0,0,1,0,0,1,0,0,0,1,0,0,0,0,0,0,1
4999,1,2,91.71754351240651,1,0,4,21.185130089972716,1,0,1,0,0,0,0,0,1,0,0,0,1,0,1,0,0,0
